<?xml version="1.0" encoding="ISO-8859-1" standalone="yes"?>
<nite:root xmlns:nite="http://nite.sourceforge.net/">
<abstract nite:id="ES2012d.elana.abstract.1">

<sentence nite:id="ES2012d.elana.s.1">The project manager opens the meeting by stating the agenda.</sentence>  <sentence nite:id="ES2012d.elana.s.2">Then the industrial designer and interface specialist present the prototype, showing where they placed each button, function, and the company logo.</sentence>  <sentence nite:id="ES2012d.elana.s.3">Then they talk about the material they chose, which is light gray colored and light weight plastic so that people will want to buy covers.</sentence>  <sentence nite:id="ES2012d.elana.s.4">Next they take a brief look at the finance by examining the materials used, chip required, shape, and color.</sentence>  <sentence nite:id="ES2012d.elana.s.5">They are exactly on target at twelve point five.</sentence>  <sentence nite:id="ES2012d.elana.s.6">Next the marketing expert administers the product evaluation, and the group talks about whether the device is flashy and fashionable, technologically innovative, easy to use, suitable for the consumer, complicated, how long it would take to learn to use it, and its appeal to all age groups.</sentence>  <sentence nite:id="ES2012d.elana.s.7">They come up with an average of 1 for the evaluation.</sentence>  <sentence nite:id="ES2012d.elana.s.8">They briefly discuss the project process and agree that they worked well together, had excellent teamwork, and created an effective product that meets the budget cost.</sentence>  <sentence nite:id="ES2012d.elana.s.9">They close the meeting by thanking one another.</sentence>   
</abstract>
<actions nite:id="ES2012d.elana.actions.1">

<sentence nite:id="ES2012d.elana.s.10">NA.</sentence> 
</actions>
<decisions nite:id="ES2012d.elana.decisions.1">

<sentence nite:id="ES2012d.elana.s.11">The remote will be made of light weight plastic, and a light gray color.</sentence>
<sentence nite:id="ES2012d.elana.s.12">The changeable colors will be made of ipod cover materials, a rubbery, spongy, stretchy material.</sentence>
<sentence nite:id="ES2012d.elana.s.13">The remote will have volume slider, channel buttons, power key, menu key, infared section, microphone for voice commands.</sentence>
<sentence nite:id="ES2012d.elana.s.14">Double curved shape.</sentence> 
</decisions>
<problems nite:id="ES2012d.elana.problems.1">

<sentence nite:id="ES2012d.elana.s.15">The group is exactly on budget, not including the interchangable covers which they have not calcuated in.</sentence> 
</problems>
</nite:root>
