<?xml version="1.0" encoding="ISO-8859-1" standalone="yes"?>
<nite:root xmlns:nite="http://nite.sourceforge.net/">
<abstract nite:id="ES2009d.JacquelinePalmer.abstract.1">

<sentence nite:id="ES2009d.JacquelinePalmer.s.1">The Project Manager opened the meeting by reviewing the decisions from the previous meeting (to use voice recognition instead of the touch screen, to hide the complicated features, and to start building the prototype).</sentence> <sentence nite:id="ES2009d.JacquelinePalmer.s.2">The User Interface Designer and the Industrial Designer then presented the prototype that featured voice recognition, interchangeable cases, visible light, and a soft casing material.</sentence> <sentence nite:id="ES2009d.JacquelinePalmer.s.3">The Project Manager presented what each component cost, which showed that the project was going over the alotted budget; the group decided to remove the solar panel.</sentence> <sentence nite:id="ES2009d.JacquelinePalmer.s.4">The Marketing Expert presented an evaluation of the prototype and showed that the prototype had met many of the initial goals.</sentence> <sentence nite:id="ES2009d.JacquelinePalmer.s.5">The group then evaluated the project process and discussed their effectiveness as a group.</sentence> <sentence nite:id="ES2009d.JacquelinePalmer.s.6">The Project Manager summarized the proceedings of the meeting which will go into a final report, along with comments made during the project evaluation.</sentence> 
</abstract>
<actions nite:id="ES2009d.JacquelinePalmer.actions.1">

<sentence nite:id="ES2009d.JacquelinePalmer.s.7">The Project Manager will create a final report containing the summary of the meeting proceedings, including the evaluation of the project process.</sentence> 

</actions>
<decisions nite:id="ES2009d.JacquelinePalmer.decisions.1">

<sentence nite:id="ES2009d.JacquelinePalmer.s.8">The group decided to remove the solar panel in order to keep the price point of the device close to the original goal.</sentence> 
<sentence nite:id="ES2009d.JacquelinePalmer.s.9">The designers of the prototype decided to use several different colors in the visible light stream in the device.</sentence>
<sentence nite:id="ES2009d.JacquelinePalmer.s.10">They also decided to use classic rubber buttons instead of more costly scroll buttons.</sentence> 
</decisions>
<problems nite:id="ES2009d.JacquelinePalmer.problems.1">

<sentence nite:id="ES2009d.JacquelinePalmer.s.11">The group encountered a problem with a lack of information about their specific tasks.</sentence> 
<sentence nite:id="ES2009d.JacquelinePalmer.s.12">They also felt it difficult to bring creativity to the project because of the budget constraints.</sentence> 
</problems>
</nite:root>
