<?xml version="1.0" encoding="ISO-8859-1" standalone="yes"?>
<nite:root xmlns:nite="http://nite.sourceforge.net/">
<abstract nite:id="ES2006a.elana.abstract.1">

<sentence nite:id="ES2006a.elana.s.1">The project manager opens the meeting by going over the agenda.</sentence>  <sentence nite:id="ES2006a.elana.s.2">She explains the project, which is to create a new remote control for television that should be original, trendy, and user-friendly.</sentence>  <sentence nite:id="ES2006a.elana.s.3">The three components of completing the project will be functional, conceptual, and detailed design.</sentence>  <sentence nite:id="ES2006a.elana.s.4">They introduce themselves by going up to the white board and stating their name, role, drawing their favorite animal, and sharing their favorite characteristic about the animal.</sentence>  <sentence nite:id="ES2006a.elana.s.5">After they talk about their overall budget, they discuss what special features they want to include in this remote control that existing ones do not have.</sentence>  <sentence nite:id="ES2006a.elana.s.6">They discuss making a menu-based remote which would be less crowded with buttons and therefore stylish and sleek but functional.</sentence>  <sentence nite:id="ES2006a.elana.s.7">They end the meeting with the project manager going over the task each member is to complete before the next meeting.</sentence> 
</abstract>
<actions nite:id="ES2006a.elana.actions.1">

<sentence nite:id="ES2006a.elana.s.8">The marketing expert will work on user requirements specification.</sentence>
<sentence nite:id="ES2006a.elana.s.9">The interface specialist will look at the working design.</sentence>
<sentence nite:id="ES2006a.elana.s.10">The industrial designer will work on the technical functions design.</sentence>  
<sentence nite:id="ES2006a.elana.s.11">They will get specific instructions when they get back to their workspace.</sentence> 
</actions>
<decisions nite:id="ES2006a.elana.decisions.1">

<sentence nite:id="ES2006a.elana.s.12">They will sell the remotes for twenty five Euros each.</sentence>
<sentence nite:id="ES2006a.elana.s.13">They will aim for a profit of fifty million Euros.</sentence>
<sentence nite:id="ES2006a.elana.s.14">The remotes will target the international market.</sentence> 
</decisions>
<problems nite:id="ES2006a.elana.problems.1">

<sentence nite:id="ES2006a.elana.s.15">The group got the idea of making a menu-based remote that would require very few buttons to operate.</sentence>  <sentence nite:id="ES2006a.elana.s.16">Although this is an original idea, one group member points out that may be too innovative and users could have difficulty learning how to operate it.</sentence>  <sentence nite:id="ES2006a.elana.s.17">They did not yet come to a decision about whether this idea should be implemented.</sentence> 
</problems>
</nite:root>
