<?xml version="1.0" encoding="ISO-8859-1" standalone="yes"?>
<nite:root xmlns:nite="http://nite.sourceforge.net/">
<abstract nite:id="ES2016a.rdhillon.abstract.1">

<sentence nite:id="ES2016a.rdhillon.s.1">The project manager opened the meeting and had the team members introduce themselves and describe their roles in the upcoming project.</sentence>  <sentence nite:id="ES2016a.rdhillon.s.2">The project manager then described the upcoming project.</sentence>  <sentence nite:id="ES2016a.rdhillon.s.3">The team then discussed their experiences with remote controls.</sentence>  <sentence nite:id="ES2016a.rdhillon.s.4">They also discussed the project budget and which features they would like to see in the remote control they are to create.</sentence>  <sentence nite:id="ES2016a.rdhillon.s.5">The team discussed universal usage, how to find remotes when misplaced, shapes and colors, ball shaped remotes, marketing strategies, keyboards on remotes, and remote sizes.</sentence>  
</abstract>
<actions nite:id="ES2016a.rdhillon.actions.1">

<sentence nite:id="ES2016a.rdhillon.s.6">The marketing expert will find out what the most universally appealing remote control on the market is.</sentence>
<sentence nite:id="ES2016a.rdhillon.s.7">The marketing expert will research user preferences</sentence>
</actions>
<decisions nite:id="ES2016a.rdhillon.decisions.1">

<sentence nite:id="ES2016a.rdhillon.s.8">The remote will sell for 25 Euro.</sentence>
<sentence nite:id="ES2016a.rdhillon.s.9">The team will not create a ball shaped remote.</sentence> 
</decisions>
<problems nite:id="ES2016a.rdhillon.problems.1">

<sentence nite:id="ES2016a.rdhillon.s.10">The stability of a ball shaped remote.</sentence>
<sentence nite:id="ES2016a.rdhillon.s.11">Having hinges on a ball shaped remote.</sentence>
<sentence nite:id="ES2016a.rdhillon.s.12">What shape the remote should be.</sentence> 
</problems>
</nite:root>
