<?xml version="1.0" encoding="ISO-8859-1" standalone="yes"?>
<nite:root xmlns:nite="http://nite.sourceforge.net/">
<abstract nite:id="ES2005b.JacquelinePalmer.abstract.1">

<sentence nite:id="ES2005b.JacquelinePalmer.s.1">The Marketing Expert presented requirements of users as found in a company market study.</sentence> <sentence nite:id="ES2005b.JacquelinePalmer.s.2">The study showed that users want a fancier-looking but uncomplicated remote control, and are interested in speech recognition.</sentence> <sentence nite:id="ES2005b.JacquelinePalmer.s.3">He presented the age groups polled and said that the target marketing group should be users aged fifteen to thirty-five.</sentence> <sentence nite:id="ES2005b.JacquelinePalmer.s.4">The User Interface Designer presented several competitors' remotes and discussed the features that would make their own device more user-friendly.</sentence> <sentence nite:id="ES2005b.JacquelinePalmer.s.5">The Industrial Designer gave a presentation on important internal components that would keep the project within its budget, and discussed possible materials and programmable features.</sentence> <sentence nite:id="ES2005b.JacquelinePalmer.s.6">The Project Manager gave several new requirements for the project to the group.</sentence> <sentence nite:id="ES2005b.JacquelinePalmer.s.7">The group discussed the features they would like to incorporate into the design in light of the new requirements and budget constraints.</sentence> <sentence nite:id="ES2005b.JacquelinePalmer.s.8">They decided to keep speech recognition as one of their components, and decided to include some programmable features, limit the number of button functions, and make the remote yellow and glow-in-the-dark, in an organic shape.</sentence> <sentence nite:id="ES2005b.JacquelinePalmer.s.9">The Program Manager said that he would ask to what extent the company motto had to be incorporated into the design.</sentence>  
</abstract>
<actions nite:id="ES2005b.JacquelinePalmer.actions.1">

<sentence nite:id="ES2005b.JacquelinePalmer.s.10">The Project Manager will ask to what extent the company logo must be incorporated into the design.</sentence>

</actions>
<decisions nite:id="ES2005b.JacquelinePalmer.decisions.1">

<sentence nite:id="ES2005b.JacquelinePalmer.s.11">The remote will feature speech recognition and programmable channel and volume preferences.</sentence> 
<sentence nite:id="ES2005b.JacquelinePalmer.s.12">The number of button functions will be limited to make the remote user-friendly.</sentence>
<sentence nite:id="ES2005b.JacquelinePalmer.s.13">The remote will have an organic shape and feature some yellow coloring and glow-in-the-dark material.</sentence>  
</decisions>
<problems nite:id="ES2005b.JacquelinePalmer.problems.1">

<sentence nite:id="ES2005b.JacquelinePalmer.s.14">The group seemed to have some minor technical difficulties when opening their presentations.</sentence> 
</problems>
</nite:root>
