<?xml version="1.0" encoding="ISO-8859-1" standalone="yes"?>
<nite:root xmlns:nite="http://nite.sourceforge.net/">
<abstract nite:id="ES2013b.rdhillon.abstract.1">

<sentence nite:id="ES2013b.rdhillon.s.1">The project manager opened the meeting and went over the minutes of the previous meeting.</sentence>  <sentence nite:id="ES2013b.rdhillon.s.2">The marketing expert discussed user preferences in terms of remote controls and the increasing interest among younger consumers in speech recognition.</sentence>  <sentence nite:id="ES2013b.rdhillon.s.3">The marketing expert also discussed a user target group for the remote and addressed the issue of whether the target group would result in sufficient sales of the remote.</sentence>  <sentence nite:id="ES2013b.rdhillon.s.4">The user interface designer presented two existing remote controls on the market, which the team later evaluated, and discussed what features in terms of appearance and functionality the remote the team is creating should include.</sentence>  <sentence nite:id="ES2013b.rdhillon.s.5">The industrial designer discussed the interior workings of a remote and addressed the issue of what happens when remotes no longer operate.</sentence>  <sentence nite:id="ES2013b.rdhillon.s.6">The team also discussed options for energy sources, such as solar power and rechargeable internal batteries.</sentence>  <sentence nite:id="ES2013b.rdhillon.s.7">Th team then discussed their user target group, marketing ideas such as selling the remote to television manufacturers, and what functions the remote would feature.</sentence> 
</abstract>
<actions nite:id="ES2013b.rdhillon.actions.1">

<sentence nite:id="ES2013b.rdhillon.s.8">The industrial designer will work on the components.</sentence>
<sentence nite:id="ES2013b.rdhillon.s.9">The user interface designer will work on the user interface.</sentence>
<sentence nite:id="ES2013b.rdhillon.s.10">The marketing expert will work on trend watching</sentence>
</actions>
<decisions nite:id="ES2013b.rdhillon.decisions.1">

<sentence nite:id="ES2013b.rdhillon.s.11">The team will not work with teletext.</sentence>
<sentence nite:id="ES2013b.rdhillon.s.12">The remote will only be for televisions.</sentence>
<sentence nite:id="ES2013b.rdhillon.s.13">The team must incorporate the corporate image, color, and slogan in the design of the remote.</sentence>
<sentence nite:id="ES2013b.rdhillon.s.14">The user target group will be younger consumers.</sentence>
<sentence nite:id="ES2013b.rdhillon.s.15">The remote will have functions for power, channels, and volume.</sentence>
<sentence nite:id="ES2013b.rdhillon.s.16">The remote will have an enter button and number buttons.</sentence>
<sentence nite:id="ES2013b.rdhillon.s.17">The remote will have large buttons.</sentence> 
</decisions>
<problems nite:id="ES2013b.rdhillon.problems.1">

<sentence nite:id="ES2013b.rdhillon.s.18">Whether the intended target group will result in the sale of at least 4 million remotes.</sentence>
<sentence nite:id="ES2013b.rdhillon.s.19">How much the components inside a remote cost.</sentence>
<sentence nite:id="ES2013b.rdhillon.s.20">Whether to use solar power.</sentence>
<sentence nite:id="ES2013b.rdhillon.s.21">The cost of a rechargeable base.</sentence>
<sentence nite:id="ES2013b.rdhillon.s.22">Whether younger consumers are actually buying remote controls.</sentence>
<sentence nite:id="ES2013b.rdhillon.s.23">Combining the power button and enter button into one button.</sentence> 
</problems>
</nite:root>
