<?xml version="1.0" encoding="ISO-8859-1" standalone="yes"?>
<nite:root xmlns:nite="http://nite.sourceforge.net/">
<abstract nite:id="ES2015b.elana.abstract.1">

<sentence nite:id="ES2015b.elana.s.1">The project manager opens the meeting, asking the industrial designer to present first.</sentence>  <sentence nite:id="ES2015b.elana.s.2">The industrial designer begins talking about the functional aspect of the working design and features to make the product unique, such as visibility in the dark, locator alarm, and environmentally-friendly materials.</sentence>  <sentence nite:id="ES2015b.elana.s.3">To make an environmental impact, they could use smart materials that can be heated and cooled so that the individual components easily separate to be reused or recycled.</sentence>  <sentence nite:id="ES2015b.elana.s.4">The group asks some questions about this idea and then the interface designer presents about technical functions, explaining the difference between a multifunctional and single function remote.</sentence>  <sentence nite:id="ES2015b.elana.s.5">The group discusses the two types and decides that a single function design is more suitable for the budget.</sentence>  <sentence nite:id="ES2015b.elana.s.6">The marketing expert presents on user requirements by using research done on remote control users.</sentence>  <sentence nite:id="ES2015b.elana.s.7">She summarizes these findings andexplains her personal preference for a user-friendly, unique design since certain features could be too complex.</sentence>  <sentence nite:id="ES2015b.elana.s.8">The project manager receives some decision-affecting information from management, which she shares with the group.</sentence>  <sentence nite:id="ES2015b.elana.s.9">They have a discussion about the remote control functions and close the meeting.</sentence> 
</abstract>
<actions nite:id="ES2015b.elana.actions.1">

<sentence nite:id="ES2015b.elana.s.10">*NA*</sentence>

</actions>
<decisions nite:id="ES2015b.elana.decisions.1">

<sentence nite:id="ES2015b.elana.s.11">The remote will be a single function design- television only.</sentence>
<sentence nite:id="ES2015b.elana.s.12">Teletext is outdated and will not be used.</sentence>
<sentence nite:id="ES2015b.elana.s.13">Remotes must incorporate corporate logo and color.</sentence>
<sentence nite:id="ES2015b.elana.s.14">No LCD, no voice recognition.</sentence>
<sentence nite:id="ES2015b.elana.s.15">Alarm locator will be implemented.</sentence>
<sentence nite:id="ES2015b.elana.s.16">Glow in the dark buttons, self-timed lighting.</sentence>
<sentence nite:id="ES2015b.elana.s.17">Will consider using number-shaped buttons.</sentence>
<sentence nite:id="ES2015b.elana.s.18">Will research changable covers.</sentence>
<sentence nite:id="ES2015b.elana.s.19">Will reserach environmental factor.</sentence> 
</decisions>
<problems nite:id="ES2015b.elana.problems.1">

<sentence nite:id="ES2015b.elana.s.20">Need to research on whether locator device will need a separate battery.</sentence>
<sentence nite:id="ES2015b.elana.s.21">Need to research possibility of changable covers.</sentence>
<sentence nite:id="ES2015b.elana.s.22">Need to research using envrionemntal materials.</sentence> 
</problems>
</nite:root>
