<?xml version="1.0" encoding="ISO-8859-1" standalone="yes"?>
<nite:root xmlns:nite="http://nite.sourceforge.net/">
<abstract nite:id="ES2002c.rdhillon.abstract.1">

<sentence nite:id="ES2002c.rdhillon.s.1">The project manager recapped the decisions made in the previous meeting.</sentence>  <sentence nite:id="ES2002c.rdhillon.s.2">The marketing expert discussed his findings from trend watching reports, stressing the need for a product that has a fancy look and feel, is technologically innovative, is easy to use, and incorporates some aspect of fruit and vegetables in its design.</sentence>  <sentence nite:id="ES2002c.rdhillon.s.3">The interface specialist presented research on the appearance of current remotes, concluding that current remotes are generally unappealing in terms of look and usability.</sentence>  <sentence nite:id="ES2002c.rdhillon.s.4">The interface specialist presented ideas on how to remedy the unappealing aspects of current remotes in the team's design and also how to incorporate the corporate color scheme into the design.</sentence>  <sentence nite:id="ES2002c.rdhillon.s.5">The industrial designer presented options for materials, components, and batteries and discussed the restrictions involved in using certain materials.</sentence>  <sentence nite:id="ES2002c.rdhillon.s.6">The team then discussed options for the shape and color scheme of the remote, as well as what components, batteries, and materials to use.</sentence> 
</abstract>
<actions nite:id="ES2002c.rdhillon.actions.1">

<sentence nite:id="ES2002c.rdhillon.s.7">Some team members will design a prototype of the remote</sentence>
</actions>
<decisions nite:id="ES2002c.rdhillon.decisions.1">

<sentence nite:id="ES2002c.rdhillon.s.8">The remote will be curvy.</sentence>
<sentence nite:id="ES2002c.rdhillon.s.9">The remote will be shaped like a snowman.</sentence>
<sentence nite:id="ES2002c.rdhillon.s.10">The remote will not have a talk-back function.</sentence>
<sentence nite:id="ES2002c.rdhillon.s.11">The remote will have a jog dial.</sentence>
<sentence nite:id="ES2002c.rdhillon.s.12">The materials used will be plastic and rubber.</sentence>
<sentence nite:id="ES2002c.rdhillon.s.13">The case will have a soft fruit-like feel to it.</sentence>
<sentence nite:id="ES2002c.rdhillon.s.14">The remote will not have an LCD display.</sentence>
<sentence nite:id="ES2002c.rdhillon.s.15">The remote will have a kinetic battery.</sentence>
<sentence nite:id="ES2002c.rdhillon.s.16">The remote will have rubber buttons.</sentence> 
</decisions>
<problems nite:id="ES2002c.rdhillon.problems.1">

<sentence nite:id="ES2002c.rdhillon.s.17">What sort of battery to use.</sentence>
<sentence nite:id="ES2002c.rdhillon.s.18">How to incorporate a fruit and vegetable theme, the corporate color, and soft materials into the remote.</sentence>
<sentence nite:id="ES2002c.rdhillon.s.19">What shape the remote should be.</sentence>
<sentence nite:id="ES2002c.rdhillon.s.20">Whether the remote should have a talk-back function.</sentence>
<sentence nite:id="ES2002c.rdhillon.s.21">Whether to have an LCD display on the remote.</sentence>
<sentence nite:id="ES2002c.rdhillon.s.22">What the case will look like.</sentence>
<sentence nite:id="ES2002c.rdhillon.s.23">Whether to include a jog dial on the remote.</sentence> 
</problems>
</nite:root>
