<?xml version="1.0" encoding="ISO-8859-1" standalone="yes"?>
<nite:root xmlns:nite="http://nite.sourceforge.net/">
<abstract nite:id="ES2015c.elana.abstract.1">

<sentence nite:id="ES2015c.elana.s.1">The project manager opens this conceptual design meeting and gives them the agenda.</sentence>  <sentence nite:id="ES2015c.elana.s.2">The industrial designer presents first and talks about the components of a remote, energy source options, and materials for the remote, case, and buttons.</sentence>  <sentence nite:id="ES2015c.elana.s.3">The interface specialist presents the interface concept by explaining the difference between graphical and command interface.</sentence>  <sentence nite:id="ES2015c.elana.s.4">They decide the command interface is most useful for a remote because it is simpler and more user-friendly.</sentence>  <sentence nite:id="ES2015c.elana.s.5">The group discusses aspects of the user interface including the lighting up effect and material of the buttons.</sentence> <sentence nite:id="ES2015c.elana.s.6">The marketing expert presents on trend-watching and talks about how fruit and vegetables are an important fashion theme this year, and says the material used is expected to be spongy.</sentence>  <sentence nite:id="ES2015c.elana.s.7">The group discusses how they could implement these fashion trends into the design, then finalizes a few decisions about the components, materials, and energy sources.</sentence>  <sentence nite:id="ES2015c.elana.s.8">The project manager closes the meeting, stating what each member's next task will be.</sentence> 
</abstract>
<actions nite:id="ES2015c.elana.actions.1">

<sentence nite:id="ES2015c.elana.s.9">The industrial designer will work on the look-and-feel design.</sentence>
<sentence nite:id="ES2015c.elana.s.10">The interface designer will work on the user interface design.</sentence>
<sentence nite:id="ES2015c.elana.s.11">The industrial and interface designers will be working together using modelling clay.</sentence>
<sentence nite:id="ES2015c.elana.s.12">The marketing expert will be evaluating the product.</sentence>
<sentence nite:id="ES2015c.elana.s.13">Their personal coaches will give the rest of the information</sentence>

</actions>
<decisions nite:id="ES2015c.elana.decisions.1">

<sentence nite:id="ES2015c.elana.s.14">Command interface is the best for a remote, so it will be used.</sentence>
<sentence nite:id="ES2015c.elana.s.15">Control will light up when you touch a button.</sentence>
<sentence nite:id="ES2015c.elana.s.16">Will use personal face places.</sentence>
<sentence nite:id="ES2015c.elana.s.17">The remote will run on kinetic energy.</sentence>
<sentence nite:id="ES2015c.elana.s.18">Push buttons will be used.</sentence>
<sentence nite:id="ES2015c.elana.s.19">Regular chip will be used.</sentence>
<sentence nite:id="ES2015c.elana.s.20">Case will be plastic and coated in rubber.</sentence>
<sentence nite:id="ES2015c.elana.s.21">Functions will be basic, including power, channels, volume.</sentence> 
</decisions>
<problems nite:id="ES2015c.elana.problems.1">

<sentence nite:id="ES2015c.elana.s.22">The group would like to use a fruit and vegetable theme but are not yet sure how to implement it into their product.</sentence>
<sentence nite:id="ES2015c.elana.s.23">The group was uncertain whether to add audio, because they would have to make it compatible with TVs on an international scale.</sentence>  <sentence nite:id="ES2015c.elana.s.24">They decide to eliminate it and make simplicity their sales pitch.</sentence> 
</problems>
</nite:root>
