<?xml version="1.0" encoding="ISO-8859-1" standalone="yes"?>
<nite:root xmlns:nite="http://nite.sourceforge.net/">
<abstract nite:id="ES2011a.JacquelinePalmer.abstract.1">

<sentence nite:id="ES2011a.JacquelinePalmer.s.1">The group introduced themselves to each other.</sentence> <sentence nite:id="ES2011a.JacquelinePalmer.s.2">The Project Manager discussed the goals for the project and gave an agenda for the project as a whole.</sentence> <sentence nite:id="ES2011a.JacquelinePalmer.s.3">The group practiced using the meeting-room equipment by drawing on the whiteboard.</sentence> <sentence nite:id="ES2011a.JacquelinePalmer.s.4">The Project Manager presented the projected profit and price point.</sentence> <sentence nite:id="ES2011a.JacquelinePalmer.s.5">The group discussed their experiences with remote controls.</sentence> <sentence nite:id="ES2011a.JacquelinePalmer.s.6">They complained that remotes got lost too easily, and suggested using a locator function.</sentence> <sentence nite:id="ES2011a.JacquelinePalmer.s.7">They also complained that remotes had too many buttons, and suggested incorporating a screen to simplify the interface but retain all of the functions.</sentence> <sentence nite:id="ES2011a.JacquelinePalmer.s.8">They also suggested making the remote water-resistant and including a clip.</sentence> <sentence nite:id="ES2011a.JacquelinePalmer.s.9">The Project Manager instructed the Industrial Designer to research the working design and components, the User Interface Designer to research the technical functions, and the Marketing Expert to research user requirements.</sentence> 
</abstract>
<actions nite:id="ES2011a.JacquelinePalmer.actions.1">

<sentence nite:id="ES2011a.JacquelinePalmer.s.10">The Industrial Designer will research the working design and components.</sentence>
<sentence nite:id="ES2011a.JacquelinePalmer.s.11">The User Interface Designer will research the technical functions.</sentence>
<sentence nite:id="ES2011a.JacquelinePalmer.s.12">The Marketing Expert will research user requirements.</sentence>

</actions>
<decisions nite:id="ES2011a.JacquelinePalmer.decisions.1">

<sentence nite:id="ES2011a.JacquelinePalmer.s.13">NA.</sentence> 
</decisions>
<problems nite:id="ES2011a.JacquelinePalmer.problems.1">

<sentence nite:id="ES2011a.JacquelinePalmer.s.14">NA.</sentence> 
</problems>
</nite:root>
