<?xml version="1.0" encoding="ISO-8859-1" standalone="yes"?>
<nite:root xmlns:nite="http://nite.sourceforge.net/">
<abstract nite:id="ES2007b.rdhillon.abstract.1">

<sentence nite:id="ES2007b.rdhillon.s.1">The project manager had the team members re-introduce themselves and then briefed the team on his own duties and on the meeting agenda.</sentence>  <sentence nite:id="ES2007b.rdhillon.s.2">The industrial designer discussed the interior workings of a remote and the team discussed options for batteries and infra-red signals.</sentence>  <sentence nite:id="ES2007b.rdhillon.s.3">The user interface designer discussed what features the remote was required to have and presented two existing products which were based on different concepts.</sentence>  <sentence nite:id="ES2007b.rdhillon.s.4">The project manager then introduced some new requirements to bear in mind when designing the remote.</sentence>  <sentence nite:id="ES2007b.rdhillon.s.5">The marketing expert presented research on consumer preferences on remotes in general and on voice recognition and the team discussed the option to have an ergonomically designed remote.</sentence>  <sentence nite:id="ES2007b.rdhillon.s.6">The project manager briefed the team on the decisions made so far and the team discussed color options for the remote.</sentence> 
</abstract>
<actions nite:id="ES2007b.rdhillon.actions.1">

<sentence nite:id="ES2007b.rdhillon.s.7">The project manager will consult with the legal department to discuss the prevention of lawsuits from consumers claiming the remote caused RSI</sentence>
</actions>
<decisions nite:id="ES2007b.rdhillon.decisions.1">

<sentence nite:id="ES2007b.rdhillon.s.8">The remote will use regular batteries.</sentence>
<sentence nite:id="ES2007b.rdhillon.s.9">The corporate image will be displayed on the remote.</sentence>
<sentence nite:id="ES2007b.rdhillon.s.10">The remote will not contain a voice activation feature.</sentence>
<sentence nite:id="ES2007b.rdhillon.s.11">The remote will have an ergonomic design.</sentence>
<sentence nite:id="ES2007b.rdhillon.s.12">The remote will use a regular infra-red signal.</sentence> 
</decisions>
<problems nite:id="ES2007b.rdhillon.problems.1">

<sentence nite:id="ES2007b.rdhillon.s.13">How powerful the infra-red signal should be.</sentence>
<sentence nite:id="ES2007b.rdhillon.s.14">Whether the remote should have a locking function.</sentence>
<sentence nite:id="ES2007b.rdhillon.s.15">Whether to include a voice activation feature in the remote.</sentence>
<sentence nite:id="ES2007b.rdhillon.s.16">If the remote should have an ergonomic design.</sentence>
<sentence nite:id="ES2007b.rdhillon.s.17">What color the remote should be.</sentence> 
</problems>
</nite:root>
