<?xml version="1.0" encoding="ISO-8859-1" standalone="yes"?>
<nite:root xmlns:nite="http://nite.sourceforge.net/">
<abstract nite:id="ES2006c.elana.abstract.1">

<sentence nite:id="ES2006c.elana.s.1">The project manager opens the meeting by stating the agenda.</sentence>  <sentence nite:id="ES2006c.elana.s.2">The industrial designer begins presenting, first describing the insides of a remote control.</sentence>  <sentence nite:id="ES2006c.elana.s.3">He lists the options for types of batteries, shapes for the remote case, materials to use, and functions to include such as push buttons, scroll wheels, and LCD screens.</sentence>  <sentence nite:id="ES2006c.elana.s.4">He then talks about the type of chip certain features would require.</sentence>  <sentence nite:id="ES2006c.elana.s.5">The interface specialist begins presenting, first defining user interface and then showing some examples of remotes.</sentence>  <sentence nite:id="ES2006c.elana.s.6">She mentions that many existing remotes do not have a nice appearance, and states her preference for a remote that is small and simple and contains a scrolling wheel.</sentence>  <sentence nite:id="ES2006c.elana.s.7">The marketing expert gives her presentation about user requirements and current trends.</sentence> <sentence nite:id="ES2006c.elana.s.8">She shares that fruits and vegetables are popular, meaning curviness and assymetry are in.</sentence>  <sentence nite:id="ES2006c.elana.s.9">The group decides to use LCD screens to give the remote style.</sentence>  <sentence nite:id="ES2006c.elana.s.10">They discuss what material should be used, talk about how the surface of the case should look, and plan out the general user interface.</sentence>  <sentence nite:id="ES2006c.elana.s.11">After they make some decisions about the remote, the project manager closes the meeting by telling them what their tasks will be until the next meeting.</sentence> 
</abstract>
<actions nite:id="ES2006c.elana.actions.1">

<sentence nite:id="ES2006c.elana.s.12">The Industrial Designer will work on look and feel.</sentence>
<sentence nite:id="ES2006c.elana.s.13">The Interface Specialist will work on user interface.</sentence>
<sentence nite:id="ES2006c.elana.s.14">The Marketing Expert will work on the product evaluation.</sentence>
<sentence nite:id="ES2006c.elana.s.15">The two designers will work together on developing a prototype using modeling glay and follow the instructions the group has come up.</sentence>
<sentence nite:id="ES2006c.elana.s.16">They will get extra instructions from their personal coach</sentence>

</actions>
<decisions nite:id="ES2006c.elana.decisions.1">

<sentence nite:id="ES2006c.elana.s.17">The remote control and its buttons will be made of rubber.</sentence>  
<sentence nite:id="ES2006c.elana.s.18">The case will be flat on top and curved on the bottom.</sentence>  
<sentence nite:id="ES2006c.elana.s.19">The remote will have push buttons outside, and an LCD and spinning wheel inside.</sentence>  
<sentence nite:id="ES2006c.elana.s.20">The remote will resemble a vegetable and be in bright vegetable colors.</sentence>  
<sentence nite:id="ES2006c.elana.s.21">It will have voice recognition, use a simple battery, and contain an advanced chip.</sentence>  
<sentence nite:id="ES2006c.elana.s.22">It will have standard on/off, channel-changing, numerical, and volume buttons, with a menu on the screen.</sentence> 
</decisions>
<problems nite:id="ES2006c.elana.problems.1">

<sentence nite:id="ES2006c.elana.s.23">*NA*.</sentence> 
</problems>
</nite:root>
