<?xml version="1.0" encoding="ISO-8859-1" standalone="yes"?>
<nite:root xmlns:nite="http://nite.sourceforge.net/">
<abstract nite:id="ES2015a.elana.abstract.1">

<sentence nite:id="ES2015a.elana.s.1">The project manager opens the meeting by introducing herself and asking everyone to say their name and role in the group.</sentence>  <sentence nite:id="ES2015a.elana.s.2">She then states the agenda of the meeting and tells them that they will be designing and creating a new remote control that should be trendy and user-friendly.</sentence>  <sentence nite:id="ES2015a.elana.s.3">The meetings will focus on functional, conceptual, and detailed design.</sentence>  <sentence nite:id="ES2015a.elana.s.4">Next, each group member draws their favorite animal on the whiteboard and explains the characteristics of that animal.</sentence>  <sentence nite:id="ES2015a.elana.s.5">After that the project manager covers the project budget, and then they begin discussing their personal experiences with remote controls and how they want their remote to look.</sentence>  <sentence nite:id="ES2015a.elana.s.6">Then the project manager closes the meeting by telling each group member what to do in preparation for the next meeting.</sentence> 
</abstract>
<actions nite:id="ES2015a.elana.actions.1">

<sentence nite:id="ES2015a.elana.s.7">The Industrial Designer will be doing the working design.</sentence>
<sentence nite:id="ES2015a.elana.s.8">The Interface Designer will do the technical functions design.</sentence>
<sentence nite:id="ES2015a.elana.s.9">The marketing expert will do the user requirements.</sentence>
<sentence nite:id="ES2015a.elana.s.10">They were recieve specific instructions on what to do.</sentence> 
</actions>
<decisions nite:id="ES2015a.elana.decisions.1">

<sentence nite:id="ES2015a.elana.s.11">It will be a television remote control.</sentence>
<sentence nite:id="ES2015a.elana.s.12">The selling price will be twenty five Euros.</sentence>
<sentence nite:id="ES2015a.elana.s.13">The profit will be fifty million Euros.</sentence>
<sentence nite:id="ES2015a.elana.s.14">The remote will target the international market.</sentence>
<sentence nite:id="ES2015a.elana.s.15">The control will cost a maximum of twelve Euro and fifty cents to produce.</sentence> 
</decisions>
<problems nite:id="ES2015a.elana.problems.1">

<sentence nite:id="ES2015a.elana.s.16">NA.</sentence> 
</problems>
</nite:root>
