<?xml version="1.0" encoding="ISO-8859-1" standalone="yes"?>
<nite:root xmlns:nite="http://nite.sourceforge.net/">
<abstract nite:id="ES2014a.JacquelinePalmer.abstract.1">

<sentence nite:id="ES2014a.JacquelinePalmer.s.1">The group introduced themselves and their roles to each other.</sentence> <sentence nite:id="ES2014a.JacquelinePalmer.s.2">The Project Manager introduced the project aim and agenda to the group.</sentence> <sentence nite:id="ES2014a.JacquelinePalmer.s.3">The group acquainted themselves with the meeting-room equipment by drawing on the whiteboard.</sentence> <sentence nite:id="ES2014a.JacquelinePalmer.s.4">The Project Manager discussed the projected production cost and price point for the device.</sentence> <sentence nite:id="ES2014a.JacquelinePalmer.s.5">The group began a discussion about their own experiences with using remote controls and about usability features to be included in the design.</sentence> <sentence nite:id="ES2014a.JacquelinePalmer.s.6">The Project Manager instructed the Industrial Designer to prepare the working design, the User Interface Designer to research technical functions, and the Marketing Expert to prepare the user requirement specification.</sentence> <sentence nite:id="ES2014a.JacquelinePalmer.s.7">The group discussed the function of the prototype and decided that they should restrict the remote to television for the time being.</sentence>  
</abstract>
<actions nite:id="ES2014a.JacquelinePalmer.actions.1">

<sentence nite:id="ES2014a.JacquelinePalmer.s.8">The Industrial Deigner will prepare the working design.</sentence>
<sentence nite:id="ES2014a.JacquelinePalmer.s.9">The User Interface Designer will research technical functions.</sentence>
<sentence nite:id="ES2014a.JacquelinePalmer.s.10">The Marketing Expert will prepare the user requirement specification.</sentence>

</actions>
<decisions nite:id="ES2014a.JacquelinePalmer.decisions.1">

<sentence nite:id="ES2014a.JacquelinePalmer.s.11">The group discussed the function of the prototype and decided that they should restrict the remote to television for the time being instead of allowing it to control multiple devices.</sentence> 
</decisions>
<problems nite:id="ES2014a.JacquelinePalmer.problems.1">

<sentence nite:id="ES2014a.JacquelinePalmer.s.12">NA.</sentence> 
</problems>
</nite:root>
