<?xml version="1.0" encoding="ISO-8859-1" standalone="yes"?>
<nite:root xmlns:nite="http://nite.sourceforge.net/">
<abstract nite:id="ES2011c.JacquelinePalmer.abstract.1">

<sentence nite:id="ES2011c.JacquelinePalmer.s.1">The Project Manager reviewed the minutes from the previous meeting.</sentence> <sentence nite:id="ES2011c.JacquelinePalmer.s.2">The Industrial Designer gave her presentation on components and discussed which would have to be custom-made and which were standard.</sentence> <sentence nite:id="ES2011c.JacquelinePalmer.s.3">She also discussed the various materials and chips available.</sentence> <sentence nite:id="ES2011c.JacquelinePalmer.s.4">The Marketing Expert presented current trends in the market and in fashion.</sentence> <sentence nite:id="ES2011c.JacquelinePalmer.s.5">She discussed the current fruits and vegetables trend and the trend toward softer, spongier materials.</sentence> <sentence nite:id="ES2011c.JacquelinePalmer.s.6">The User Interface Designer discussed the look of the remote with the group.</sentence> <sentence nite:id="ES2011c.JacquelinePalmer.s.7">They discussed including a touch-based graphical user interface but noted that it was unnecessary and costly.</sentence> <sentence nite:id="ES2011c.JacquelinePalmer.s.8">They discussed using the menu function on the television instead.</sentence> <sentence nite:id="ES2011c.JacquelinePalmer.s.9">The group discussed how the menu function would be programmed.</sentence> <sentence nite:id="ES2011c.JacquelinePalmer.s.10">The group then talked about the casing of the device, and decided that there would be a changeable outer casing.</sentence> <sentence nite:id="ES2011c.JacquelinePalmer.s.11">They discussed including fruit colors in addition to the company colors.</sentence> <sentence nite:id="ES2011c.JacquelinePalmer.s.12">Some part of the casing will be made of a spongy material.</sentence> <sentence nite:id="ES2011c.JacquelinePalmer.s.13">The group also discussed energy source options and chips.</sentence> <sentence nite:id="ES2011c.JacquelinePalmer.s.14">The Project Manager instructed the User Interface Designer and the Industrial Designer to construct the prototype and the Marketing Expert to work on the prototype evaluation.</sentence> 
</abstract>
<actions nite:id="ES2011c.JacquelinePalmer.actions.1">

<sentence nite:id="ES2011c.JacquelinePalmer.s.15">The Project Manager instructed the User Interface Designer and the Industrial Designer to construct the prototype.</sentence> <sentence nite:id="ES2011c.JacquelinePalmer.s.16">The User Interface Designer will work on the interface and the Industrial Designer will work on the look and feel of the device.</sentence>
<sentence nite:id="ES2011c.JacquelinePalmer.s.17">The Marketing Expert will prepare a prototype evaluation.</sentence>

</actions>
<decisions nite:id="ES2011c.JacquelinePalmer.decisions.1">

<sentence nite:id="ES2011c.JacquelinePalmer.s.18">The remote will feature a spongy material.</sentence>
<sentence nite:id="ES2011c.JacquelinePalmer.s.19">The fruits and vegetables trend will be incorporated into the design by including fruit colors along with the company colors.</sentence>
<sentence nite:id="ES2011c.JacquelinePalmer.s.20">The remote will feature a changeable outer casing.</sentence>  
</decisions>
<problems nite:id="ES2011c.JacquelinePalmer.problems.1">

<sentence nite:id="ES2011c.JacquelinePalmer.s.21">The group wanted to include a changeable outer casing but could not decide whether the spongy or the hard plastic component should be the removable casing.</sentence> 
<sentence nite:id="ES2011c.JacquelinePalmer.s.22">There was a lack of information on the cost of several components.</sentence> 
</problems>
</nite:root>
