<?xml version="1.0" encoding="ISO-8859-1" standalone="yes"?>
<nite:root xmlns:nite="http://nite.sourceforge.net/">
<abstract nite:id="ES2004b.JacquelinePalmer.abstract.1">

<sentence nite:id="ES2004b.JacquelinePalmer.s.1">The Industrial Designer gave his presentation on the basic functions of the remote.</sentence> <sentence nite:id="ES2004b.JacquelinePalmer.s.2">He presented the basic components that remotes share and suggested that smaller batteries be considered in the product design.</sentence> <sentence nite:id="ES2004b.JacquelinePalmer.s.3">The User Interface Designer presented his ideas for making the remote easy-to-use; he discussed using a simple design and hiding complicated features from the main interface.</sentence> <sentence nite:id="ES2004b.JacquelinePalmer.s.4">The Marketing Expert presented the findings from a lab study on user requirements for a remote control device, and discussed users' demand for a simple interface and advanced technology.</sentence> <sentence nite:id="ES2004b.JacquelinePalmer.s.5">The Project Manager presented the new requirements that the remote not include a teletext function, that it be used only to control television, and that it include the company image in its design.</sentence> <sentence nite:id="ES2004b.JacquelinePalmer.s.6">The group narrowed down their target marketing group to the youth market.</sentence> <sentence nite:id="ES2004b.JacquelinePalmer.s.7">They discussed the functions the remote will have, including Video Plus capability and rechargeable batteries.</sentence> <sentence nite:id="ES2004b.JacquelinePalmer.s.8">A customer service plan was suggested to make the remote seem more user-friendly, but it was decided that helpful manuals were more within the budget.</sentence> <sentence nite:id="ES2004b.JacquelinePalmer.s.9">The group then discussed the shell-like shape of the remote and including several different casing options to buyers.</sentence>  
</abstract>
<actions nite:id="ES2004b.JacquelinePalmer.actions.1">

<sentence nite:id="ES2004b.JacquelinePalmer.s.10">The Marketing Expert will research consumers' opinions on instruction manuals.</sentence>

</actions>
<decisions nite:id="ES2004b.JacquelinePalmer.decisions.1">

<sentence nite:id="ES2004b.JacquelinePalmer.s.11">It was decided that the group will produce one product design instead of creating alternate designs in an attempt to accomodate different users' preferences.</sentence>
<sentence nite:id="ES2004b.JacquelinePalmer.s.12">The marketing will be focused towards a young, business-class buyer.</sentence>
<sentence nite:id="ES2004b.JacquelinePalmer.s.13">The remote will feature Video Plus capabilities and a seashell-like shape to accomodate the LCD display and the flip screen.</sentence>
<sentence nite:id="ES2004b.JacquelinePalmer.s.14">The remote will be bundled with a docking station to recharge the remote's batteries and a user-friendly instruction manual, and multiple casings will be made available.</sentence> 
</decisions>
<problems nite:id="ES2004b.JacquelinePalmer.problems.1">

<sentence nite:id="ES2004b.JacquelinePalmer.s.15">The limitations of the budget will restrict the development of some features; several of the features that the group wanted to include may have to be made simpler to decrease cost.</sentence> 
</problems>
</nite:root>
