<?xml version="1.0" encoding="ISO-8859-1" standalone="yes"?>
<nite:root xmlns:nite="http://nite.sourceforge.net/">
<abstract nite:id="ES2008a.rdhillon_cc.abstract.1">

<sentence nite:id="ES2008a.rdhillon_cc.s.1">The project manager opened the meeting and introduced herself to the team.</sentence>  <sentence nite:id="ES2008a.rdhillon_cc.s.2">The project manager introduced the upcoming project in which the team is to create a remote control.</sentence>  <sentence nite:id="ES2008a.rdhillon_cc.s.3">The team members participated in a tool training exercise in which they each drew their favorite animal on the white-board and discussed why they liked the animal.</sentence>  <sentence nite:id="ES2008a.rdhillon_cc.s.4">The project manager then talked about the project finances and discussed selling prices, profit aim, market range, and production costs.</sentence>  <sentence nite:id="ES2008a.rdhillon_cc.s.5">The project manager then led the team in a discussion on their experiences with remotes and what features they would like to include in the remote they are producing.</sentence>  <sentence nite:id="ES2008a.rdhillon_cc.s.6">The team members discussed the option of combining remotes and how to produce a remote which is capable of controlling multiple devices.</sentence> 
</abstract>
<actions nite:id="ES2008a.rdhillon_cc.actions.1">

<sentence nite:id="ES2008a.rdhillon_cc.s.7">The project manager will investigate whether the team is to create a remote that is to be sued solely with televisions.</sentence>
<sentence nite:id="ES2008a.rdhillon_cc.s.8">The industrial designer will work on the working design.</sentence>
<sentence nite:id="ES2008a.rdhillon_cc.s.9">The user interface designer will work on technical functions.</sentence>
<sentence nite:id="ES2008a.rdhillon_cc.s.10">The project manager will type up the minutes of the current meeting and e-mail those to the team members.</sentence>
<sentence nite:id="ES2008a.rdhillon_cc.s.11">The project manager will e-mail her slides to the team members</sentence>
</actions>
<decisions nite:id="ES2008a.rdhillon_cc.decisions.1">

<sentence nite:id="ES2008a.rdhillon_cc.s.12">The remote will be sold for 25 Euro.</sentence>
<sentence nite:id="ES2008a.rdhillon_cc.s.13">The profit aim is fifteen million Euro.</sentence>
<sentence nite:id="ES2008a.rdhillon_cc.s.14">The remote will be sold on an international scale.</sentence>
<sentence nite:id="ES2008a.rdhillon_cc.s.15">The maximum production cost for the remote is 12.50 Euro.</sentence>
<sentence nite:id="ES2008a.rdhillon_cc.s.16">One remote will contain main functions such as on, off, channel changing, and volume.</sentence>
<sentence nite:id="ES2008a.rdhillon_cc.s.17">An additional remote will contain special functions.</sentence> 
</decisions>
<problems nite:id="ES2008a.rdhillon_cc.problems.1">

<sentence nite:id="ES2008a.rdhillon_cc.s.18">Whether to combine remotes for different devices into one single remote or to have multiple individual remotes.</sentence>
<sentence nite:id="ES2008a.rdhillon_cc.s.19">Whether the team is designing a remote that is to be used solely with televisions or a remote that is to be used with a variety of devices.</sentence> 
</problems>
</nite:root>
