<?xml version="1.0" encoding="ISO-8859-1" standalone="yes"?>
<nite:root xmlns:nite="http://nite.sourceforge.net/">
<abstract nite:id="ES2013d.rdhillon.abstract.1">

<sentence nite:id="ES2013d.rdhillon.s.1">The project manager opened the meeting and went over the minutes of the previous meeting.</sentence>  <sentence nite:id="ES2013d.rdhillon.s.2">The user interface designer and industrial designer then presented two prototypes of the remote the team is working on and discussed the options for components and materials to include in their design.</sentence>  <sentence nite:id="ES2013d.rdhillon.s.3">The first prototype featured a simple design with only a small number of buttons.</sentence>  <sentence nite:id="ES2013d.rdhillon.s.4">The second prototype was shaped like a banana and used scroll push button technology.</sentence>  <sentence nite:id="ES2013d.rdhillon.s.5">The marketing expert then led the team in conducting a product evaluation of the prototypes in which the prototypes were evaluated on the basis of their fanciness, technological innovation, ease of use, trendiness, and marketability.</sentence>  <sentence nite:id="ES2013d.rdhillon.s.6">Overall, the prototypes performed quite well in the evaluation.</sentence>  <sentence nite:id="ES2013d.rdhillon.s.7">The project manager then examined the production costs of the remote.</sentence>  <sentence nite:id="ES2013d.rdhillon.s.8">The cost to produce the remote was 9.20 pounds and did not exceed the project budget.</sentence>  <sentence nite:id="ES2013d.rdhillon.s.9">The team then conducted an evaluation of the project process, in which they indicated that they were quite happy with the tools available to them, the ideas they came up with, and their teamwork.</sentence> 
</abstract>
<actions nite:id="ES2013d.rdhillon.actions.1">

<sentence nite:id="ES2013d.rdhillon.s.10">The team will work on a final questionnaire.</sentence>
<sentence nite:id="ES2013d.rdhillon.s.11">The team will work on a meeting summary.</sentence>
<sentence nite:id="ES2013d.rdhillon.s.12">The project manager will work on a final report</sentence>
</actions>
<decisions nite:id="ES2013d.rdhillon.decisions.1">

<sentence nite:id="ES2013d.rdhillon.s.13">The remote will use a kinetic battery.</sentence>
<sentence nite:id="ES2013d.rdhillon.s.14">The remote will use an electronic simple chip on print.</sentence>
<sentence nite:id="ES2013d.rdhillon.s.15">The remote will use push buttons.</sentence>
<sentence nite:id="ES2013d.rdhillon.s.16">The remote case will be single-curved.</sentence>
<sentence nite:id="ES2013d.rdhillon.s.17">The remote will be in a special color.</sentence>
<sentence nite:id="ES2013d.rdhillon.s.18">The remote will be made of plastic.</sentence>
<sentence nite:id="ES2013d.rdhillon.s.19">The buttons on the remote will be black.</sentence>
<sentence nite:id="ES2013d.rdhillon.s.20">The buttons on the remote will be made of plastic.</sentence> 
</decisions>
<problems nite:id="ES2013d.rdhillon.problems.1">

<sentence nite:id="ES2013d.rdhillon.s.21">Whether to select a banana shaped remote or a chunky remote.</sentence>
<sentence nite:id="ES2013d.rdhillon.s.22">Whether to create a single-curved or double-curved remote.</sentence>
<sentence nite:id="ES2013d.rdhillon.s.23">Whether to have rubber or plastic buttons.</sentence> 
</problems>
</nite:root>
