<?xml version="1.0" encoding="ISO-8859-1" standalone="yes"?>
<nite:root xmlns:nite="http://nite.sourceforge.net/">
<abstract nite:id="ES2006b.elana.abstract.1">

<sentence nite:id="ES2006b.elana.s.1">The project manager opens the meeting by stating that they will address functional design and then going over the agenda.</sentence>  <sentence nite:id="ES2006b.elana.s.2">The industrial designer gives his presentation, explaining how remote controls function and giving personal preference to a clear, simple design that upgrades the technology as well as incorporates the latest features in chip design.</sentence>  <sentence nite:id="ES2006b.elana.s.3">The interface specialist gives her presentation next, addressing the main purpose of a remote control.</sentence>  <sentence nite:id="ES2006b.elana.s.4">She pinpoints the main functions of on/off, channel-switching, numbers for choosing particular channels, and volume; and also suggests adding a menu button to change settings such as brightness on the screen.</sentence>  <sentence nite:id="ES2006b.elana.s.5">She gives preference to a remote that is small, easy to use, and follows some conventions.</sentence>  <sentence nite:id="ES2006b.elana.s.6">The group briefly discusses the possibility of using an LCD screen if cost allows it, since it is fancy and fashionable.</sentence>  <sentence nite:id="ES2006b.elana.s.7">The marketing expert presents, giving statistical information from a survey of 100 subjects.</sentence>  <sentence nite:id="ES2006b.elana.s.8">She prefers a remote that is sleek, stylish, sophisticated, cool, beautiful, functional, solar-powered, has long battery life, and has a locator.</sentence>  <sentence nite:id="ES2006b.elana.s.9">They discuss the target group, deciding it should be 15-35 year olds.</sentence>  <sentence nite:id="ES2006b.elana.s.10">After they talk about features they might include, the project manager closes the meeting by allocating tasks.</sentence> 
</abstract>
<actions nite:id="ES2006b.elana.actions.1">

<sentence nite:id="ES2006b.elana.s.11">When they return to their desks they will complete a questionaire, do a summary, and send the project manager their powerpoint presentations.</sentence>  
<sentence nite:id="ES2006b.elana.s.12">The interface specialist will look at the user interface concept.</sentence>
<sentence nite:id="ES2006b.elana.s.13">The marketing expert will be watching trends (possibly relating to voice recognition).</sentence>
<sentence nite:id="ES2006b.elana.s.14">The industrial designer will look into components</sentence>

</actions>
<decisions nite:id="ES2006b.elana.decisions.1"></decisions>
<problems nite:id="ES2006b.elana.problems.1">

<sentence nite:id="ES2006b.elana.s.15">The group is interested in voice recognition- this is an option they will have to explore further before deciding whether to use it.</sentence> 
</problems>
</nite:root>
