<?xml version="1.0" encoding="ISO-8859-1" standalone="yes"?>
<nite:root xmlns:nite="http://nite.sourceforge.net/">
<abstract nite:id="ES2002b.rdhillon.abstract.1">

<sentence nite:id="ES2002b.rdhillon.s.1">The project manager briefed the team on some new requirements to consider when designing the remote.</sentence>  <sentence nite:id="ES2002b.rdhillon.s.2">The user interface designer presented two existing products and discussed what was wrong with each product.</sentence>  <sentence nite:id="ES2002b.rdhillon.s.3">The team discussed how to create a remote which did not include the problems present in the existing products presented by the interface specialist.</sentence>  <sentence nite:id="ES2002b.rdhillon.s.4">The marketing expert presented consumer preferences and requirements and the team discussed who their target demographic should be and whether to include speech recognition in their product.</sentence>  <sentence nite:id="ES2002b.rdhillon.s.5">The industrial designer discussed the interior workings of a remote and the team discussed various options for components and energy sources.</sentence>  <sentence nite:id="ES2002b.rdhillon.s.6">The team then discussed features to include in the remote and what they could do to figure out how to categorize them.</sentence> 
</abstract>
<actions nite:id="ES2002b.rdhillon.actions.1">

<sentence nite:id="ES2002b.rdhillon.s.7">The industrial designer will work on the components concept.</sentence>
<sentence nite:id="ES2002b.rdhillon.s.8">The user interface designer will work on the user interface.</sentence>
<sentence nite:id="ES2002b.rdhillon.s.9">The marketing expert will work on trend watching</sentence>
</actions>
<decisions nite:id="ES2002b.rdhillon.decisions.1">

<sentence nite:id="ES2002b.rdhillon.s.10">The team will not work with teletext.</sentence>
<sentence nite:id="ES2002b.rdhillon.s.11">The remote will only control televisions.</sentence>
<sentence nite:id="ES2002b.rdhillon.s.12">The corporate color and design must be incorporated into the design of the remote.</sentence>
<sentence nite:id="ES2002b.rdhillon.s.13">The remote will have buttons for the following functions: on and off, channel up and down, volume up and down, and entering channel numbers.</sentence>
<sentence nite:id="ES2002b.rdhillon.s.14">The remote has to look good and be easy to use.</sentence>
<sentence nite:id="ES2002b.rdhillon.s.15">The target demographic is people aged fifteen to thirty five.</sentence>
<sentence nite:id="ES2002b.rdhillon.s.16">The remote will use an infra-red sensor.</sentence>
<sentence nite:id="ES2002b.rdhillon.s.17">The remote will use regular batteries.</sentence> 
</decisions>
<problems nite:id="ES2002b.rdhillon.problems.1">

<sentence nite:id="ES2002b.rdhillon.s.18">How to categorize the functions on the remote.</sentence>
<sentence nite:id="ES2002b.rdhillon.s.19">How to implement the categorization of functions in the design of the remote.</sentence>
<sentence nite:id="ES2002b.rdhillon.s.20">Defining a target demographic.</sentence>
<sentence nite:id="ES2002b.rdhillon.s.21">Whether to include speech recognition as a feature in the remote.</sentence>
<sentence nite:id="ES2002b.rdhillon.s.22">How to incorporate more advanced functions into the remote while keeping the design and usability of the remote simple.</sentence> 
</problems>
</nite:root>
