<?xml version="1.0" encoding="ISO-8859-1" standalone="yes"?>
<nite:root xmlns:nite="http://nite.sourceforge.net/">
<abstract nite:id="ES2003c.rdhillon.abstract.1">

<sentence nite:id="ES2003c.rdhillon.s.1">The project manager recapped the decisions made in the previous meeting.</sentence>  <sentence nite:id="ES2003c.rdhillon.s.2">The industrial designer presented options for batteries, materials and shapes to use for the case, buttons, and chips.</sentence>  <sentence nite:id="ES2003c.rdhillon.s.3">The user interface designer discussed how to create an interface for an ergonomic remote which conforms to the shape and movements of the human hand, as well as an option in which users could connect their remotes to computers in order to download program settings.</sentence>  <sentence nite:id="ES2003c.rdhillon.s.4">The marketing expert discussed findings from trendwatching reports, which indicated a need for products which look fancy, are technologically innovative, are easy to use, have a fruit and vegetable theme, and are spongy.</sentence>  <sentence nite:id="ES2003c.rdhillon.s.5">The team then discussed what materials and components to use, the color of the remote, and programming options for the remote.</sentence> 
</abstract>
<actions nite:id="ES2003c.rdhillon.actions.1">

<sentence nite:id="ES2003c.rdhillon.s.6">The industrial designer and user interface designer will work on a prototype.</sentence>
<sentence nite:id="ES2003c.rdhillon.s.7">The marketing expert will work on a product evaluation</sentence>
</actions>
<decisions nite:id="ES2003c.rdhillon.decisions.1">

<sentence nite:id="ES2003c.rdhillon.s.8">The remote will use a lithium battery.</sentence>
<sentence nite:id="ES2003c.rdhillon.s.9">The remote will have a double curved design.</sentence>
<sentence nite:id="ES2003c.rdhillon.s.10">The remote will have a case made of rubber.</sentence>
<sentence nite:id="ES2003c.rdhillon.s.11">The remote will be yellow.</sentence> 
</decisions>
<problems nite:id="ES2003c.rdhillon.problems.1">

<sentence nite:id="ES2003c.rdhillon.s.12">Having a feature on the remote which allows the user to use a computer to program the remote according to the television model he owns.</sentence>
<sentence nite:id="ES2003c.rdhillon.s.13">Where to place the company slogan on the remote.</sentence> 
</problems>
</nite:root>
