<?xml version="1.0" encoding="ISO-8859-1" standalone="yes"?>
<nite:root xmlns:nite="http://nite.sourceforge.net/">
<abstract nite:id="ES2009b.JacquelinePalmer.abstract.1">

<sentence nite:id="ES2009b.JacquelinePalmer.s.1">The Project Manager went over new requirements for the project: that the device was solely to control television, and that there would not be a teletext component.</sentence> <sentence nite:id="ES2009b.JacquelinePalmer.s.2">The Industrial Designer gave his presentation on the basic components of a remote control device, and advised the group to use plastic for the casing material instead of metal.</sentence> <sentence nite:id="ES2009b.JacquelinePalmer.s.3">The User Interface Designer presented the technical functions of remote controls and compared the interfaces of two existing remote control products.</sentence> <sentence nite:id="ES2009b.JacquelinePalmer.s.4">The Marketing Expert made a presentation of the needs and the desires of the consumer and emphasized simplicity as one of the most desired features.</sentence> <sentence nite:id="ES2009b.JacquelinePalmer.s.5">The group discussed in more detail the features that will be added to the device: the possible applications of voice recognition, the touch screen menu interface, faceplates, and the look of the company logo.</sentence>  
</abstract>
<actions nite:id="ES2009b.JacquelinePalmer.actions.1">

<sentence nite:id="ES2009b.JacquelinePalmer.s.6">The Project Manager will post the discussion notes and the meeting's minutes to be available to all the participants.</sentence> 

</actions>
<decisions nite:id="ES2009b.JacquelinePalmer.decisions.1">

<sentence nite:id="ES2009b.JacquelinePalmer.s.7">The group decided to use plastic as their casing material instead of metal.</sentence> 
<sentence nite:id="ES2009b.JacquelinePalmer.s.8">The marketing will be focused towards the youth market.</sentence> 
<sentence nite:id="ES2009b.JacquelinePalmer.s.9">The group decided to keep the touch screen interface, and to keep the main interface simple.</sentence> 
<sentence nite:id="ES2009b.JacquelinePalmer.s.10">The remote will have a locating device that operates either through voice recognition or through paging.</sentence> 
<sentence nite:id="ES2009b.JacquelinePalmer.s.11">The company logo will appear in a brief flash in the boot-up screen of the device.</sentence>  
</decisions>
<problems nite:id="ES2009b.JacquelinePalmer.problems.1">

<sentence nite:id="ES2009b.JacquelinePalmer.s.12">The group had problems with sacrificing popular features in order to stay within the project budget.</sentence>  
</problems>
</nite:root>
