<?xml version="1.0" encoding="ISO-8859-1" standalone="yes"?>
<nite:root xmlns:nite="http://nite.sourceforge.net/">
<abstract nite:id="ES2008c.rdhillon.abstract.1">

<sentence nite:id="ES2008c.rdhillon.s.1">The project manager recapped the decisions made in the previous meeting.</sentence>  <sentence nite:id="ES2008c.rdhillon.s.2">The industrial designer discussed possible materials to use in making the case for the remote, options for buttons, and options for batteries.</sentence>  <sentence nite:id="ES2008c.rdhillon.s.3">The interface specialist presented two existing products which incorporate features the team is seeking to embed in their remote.</sentence>  <sentence nite:id="ES2008c.rdhillon.s.4">The interface specialist also discussed other features to possibly incorporate into the design of the remote, such as an LCD screen.</sentence>  <sentence nite:id="ES2008c.rdhillon.s.5">The marketing expert discussed recent findings from trend watching reports and how to incorporate these findings into the remote design with respect to what materials to use and the overall appearance of the product.</sentence>  <sentence nite:id="ES2008c.rdhillon.s.6">The team then discussed other options for how they could incorporate a fruit and vegetable theme into the appearance of their product.</sentence>  <sentence nite:id="ES2008c.rdhillon.s.7">The team then discussed other options for batteries, chips, buttons, and materials for the case, as well as the option to have a menu function.</sentence> 
</abstract>
<actions nite:id="ES2008c.rdhillon.actions.1">

<sentence nite:id="ES2008c.rdhillon.s.8">Two members of the team will work on creating a prototype using modeling clay.</sentence>
<sentence nite:id="ES2008c.rdhillon.s.9">The industrial designer will work on the look and feel of the design and will gather more information on curved and double-curved case options.</sentence>
<sentence nite:id="ES2008c.rdhillon.s.10">The marketing specialist will work on product evaluation.</sentence>
<sentence nite:id="ES2008c.rdhillon.s.11">The interface specialist will continue to work on the interface concept</sentence>
</actions>
<decisions nite:id="ES2008c.rdhillon.decisions.1">

<sentence nite:id="ES2008c.rdhillon.s.12">The target group comprises of individuals who can afford the product.</sentence>
<sentence nite:id="ES2008c.rdhillon.s.13">The remote will use a kinetic battery.</sentence>
<sentence nite:id="ES2008c.rdhillon.s.14">The remote will have a latex case.</sentence>
<sentence nite:id="ES2008c.rdhillon.s.15">The remote will be made in fruity colors.</sentence>
<sentence nite:id="ES2008c.rdhillon.s.16">The remote will have some sort of a curved case.</sentence>
<sentence nite:id="ES2008c.rdhillon.s.17">The remote will have pushbuttons.</sentence>
<sentence nite:id="ES2008c.rdhillon.s.18">The remote will have a power button, volume buttons, channel preset buttons, and a menu button.</sentence>
<sentence nite:id="ES2008c.rdhillon.s.19">The remote will have a simple chip.</sentence> 
</decisions>
<problems nite:id="ES2008c.rdhillon.problems.1">

<sentence nite:id="ES2008c.rdhillon.s.20">Having an LCD on the remote versus a menu that is viewed on the television screen.</sentence>
<sentence nite:id="ES2008c.rdhillon.s.21">Whether to use latex or titanium for the case.</sentence>
<sentence nite:id="ES2008c.rdhillon.s.22">How to incorporate a vegetable and fruit theme into the design of the remote.</sentence>
<sentence nite:id="ES2008c.rdhillon.s.23">What sort of circuit board to use.</sentence>
<sentence nite:id="ES2008c.rdhillon.s.24">Whether to use a simple, regular, or advanced chip.</sentence>
<sentence nite:id="ES2008c.rdhillon.s.25">Whether to use a scroll wheel or pushbuttons.</sentence>
<sentence nite:id="ES2008c.rdhillon.s.26">Whether to have a flat, curved, or double-curved case.</sentence> 
</problems>
</nite:root>
