<?xml version="1.0" encoding="ISO-8859-1" standalone="yes"?>
<nite:root xmlns:nite="http://nite.sourceforge.net/">
<abstract nite:id="ES2013a.rdhillon.abstract.1">

<sentence nite:id="ES2013a.rdhillon.s.1">The project manager opened the meeting by stating the agenda and then introduced the upcoming project to the team members.</sentence>  <sentence nite:id="ES2013a.rdhillon.s.2">The team members then participated in an exercise in which they each drew their favorite animal and discussed why they liked the particular animal.</sentence>  <sentence nite:id="ES2013a.rdhillon.s.3">The project manager briefed the team on the production and selling costs of the remote they are to create.</sentence>  <sentence nite:id="ES2013a.rdhillon.s.4">The project manager also briefed the team on the profit aim and discussed how many remotes must be sold in order to reach the profit aim of 50 million Euro.</sentence>  <sentence nite:id="ES2013a.rdhillon.s.5">The team then discussed their experiences using remote controls and what features in terms of functionality and appearance to consider in making the remote.</sentence>   
</abstract>
<actions nite:id="ES2013a.rdhillon.actions.1">

<sentence nite:id="ES2013a.rdhillon.s.6">The industrial designer will work on the working design.</sentence>
<sentence nite:id="ES2013a.rdhillon.s.7">The user interface designer will work on the technical functions design.</sentence>
<sentence nite:id="ES2013a.rdhillon.s.8">The marketing expert will work on the user requirements specification</sentence>
</actions>
<decisions nite:id="ES2013a.rdhillon.decisions.1">

<sentence nite:id="ES2013a.rdhillon.s.9">The remote will be sold for 25 Euro.</sentence>
<sentence nite:id="ES2013a.rdhillon.s.10">Production costs cannot exceed 12.50 Euro.</sentence> 
</decisions>
<problems nite:id="ES2013a.rdhillon.problems.1">

<sentence nite:id="ES2013a.rdhillon.s.11">Whether the mark-up reflected in the selling price is normal.</sentence> 
</problems>
</nite:root>
