<?xml version="1.0" encoding="ISO-8859-1" standalone="yes"?>
<nite:root xmlns:nite="http://nite.sourceforge.net/">
<abstract nite:id="ES2005a.JacquelinePalmer.abstract.1">

<sentence nite:id="ES2005a.JacquelinePalmer.s.1">The group discussed their initial ideas about the features that they wanted to integrate into the design.</sentence> <sentence nite:id="ES2005a.JacquelinePalmer.s.2">They discussed making a universal remote with a locator function.</sentence> <sentence nite:id="ES2005a.JacquelinePalmer.s.3">They also discussed the shape and the number of functions in the main interface.</sentence> <sentence nite:id="ES2005a.JacquelinePalmer.s.4">The Project Manager instructed the Marketing Expert to examine competitors' remotes, the User Interface Designer to research possible shapes and colors, and the Industrial Designer to research possible materials and the necessary internal components of the device.</sentence> 
</abstract>
<actions nite:id="ES2005a.JacquelinePalmer.actions.1">

<sentence nite:id="ES2005a.JacquelinePalmer.s.5">The Marketing Expert will examine the features and design of competitors' remotes.</sentence>
<sentence nite:id="ES2005a.JacquelinePalmer.s.6">The User Interface Designer will research possible shapes and colors for the device.</sentence>
<sentence nite:id="ES2005a.JacquelinePalmer.s.7">The Industrial Designer will research possible materials and the necessary internal components of the device.</sentence>

</actions>
<decisions nite:id="ES2005a.JacquelinePalmer.decisions.1">

<sentence nite:id="ES2005a.JacquelinePalmer.s.8">NA.</sentence> 
</decisions>
<problems nite:id="ES2005a.JacquelinePalmer.problems.1">

<sentence nite:id="ES2005a.JacquelinePalmer.s.9">NA.</sentence> 
</problems>
</nite:root>
