<?xml version="1.0" encoding="ISO-8859-1" standalone="yes"?>
<nite:root xmlns:nite="http://nite.sourceforge.net/">
<abstract nite:id="ES2009a.JacquelinePalmer.abstract.1">

<sentence nite:id="ES2009a.JacquelinePalmer.s.1">The Project Manager presented the project to the other participants by discussing the aim of creating a new, fashionable remote control device and defined the roles and tasks of each participant.</sentence> <sentence nite:id="ES2009a.JacquelinePalmer.s.2">The group introduced themselves to each other and trained themselves how to use the whiteboard tools.</sentence> <sentence nite:id="ES2009a.JacquelinePalmer.s.3">The Project Manager discussed the financial goals of the project, including the projected profit aim and price point for the device.</sentence> <sentence nite:id="ES2009a.JacquelinePalmer.s.4">The Project Manager gave each participant their assignments.</sentence> <sentence nite:id="ES2009a.JacquelinePalmer.s.5">The group then began a discussion of their initial ideas about the remote control and possible features.</sentence> <sentence nite:id="ES2009a.JacquelinePalmer.s.6">The Project Manager announced that he would make a report containing the discussion of the group's initial ideas about the device.</sentence> 
</abstract>
<actions nite:id="ES2009a.JacquelinePalmer.actions.1">

<sentence nite:id="ES2009a.JacquelinePalmer.s.7">The Industrial Designer will prepare a definition of the basic functions that the remote control device will have.</sentence>
<sentence nite:id="ES2009a.JacquelinePalmer.s.8">The Marketing Expert will define the needs and desires of the user.</sentence>
<sentence nite:id="ES2009a.JacquelinePalmer.s.9">The User Interface Designer will receive further assignments at a later time.</sentence> 
<sentence nite:id="ES2009a.JacquelinePalmer.s.10">The Project Manager will prepare a report of the initial ideas discussed during the meeting.</sentence>

</actions>
<decisions nite:id="ES2009a.JacquelinePalmer.decisions.1">

<sentence nite:id="ES2009a.JacquelinePalmer.s.11">The group decided to consider the following features for the remote control device: universal compatibility with different types of video formatting, combination with other types of devices, and interchangeable faceplates.</sentence> 
</decisions>
<problems nite:id="ES2009a.JacquelinePalmer.problems.1">

<sentence nite:id="ES2009a.JacquelinePalmer.s.12">NA.</sentence> 
</problems>
</nite:root>
