<?xml version="1.0" encoding="ISO-8859-1" standalone="yes"?>
<nite:root xmlns:nite="http://nite.sourceforge.net/">
<abstract nite:id="ES2012a.elana.abstract.1">

<sentence nite:id="ES2012a.elana.s.1">The project manager opens the meeting by welcoming everybody and saying they will be developing a new television remote control.</sentence>  <sentence nite:id="ES2012a.elana.s.2">Then each group member states his/her name and role in the group.</sentence>  <sentence nite:id="ES2012a.elana.s.3">The project manager states that the remote needs to be original, trendy, and user-friendly.</sentence>  <sentence nite:id="ES2012a.elana.s.4">The further work will be on the functional, conceptual, and detailed design.</sentence>  <sentence nite:id="ES2012a.elana.s.5">Since they all know what a whiteboard is, they do a virtual drawing by each stating their favorite animal.</sentence>  <sentence nite:id="ES2012a.elana.s.6">The project manager tells them the project budget.</sentence>  <sentence nite:id="ES2012a.elana.s.7">They proceed to discuss problems with current remotes as well as preferable styles and looks, such as using face-plates so the look is changable.</sentence>  <sentence nite:id="ES2012a.elana.s.8">The project manager closes the meeting.</sentence> 
</abstract>
<actions nite:id="ES2012a.elana.actions.1">

NA

</actions>
<decisions nite:id="ES2012a.elana.decisions.1">

<sentence nite:id="ES2012a.elana.s.9">The product will be sold for twenty five Euro.</sentence>
<sentence nite:id="ES2012a.elana.s.10">The company should profit fifty million Euros overall.</sentence>
<sentence nite:id="ES2012a.elana.s.11">The production cost should be twelve Euros fifty.</sentence> 
</decisions>
<problems nite:id="ES2012a.elana.problems.1">

<sentence nite:id="ES2012a.elana.s.12">NA.</sentence> 
</problems>
</nite:root>
