<?xml version="1.0" encoding="ISO-8859-1" standalone="yes"?>
<nite:root xmlns:nite="http://nite.sourceforge.net/">
<abstract nite:id="ES2013c.rdhillon.abstract.1">

<sentence nite:id="ES2013c.rdhillon.s.1">The project manager opened the meeting and went over the minutes of the previous meeting.</sentence>  <sentence nite:id="ES2013c.rdhillon.s.2">The marketing expert presented findings from trend watching reports and discussed her personal preferences in how to incorporate the results of the trend watching reports into the appearance of the remote.</sentence>  <sentence nite:id="ES2013c.rdhillon.s.3">The trend watching reports indicated that products need to reflect a fruit and vegetable theme, sponginess, fanciness, and technological innovation.</sentence>  <sentence nite:id="ES2013c.rdhillon.s.4">The team then discussed their target group and whether to use titanium or a spongy material in their design.</sentence>  <sentence nite:id="ES2013c.rdhillon.s.5">The industrial designer discussed options for energy sources, materials, case shapes, and interface components such as buttons and LCD screens.</sentence>  <sentence nite:id="ES2013c.rdhillon.s.6">The user interface designer examined the interfaces of existing products and discussed using menus within an interface using push buttons which operate like a scroll wheel.</sentence>  <sentence nite:id="ES2013c.rdhillon.s.7">The team then discussed and made decisions on what energy sources, chips, case materials, and buttons to use.</sentence> 
</abstract>
<actions nite:id="ES2013c.rdhillon.actions.1">

<sentence nite:id="ES2013c.rdhillon.s.8">The marketing expert will work on a product evaluation.</sentence>
<sentence nite:id="ES2013c.rdhillon.s.9">The industrial designer will work on the look and feel of the design.</sentence>
<sentence nite:id="ES2013c.rdhillon.s.10">The user interface designer will work on the user interface design.</sentence>
<sentence nite:id="ES2013c.rdhillon.s.11">Two of the team members will create a prototype using modeling clay</sentence>

</actions>
<decisions nite:id="ES2013c.rdhillon.decisions.1">

<sentence nite:id="ES2013c.rdhillon.s.12">The remote will use a kinetic battery.</sentence>
<sentence nite:id="ES2013c.rdhillon.s.13">The case of the remote will be made of rubber.</sentence>
<sentence nite:id="ES2013c.rdhillon.s.14">The remote will contain a hard plastic inner shell to protect the interior.</sentence>
<sentence nite:id="ES2013c.rdhillon.s.15">The remote will use push buttons.</sentence> 
</decisions>
<problems nite:id="ES2013c.rdhillon.problems.1">

<sentence nite:id="ES2013c.rdhillon.s.16">Whether to use titanium or a spongy material.</sentence>
<sentence nite:id="ES2013c.rdhillon.s.17">Whether creating a fancy remote would adhere to the project budget.</sentence>
<sentence nite:id="ES2013c.rdhillon.s.18">Whether to use a kinetic battery.</sentence> 
</problems>
</nite:root>
