<?xml version="1.0" encoding="ISO-8859-1" standalone="yes"?>
<nite:root xmlns:nite="http://nite.sourceforge.net/">
<abstract nite:id="ES2014c.JacquelinePalmer.abstract.1">

<sentence nite:id="ES2014c.JacquelinePalmer.s.1">The Project Manager reviewed the minutes from the last meeting.</sentence> <sentence nite:id="ES2014c.JacquelinePalmer.s.2">The Industrial Designer discussed options for each of the internal components.</sentence> <sentence nite:id="ES2014c.JacquelinePalmer.s.3">He showed that the size of the chip was dependent on the type and number of additional features used.</sentence> <sentence nite:id="ES2014c.JacquelinePalmer.s.4">The group discussed incorporating speech recognition and other functions to be able to decide on chip size.</sentence> <sentence nite:id="ES2014c.JacquelinePalmer.s.5">They decided that using speech recognition for the locator function only would allow them to use a simple chip.</sentence> <sentence nite:id="ES2014c.JacquelinePalmer.s.6">The User Interface Designer presented several existing products.</sentence> <sentence nite:id="ES2014c.JacquelinePalmer.s.7">She presented a specialized children's remote; the group decided to focus on a basic remote that would appeal to a wide market.</sentence> <sentence nite:id="ES2014c.JacquelinePalmer.s.8">She expressed that buttons are often ambiguously shaped and that their remote must have an easy-to-use interface.</sentence> <sentence nite:id="ES2014c.JacquelinePalmer.s.9">The Marketing Expert presented trends in the remote control market and the fruit and vegetable and spongy material trends in fashion.</sentence> <sentence nite:id="ES2014c.JacquelinePalmer.s.10">The group discussed ways to incorporate these trends.</sentence> <sentence nite:id="ES2014c.JacquelinePalmer.s.11">They decided to make the standby button shaped like an apple, to use a rubber case and buttons, and to use a single-curved shape.</sentence> <sentence nite:id="ES2014c.JacquelinePalmer.s.12">The Project Manager instructed the User Interface Designer and the Industrial Designer to construct the prototype.</sentence>  
</abstract>
<actions nite:id="ES2014c.JacquelinePalmer.actions.1">

<sentence nite:id="ES2014c.JacquelinePalmer.s.13">The User Interface Designer and the Industrial Designer will construct the prototype.</sentence>

</actions>
<decisions nite:id="ES2014c.JacquelinePalmer.decisions.1">

<sentence nite:id="ES2014c.JacquelinePalmer.s.14">The group decided to use speech recognition but only for the locator function.</sentence> <sentence nite:id="ES2014c.JacquelinePalmer.s.15">The remote will feature push buttons instead of scroll buttons, and a kinetic power supply.</sentence>
<sentence nite:id="ES2014c.JacquelinePalmer.s.16">The remote will contain a simple chip.</sentence>
<sentence nite:id="ES2014c.JacquelinePalmer.s.17">The group decided to focus on a basic remote that will appeal to the widest market.</sentence> <sentence nite:id="ES2014c.JacquelinePalmer.s.18">They also decided to market the speech recognition component as a "finder function" so as not to confuse it with more advanced speech recognition components in other remote controls.</sentence>
<sentence nite:id="ES2014c.JacquelinePalmer.s.19">The group decided to make the standby button in the shape of an apple.</sentence>
<sentence nite:id="ES2014c.JacquelinePalmer.s.20">The remote will also feature a rubber case and rubber buttons, and a single-curved design.</sentence>
<sentence nite:id="ES2014c.JacquelinePalmer.s.21">The remote will feature the company logo, possibly in a sticker form.</sentence> 
</decisions>
<problems nite:id="ES2014c.JacquelinePalmer.problems.1">

<sentence nite:id="ES2014c.JacquelinePalmer.s.22">NA.</sentence> 
</problems>
</nite:root>
