<?xml version="1.0" encoding="ISO-8859-1" standalone="yes"?>
<nite:root xmlns:nite="http://nite.sourceforge.net/">
<abstract nite:id="ES2007a.rdhillon.abstract.1">

<sentence nite:id="ES2007a.rdhillon.s.1">The project manager introduced the upcoming project to the team and then the team members participated in an exercise in which they drew their favorite animals and discussed why they liked those particular animals.</sentence>  <sentence nite:id="ES2007a.rdhillon.s.2">The project manager discussed the project finances and the team engaged in a brainstorming session about various features to consider in designing a remote.</sentence>  <sentence nite:id="ES2007a.rdhillon.s.3">The project manager then further discussed the roles of the team members.</sentence> 
</abstract>
<actions nite:id="ES2007a.rdhillon.actions.1">

<sentence nite:id="ES2007a.rdhillon.s.4">*NA*</sentence>
</actions>
<decisions nite:id="ES2007a.rdhillon.decisions.1">

<sentence nite:id="ES2007a.rdhillon.s.5">The selling price of the remote will be 25 Euro.</sentence>
<sentence nite:id="ES2007a.rdhillon.s.6">The profit aim will be 50 million Euro.</sentence>
<sentence nite:id="ES2007a.rdhillon.s.7">The remote will be sold internationally.</sentence>
<sentence nite:id="ES2007a.rdhillon.s.8">The production cost cannot exceed 12.50 Euro.</sentence>
<sentence nite:id="ES2007a.rdhillon.s.9">The remote will have a lock function.</sentence>
<sentence nite:id="ES2007a.rdhillon.s.10">The remote will control televisions and devices connected to televisions.</sentence>
<sentence nite:id="ES2007a.rdhillon.s.11">The team will create a back-up plan for a remote that only controls televisions</sentence>

</decisions>
<problems nite:id="ES2007a.rdhillon.problems.1">

<sentence nite:id="ES2007a.rdhillon.s.12">If the remote should be used only for televisions or if it should be capable of controlling other devices also.</sentence>
<sentence nite:id="ES2007a.rdhillon.s.13">Having a two sided remote with basic functions on one side and advanced functions on the other.</sentence> 
</problems>
</nite:root>
