<?xml version="1.0" encoding="ISO-8859-1" standalone="yes"?>
<nite:root xmlns:nite="http://nite.sourceforge.net/">
<abstract nite:id="ES2005c.JacquelinePalmer.abstract.1">

<sentence nite:id="ES2005c.JacquelinePalmer.s.1">The Marketing Expert presented the results of a market survey that indicated users' most important preferences in remote control features.</sentence> <sentence nite:id="ES2005c.JacquelinePalmer.s.2">He discussed trends in fashion that should be incorporated into the prototype design.</sentence> <sentence nite:id="ES2005c.JacquelinePalmer.s.3">The User Interface Designer compared the designs of several competitors' remotes to decide which features should be used in their own design.</sentence> <sentence nite:id="ES2005c.JacquelinePalmer.s.4">She discussed using voice recognition, an LCD screen, and color to make the device easier to use and to improve its look.</sentence> <sentence nite:id="ES2005c.JacquelinePalmer.s.5">The Industrial Designer went over all of the internal components and materials that will be incorporated in the design.</sentence> <sentence nite:id="ES2005c.JacquelinePalmer.s.6">He gave a layout of the placement of the components in the device.</sentence> <sentence nite:id="ES2005c.JacquelinePalmer.s.7">The group decided to use a rubber or latex material to give the device a spongy feel.</sentence> <sentence nite:id="ES2005c.JacquelinePalmer.s.8">He discussed the color and shape of the remote with the group and the placement of the components on the device.</sentence> <sentence nite:id="ES2005c.JacquelinePalmer.s.9">The group discussed colors and shapes further, and decided that the remote will be yellow, and perhaps having a fruit-inspired shape.</sentence> <sentence nite:id="ES2005c.JacquelinePalmer.s.10">The group decided to use a rechargeable battery and recharging stand.</sentence> <sentence nite:id="ES2005c.JacquelinePalmer.s.11">The Project Manager instructed the User Interface Designer and the Industrial Designer to construct the prototype.</sentence>  
</abstract>
<actions nite:id="ES2005c.JacquelinePalmer.actions.1">

<sentence nite:id="ES2005c.JacquelinePalmer.s.12">The User Interface Designer and the Industrial Designer will build a prototype out of clay for the next meeting.</sentence> 

</actions>
<decisions nite:id="ES2005c.JacquelinePalmer.decisions.1">

<sentence nite:id="ES2005c.JacquelinePalmer.s.13">The remote will feature a rubber or latex casing.</sentence>
<sentence nite:id="ES2005c.JacquelinePalmer.s.14">Several shapes will be designed and shown to the public so that the most popular shape is chosen.</sentence>
<sentence nite:id="ES2005c.JacquelinePalmer.s.15">The remote will be yellow or partially yellow and have an organic shape.</sentence> 
<sentence nite:id="ES2005c.JacquelinePalmer.s.16">The remote will feature speech recognition.</sentence> 
<sentence nite:id="ES2005c.JacquelinePalmer.s.17">The remote will be powered by rechargeable batteries and come with a recharging stand.</sentence>  
</decisions>
<problems nite:id="ES2005c.JacquelinePalmer.problems.1">

<sentence nite:id="ES2005c.JacquelinePalmer.s.18">The group had difficulty deciding how to incorporate the company's yellow color and the fruit and vegetable trend into the prototype design without the remote seeming overly gimmicky or childish.</sentence> 
</problems>
</nite:root>
