<?xml version="1.0" encoding="ISO-8859-1" standalone="yes"?>
<nite:root xmlns:nite="http://nite.sourceforge.net/">
<abstract nite:id="ES2012b.elana.abstract.1">

<sentence nite:id="ES2012b.elana.s.1">The project manager opens the meeting by going through notes from the last meeting, recapping the topics covered.</sentence>  <sentence nite:id="ES2012b.elana.s.2">He tells them some new project requirements given by management.</sentence>  <sentence nite:id="ES2012b.elana.s.3">The marketing expert presents, talking about user functionality requirements taken from research of 100 people.</sentence>  <sentence nite:id="ES2012b.elana.s.4">They discuss the possibility of making a remote that hides less frequently used buttons, one that uses voices recognition to eliminate buttons altogether, or one that combines the two functions.</sentence>  <sentence nite:id="ES2012b.elana.s.5">The interface specialist presents, showing examples of two different products- one that is user-centered and another that is engineering-centered and giving personal preference to the simpler one because it is easier to use and has fewer buttons.</sentence>  <sentence nite:id="ES2012b.elana.s.6">Next the industrial designer presents, explaining how a remote control works and giving personal preference to a remote which has a large energy source such as a rechargable battery or battery dock.</sentence>  <sentence nite:id="ES2012b.elana.s.7">The group discusses using a battery that will last 5-10 years or a solar combined with a battery.</sentence>  <sentence nite:id="ES2012b.elana.s.8">They briefly review their discussions and close the meeting.</sentence>  
</abstract>
<actions nite:id="ES2012b.elana.actions.1">

NA

</actions>
<decisions nite:id="ES2012b.elana.decisions.1">

<sentence nite:id="ES2012b.elana.s.9">Teletext no longer important given rise of internet and thus will not be used.</sentence>
<sentence nite:id="ES2012b.elana.s.10">The remote will be for television only.</sentence>
<sentence nite:id="ES2012b.elana.s.11">Device will incorporate company logo and colors.</sentence>
<sentence nite:id="ES2012b.elana.s.12">The remote will be extremely simple.</sentence>
<sentence nite:id="ES2012b.elana.s.13">The remote will be a radiaclly different shape.</sentence>
<sentence nite:id="ES2012b.elana.s.14">The remote will have few buttons, but the main ones such as channel, volume, on/off.</sentence> 
</decisions>
<problems nite:id="ES2012b.elana.problems.1">

<sentence nite:id="ES2012b.elana.s.15">Whether to use voice recognition.</sentence>
<sentence nite:id="ES2012b.elana.s.16">What type of battery to use - long-lasting ordinary battery or solar + regular battery.</sentence>
<sentence nite:id="ES2012b.elana.s.17">Whether to use changable covers.</sentence> 
</problems>
</nite:root>
