<?xml version="1.0" encoding="ISO-8859-1" standalone="yes"?>
<nite:root xmlns:nite="http://nite.sourceforge.net/">
<abstract nite:id="ES2002a.rdhillon.abstract.1">

<sentence nite:id="ES2002a.rdhillon.s.1">The project manager introduced the upcoming project to the team members and then the team members participated in an exercise in which they drew their favorite animal and discussed what they liked about the animal.</sentence>  <sentence nite:id="ES2002a.rdhillon.s.2">The project manager talked about the project finances and selling prices.</sentence>  <sentence nite:id="ES2002a.rdhillon.s.3">The team then discussed various features to consider in making the remote.</sentence> 
</abstract>
<actions nite:id="ES2002a.rdhillon.actions.1">

<sentence nite:id="ES2002a.rdhillon.s.4">The industrial designer will work on the working design of the remote.</sentence>
<sentence nite:id="ES2002a.rdhillon.s.5">The user interface designer will work on the technical functions of the remote.</sentence>
<sentence nite:id="ES2002a.rdhillon.s.6">The marketing executive will work on what requirements the remote has to fulfill</sentence>
</actions>
<decisions nite:id="ES2002a.rdhillon.decisions.1">

<sentence nite:id="ES2002a.rdhillon.s.7">The remote will sell for 25 Euro.</sentence>
<sentence nite:id="ES2002a.rdhillon.s.8">The remote will be sold on an international scale.</sentence>
<sentence nite:id="ES2002a.rdhillon.s.9">The production costs cannot exceed 12.50 Euro.</sentence> 
</decisions>
<problems nite:id="ES2002a.rdhillon.problems.1">

<sentence nite:id="ES2002a.rdhillon.s.10">Whether the remote will be used exclusively for televisions.</sentence> 
</problems>
</nite:root>
