<?xml version="1.0" encoding="ISO-8859-1" standalone="yes"?>
<nite:root xmlns:nite="http://nite.sourceforge.net/">
<abstract nite:id="ES2014b.JacquelinePalmer.abstract.1">

<sentence nite:id="ES2014b.JacquelinePalmer.s.1">The Project Manager gave the group new requirements on product features.</sentence> <sentence nite:id="ES2014b.JacquelinePalmer.s.2">The Industrial Designer gave a presentation on the working design of the device.</sentence> <sentence nite:id="ES2014b.JacquelinePalmer.s.3">He presented all the necessary internal components and how they operate together.</sentence> <sentence nite:id="ES2014b.JacquelinePalmer.s.4">He gave his preferences on energy sources and senders.</sentence> <sentence nite:id="ES2014b.JacquelinePalmer.s.5">The User Interface Designer presented the necessary functions of the remote, then compared the interfaces of two existing remotes.</sentence> <sentence nite:id="ES2014b.JacquelinePalmer.s.6">The group discussed making their remote more user-friendly; they proposed eliminating rarely-used buttons and making it easier to skip through channels.</sentence> <sentence nite:id="ES2014b.JacquelinePalmer.s.7">The Marketing Expert discussed user requirements with the group and showed that users wanted a fancier, less complicated remote that would not be easily lost.</sentence> <sentence nite:id="ES2014b.JacquelinePalmer.s.8">He suggested incorporating a menu and an LCD screen to satisfy these requirements.</sentence> <sentence nite:id="ES2014b.JacquelinePalmer.s.9">The group discussed how to incorporate a locator function.</sentence> <sentence nite:id="ES2014b.JacquelinePalmer.s.10">The Project Manager reminded the group to limit the number of complicated features due to the project's time constraints.</sentence> <sentence nite:id="ES2014b.JacquelinePalmer.s.11">The group had a discussion to decide on product features.</sentence> <sentence nite:id="ES2014b.JacquelinePalmer.s.12">They decided to include a clapping locator function and a device that allows the user to enter two numbers separately to get a two-digit number.</sentence> <sentence nite:id="ES2014b.JacquelinePalmer.s.13">Complicated functions will be hidden in a back panel.</sentence>  
</abstract>
<actions nite:id="ES2014b.JacquelinePalmer.actions.1">

<sentence nite:id="ES2014b.JacquelinePalmer.s.14">All participants will continue working on the remote functions.</sentence> 

</actions>
<decisions nite:id="ES2014b.JacquelinePalmer.decisions.1">

<sentence nite:id="ES2014b.JacquelinePalmer.s.15">The remote will feature a locator function that responds to clapping.</sentence> 
<sentence nite:id="ES2014b.JacquelinePalmer.s.16">There will be a device that allows the user to enter two numbers separately to get a two-digit number in order to reduce the overall number of buttons.</sentence>
<sentence nite:id="ES2014b.JacquelinePalmer.s.17">The remote will feature a panel that hides complicated functions on the back of the device.</sentence> <sentence nite:id="ES2014b.JacquelinePalmer.s.18">Buttons to adjust picture quality, channel tuning, and other settings will be hidden in this panel; the number pad, the channel- and volume-changing and power buttons will remain on the main interface.</sentence> 
</decisions>
<problems nite:id="ES2014b.JacquelinePalmer.problems.1">

<sentence nite:id="ES2014b.JacquelinePalmer.s.19">The group had difficulties finding a balance between adding more features and finishing the project quickly.</sentence>  
</problems>
</nite:root>
