<?xml version="1.0" encoding="ISO-8859-1" standalone="yes"?>
<nite:root xmlns:nite="http://nite.sourceforge.net/">
<abstract nite:id="ES2011b.JacquelinePalmer.abstract.1">

<sentence nite:id="ES2011b.JacquelinePalmer.s.1">The Marketing Expert gave a presentation about user requirements as shown through a usability study and demonstrated that only a small number of functions on a remote were used with frequency.</sentence> <sentence nite:id="ES2011b.JacquelinePalmer.s.2">She suggested focusing the interface design on the most frequently used functions.</sentence> <sentence nite:id="ES2011b.JacquelinePalmer.s.3">The User Interface Designer presented some questions that should be considered in making the device user-friendly and displayed two existing remote controls for comparison.</sentence> <sentence nite:id="ES2011b.JacquelinePalmer.s.4">The Industrial Designer discussed the necessary internal components and how they operated together, and presented her preferences for the type of each component to be used.</sentence> <sentence nite:id="ES2011b.JacquelinePalmer.s.5">The Project Manager gave the group several new requirements for the project.</sentence> <sentence nite:id="ES2011b.JacquelinePalmer.s.6">The group discussed several product features and decided that the remote will feature a locator function and will not feature speech recognition.</sentence> <sentence nite:id="ES2011b.JacquelinePalmer.s.7">The group discussed whether or not the remote should control multiple devices.</sentence> <sentence nite:id="ES2011b.JacquelinePalmer.s.8">They discussed important button functions to include and increasing usability by incorporating a scroll wheel in the design.</sentence> <sentence nite:id="ES2011b.JacquelinePalmer.s.9">The Project Manager instructed the other participants to fill out a questionnaire and to work on their individual presentations for the next meeting.</sentence> 
</abstract>
<actions nite:id="ES2011b.JacquelinePalmer.actions.1">

<sentence nite:id="ES2011b.JacquelinePalmer.s.10">All participants will fill out a questionnaire after the meeting.</sentence>
<sentence nite:id="ES2011b.JacquelinePalmer.s.11">The Designers and the Marketing Expert will work on their individual presentations.</sentence>

</actions>
<decisions nite:id="ES2011b.JacquelinePalmer.decisions.1">

<sentence nite:id="ES2011b.JacquelinePalmer.s.12">A locator device separate from the remote will be incorporated into the design, which will operate with radio signal.</sentence>
<sentence nite:id="ES2011b.JacquelinePalmer.s.13">Speech recognition will not be used.</sentence>
<sentence nite:id="ES2011b.JacquelinePalmer.s.14">The group decided that their target marketing group would be mostly teenagers and young professionals.</sentence>
<sentence nite:id="ES2011b.JacquelinePalmer.s.15">There will not be a stand in which the remote is placed when not in use.</sentence> <sentence nite:id="ES2011b.JacquelinePalmer.s.16">The group decided that the locator function eliminated the need for this component.</sentence>
<sentence nite:id="ES2011b.JacquelinePalmer.s.17">The locator function will not involve an LED indicator; the remote will simply emit a sound when located.</sentence>
<sentence nite:id="ES2011b.JacquelinePalmer.s.18">The main interface will include a power button.</sentence>
<sentence nite:id="ES2011b.JacquelinePalmer.s.19">The main interface will include a scroll wheel function in place of a number pad.</sentence>  
</decisions>
<problems nite:id="ES2011b.JacquelinePalmer.problems.1">

<sentence nite:id="ES2011b.JacquelinePalmer.s.20">Some of the group members had difficulties with their computers in opening their presentations.</sentence> 
<sentence nite:id="ES2011b.JacquelinePalmer.s.21">The new requirements from the management regarding use with multiple devices were unclear.</sentence> 
</problems>
</nite:root>
