<?xml version="1.0" encoding="ISO-8859-1" standalone="yes"?>
<nite:root xmlns:nite="http://nite.sourceforge.net/">
<abstract nite:id="ES2003d.rdhillon.abstract.1">

<sentence nite:id="ES2003d.rdhillon.s.1">The project manager recapped the decisions made in the previous meeting and two team members presented a prototype for the remote the team is designing and discussed its ergonomic appearance and its features.</sentence>  <sentence nite:id="ES2003d.rdhillon.s.2">The marketing expert began to lead the team in conducting an evaluation of the prototype but was interrupted when the project manager shifted the discussion to examining the production costs of the team's product.</sentence>  <sentence nite:id="ES2003d.rdhillon.s.3">The original specifications of the team's product proved to be too expensive and so the team had to discuss which features to lose and which to maintain in order to meet the target cost.</sentence>  <sentence nite:id="ES2003d.rdhillon.s.4">After discussing costs, the team returned to conducting their product evaluation.</sentence>  <sentence nite:id="ES2003d.rdhillon.s.5">The prototype was evaluated on the basis of its ability to be located when misplaced, ease of use, appearance, technological innovativeness, and sponginess.</sentence>  <sentence nite:id="ES2003d.rdhillon.s.6">Overall, the prototype received average marks.</sentence>  <sentence nite:id="ES2003d.rdhillon.s.7">The team then evaluated the project process, finding that they were happy overall but quite displeased with the small budget.</sentence> 
</abstract>
<actions nite:id="ES2003d.rdhillon.actions.1">

<sentence nite:id="ES2003d.rdhillon.s.8">*NA*</sentence>
</actions>
<decisions nite:id="ES2003d.rdhillon.decisions.1">

<sentence nite:id="ES2003d.rdhillon.s.9">The remote will feature an LCD.</sentence>
<sentence nite:id="ES2003d.rdhillon.s.10">The case for the remote will be single curved.</sentence>
<sentence nite:id="ES2003d.rdhillon.s.11">The remote will be designed in a special color.</sentence>
<sentence nite:id="ES2003d.rdhillon.s.12">The remote will be made of plastic instead of rubber.</sentence> 
</decisions>
<problems nite:id="ES2003d.rdhillon.problems.1">

<sentence nite:id="ES2003d.rdhillon.s.13">Meeting the target cost.</sentence>
<sentence nite:id="ES2003d.rdhillon.s.14">Whether to keep the LCD.</sentence>
<sentence nite:id="ES2003d.rdhillon.s.15">Whether to have a double curved or single curved case.</sentence> 
</problems>
</nite:root>
