<?xml version="1.0" encoding="ISO-8859-1" standalone="yes"?>
<nite:root xmlns:nite="http://nite.sourceforge.net/">
<abstract nite:id="ES2002d.rdhillon.abstract.1">

<sentence nite:id="ES2002d.rdhillon.s.1">The project manager recapped the decisions made in the previous meeting and two team members presented their prototype and discussed the features the prototype contained.</sentence>  <sentence nite:id="ES2002d.rdhillon.s.2">The team then looked at the production costs of the remote and had to decide which features to retain or lose in order to maintain the target cost.</sentence>  <sentence nite:id="ES2002d.rdhillon.s.3">In maintaining the target cost, the team had to lose a number of features which they originally wanted, such as a kinetic battery, an LCD display, and various color options.</sentence>  <sentence nite:id="ES2002d.rdhillon.s.4">The team then evaluated the prototype on the basis of its appearance, technological innovation, and spongy quality.</sentence>  <sentence nite:id="ES2002d.rdhillon.s.5">The prototype did fairly well in the evaluation.</sentence>  <sentence nite:id="ES2002d.rdhillon.s.6">The team then conducted an evaluation of the project process.</sentence>  <sentence nite:id="ES2002d.rdhillon.s.7">The team felt that their creativity was hindered by the project budget and their inability to discuss the project outside of their meetings and that the structure of the task did not foster teamwork.</sentence> 
</abstract>
<actions nite:id="ES2002d.rdhillon.actions.1">

<sentence nite:id="ES2002d.rdhillon.s.8">*NA*</sentence>
</actions>
<decisions nite:id="ES2002d.rdhillon.decisions.1">

<sentence nite:id="ES2002d.rdhillon.s.9">The remote will not contain a kinetic battery.</sentence>
<sentence nite:id="ES2002d.rdhillon.s.10">The remote will have a regular chip.</sentence>
<sentence nite:id="ES2002d.rdhillon.s.11">The case will be double-curved.</sentence>
<sentence nite:id="ES2002d.rdhillon.s.12">The remote will have push buttons.</sentence>
<sentence nite:id="ES2002d.rdhillon.s.13">The remote will not feature an LCD display.</sentence>
<sentence nite:id="ES2002d.rdhillon.s.14">The display will be on the television instead of on the remote.</sentence>
<sentence nite:id="ES2002d.rdhillon.s.15">The buttons will be normal colored.</sentence>
<sentence nite:id="ES2002d.rdhillon.s.16">The remote will have square buttons.</sentence> 
</decisions>
<problems nite:id="ES2002d.rdhillon.problems.1">

<sentence nite:id="ES2002d.rdhillon.s.17">Meeting the target cost.</sentence> 
</problems>
</nite:root>
