<?xml version="1.0" encoding="ISO-8859-1" standalone="yes"?>
<nite:root xmlns:nite="http://nite.sourceforge.net/">
<abstract nite:id="ES2008d.rdhillon.abstract.1">

<sentence nite:id="ES2008d.rdhillon.s.1">The project manager recapped the decisions made in the previous meeting and two team members presented three prototypes which differed primarily in shape.</sentence>  <sentence nite:id="ES2008d.rdhillon.s.2">The team felt it was not necessary to include a feature to prevent the remote from getting lost as the prototype designs were quite bright.</sentence>  <sentence nite:id="ES2008d.rdhillon.s.3">The team conducted a product evaluation of the prototype the team liked the most.</sentence>  <sentence nite:id="ES2008d.rdhillon.s.4">They rated the prototype on the basis of its appearance, functionality, technological innovativeness, sponginess, usability, learn-ability, its ability to be found when misplaced, simplicity, and its ability to meet the appropriate demographic.</sentence>  <sentence nite:id="ES2008d.rdhillon.s.5">The team then discussed the production costs of the remote and what features they should retain or lose in order to maintain their target cost.</sentence>  <sentence nite:id="ES2008d.rdhillon.s.6">The project manager then led the team in a project evaluation in which the team evaluated how they created the project, the information they found and used, their creativity, their teamwork, and the materials they had at their disposal.</sentence>  <sentence nite:id="ES2008d.rdhillon.s.7">The team was generally quite satisfied.</sentence>  <sentence nite:id="ES2008d.rdhillon.s.8">After the project manager's closing, the team discussed their personal preferences in terms of the prototypes.</sentence>  <sentence nite:id="ES2008d.rdhillon.s.9">They also further evaluated the project process and discussed what they had learned.</sentence> 
</abstract>
<actions nite:id="ES2008d.rdhillon.actions.1">

<sentence nite:id="ES2008d.rdhillon.s.10">*NA*</sentence>
</actions>
<decisions nite:id="ES2008d.rdhillon.decisions.1">

<sentence nite:id="ES2008d.rdhillon.s.11">The remote will resemble the potato prototype.</sentence>
<sentence nite:id="ES2008d.rdhillon.s.12">There will be no feature to help find the remote when it is misplaced; instead the remote will be in a bright color to address this issue.</sentence>
<sentence nite:id="ES2008d.rdhillon.s.13">The corporate logo will be on the remote.</sentence>
<sentence nite:id="ES2008d.rdhillon.s.14">One of the color concepts for the remote will contain the corporate colors.</sentence>
<sentence nite:id="ES2008d.rdhillon.s.15">The remote will have six buttons.</sentence>
<sentence nite:id="ES2008d.rdhillon.s.16">The buttons will all be one color.</sentence>
<sentence nite:id="ES2008d.rdhillon.s.17">The case will be single curve.</sentence>
<sentence nite:id="ES2008d.rdhillon.s.18">The case will be made of rubber.</sentence>
<sentence nite:id="ES2008d.rdhillon.s.19">The case will have a special color.</sentence> 
</decisions>
<problems nite:id="ES2008d.rdhillon.problems.1">

<sentence nite:id="ES2008d.rdhillon.s.20">Whether or not to have a feature which helps find the remote when it is misplaced.</sentence> 
</problems>
</nite:root>
