<?xml version="1.0" encoding="ISO-8859-1" standalone="yes"?>
<nite:root xmlns:nite="http://nite.sourceforge.net/">
<abstract nite:id="ES2004d.JacquelinePalmer.abstract.1">

<sentence nite:id="ES2004d.JacquelinePalmer.s.1">The Project Manager went over decisions from the previous meeting.</sentence> <sentence nite:id="ES2004d.JacquelinePalmer.s.2">The Industrial Designer presented the prototype and discussed its look, its internal components, and its interface.</sentence> <sentence nite:id="ES2004d.JacquelinePalmer.s.3">The Marketing Expert evaluated the product according to the initial product goals.</sentence> <sentence nite:id="ES2004d.JacquelinePalmer.s.4">The group then decided that enough of this criteria had been satisfied for the project to continue.</sentence> <sentence nite:id="ES2004d.JacquelinePalmer.s.5">The Project Manager presented the final cost of the device which exceeded the initial projected price point.</sentence> <sentence nite:id="ES2004d.JacquelinePalmer.s.6">The group decided to remove speech recognition but to propose to the management that it  remain in the design.</sentence> <sentence nite:id="ES2004d.JacquelinePalmer.s.7">The group then discussed their effectiveness as a team.</sentence> <sentence nite:id="ES2004d.JacquelinePalmer.s.8">All members felt that they interacted well and that they felt they could be creative.</sentence> <sentence nite:id="ES2004d.JacquelinePalmer.s.9">The Marketing Expert felt that the market-research based approach would help the project's success with consumers.</sentence> <sentence nite:id="ES2004d.JacquelinePalmer.s.10">The group did express, however, that the budget was overly constraining.</sentence> <sentence nite:id="ES2004d.JacquelinePalmer.s.11">The Project Manager instructed the group to fill out a final evaluation questionnaire.</sentence> 
</abstract>
<actions nite:id="ES2004d.JacquelinePalmer.actions.1">

<sentence nite:id="ES2004d.JacquelinePalmer.s.12">The group will suggest to the management that speech recognition remain in the product design.</sentence>
<sentence nite:id="ES2004d.JacquelinePalmer.s.13">All members will fill out a final evaluation questionnaire.</sentence>

</actions>
<decisions nite:id="ES2004d.JacquelinePalmer.decisions.1">

<sentence nite:id="ES2004d.JacquelinePalmer.s.14">It was decided that the speech recognition component seemed feasible, so it was added to the prototype design to provide a device locator function.</sentence> <sentence nite:id="ES2004d.JacquelinePalmer.s.15">It was removed when the project exceeded its initial budget, but it will be suggested to the management that the speech recognition should remain in the product design.</sentence>
<sentence nite:id="ES2004d.JacquelinePalmer.s.16">The plastic case will be a neutral color, and the changeable rubber cases will be available in vibrant, fruit colors.</sentence>
<sentence nite:id="ES2004d.JacquelinePalmer.s.17">The LCD screen will appear only in black and white.</sentence>
<sentence nite:id="ES2004d.JacquelinePalmer.s.18">The company logo will appear on the inside of the device when opened.</sentence> 
<sentence nite:id="ES2004d.JacquelinePalmer.s.19">The group decided that the device fulfilled enough of the project's initial goals to continue in production.</sentence> 
</decisions>
<problems nite:id="ES2004d.JacquelinePalmer.problems.1">

<sentence nite:id="ES2004d.JacquelinePalmer.s.20">There was a lack of cost information at the beginning of the project.</sentence> <sentence nite:id="ES2004d.JacquelinePalmer.s.21">The group did not know how much the features made available to them actually cost until the prototype was constructed; their prototype design may have been different had this information been available at the beginning.</sentence> 
</problems>
</nite:root>
