<?xml version="1.0" encoding="ISO-8859-1" standalone="yes"?>
<nite:root xmlns:nite="http://nite.sourceforge.net/">
<abstract nite:id="ES2010a.JacquelinePalmer.abstract.1">

<sentence nite:id="ES2010a.JacquelinePalmer.s.1">The Project Manager introduced the project to the group and gave an agenda for the project as a whole.</sentence> <sentence nite:id="ES2010a.JacquelinePalmer.s.2">She then introduced a tool training exercise to acquaint the group with the meeting-room tools and to help them get to know each other.</sentence> <sentence nite:id="ES2010a.JacquelinePalmer.s.3">The Project Manager then presented the project budget to the group and presented the projected profit aim, the production cost, and the price point of the device.</sentence> <sentence nite:id="ES2010a.JacquelinePalmer.s.4">The group then began a discussion about features of remote controls and their own  experiences with them.</sentence> <sentence nite:id="ES2010a.JacquelinePalmer.s.5">They discussed making the remote universally compatible and ergonomically-designed, and types of batteries to use.</sentence> <sentence nite:id="ES2010a.JacquelinePalmer.s.6">The Project Manager instructed the Industrial Designer to work on the internal working design of the device.</sentence> <sentence nite:id="ES2010a.JacquelinePalmer.s.7">The User Interface Designer was told to work on the technical function design, and the Marketing Expert was instructed to research the needs of users.</sentence>  
</abstract>
<actions nite:id="ES2010a.JacquelinePalmer.actions.1">

<sentence nite:id="ES2010a.JacquelinePalmer.s.8">The Industrial Designer will work on the internal working design.</sentence>
<sentence nite:id="ES2010a.JacquelinePalmer.s.9">The User Interface Designer will work on the technical function design.</sentence> 
<sentence nite:id="ES2010a.JacquelinePalmer.s.10">The Marketing Expert will research user requirements.</sentence>

</actions>
<decisions nite:id="ES2010a.JacquelinePalmer.decisions.1">

<sentence nite:id="ES2010a.JacquelinePalmer.s.11">NA.</sentence> 
</decisions>
<problems nite:id="ES2010a.JacquelinePalmer.problems.1">

<sentence nite:id="ES2010a.JacquelinePalmer.s.12">NA.</sentence> 
</problems>
</nite:root>
