<?xml version="1.0" encoding="ISO-8859-1" standalone="yes"?>
<nite:root xmlns:nite="http://nite.sourceforge.net/">
<abstract nite:id="ES2006d.elana.abstract.1">

<sentence nite:id="ES2006d.elana.s.1">The project manager opens this detailed design meeting by going over the agenda.</sentence>  <sentence nite:id="ES2006d.elana.s.2">The designers present the prototype, which they decided to make the color and shape of a banana.</sentence>  <sentence nite:id="ES2006d.elana.s.3">They demonstrate the remote components, showing how it flips open on the side and features a LCD and scroll inside.</sentence>  <sentence nite:id="ES2006d.elana.s.4">The marketing expert gives the product evaluation, which is based on the criteria of attractiveness, whether it matches operation behavior of the user, locatability, intuitiveness, ergonomic design, and how technologically innovative it is.</sentence>  <sentence nite:id="ES2006d.elana.s.5">They rate the product using a 7 point scale and come up with an average score of 6.5.</sentence>  <sentence nite:id="ES2006d.elana.s.6">The group goes on to calculate the production cost and finds they are over the budget.</sentence>  <sentence nite:id="ES2006d.elana.s.7">They have discussion and decide to eliminate the sample speaker locator and the scroll wheel inside.</sentence>  <sentence nite:id="ES2006d.elana.s.8">The team discusses the project process- saying that they had to cut out some creativity in order to meet the budget because they had not known the cost of features beforehand.</sentence>  <sentence nite:id="ES2006d.elana.s.9">They were satisfied with the leadership but felt rushed for time.</sentence>  <sentence nite:id="ES2006d.elana.s.10">They finish the meeting 5 minutes early and the project manager tells them what is left to complete.</sentence> 
</abstract>
<actions nite:id="ES2006d.elana.actions.1">
<sentence nite:id="ES2006d.elana.s.11">The team needs to complete the final questionaire and meeting summary.</sentence>

</actions>
<decisions nite:id="ES2006d.elana.decisions.1">

<sentence nite:id="ES2006d.elana.s.12">The remote will be black/yellow color and the shape of a banana.</sentence>
<sentence nite:id="ES2006d.elana.s.13">Remote flips open on side.</sentence>
<sentence nite:id="ES2006d.elana.s.14">LCD and push buttons inside flip-open door.</sentence>
<sentence nite:id="ES2006d.elana.s.15">The LCD will display the main menu, which offers various options.</sentence>
<sentence nite:id="ES2006d.elana.s.16">Has an on/off button, channel flipping, volume scroller on side.</sentence>
<sentence nite:id="ES2006d.elana.s.17">Corporate logo will be in grey.</sentence>
<sentence nite:id="ES2006d.elana.s.18">Remote uses one simple battery and an advanced chip.</sentence>
<sentence nite:id="ES2006d.elana.s.19">Single-curved surface.</sentence>
<sentence nite:id="ES2006d.elana.s.20">Rubber case material.</sentence>
<sentence nite:id="ES2006d.elana.s.21">Locator will have a beep instead of a speaker.</sentence> 
</decisions>
<problems nite:id="ES2006d.elana.problems.1">

<sentence nite:id="ES2006d.elana.s.22">When rating the product on how well it matches the user's behavior, they found that the product is more convenient for right-handed people and less so for those who are left-handed.</sentence>
<sentence nite:id="ES2006d.elana.s.23">When rating whether the product is intuitive, the layout is different,a good technology but less standard.</sentence>  <sentence nite:id="ES2006d.elana.s.24">It could be more difficult to get used to.</sentence>
<sentence nite:id="ES2006d.elana.s.25">The team had to cut out some features in order to make the budget.</sentence>  <sentence nite:id="ES2006d.elana.s.26">This happened because they had not known beforehand the cost of such features.</sentence> 
</problems>
</nite:root>
