<?xml version="1.0" encoding="ISO-8859-1" standalone="yes"?>
<nite:root xmlns:nite="http://nite.sourceforge.net/">
<abstract nite:id="ES2016d.rdhillon.abstract.1">

<sentence nite:id="ES2016d.rdhillon.s.1">The project manager opened the meeting and read the minutes of the previous meeting.</sentence>  <sentence nite:id="ES2016d.rdhillon.s.2">The industrial designer and user interface designer presented the prototype they created, which was designed to look like a banana.</sentence>  <sentence nite:id="ES2016d.rdhillon.s.3">The marketing expert conducted an evaluation of the prototype.</sentence>  <sentence nite:id="ES2016d.rdhillon.s.4">The team found that, although the overall design of the prototype was attractive, its yellow color was ugly.</sentence>  <sentence nite:id="ES2016d.rdhillon.s.5">The team rated the prototype highly on its ease of use and felt that its yellow color and shape detracted slightly from its ability to be misplaced and that a feature which causes the remote to make noise based on its proximity to a television needed to be added.</sentence>  <sentence nite:id="ES2016d.rdhillon.s.6">The team thought the prototype was fashionable and not technologically innovative or spongy.</sentence>  <sentence nite:id="ES2016d.rdhillon.s.7">The project manager led the team in calculating the production costs of the remote and ensuring that they aligned with the project budget.</sentence>  <sentence nite:id="ES2016d.rdhillon.s.8">The costs were over budget, so the team opted to exclude the LCD from their design to meet their budget.</sentence>  <sentence nite:id="ES2016d.rdhillon.s.9">The team conducted an evaluation of the project process and found that they performed well and were somewhat satisfied by the resources available to them.</sentence>   
</abstract>
<actions nite:id="ES2016d.rdhillon.actions.1">

<sentence nite:id="ES2016d.rdhillon.s.10">*NA*</sentence>
</actions>
<decisions nite:id="ES2016d.rdhillon.decisions.1">

<sentence nite:id="ES2016d.rdhillon.s.11">The remote will make some sort of noise based on its proximity to a television.</sentence>
<sentence nite:id="ES2016d.rdhillon.s.12">The remote will use two batteries.</sentence>
<sentence nite:id="ES2016d.rdhillon.s.13">The remote will use an advanced chip-on-print.</sentence>
<sentence nite:id="ES2016d.rdhillon.s.14">The remote will be double curved.</sentence>
<sentence nite:id="ES2016d.rdhillon.s.15">The remote case will be made of plastic.</sentence>
<sentence nite:id="ES2016d.rdhillon.s.16">The remote will come in a special color.</sentence>
<sentence nite:id="ES2016d.rdhillon.s.17">The remote will not use an LCD.</sentence> 
</decisions>
<problems nite:id="ES2016d.rdhillon.problems.1">

<sentence nite:id="ES2016d.rdhillon.s.18">What feature to include to prevent the remote from getting lost.</sentence>
<sentence nite:id="ES2016d.rdhillon.s.19">What sort of button supplements the remote requires.</sentence>
<sentence nite:id="ES2016d.rdhillon.s.20">How to meet the project budget.</sentence> 
</problems>
</nite:root>
