<?xml version="1.0" encoding="ISO-8859-1" standalone="yes"?>
<nite:root xmlns:nite="http://nite.sourceforge.net/">
<abstract nite:id="ES2003b.rdhillon.abstract.1">

<sentence nite:id="ES2003b.rdhillon.s.1">The project manager recapped the events of the previous meeting and briefed the team on some new requirements the team must follow when designing the remote.</sentence>  <sentence nite:id="ES2003b.rdhillon.s.2">The marketing expert presented research on consumer preferences and user requirements for remotes.</sentence>  <sentence nite:id="ES2003b.rdhillon.s.3">The marketing expert also presented information regarding voice recognition and what demographic finds the feature appealing.</sentence>  <sentence nite:id="ES2003b.rdhillon.s.4">The user interface designer described the technical functions of a remote and stressed the need for a user focused design.</sentence>  <sentence nite:id="ES2003b.rdhillon.s.5">The industrial designer discussed the interior workings of a remote.</sentence>  <sentence nite:id="ES2003b.rdhillon.s.6">The team then discussed the option to include voice recognition, LCD, and a feature to locate a misplaced remote.</sentence>  <sentence nite:id="ES2003b.rdhillon.s.7">The team briefly discussed who they were aiming their product to along with the idea of marketing their product to television manufacturers.</sentence>  <sentence nite:id="ES2003b.rdhillon.s.8">The team also decided on some features to include in their product.</sentence> 
</abstract>
<actions nite:id="ES2003b.rdhillon.actions.1">

<sentence nite:id="ES2003b.rdhillon.s.9">*NA*</sentence>
</actions>
<decisions nite:id="ES2003b.rdhillon.decisions.1">

<sentence nite:id="ES2003b.rdhillon.s.10">The team will not work with teletext.</sentence>
<sentence nite:id="ES2003b.rdhillon.s.11">The remote will only control televisions.</sentence>
<sentence nite:id="ES2003b.rdhillon.s.12">The corporate image must be recognizable on the remote.</sentence>
<sentence nite:id="ES2003b.rdhillon.s.13">The remote will have a power button.</sentence>
<sentence nite:id="ES2003b.rdhillon.s.14">The remote will have a small joystick.</sentence>
<sentence nite:id="ES2003b.rdhillon.s.15">The remote will have LCD.</sentence>
<sentence nite:id="ES2003b.rdhillon.s.16">The remote will have a menu button.</sentence>
<sentence nite:id="ES2003b.rdhillon.s.17">Instead of an "okay" button, the user will push down on the joystick.</sentence>
<sentence nite:id="ES2003b.rdhillon.s.18">The remote will have a beeping noise which goes off when a user is trying to locate it.</sentence> 
</decisions>
<problems nite:id="ES2003b.rdhillon.problems.1">

<sentence nite:id="ES2003b.rdhillon.s.19">Whether to include voice recognition as a feature on the remote.</sentence>
<sentence nite:id="ES2003b.rdhillon.s.20">Whether to include LCD.</sentence>
<sentence nite:id="ES2003b.rdhillon.s.21">What functions the joystick controls.</sentence>
<sentence nite:id="ES2003b.rdhillon.s.22">What functions the LCD controls.</sentence>
<sentence nite:id="ES2003b.rdhillon.s.23">Having a remote which controls multiple devices.</sentence>
<sentence nite:id="ES2003b.rdhillon.s.24">What sort of components are necessary for the feature which allows the user to locate a misplaced remote.</sentence> 
</problems>
</nite:root>
