<?xml version="1.0" encoding="ISO-8859-1" standalone="yes"?>
<nite:root xmlns:nite="http://nite.sourceforge.net/">
<abstract nite:id="ES2007d.rdhillon.abstract.1">

<sentence nite:id="ES2007d.rdhillon.s.1">The interface specialist and industrial designer presented their prototype to the team and discussed the features the prototype contained.</sentence>  <sentence nite:id="ES2007d.rdhillon.s.2">In presenting the prototype, the issue arose that the prototype could only be used with the right hand.</sentence>  <sentence nite:id="ES2007d.rdhillon.s.3">The team then looked at the production costs of the remote and found that their remote was actually under budget and that they could retain all the features they had originally decided upon without exceeding the target cost.</sentence>  <sentence nite:id="ES2007d.rdhillon.s.4">The team evaluated the prototype on the basis of its look and feel, technological innovation, ease of use, costs, and its ability to be misplaced.</sentence>  <sentence nite:id="ES2007d.rdhillon.s.5">Overall, the prototype performed very well in meeting all the criteria of the evaluation.</sentence>  <sentence nite:id="ES2007d.rdhillon.s.6">The team then evaluated the project process, finding that they we
re happy with their product and their performance in the project.</sentence> 
</abstract>
<actions nite:id="ES2007d.rdhillon.actions.1">

<sentence nite:id="ES2007d.rdhillon.s.7">*NA*</sentence>
</actions>
<decisions nite:id="ES2007d.rdhillon.decisions.1">

<sentence nite:id="ES2007d.rdhillon.s.8">*NA*.</sentence> 
</decisions>
<problems nite:id="ES2007d.rdhillon.problems.1">

<sentence nite:id="ES2007d.rdhillon.s.9">The need for separate right-handed and left-handed remotes.</sentence> 
</problems>
</nite:root>
