<?xml version="1.0" encoding="ISO-8859-1" standalone="yes"?>
<nite:root xmlns:nite="http://nite.sourceforge.net/">
<abstract nite:id="ES2011d.JacquelinePalmer.abstract.1">

<sentence nite:id="ES2011d.JacquelinePalmer.s.1">The Project Manager reviewed the minutes from the last meeting.</sentence> <sentence nite:id="ES2011d.JacquelinePalmer.s.2">The User Interface Designer and the Industrial Designer presented the prototype and displayed the changeable fruit- and vegetable-shaped covers.</sentence> <sentence nite:id="ES2011d.JacquelinePalmer.s.3">They discussed the locator function that will be designed at a later time.</sentence> <sentence nite:id="ES2011d.JacquelinePalmer.s.4">The Project Manager discussed the final production cost for the device, which totaled 11.9 Euros.</sentence> <sentence nite:id="ES2011d.JacquelinePalmer.s.5">The Marketing Expert led an evaluation of the prototype.</sentence> <sentence nite:id="ES2011d.JacquelinePalmer.s.6">Each participant rated the prototype according to the original criteria for the project.</sentence> <sentence nite:id="ES2011d.JacquelinePalmer.s.7">The group discussed the areas in which the prototype did not meet these goals.</sentence> <sentence nite:id="ES2011d.JacquelinePalmer.s.8">The group felt that the changeable fruit and vegetable shapes were uncomfortable to hold.</sentence> <sentence nite:id="ES2011d.JacquelinePalmer.s.9">The group decided to make changeable covers in fruit colors and designs and to use one uniform shape.</sentence> <sentence nite:id="ES2011d.JacquelinePalmer.s.10">The group discussed their experience on the project.</sentence> <sentence nite:id="ES2011d.JacquelinePalmer.s.11">They felt they worked well together and were creative.</sentence> <sentence nite:id="ES2011d.JacquelinePalmer.s.12">They complained that the meeting-room materials were difficult to use, and some complained that there was not enough information provided to them.</sentence> <sentence nite:id="ES2011d.JacquelinePalmer.s.13">The Project Manager instructed all participants to write a final report at the end of the meeting.</sentence> 
</abstract>
<actions nite:id="ES2011d.JacquelinePalmer.actions.1">

<sentence nite:id="ES2011d.JacquelinePalmer.s.14">All participants will write a final report.</sentence>

</actions>
<decisions nite:id="ES2011d.JacquelinePalmer.decisions.1">

<sentence nite:id="ES2011d.JacquelinePalmer.s.15">The group decided that the fruit and vegetable shapes of the device were uncomfortable to hold.</sentence> 
<sentence nite:id="ES2011d.JacquelinePalmer.s.16">They decided to produce the device in one uniform shape, with changeable covers in fruit colors and designs.</sentence> 
<sentence nite:id="ES2011d.JacquelinePalmer.s.17">The group decided that the final production cost and all of the other initial goals were met sufficiently to be able to continue with the project.</sentence>  
</decisions>
<problems nite:id="ES2011d.JacquelinePalmer.problems.1">

<sentence nite:id="ES2011d.JacquelinePalmer.s.18">The group felt that the fruit and vegetable shapes of the remote were uncomfortable to hold.</sentence>
<sentence nite:id="ES2011d.JacquelinePalmer.s.19">They complained that the meeting-room equipment was difficult to use.</sentence>
<sentence nite:id="ES2011d.JacquelinePalmer.s.20">Some participants complained that there was not enough information provided to them.</sentence>  
</problems>
</nite:root>
