<?xml version="1.0" encoding="ISO-8859-1" standalone="yes"?>
<nite:root xmlns:nite="http://nite.sourceforge.net/">
<abstract nite:id="ES2016b.rdhillon.abstract.1">

<sentence nite:id="ES2016b.rdhillon.s.1">The project manager recapped the events and decisions of the previous meeting.</sentence>  <sentence nite:id="ES2016b.rdhillon.s.2">The marketing expert presented research on user preferences and tendencies with remote controls.</sentence>  <sentence nite:id="ES2016b.rdhillon.s.3">The research indicated that users want remotes to be more attractive, to match the behavior of the user, to be easier to locate when misplaced, and not to cause RSI.</sentence>  <sentence nite:id="ES2016b.rdhillon.s.4">The research also indicated that younger users were interested speech recognition.</sentence>  <sentence nite:id="ES2016b.rdhillon.s.5">The user interface designer spoke on the option to have a universal remote, presented two differently designed remotes available on the market, and described some features a user-centered remote should include.</sentence>  <sentence nite:id="ES2016b.rdhillon.s.6">The industrial designer discussed the interior workings of a remote and then the team discussed the option to include speech recognition in their design.</sentence>  <sentence nite:id="ES2016b.rdhillon.s.7">The project manager briefed the team on some new requirements to abide by.</sentence>  <sentence nite:id="ES2016b.rdhillon.s.8">The team then discussed the option to include a recharger with a locater button in their design, the appearance of their remote, buttons, how to make an ergonomic remote, and the option to have a two-piece remote.</sentence> 
</abstract>
<actions nite:id="ES2016b.rdhillon.actions.1">

<sentence nite:id="ES2016b.rdhillon.s.9">The industrial designer will work on components.</sentence>
<sentence nite:id="ES2016b.rdhillon.s.10">The team will explore the option of a two-piece remote.</sentence>
<sentence nite:id="ES2016b.rdhillon.s.11">The user interface designer will explore how well a rounded, ergonomic remote and a two-piece remote work with the user.</sentence>
<sentence nite:id="ES2016b.rdhillon.s.12">The marketing expert will examine trend watching reports</sentence>
</actions>
<decisions nite:id="ES2016b.rdhillon.decisions.1">

<sentence nite:id="ES2016b.rdhillon.s.13">The remote will only be used for televisions.</sentence>
<sentence nite:id="ES2016b.rdhillon.s.14">The team will not work with teletext.</sentence>
<sentence nite:id="ES2016b.rdhillon.s.15">The corporate color and slogan must be incorporated into the design.</sentence>
<sentence nite:id="ES2016b.rdhillon.s.16">The remote will be simple.</sentence>
<sentence nite:id="ES2016b.rdhillon.s.17">The remote will look appealing.</sentence>
<sentence nite:id="ES2016b.rdhillon.s.18">The remote will be easy to find.</sentence>
<sentence nite:id="ES2016b.rdhillon.s.19">The remote will have a minimal number of buttons.</sentence>
<sentence nite:id="ES2016b.rdhillon.s.20">The remote will be yellow with black or gray buttons.</sentence>
<sentence nite:id="ES2016b.rdhillon.s.21">The corporate slogan will appear on the bottom of the remote.</sentence>
<sentence nite:id="ES2016b.rdhillon.s.22">The remote will have buttons for numbers, volume up and down, channel up and down, power, mute, and a menu.</sentence>
<sentence nite:id="ES2016b.rdhillon.s.23">The remote will include a scroll action.</sentence>
<sentence nite:id="ES2016b.rdhillon.s.24">The remote will be rounded in shape such that it fits comfortably in the hand.</sentence> 
</decisions>
<problems nite:id="ES2016b.rdhillon.problems.1">

<sentence nite:id="ES2016b.rdhillon.s.25">The reliability of speech recognition.</sentence>
<sentence nite:id="ES2016b.rdhillon.s.26">Whether to include speech recognition.</sentence>
<sentence nite:id="ES2016b.rdhillon.s.27">How to accommodate left-handed people with an ergonomic design that fits right-handed people.</sentence> 
</problems>
</nite:root>
