<?xml version="1.0" encoding="ISO-8859-1" standalone="yes"?>
<nite:root xmlns:nite="http://nite.sourceforge.net/">
<abstract nite:id="ES2010b.JacquelinePalmer.abstract.1">

<sentence nite:id="ES2010b.JacquelinePalmer.s.1">The User Interface Designer presented the basic functions of the device and discussed the designs of two existing products, showing an example of the simple design that the group wants to implement.</sentence> <sentence nite:id="ES2010b.JacquelinePalmer.s.2">The Marketing Expert presented feedback from users, showing that users want a simple but fancy-looking remote control and that young users want speech recognition.</sentence> <sentence nite:id="ES2010b.JacquelinePalmer.s.3">She discussed including only the most basic functions in the interface.</sentence> <sentence nite:id="ES2010b.JacquelinePalmer.s.4">The Industrial Designer presented her internal design of the device and discussed the processor chip and the energy sources that will be integrated.</sentence> <sentence nite:id="ES2010b.JacquelinePalmer.s.5">She suggested integrating an extra lightbulb that lit up when the remote was communicating with the television.</sentence> <sentence nite:id="ES2010b.JacquelinePalmer.s.6">The Project Manager gave the group new requirements for the product design.</sentence> <sentence nite:id="ES2010b.JacquelinePalmer.s.7">The group discussed marketing the product to a wide range of customers.</sentence> <sentence nite:id="ES2010b.JacquelinePalmer.s.8">They had a discussion about possibly including a locator function and speech recognition.</sentence> <sentence nite:id="ES2010b.JacquelinePalmer.s.9">They discussed integrating the company's yellow color and logo into the design, and decreasing the number of buttons in the main interface.</sentence> <sentence nite:id="ES2010b.JacquelinePalmer.s.10">The Project Manager instructed the Industrial Designer to prepare the components concept, the User Interface Designer to prepare the interface concept, and the Marketing Expert to prepare a trendwatching report.</sentence> 
</abstract>
<actions nite:id="ES2010b.JacquelinePalmer.actions.1">

<sentence nite:id="ES2010b.JacquelinePalmer.s.11">The Industrial Designer will prepare the components concept for the device.</sentence>
<sentence nite:id="ES2010b.JacquelinePalmer.s.12">The User Interface Designer will prepare the interface concept for the device.</sentence>
<sentence nite:id="ES2010b.JacquelinePalmer.s.13">The Marketing Expert will prepare a trendwatching report.</sentence>

</actions>
<decisions nite:id="ES2010b.JacquelinePalmer.decisions.1">

<sentence nite:id="ES2010b.JacquelinePalmer.s.14">The remote will feature a smart processor chip to accomodate all of the remote's functions.</sentence>
<sentence nite:id="ES2010b.JacquelinePalmer.s.15">The remote will feature an extra lightbulb that will light up when the remote is communicating with the television.</sentence>
<sentence nite:id="ES2010b.JacquelinePalmer.s.16">The interface will contain larger buttons.</sentence>
<sentence nite:id="ES2010b.JacquelinePalmer.s.17">The device will be marketed to all age groups, and made simple for those with less technical skills.</sentence> 
<sentence nite:id="ES2010b.JacquelinePalmer.s.18">The remote will feature mainly basic functions, such as channel changing and volume adjustments, so that the interface will have less buttons.</sentence> 
<sentence nite:id="ES2010b.JacquelinePalmer.s.19">There will be no buttons for controlling a VCR or other device; the interface will feature only channel and volume up/down buttons, a number pad, and a menu button to access the menu functions on a television.</sentence> 
<sentence nite:id="ES2010b.JacquelinePalmer.s.20">The remote will include the company color and logo in its design.</sentence> 
<sentence nite:id="ES2010b.JacquelinePalmer.s.21">The group will consider including speech recognition and a locator function in the functional design.</sentence>  
</decisions>
<problems nite:id="ES2010b.JacquelinePalmer.problems.1">

<sentence nite:id="ES2010b.JacquelinePalmer.s.22">NA.</sentence> 
</problems>
</nite:root>
