<?xml version="1.0" encoding="ISO-8859-1" standalone="yes"?>
<nite:root xmlns:nite="http://nite.sourceforge.net/">
<abstract nite:id="ES2003a.rdhillon.abstract.1">

<sentence nite:id="ES2003a.rdhillon.s.1">The team members introduced themselves to each other by name and by their roles in the project.</sentence>  <sentence nite:id="ES2003a.rdhillon.s.2">The project manager introduced the upcoming project to the team and then the team members participated in an exercise in which they drew their favorite animal and discussed why they liked the animal.</sentence>  <sentence nite:id="ES2003a.rdhillon.s.3">The project manager discussed the project finances and selling prices.</sentence>  <sentence nite:id="ES2003a.rdhillon.s.4">The team then discussed various features to consider in producing the remote such as gaming options, an LCD screen, and combining functionality so as to control multiple devices.</sentence> 
</abstract>
<actions nite:id="ES2003a.rdhillon.actions.1">

<sentence nite:id="ES2003a.rdhillon.s.5">The team will decide how the user interface will work</sentence>
</actions>
<decisions nite:id="ES2003a.rdhillon.decisions.1">

<sentence nite:id="ES2003a.rdhillon.s.6">The remote will cost 12.50 Euro to produce.</sentence>
<sentence nite:id="ES2003a.rdhillon.s.7">The remote will sell for 25 Euro.</sentence>
<sentence nite:id="ES2003a.rdhillon.s.8">The remote will feature an ergonomic design.</sentence> 
</decisions>
<problems nite:id="ES2003a.rdhillon.problems.1">

<sentence nite:id="ES2003a.rdhillon.s.9">Putting an LCD screen on the remote.</sentence>
<sentence nite:id="ES2003a.rdhillon.s.10">Having a remote that controls multiple devices.</sentence>
<sentence nite:id="ES2003a.rdhillon.s.11">Having a joystick on the remote.</sentence> 
</problems>
</nite:root>
