<?xml version="1.0" encoding="ISO-8859-1" standalone="yes"?>
<nite:root xmlns:nite="http://nite.sourceforge.net/">
<abstract nite:id="ES2015d.elana.abstract.1">

<sentence nite:id="ES2015d.elana.s.1">The project manager opens the meeting by stating the agenda.</sentence>  <sentence nite:id="ES2015d.elana.s.2">The designers give the prototype presentation, showing their simple design that is based on a mango.</sentence>  <sentence nite:id="ES2015d.elana.s.3">They point out the company logo and LED, and demonstrate how the device is palm-held and thumb-acessible.</sentence>  <sentence nite:id="ES2015d.elana.s.4">They also discuss the numerical, volume, channel, and power buttons as well as the color scheme.</sentence>  <sentence nite:id="ES2015d.elana.s.5">The marketing expert administers the product evaluation, and they rate each of the ten criteria on a scale of 1-7.</sentence>  <sentence nite:id="ES2015d.elana.s.6">The criteria includes fancy look-and-feel, technological innovation, ease of use, look, whether people would be willing to spend 25 Euros for it, whether its operating behavior matches the average user, ease of finding when lost, ease of learning to use, whether it will minimize RSI, incorporation of company colors and logo, and whether it follows the motto.</sentence>  <sentence nite:id="ES2015d.elana.s.7">They average the scores and get 1.9.</sentence>  <sentence nite:id="ES2015d.elana.s.8">They check the product costing and find that their operating cost is 12.20 Euros.</sentence>  <sentence nite:id="ES2015d.elana.s.9">In evaluating the project process they are pleased with their creativity, leadership, timing, teamwork, discussions, and overall product given the resources they had.</sentence>  <sentence nite:id="ES2015d.elana.s.10">They close the meeting by thanking one another.</sentence> 
</abstract>
<actions nite:id="ES2015d.elana.actions.1">

<sentence nite:id="ES2015d.elana.s.11">*NA*</sentence>

</actions>
<decisions nite:id="ES2015d.elana.decisions.1">

<sentence nite:id="ES2015d.elana.s.12">Numbers have a circular design.</sentence>
<sentence nite:id="ES2015d.elana.s.13">Casing will be interchangable and color schemes will be named and colored after fruits and vegetables.</sentence>
<sentence nite:id="ES2015d.elana.s.14">Will be two colors, one for case and one for buttons.</sentence>
<sentence nite:id="ES2015d.elana.s.15">Will use a regular chip.</sentence>
<sentence nite:id="ES2015d.elana.s.16">The remote will be double-curved.</sentence>
<sentence nite:id="ES2015d.elana.s.17">Will be made of plastic and rubber (rubber on remote for comfort).</sentence>
<sentence nite:id="ES2015d.elana.s.18">Product costing is 1.20 Euros.</sentence> 
</decisions>
<problems nite:id="ES2015d.elana.problems.1">

<sentence nite:id="ES2015d.elana.s.19">*NA*.</sentence> 
</problems>
</nite:root>
