<?xml version="1.0" encoding="ISO-8859-1" standalone="yes"?>
<nite:root xmlns:nite="http://nite.sourceforge.net/">
<abstract nite:id="ES2010d.JacquelinePalmer.abstract.1">

<sentence nite:id="ES2010d.JacquelinePalmer.s.1">The User Interface Designer and the Industrial Designer presented the prototype and displayed its gunmetal color, removable casing, buttons, logo, and ergonomic design.</sentence> <sentence nite:id="ES2010d.JacquelinePalmer.s.2">The Marketing Expert gave an evaluation of the prototype using the group's initial criteria for the remote.</sentence> <sentence nite:id="ES2010d.JacquelinePalmer.s.3">The group decided that enough of their initial ideas and criteria for the remote were satisfied to be able to continue with the project.</sentence> <sentence nite:id="ES2010d.JacquelinePalmer.s.4">The Project Manager analyzed the final production cost; the cost was lower than initially projected, at 11.2 Euros.</sentence> <sentence nite:id="ES2010d.JacquelinePalmer.s.5">The group decided to use one lithium battery instead of several triple A alkaline batteries.</sentence> <sentence nite:id="ES2010d.JacquelinePalmer.s.6">The Project Manager then led a discussion on the project process.</sentence> <sentence nite:id="ES2010d.JacquelinePalmer.s.7">The group felt that they worked well together and were pleased with the prototype.</sentence> <sentence nite:id="ES2010d.JacquelinePalmer.s.8">They complained, though, that they felt constrained by the management's directives, that they had difficulties using the meeting-room equipment, and that they did not have internet access during the project.</sentence> <sentence nite:id="ES2010d.JacquelinePalmer.s.9">All participants were instructed to fill out a final questionnaire.</sentence> 
</abstract>
<actions nite:id="ES2010d.JacquelinePalmer.actions.1">

<sentence nite:id="ES2010d.JacquelinePalmer.s.10">All participants will fill out a final questionnaire.</sentence>

</actions>
<decisions nite:id="ES2010d.JacquelinePalmer.decisions.1">

<sentence nite:id="ES2010d.JacquelinePalmer.s.11">The group decided that the prototype and the final production cost satisfied enough of their initial criteria to able to continue with the project.</sentence>
<sentence nite:id="ES2010d.JacquelinePalmer.s.12">The group decided to use one lithium battery instead of several triple A alkaline batteries in order to reduce the number of components.</sentence> 
</decisions>
<problems nite:id="ES2010d.JacquelinePalmer.problems.1">

<sentence nite:id="ES2010d.JacquelinePalmer.s.13">The group felt that their options were constrained by the management's directives.</sentence>
<sentence nite:id="ES2010d.JacquelinePalmer.s.14">The group had problems with some of the meeting-room equipment.</sentence>
<sentence nite:id="ES2010d.JacquelinePalmer.s.15">The group complained of not having access to the internet while working on the project.</sentence> 
</problems>
</nite:root>
