<?xml version="1.0" encoding="ISO-8859-1" standalone="yes"?>
<nite:root xmlns:nite="http://nite.sourceforge.net/">
<abstract nite:id="ES2004a.JacquelinePalmer.abstract.1">

<sentence nite:id="ES2004a.JacquelinePalmer.s.1">The Project Manager gave an introduction to the goal of the project, to create a trendy yet user-friendly remote.</sentence> <sentence nite:id="ES2004a.JacquelinePalmer.s.2">She presented a long-range agenda for the whole project.</sentence> <sentence nite:id="ES2004a.JacquelinePalmer.s.3">The group introduced themselves to each other and practiced with the meeting room tools by drawing on the board.</sentence> <sentence nite:id="ES2004a.JacquelinePalmer.s.4">The Project Manager presented the project budget, the projected price point, and the projected profit aim for the project.</sentence> <sentence nite:id="ES2004a.JacquelinePalmer.s.5">Then the group began a discussion about their own experiences with remote controls to generate initial design ideas for making the product user-friendly.</sentence> <sentence nite:id="ES2004a.JacquelinePalmer.s.6">They discussed grouping features into a menu and adding an LCD display.</sentence> <sentence nite:id="ES2004a.JacquelinePalmer.s.7">They also discussed the look of various materials that may be used in the design, in keeping with the company's goal to create fashionable electronics.</sentence>  
</abstract>
<actions nite:id="ES2004a.JacquelinePalmer.actions.1">

<sentence nite:id="ES2004a.JacquelinePalmer.s.8">The group will prepare for the functional design meeting to discuss the components and functions of the product.</sentence>

</actions>
<decisions nite:id="ES2004a.JacquelinePalmer.decisions.1">

<sentence nite:id="ES2004a.JacquelinePalmer.s.9">NA.</sentence> 
</decisions>
<problems nite:id="ES2004a.JacquelinePalmer.problems.1">

<sentence nite:id="ES2004a.JacquelinePalmer.s.10">There may not be enough money in the budget to allow the addition of all the features the group discussed, such as the LCD display.</sentence> 
</problems>
</nite:root>
