<?xml version="1.0" encoding="ISO-8859-1" standalone="yes"?>
<nite:root xmlns:nite="http://nite.sourceforge.net/">
<abstract nite:id="ES2016c.rdhillon.abstract.1">

<sentence nite:id="ES2016c.rdhillon.s.1">The project manager reviewed the minutes of the previous meeting.</sentence>  <sentence nite:id="ES2016c.rdhillon.s.2">The marketing expert discussed the results of trend watching reports which indicated a need for products which have a fancy look and feel, are technologically innovative, easy to use, include a fruit and vegetable theme, and are spongy in feel.</sentence>  <sentence nite:id="ES2016c.rdhillon.s.3">The marketing expert stressed the need to incorporate these findings into the team's design and suggested that the team should create a remote that has limited buttons , can be personalized, and is not rectangular.</sentence>  <sentence nite:id="ES2016c.rdhillon.s.4">The user interface designer briefly described how speech recognition technology works and what ways a user can use a remote.</sentence>  <sentence nite:id="ES2016c.rdhillon.s.5">The user interface designer presented three existing products on the market - a voice recognition remote, an iPod, and a children's remote - and discussed a few features to include in the team's design.</sentence>  <sentence nite:id="ES2016c.rdhillon.s.6">The industrial designer discussed the interior workings of a remote and the restrictions involved in combining various components, energy sources, and materials.</sentence>  <sentence nite:id="ES2016c.rdhillon.s.7">The industrial designer also discussed with the how to incorporate a fruit and vegetable theme into their design.</sentence>  <sentence nite:id="ES2016c.rdhillon.s.8">The team then discussed and decided what components, materials, and energy sources to use.</sentence> 
</abstract>
<actions nite:id="ES2016c.rdhillon.actions.1">

<sentence nite:id="ES2016c.rdhillon.s.9">The user interface designer will work on the user interface design.</sentence>
<sentence nite:id="ES2016c.rdhillon.s.10">The industrial designer will work on the look and feel design.</sentence>
<sentence nite:id="ES2016c.rdhillon.s.11">The marketing expert will work on a product evaluation.</sentence>
<sentence nite:id="ES2016c.rdhillon.s.12">The user interface designer and industrial designer will work on a prototype</sentence>
</actions>
<decisions nite:id="ES2016c.rdhillon.decisions.1">

<sentence nite:id="ES2016c.rdhillon.s.13">The remote will use conventional batteries.</sentence>
<sentence nite:id="ES2016c.rdhillon.s.14">The case will be made of plastic with rubber grips.</sentence>
<sentence nite:id="ES2016c.rdhillon.s.15">The remote will feature a scroll function similar to the scroll function found on iPods.
The remote will use a more expensive, advanced chip-on-print.</sentence> 
</decisions>
<problems nite:id="ES2016c.rdhillon.problems.1">

<sentence nite:id="ES2016c.rdhillon.s.16">How to have a curved remote made with rubber.</sentence>
<sentence nite:id="ES2016c.rdhillon.s.17">How to include a fruit and vegetable theme.</sentence>
<sentence nite:id="ES2016c.rdhillon.s.18">What sort of chip to use.</sentence>
<sentence nite:id="ES2016c.rdhillon.s.19">Whether to use plastic or rubber.</sentence> 
</problems>
</nite:root>
