<?xml version="1.0" encoding="ISO-8859-1" standalone="yes"?>
<nite:root xmlns:nite="http://nite.sourceforge.net/">
<abstract nite:id="ES2008b.rdhillon_cc.abstract.1">

<sentence nite:id="ES2008b.rdhillon_cc.s.1">The project manager opened the meeting and stated the agenda.</sentence>  <sentence nite:id="ES2008b.rdhillon_cc.s.2">The marketing expert discussed user preferences in terms of the appearance and use of remotes, finding that users wanted fancier looking remotes, disliked losing their remotes, wanted remotes with fewer buttons, frequently use the channel changing and volume buttons, and that younger users wanted speech recognition.</sentence>  <sentence nite:id="ES2008b.rdhillon_cc.s.3">The user interface designer described how a remote works and how to go about designing one.</sentence>  <sentence nite:id="ES2008b.rdhillon_cc.s.4">He presented two remotes currently on the market and the advantages and disadvantages to each design.</sentence>  <sentence nite:id="ES2008b.rdhillon_cc.s.5">The industrial designer described the interior workings of a remote.</sentence>  <sentence nite:id="ES2008b.rdhillon_cc.s.6">The project manager briefed the team on some new requirements and led them in a discussion about their target group, the option to include speech recognition, how to find a remote when lost, and batteries.</sentence> 
</abstract>
<actions nite:id="ES2008b.rdhillon_cc.actions.1">

<sentence nite:id="ES2008b.rdhillon_cc.s.7">Each team member will complete a questionnaire and a summary.</sentence>
<sentence nite:id="ES2008b.rdhillon_cc.s.8">The team members will spend time on their individual work.</sentence>
<sentence nite:id="ES2008b.rdhillon_cc.s.9">The project manager will post the minutes and project documentation.</sentence>
<sentence nite:id="ES2008b.rdhillon_cc.s.10">The team members will post their project documentation.</sentence>
<sentence nite:id="ES2008b.rdhillon_cc.s.11">The industrial designer will work on the components concept.</sentence>
<sentence nite:id="ES2008b.rdhillon_cc.s.12">The user interface designer will work on the user interface concept.</sentence>
<sentence nite:id="ES2008b.rdhillon_cc.s.13">The marketing expert will work on trend watching</sentence>
</actions>
<decisions nite:id="ES2008b.rdhillon_cc.decisions.1">

<sentence nite:id="ES2008b.rdhillon_cc.s.14">The team will not work with teletext.</sentence>
<sentence nite:id="ES2008b.rdhillon_cc.s.15">The remote will be used only with televisions.</sentence>
<sentence nite:id="ES2008b.rdhillon_cc.s.16">The corporate image must be recognizable on the remote.</sentence>
<sentence nite:id="ES2008b.rdhillon_cc.s.17">The team's design will focus on simplicity and fashion.</sentence>
<sentence nite:id="ES2008b.rdhillon_cc.s.18">Rather than define a specific target group by age, the team will define objectives such as fashion and simplicity instead.</sentence>
<sentence nite:id="ES2008b.rdhillon_cc.s.19">The remote will contain a function to aid in its recovery when lost.</sentence>
<sentence nite:id="ES2008b.rdhillon_cc.s.20">The remote will have large buttons for essential functions.</sentence>
<sentence nite:id="ES2008b.rdhillon_cc.s.21">The remote will have a possibility to get extra functions.</sentence>
<sentence nite:id="ES2008b.rdhillon_cc.s.22">The buttons for extra, infrequently used functions will be hidden in the design in some manner.</sentence>
<sentence nite:id="ES2008b.rdhillon_cc.s.23">The remote will have a charging station.</sentence> 
</decisions>
<problems nite:id="ES2008b.rdhillon_cc.problems.1">

<sentence nite:id="ES2008b.rdhillon_cc.s.24">Deciding on a target group.</sentence>
<sentence nite:id="ES2008b.rdhillon_cc.s.25">Whether to include speech recognition in the design of the remote.</sentence>
<sentence nite:id="ES2008b.rdhillon_cc.s.26">How to make infra-red more functional.</sentence>
<sentence nite:id="ES2008b.rdhillon_cc.s.27">What sort of battery to use.</sentence> 
</problems>
</nite:root>
