<?xml version="1.0" encoding="ISO-8859-1" standalone="yes"?>
<nite:root xmlns:nite="http://nite.sourceforge.net/">
<abstract nite:id="ES2005d.JacquelinePalmer.abstract.1">

<sentence nite:id="ES2005d.JacquelinePalmer.s.1">The User Interface Designer and the Industrial Designer presented their prototypes to the group.</sentence> <sentence nite:id="ES2005d.JacquelinePalmer.s.2">Two prototypes featured different fruit shapes, with one including speech recognition instead of a large number of buttons.</sentence> <sentence nite:id="ES2005d.JacquelinePalmer.s.3">It also featured scroll wheels for channel control.</sentence> <sentence nite:id="ES2005d.JacquelinePalmer.s.4">The other prototype was designed like a banana with children users in mind.</sentence> <sentence nite:id="ES2005d.JacquelinePalmer.s.5">The Project Manager announced to the group that with all of their desired features, the project would go over the alotted budget; after a reanalysis of the features of the prototype, the project came in under the budget instead.</sentence> <sentence nite:id="ES2005d.JacquelinePalmer.s.6">It was decided that another feature could possibly be added.</sentence> <sentence nite:id="ES2005d.JacquelinePalmer.s.7">The group evaluated their effectiveness as a team and felt that all members worked well together and could be creative, and that the project had very good leadership.</sentence> <sentence nite:id="ES2005d.JacquelinePalmer.s.8">The Marketing Expert led an evaluation of the prototype according to the initial project goals; the evaluation showed that most of the goals had been sufficiently satisfied in order to launch the product.</sentence>  
</abstract>
<actions nite:id="ES2005d.JacquelinePalmer.actions.1">

NA

</actions>
<decisions nite:id="ES2005d.JacquelinePalmer.decisions.1">

<sentence nite:id="ES2005d.JacquelinePalmer.s.9">The remote will come in several designs: two will have different fruit or vegetable shapes, one of which will feature speech recognition in lieu of a large number of buttons.</sentence> <sentence nite:id="ES2005d.JacquelinePalmer.s.10">There will also be a child-friendly banana-shaped remote.</sentence> 
<sentence nite:id="ES2005d.JacquelinePalmer.s.11">Both the company name and slogan will appear on the remote.</sentence>
<sentence nite:id="ES2005d.JacquelinePalmer.s.12">The remotes will be bundled with a yellow charging stand.</sentence> 
<sentence nite:id="ES2005d.JacquelinePalmer.s.13">The devices were made with a latex product with a rubbery texture.</sentence>
<sentence nite:id="ES2005d.JacquelinePalmer.s.14">It was decided that the product had met enough of the initial project goals to be launched on the market.</sentence>  
</decisions>
<problems nite:id="ES2005d.JacquelinePalmer.problems.1">

<sentence nite:id="ES2005d.JacquelinePalmer.s.15">The Project Manager felt that the group had been too constrained by the budget.</sentence> 
<sentence nite:id="ES2005d.JacquelinePalmer.s.16">Some felt that the banana shape would not appeal to enough of the market and that there was not enough variety in shape in the remotes to make up for this problem.</sentence>  
</problems>
</nite:root>
