<?xml version="1.0" encoding="ISO-8859-1" standalone="yes"?>
<nite:root xmlns:nite="http://nite.sourceforge.net/">
<abstract nite:id="ES2010c.JacquelinePalmer.abstract.1">

<sentence nite:id="ES2010c.JacquelinePalmer.s.1">The Marketing Expert presented more information on user requirements which showed that users wanted the look of a high-tech device that was still simple to use.</sentence> <sentence nite:id="ES2010c.JacquelinePalmer.s.2">She presented the fruit and vegetable fashion trend that the group will integrate into their design.</sentence> <sentence nite:id="ES2010c.JacquelinePalmer.s.3">The User Interface Designer presented several ideas for the interface design taken from existing product designs.</sentence> <sentence nite:id="ES2010c.JacquelinePalmer.s.4">The Industrial Designer discussed the necessary internal components and presented options for energy sources and materials.</sentence> <sentence nite:id="ES2010c.JacquelinePalmer.s.5">The User Interface Designer also presented the sample speaker technology recently developed by the company.</sentence> <sentence nite:id="ES2010c.JacquelinePalmer.s.6">The group had a discussion to finalize the prototype features.</sentence> <sentence nite:id="ES2010c.JacquelinePalmer.s.7">It was decided that the device will be small with a locator function instead of having a charging stand.</sentence> <sentence nite:id="ES2010c.JacquelinePalmer.s.8">Voice recognition will not be included outside of the locator function.</sentence> <sentence nite:id="ES2010c.JacquelinePalmer.s.9">It will be covered by interchangeable latex casings.</sentence>  <sentence nite:id="ES2010c.JacquelinePalmer.s.10">To incorporate the company logo and color, the buttons will be illuminated yellow when pressed and the logo will be displayed through the latex casings.</sentence> <sentence nite:id="ES2010c.JacquelinePalmer.s.11">The Project Manager instructed the User Interface Designer and the Industrial Designer to build the prototype, with the User Interface Designer deciding which buttons will be included.</sentence> <sentence nite:id="ES2010c.JacquelinePalmer.s.12">The Marketing Expert will prepare a prototype evaluation.</sentence>  
</abstract>
<actions nite:id="ES2010c.JacquelinePalmer.actions.1">

<sentence nite:id="ES2010c.JacquelinePalmer.s.13">The User Interface Designer and the Industrial Designer were instructed to build the prototype; the User Interface Designer will decide which buttons will be included and the Industrial Designer will focus on the look and the materials.</sentence>
<sentence nite:id="ES2010c.JacquelinePalmer.s.14">The Marketing Expert will prepare a prototype evaluation.</sentence> 

</actions>
<decisions nite:id="ES2010c.JacquelinePalmer.decisions.1">

<sentence nite:id="ES2010c.JacquelinePalmer.s.15">There will be only one design of the remote rather than producing it in several different materials.</sentence>
<sentence nite:id="ES2010c.JacquelinePalmer.s.16">The remote will be covered by a soft latex casing that can be changed.</sentence> 
<sentence nite:id="ES2010c.JacquelinePalmer.s.17">The device be small and compact and will feature a locator function that uses voice recognition.</sentence> <sentence nite:id="ES2010c.JacquelinePalmer.s.18">Voice recognition will not be incorporated for other functions.</sentence>
<sentence nite:id="ES2010c.JacquelinePalmer.s.19">To incorporate the company logo and color, the buttons will be illuminated yellow when pressed and the logo will be displayed through a cutout in the latex casing.</sentence>  
</decisions>
<problems nite:id="ES2010c.JacquelinePalmer.problems.1">

<sentence nite:id="ES2010c.JacquelinePalmer.s.20">Several of the features that the group had wanted to include were no longer possible due to time and cost restraints, or constraints from the materials themselves.</sentence>  
</problems>
</nite:root>
