<?xml version="1.0" encoding="ISO-8859-1" standalone="yes"?>
<nite:root xmlns:nite="http://nite.sourceforge.net/">
<abstract nite:id="IB4003.rdhillon.abstract.1">

<sentence nite:id="IB4003.rdhillon.s.1">The project manager opened the meeting and described the layout of the new location the group might be moving to.</sentence>  <sentence nite:id="IB4003.rdhillon.s.2">The project manager answered questions regarding the number of people per office and whether a lounge was necessary.</sentence>  <sentence nite:id="IB4003.rdhillon.s.3">The project manager discussed constraints regarding furniture and equipment and addressed the issue that the group may not get the space they are after.</sentence>  <sentence nite:id="IB4003.rdhillon.s.4">The group then discussed how to arrange people within the proposed space.</sentence>  <sentence nite:id="IB4003.rdhillon.s.5">The group discussed grouping  professors and their students together, grouping members of the same project together, the potential disturbance of phone calls to people sharing an office, physically splitting up offices for the sake of privacy by erecting walls, creating a meeting room for people of the same project to converge, how to accommodate visitors, where people can go to smoke, where to place Gisella, and how to allocate space to admin.</sentence>  <sentence nite:id="IB4003.rdhillon.s.6">The group also discussed the possibility of having a cafeteria and the locations of coffee machines.</sentence> 
</abstract>
<actions nite:id="IB4003.rdhillon.actions.1">

<sentence nite:id="IB4003.rdhillon.s.7">The project manager will find out if it is possible to split up offices by putting up walls and doors.</sentence>
<sentence nite:id="IB4003.rdhillon.s.8">The project manager will find out whether putting Gisella with the other admin of the school is an option.</sentence>
<sentence nite:id="IB4003.rdhillon.s.9">The group members will come up with their own preferences regarding the arrangement of people in the space.</sentence>
<sentence nite:id="IB4003.rdhillon.s.10">The group members will poll other people regarding preferences regarding the arrangement of people in the space.</sentence>
<sentence nite:id="IB4003.rdhillon.s.11">The team will try to build a proposal on the arrangement of people based on personal preferences.</sentence>
<sentence nite:id="IB4003.rdhillon.s.12">The team will merge their proposal on the arrangement of people in the space with that of a different team.</sentence>
<sentence nite:id="IB4003.rdhillon.s.13">One team member will ask Maggie and Pierrette about their preferences on the arrangement of people.</sentence>
<sentence nite:id="IB4003.rdhillon.s.14">The team will meet next Tuesday at two o'clock</sentence>
</actions>
<decisions nite:id="IB4003.rdhillon.decisions.1">

<sentence nite:id="IB4003.rdhillon.s.15">People will not be arranged such that people of the same project are grouped together in offices.</sentence>
<sentence nite:id="IB4003.rdhillon.s.16">Gisella will get an office for two people, where the second spot in the office will be filled by a visitor.</sentence>
<sentence nite:id="IB4003.rdhillon.s.17">There will not be a cafeteria.</sentence> 
</decisions>
<problems nite:id="IB4003.rdhillon.problems.1">

<sentence nite:id="IB4003.rdhillon.s.18">Whether the maximum number of people in an office can be changed.</sentence>
<sentence nite:id="IB4003.rdhillon.s.19">How to accommodate personal preferences regarding the arrangement of people in the space.</sentence>
<sentence nite:id="IB4003.rdhillon.s.20">Whether to arrange people such that professors and their assistants are grouped together or such that members of the same project are grouped together.</sentence>
<sentence nite:id="IB4003.rdhillon.s.21">If it is possible to split rooms via putting up walls or setting up cubicles.</sentence>
<sentence nite:id="IB4003.rdhillon.s.22">Whether it is necessary to have a lounge.</sentence>
<sentence nite:id="IB4003.rdhillon.s.23">How to accommodate visitors.</sentence>
<sentence nite:id="IB4003.rdhillon.s.24">Where to place Gisella in the space, as she tends to be noisy.</sentence>
<sentence nite:id="IB4003.rdhillon.s.25">How to allocate space to admin.</sentence>
<sentence nite:id="IB4003.rdhillon.s.26">If there will be a cafeteria.</sentence>
<sentence nite:id="IB4003.rdhillon.s.27">Locations of coffee machines.</sentence> 
</problems>
</nite:root>
