<?xml version="1.0" encoding="ISO-8859-1" standalone="yes"?>
<nite:root xmlns:nite="http://nite.sourceforge.net/">
<abstract nite:id="IB4010.rdhillon.abstract.1">

<sentence nite:id="IB4010.rdhillon.s.1">The project manager opened the meeting and stated that the goal for the current meeting was to select a movie to screen.</sentence>  Agnes proposed that the film club should screen either <sentence nite:id="IB4010.rdhillon.s.2">"The Usual Suspects" or "The Sixth Sense".</sentence>  <sentence nite:id="IB4010.rdhillon.s.3">Agnes discussed the plot, ratings, and reviews and awards of the films to defend her choices.</sentence>  <sentence nite:id="IB4010.rdhillon.s.4">Another team member  proposed that the film club should select one of the seven movies he had selected.</sentence>  <sentence nite:id="IB4010.rdhillon.s.5">His selection of movies was based on rankings and awards.</sentence>  <sentence nite:id="IB4010.rdhillon.s.6">Among his selections were "Schindler's List", "The Usual Suspects", "Pulp Fiction", "Goodfellas", "Silence of the Lambs", and "American Beauty".</sentence>  <sentence nite:id="IB4010.rdhillon.s.7">Another team member proposed that the film club should screen "Saving Private Ryan", "Pulp Fiction", "The Silence of the Lambs", or "La Vita e Bella".</sentence>  <sentence nite:id="IB4010.rdhillon.s.8">Denis proposed that the club should screen "The Big Lebowski" and discussed with the team how to go about designing a poster.</sentence>  <sentence nite:id="IB4010.rdhillon.s.9">The team then decided which movie to screen, ultimately deciding upon "The Big Lebowski".</sentence> 
</abstract>
<actions nite:id="IB4010.rdhillon.actions.1">

<sentence nite:id="IB4010.rdhillon.s.10">The group will have a meeting on the Tuesday before the Ascensions in May to choose the film screened in May</sentence>
</actions>
<decisions nite:id="IB4010.rdhillon.decisions.1">

<sentence nite:id="IB4010.rdhillon.s.11">The format of the first poster will be used.</sentence>
<sentence nite:id="IB4010.rdhillon.s.12">The content and quotes from the second poster will be used.</sentence>
<sentence nite:id="IB4010.rdhillon.s.13">The film club will screen "The Big Lebowski"</sentence> 
</decisions>
<problems nite:id="IB4010.rdhillon.problems.1">

<sentence nite:id="IB4010.rdhillon.s.14">"Schindler's List" is not representative of the nineties.</sentence>
<sentence nite:id="IB4010.rdhillon.s.15">What sorts of movies are mainstream.</sentence>
<sentence nite:id="IB4010.rdhillon.s.16">Who dies in "Saving Private Ryan"
-format of the poster.</sentence>
<sentence nite:id="IB4010.rdhillon.s.17">Selecting one movie to screen.</sentence> 
</problems>
</nite:root>
