<?xml version="1.0" encoding="ISO-8859-1" standalone="yes"?>
<nite:root xmlns:nite="http://nite.sourceforge.net/">
<abstract nite:id="IB4011.elana.abstract.1">

<sentence nite:id="IB4011.elana.s.1">When the meeting opens the project manager gives the agenda and says they need to choose a movie to project at the end of the month as well as decide on the content of advertising posters.</sentence>  The first presenter begins speaking about the movies previously chosen and suggests two possible movies including <sentence nite:id="IB4011.elana.s.2">"The Usual Suspects" and "The Sixth Sense".</sentence>  <sentence nite:id="IB4011.elana.s.3">He lists some facts about each and explains what they are about.</sentence>  The second presenter begins talking about his selections, which include <sentence nite:id="IB4011.elana.s.4">"The Shawshank Redemption", "The Usual Suspects", "Schindler's List", "Pulp Fiction", "Goodfellas", "Silence of the Lambs", and "American Beauty".</sentence>  <sentence nite:id="IB4011.elana.s.5">The group discusses each of the movie nominations, and they eventuually choose "American Beauty".</sentence> 
</abstract>
<actions nite:id="IB4011.elana.actions.1">

<sentence nite:id="IB4011.elana.s.6">The group will meet again on April 29th.</sentence>
<sentence nite:id="IB4011.elana.s.7">The first Monday of May they will see peoples' reactions and ask what movie genre they want.</sentence>
<sentence nite:id="IB4011.elana.s.8">In June they will restart</sentence>

</actions>
<decisions nite:id="IB4011.elana.decisions.1">

<sentence nite:id="IB4011.elana.s.9">The movie they will project is "American Beauty".</sentence> 
</decisions>
<problems nite:id="IB4011.elana.problems.1">

<sentence nite:id="IB4011.elana.s.10">When selecting the movie, many of the group members had not seen the movies they were discussing and thus had to rely on the account given by others.</sentence> 
</problems>
</nite:root>
