<?xml version="1.0" encoding="ISO-8859-1" standalone="yes"?>
<nite:root xmlns:nite="http://nite.sourceforge.net/">
<abstract nite:id="IB4005.rdhillon.abstract.1">

<sentence nite:id="IB4005.rdhillon.s.1">One team member presented her proposal regarding the room designations of the new space.</sentence>  <sentence nite:id="IB4005.rdhillon.s.2">In her proposal, professors received private offices, administration was close to the professors' offices, and most people were grouped by project.</sentence>  <sentence nite:id="IB4005.rdhillon.s.3">A second team member presented a proposal on the same topic.</sentence>  <sentence nite:id="IB4005.rdhillon.s.4">In his proposal, there was a lounge containing workspace for two people, an admin office which Giselle had to herself, a number of people shared offices with their assistants, and visitors were placed among students.</sentence>  <sentence nite:id="IB4005.rdhillon.s.5">The group discussed and made decisions regarding the placement of professors with students, the purpose of a lounge area, the possibility of putting up partitions in the lounge, the placement of Gisella and visitors, the option to have a reading room, and how to arrange furniture in some offices.</sentence> 
</abstract>
<actions nite:id="IB4005.rdhillon.actions.1">

<sentence nite:id="IB4005.rdhillon.s.6">One of the team members will come up with some numbers regarding the room assignments in comparison to other comparable departments.</sentence>
<sentence nite:id="IB4005.rdhillon.s.7">One team member will circulate the final proposal</sentence>
</actions>
<decisions nite:id="IB4005.rdhillon.decisions.1">

<sentence nite:id="IB4005.rdhillon.s.8">The lounge will be a separate room without any workspace.</sentence>
<sentence nite:id="IB4005.rdhillon.s.9">Other offices will be packed with occupants so that there is no spill-over into the lounge.</sentence>
<sentence nite:id="IB4005.rdhillon.s.10">Gisella will get a separate office.</sentence>
<sentence nite:id="IB4005.rdhillon.s.11">There will be a reading room.</sentence>
<sentence nite:id="IB4005.rdhillon.s.12">Pierrette and Martin will be in offices with one other person, not two.</sentence>
<sentence nite:id="IB4005.rdhillon.s.13">Pierrette will share an office with her assistant.</sentence>
<sentence nite:id="IB4005.rdhillon.s.14">There will be a room available for a professor and his assistant or student.</sentence>
<sentence nite:id="IB4005.rdhillon.s.15">Bruno and Nancy will share an office.</sentence>
<sentence nite:id="IB4005.rdhillon.s.16">Martin will share an office with one of the team members in the meeting.</sentence>
<sentence nite:id="IB4005.rdhillon.s.17">Agnes, Marianne, and David will share an office.</sentence> 
</decisions>
<problems nite:id="IB4005.rdhillon.problems.1">

<sentence nite:id="IB4005.rdhillon.s.18">How to accommodate the future growth of the department.</sentence>
<sentence nite:id="IB4005.rdhillon.s.19">Whether to place visitors among students or researchers.</sentence>
<sentence nite:id="IB4005.rdhillon.s.20">Whether to place professors with their PhD students.</sentence>
<sentence nite:id="IB4005.rdhillon.s.21">How to separate the lounge from the workspace inside the lounge.</sentence>
<sentence nite:id="IB4005.rdhillon.s.22">The lounge may get quite loud and this will disrupt those using the workspace inside the lounge.</sentence>
<sentence nite:id="IB4005.rdhillon.s.23">Whether the lounge will actually be used by people.</sentence>
<sentence nite:id="IB4005.rdhillon.s.24">How to accommodate visitors.</sentence>
<sentence nite:id="IB4005.rdhillon.s.25">Whether it is necessary to have a reading room.</sentence> 
</problems>
</nite:root>
