<?xml version="1.0" encoding="ISO-8859-1" standalone="yes"?>
<nite:root xmlns:nite="http://nite.sourceforge.net/">
<abstract nite:id="IS1003b.rdhillon.abstract.1">

<sentence nite:id="IS1003b.rdhillon.s.1">The User Interface Designer discussed  some characteristics and functions to consider in designing the remote and introduced an idea for giving the remote international appeal by merging it with a system such as Google.</sentence>  <sentence nite:id="IS1003b.rdhillon.s.2">The Industrial Designer discussed the interior workings of a remote and presented options for components and materials which would keep costs low.</sentence>  <sentence nite:id="IS1003b.rdhillon.s.3">The Marketing Expert presented consumer preferences and requirements.</sentence>  <sentence nite:id="IS1003b.rdhillon.s.4">The project manager introduced the new requirements for the project.</sentence>  <sentence nite:id="IS1003b.rdhillon.s.5">The team then discussed different features they could include in the design of the remote.</sentence> 
</abstract>
<actions nite:id="IS1003b.rdhillon.actions.1">

<sentence nite:id="IS1003b.rdhillon.s.6">The Industrial Designer will conduct further research into components.</sentence>
<sentence nite:id="IS1003b.rdhillon.s.7">The User Interface Designer will work on the interface concept</sentence>
</actions>
<decisions nite:id="IS1003b.rdhillon.decisions.1">

<sentence nite:id="IS1003b.rdhillon.s.8">The remote should look fancy.</sentence>
<sentence nite:id="IS1003b.rdhillon.s.9">The remote should not have too many buttons.</sentence>
<sentence nite:id="IS1003b.rdhillon.s.10">Teletext will not be used.</sentence>
<sentence nite:id="IS1003b.rdhillon.s.11">The remote will only be used for televisions.</sentence>
<sentence nite:id="IS1003b.rdhillon.s.12">The corporate logo should be recognizable on the product.</sentence>
<sentence nite:id="IS1003b.rdhillon.s.13">The corporate color must be featured on the product.</sentence>
<sentence nite:id="IS1003b.rdhillon.s.14">The remote has to be fashionable.</sentence> 
</decisions>
<problems nite:id="IS1003b.rdhillon.problems.1">

<sentence nite:id="IS1003b.rdhillon.s.15">Whether to have a wireless remote or one which is linked by a cable to the television.</sentence>
<sentence nite:id="IS1003b.rdhillon.s.16">How to have a highly functional and powerful remote while minimizing the number of buttons.</sentence>
<sentence nite:id="IS1003b.rdhillon.s.17">What colors the remote should come in.</sentence> 
</problems>
</nite:root>
