<?xml version="1.0" encoding="ISO-8859-1" standalone="yes"?>
<nite:root xmlns:nite="http://nite.sourceforge.net/">
<abstract nite:id="IS1003a.rdhillon.abstract.1">

<sentence nite:id="IS1003a.rdhillon.s.1">The project manager introduced the upcoming project to the team members and discussed the roles of each member and the selling price for the remote they will produce.</sentence>  <sentence nite:id="IS1003a.rdhillon.s.2">Then the team participated in an exercise in which they all drew animals.</sentence> 
</abstract>
<actions nite:id="IS1003a.rdhillon.actions.1">

<sentence nite:id="IS1003a.rdhillon.s.3">*NA*</sentence>
</actions>
<decisions nite:id="IS1003a.rdhillon.decisions.1">

<sentence nite:id="IS1003a.rdhillon.s.4">The remote will have international appeal.</sentence>
<sentence nite:id="IS1003a.rdhillon.s.5">The remote will not be too expensive.</sentence>
<sentence nite:id="IS1003a.rdhillon.s.6">The remote will have new functions that existing remotes do not have.</sentence> 
</decisions>
<problems nite:id="IS1003a.rdhillon.problems.1">

<sentence nite:id="IS1003a.rdhillon.s.7">The difference between the role of the industrial designer and the role of the user interface designer.</sentence> 
</problems>
</nite:root>
