<?xml version="1.0" encoding="ISO-8859-1" standalone="yes"?>
<nite:root xmlns:nite="http://nite.sourceforge.net/">
<abstract nite:id="IS1003c.rdhillon.abstract.1">

<sentence nite:id="IS1003c.rdhillon.s.1">The User Interface Designer presented three different concepts to consider for the user interface and introduced the idea of using speech recognition in the design of the remote.</sentence>  <sentence nite:id="IS1003c.rdhillon.s.2">The team discussed the issue of using speech recognition at length.</sentence>  <sentence nite:id="IS1003c.rdhillon.s.3">The Industrial Designer presented possible materials to use in making the case for the remote, introduced the option of using a solar battery, and discussed options for buttons.</sentence>  <sentence nite:id="IS1003c.rdhillon.s.4">The Marketing Specialist  discussed recent findings from trend watching reports.</sentence>  <sentence nite:id="IS1003c.rdhillon.s.5">The team discussed what materials to use and their interface concept.</sentence> 
</abstract>
<actions nite:id="IS1003c.rdhillon.actions.1">

<sentence nite:id="IS1003c.rdhillon.s.6">The Industrial Designer will work on the look and feel of the design, the ease of use of the design, the characteristics of being powerful and fancy, and the speech recognition aspect.</sentence>
<sentence nite:id="IS1003c.rdhillon.s.7">The User Interface Designer will work on adding a spongy quality to the buttons and the shape of the remote.</sentence>
<sentence nite:id="IS1003c.rdhillon.s.8">Two members of the team will work on creating a prototype made of clay</sentence>
</actions>
<decisions nite:id="IS1003c.rdhillon.decisions.1">

<sentence nite:id="IS1003c.rdhillon.s.9">The team will not use the intelligent controller proposed by the User Interface Designer.</sentence>
<sentence nite:id="IS1003c.rdhillon.s.10">The remote will be technologically innovative.</sentence>
<sentence nite:id="IS1003c.rdhillon.s.11">The team will mix the concepts of the Google controller and the fancy controller in their design.</sentence>
<sentence nite:id="IS1003c.rdhillon.s.12">The remote will use solar energy.</sentence>
<sentence nite:id="IS1003c.rdhillon.s.13">The remote will use low level chips.</sentence>
<sentence nite:id="IS1003c.rdhillon.s.14">The case of the remote will be made of wood.</sentence>
<sentence nite:id="IS1003c.rdhillon.s.15">The remote will have LCD buttons.</sentence>
<sentence nite:id="IS1003c.rdhillon.s.16">The remote will use speech recognition for simple commands.</sentence> 
</decisions>
<problems nite:id="IS1003c.rdhillon.problems.1">

<sentence nite:id="IS1003c.rdhillon.s.17">Using speech recognition in the remote.</sentence>
<sentence nite:id="IS1003c.rdhillon.s.18">Whether to have a case that is made of wood or is spongy.</sentence> 
</problems>
</nite:root>
