<?xml version="1.0" encoding="ISO-8859-1" standalone="yes"?>
<nite:root xmlns:nite="http://nite.sourceforge.net/">
<abstract nite:id="IS1001a.JacquelinePalmer.abstract.1">

<sentence nite:id="IS1001a.JacquelinePalmer.s.1">The Project Manager introduced the project to the group and gave a timeline for the project.</sentence> <sentence nite:id="IS1001a.JacquelinePalmer.s.2">The group trained themselves to use the meeting room tools by drawing on the whiteboard.</sentence> <sentence nite:id="IS1001a.JacquelinePalmer.s.3">The Project Manager presented the project budget and the projected price point and profit goals.</sentence> <sentence nite:id="IS1001a.JacquelinePalmer.s.4">The group discussed several of their initial ideas for the features of the product.</sentence> <sentence nite:id="IS1001a.JacquelinePalmer.s.5">They discussed making the remote able to control multiple devices, protection from water or from dropping the remote, and a locator function.</sentence> <sentence nite:id="IS1001a.JacquelinePalmer.s.6">The Project Manager then instructed the User Interface Designer to research users' requirements, and instructed the Industrial and User Interface Designers to research the functions and usability features that were discussed in the meeting.</sentence>  
</abstract>
<actions nite:id="IS1001a.JacquelinePalmer.actions.1">

<sentence nite:id="IS1001a.JacquelinePalmer.s.7">The Industrial Designer will do research on the whistle tracking locator function and other functional components.</sentence>
<sentence nite:id="IS1001a.JacquelinePalmer.s.8">The User Interface Designer will research the necessary amount of buttons and the lighted interface that were discussed during the meeting and other usability features.</sentence>
<sentence nite:id="IS1001a.JacquelinePalmer.s.9">The Marketing Expert will research users' requirements for a remote control device.</sentence> 

</actions>
<decisions nite:id="IS1001a.JacquelinePalmer.decisions.1">

<sentence nite:id="IS1001a.JacquelinePalmer.s.10">The group would like the remote to control multiple devices and have optional water and other damage protection.</sentence>
<sentence nite:id="IS1001a.JacquelinePalmer.s.11">The group will research the possibility of integrating a locator function into the design.</sentence> 
</decisions>
<problems nite:id="IS1001a.JacquelinePalmer.problems.1">

<sentence nite:id="IS1001a.JacquelinePalmer.s.12">NA.</sentence> 
</problems>
</nite:root>
