<?xml version="1.0" encoding="ISO-8859-1" standalone="yes"?>
<nite:root xmlns:nite="http://nite.sourceforge.net/">
<abstract nite:id="IS1007c.JacquelinePalmer.abstract.1">

<sentence nite:id="IS1007c.JacquelinePalmer.s.1">The Industrial Designer presented options for each component.</sentence> <sentence nite:id="IS1007c.JacquelinePalmer.s.2">He suggested kinetic energy, a titanium case, and rubber push buttons.</sentence> <sentence nite:id="IS1007c.JacquelinePalmer.s.3">The group will ask if the kinetic energy component can provide enough energy.</sentence> <sentence nite:id="IS1007c.JacquelinePalmer.s.4">The User Interface Designer introduced the graphical user interface to the group and suggested using an LCD screen.</sentence> <sentence nite:id="IS1007c.JacquelinePalmer.s.5">He presented several existing products and suggested the following: large buttons; voice recognition; either push, scroll, or spinning buttons; and incorporating some customizable components.</sentence> <sentence nite:id="IS1007c.JacquelinePalmer.s.6">The group discussed including a help button; it was decided that it would make the device seem more complicated.</sentence> <sentence nite:id="IS1007c.JacquelinePalmer.s.7">The Marketing Expert presented that users found remotes too easily lost, complicated, and ugly.</sentence> <sentence nite:id="IS1007c.JacquelinePalmer.s.8">He showed that users were willing to pay more for a fancy remote.</sentence> <sentence nite:id="IS1007c.JacquelinePalmer.s.9">He suggested the LCD screen; the group felt that it was better to utilize the user's television as a display screen, but that they would inquire about cost before deciding.</sentence> <sentence nite:id="IS1007c.JacquelinePalmer.s.10">The group will inquire about the cost of voice recognition and scroll buttons.</sentence> <sentence nite:id="IS1007c.JacquelinePalmer.s.11">The group discussed incorporating a locator function and customization for children.</sentence> <sentence nite:id="IS1007c.JacquelinePalmer.s.12">They discussed the sensitivity of the voice recognizer to other noises; the group will ask about the capability of the recognizer.</sentence>  
</abstract>
<actions nite:id="IS1007c.JacquelinePalmer.actions.1">

<sentence nite:id="IS1007c.JacquelinePalmer.s.13">The group will find out if the kinetic energy component can provide enough energy.</sentence> 
<sentence nite:id="IS1007c.JacquelinePalmer.s.14">The group will inquire about the cost of voice recognition and the scroll button.</sentence> 
<sentence nite:id="IS1007c.JacquelinePalmer.s.15">The group will ask about the capability of the voice recognition component.</sentence> 

</actions>
<decisions nite:id="IS1007c.JacquelinePalmer.decisions.1">

<sentence nite:id="IS1007c.JacquelinePalmer.s.16">The group decided not to include a help button on the device because it would make the remote seem more complicated.</sentence> 
</decisions>
<problems nite:id="IS1007c.JacquelinePalmer.problems.1">

<sentence nite:id="IS1007c.JacquelinePalmer.s.17">There was not enough information about the capabilities of the voice recognizer or the kinetic energy source.</sentence>
<sentence nite:id="IS1007c.JacquelinePalmer.s.18">There was not enough information on the cost of several components.</sentence>
<sentence nite:id="IS1007c.JacquelinePalmer.s.19">No decision was made about whether or not the LCD screen should be included.</sentence> 
<sentence nite:id="IS1007c.JacquelinePalmer.s.20">No decision was made about including a locator function, or what form it should take.</sentence>
<sentence nite:id="IS1007c.JacquelinePalmer.s.21">No decision was made about making the remote programmable for children.</sentence> 
</problems>
</nite:root>
