<?xml version="1.0" encoding="ISO-8859-1" standalone="yes"?>
<nite:root xmlns:nite="http://nite.sourceforge.net/">
<abstract nite:id="IS1001c.JacquelinePalmer.abstract.1">

<sentence nite:id="IS1001c.JacquelinePalmer.s.1">The Industrial Designer presented the functional components that will appear in the prototype, and discussed with the group the high cost of the wheel sensor and the possibility of incorporating speech recognition.</sentence> <sentence nite:id="IS1001c.JacquelinePalmer.s.2">The User Interface Designer presented existing remote controls to help show the interface of the prototype.</sentence> <sentence nite:id="IS1001c.JacquelinePalmer.s.3">He showed how the new design will be more simple and ergonomic than the models he displayed by eliminating extra functions.</sentence> <sentence nite:id="IS1001c.JacquelinePalmer.s.4">The Marketing Expert presented news about trends in fashion and in the market that will be incorporated into the design.</sentence> <sentence nite:id="IS1001c.JacquelinePalmer.s.5">A fruit and vegetable theme and spongy materials are popular trends that will be used in the design.</sentence> <sentence nite:id="IS1001c.JacquelinePalmer.s.6">The group finalized which features they wanted to integrate into the design.</sentence> <sentence nite:id="IS1001c.JacquelinePalmer.s.7">They decided to make the remote shaped like a banana and spongy, to have the buttons lighted, to have a wheel sensor at the top of the device, and to use only a standard chip and battery that would not accomodate speech recognition.</sentence> <sentence nite:id="IS1001c.JacquelinePalmer.s.8">The Project Manager instructed the User Interface Designer and the Industrial Designer to construct the prototype, and announced that the prototype would be evaluated in the next meeting.</sentence>  
</abstract>
<actions nite:id="IS1001c.JacquelinePalmer.actions.1">

<sentence nite:id="IS1001c.JacquelinePalmer.s.9">The Industrial Designer and the User Interface Designer will construct a prototype for the product.</sentence>
<sentence nite:id="IS1001c.JacquelinePalmer.s.10">The group will evaluate the prototype according to whether or not it meets the requirements of users.</sentence>

</actions>
<decisions nite:id="IS1001c.JacquelinePalmer.decisions.1">

<sentence nite:id="IS1001c.JacquelinePalmer.s.11">The group decided on the features that will be incorporated into the design of the prototype.</sentence>
<sentence nite:id="IS1001c.JacquelinePalmer.s.12">The remote will be shaped and colored like a banana, and be covered in a spongy material.</sentence> 
<sentence nite:id="IS1001c.JacquelinePalmer.s.13">The buttons will be lighted.</sentence>
<sentence nite:id="IS1001c.JacquelinePalmer.s.14">The group decided to keep the wheel sensor despite the added cost.</sentence> <sentence nite:id="IS1001c.JacquelinePalmer.s.15">It will be placed at the top of the banana shape.</sentence> 
<sentence nite:id="IS1001c.JacquelinePalmer.s.16">The group decided to simply use a standard chip that will not accomodate speech recognition, as this feature will be eliminated from the functional design.</sentence>
<sentence nite:id="IS1001c.JacquelinePalmer.s.17">The remote will use standard batteries.</sentence> 
</decisions>
<problems nite:id="IS1001c.JacquelinePalmer.problems.1">

<sentence nite:id="IS1001c.JacquelinePalmer.s.18">NA.</sentence> 
</problems>
</nite:root>
