<?xml version="1.0" encoding="ISO-8859-1" standalone="yes"?>
<nite:root xmlns:nite="http://nite.sourceforge.net/">
<abstract nite:id="IS1009b.elana.abstract.1">

<sentence nite:id="IS1009b.elana.s.1">The meeting begins and the marketing expert starts her presentation promptly, telling them that her research shows they need a focus- it is not possible to make a device that works on the whole house.</sentence>  <sentence nite:id="IS1009b.elana.s.2">The project manager steps in and informs them that they have instructions to eliminate the teletext idea because it is too complicated, and also said they must maintain the corporate image by using corporate designs and colors.</sentence>  <sentence nite:id="IS1009b.elana.s.3">The marketing expert resumes, talking about how remotes often get lost and that a light emitter might be useful.</sentence>  <sentence nite:id="IS1009b.elana.s.4">The industrial designer gives her presentation, talking about components, materials, and energy sources.</sentence>  <sentence nite:id="IS1009b.elana.s.5">They discuss giving the control different shapes to suit both adults and children, making the buttons various shapes, and putting a display clock on the control.</sentence>  <sentence nite:id="IS1009b.elana.s.6">The interface designer presents, talking about the features users like on a remote and suggesting that they make the remote a T-shape and add an alarm clock function.</sentence>  <sentence nite:id="IS1009b.elana.s.7">They discuss their target group and the possibility of removable plastic cases.</sentence>  <sentence nite:id="IS1009b.elana.s.8">They close the meeting deciding to do more research on the plastic cases.</sentence> 
</abstract>
<actions nite:id="IS1009b.elana.actions.1">
 
<sentence nite:id="IS1009b.elana.s.9">*NA*</sentence>

</actions>
<decisions nite:id="IS1009b.elana.decisions.1">

<sentence nite:id="IS1009b.elana.s.10">They cannot make a device that works on the whole house- will need a focus.</sentence>
<sentence nite:id="IS1009b.elana.s.11">They will eliminate teletext.</sentence>
<sentence nite:id="IS1009b.elana.s.12">They will maintain the corporate image by using the proper designs and colors.</sentence>
<sentence nite:id="IS1009b.elana.s.13">Their target group is basically everybody who owns a TV.</sentence> 
</decisions>
<problems nite:id="IS1009b.elana.problems.1">

<sentence nite:id="IS1009b.elana.s.14">They are concerned about making the control marketable to a wide range of age groups, and have discussed making removable plastic covers so that the look is changeable.</sentence>  <sentence nite:id="IS1009b.elana.s.15">However, they need to do more research on this topic.</sentence>  
<sentence nite:id="IS1009b.elana.s.16">They do not know if their budget will allow them to include all the features they would like to such as a light emitter, clock, alarm clock, and child lock.</sentence> 
</problems>
</nite:root>
