<?xml version="1.0" encoding="ISO-8859-1" standalone="yes"?>
<nite:root xmlns:nite="http://nite.sourceforge.net/">
<abstract nite:id="IS1005b.rdhillon.abstract.1">

<sentence nite:id="IS1005b.rdhillon.s.1">The project manager opened the meeting and then the marketing expert discussed user requirements.</sentence>  <sentence nite:id="IS1005b.rdhillon.s.2">The marketing expert also found that younger users want an LCD display and a remote capable of speech recognition.</sentence>  <sentence nite:id="IS1005b.rdhillon.s.3">The interface specialist discussed the interior workings of a remote and stated a preference for using radio waves over infra-red technology.</sentence>  <sentence nite:id="IS1005b.rdhillon.s.4">The industrial designer discussed particular components that a remote could include.</sentence>  <sentence nite:id="IS1005b.rdhillon.s.5">The project manager briefed the team on some new requirements and initiated a discussion in which the team discussed and decided on various features to include in the remote they will produce.</sentence>  
</abstract>
<actions nite:id="IS1005b.rdhillon.actions.1">

<sentence nite:id="IS1005b.rdhillon.s.6">The team members will work on their individual work</sentence>
</actions>
<decisions nite:id="IS1005b.rdhillon.decisions.1">

<sentence nite:id="IS1005b.rdhillon.s.7">The team will not work with teletext.</sentence>
<sentence nite:id="IS1005b.rdhillon.s.8">The remote will only be used for televisions.</sentence>
<sentence nite:id="IS1005b.rdhillon.s.9">The corporate image must be recognizable in the product.</sentence>
<sentence nite:id="IS1005b.rdhillon.s.10">The remote will have buttons for channel changing, volume settings, numerals, and power on/off.</sentence>
<sentence nite:id="IS1005b.rdhillon.s.11">The remote will feature an LCD screen.</sentence>
<sentence nite:id="IS1005b.rdhillon.s.12">Lesser used functions will be able to be accessed on the remote but they will be hidden on the remote.</sentence>
<sentence nite:id="IS1005b.rdhillon.s.13">The remote will not have a time button.</sentence> 
</decisions>
<problems nite:id="IS1005b.rdhillon.problems.1">

<sentence nite:id="IS1005b.rdhillon.s.14">Cost of adding speech recognition to a remote.</sentence>
<sentence nite:id="IS1005b.rdhillon.s.15">Whether using radio waves will interfere with other technology a user owns.</sentence>
<sentence nite:id="IS1005b.rdhillon.s.16">Cost of infra-red components.</sentence>
<sentence nite:id="IS1005b.rdhillon.s.17">How to minimize the number of buttons on the remote while having buttons to access channels.</sentence>
<sentence nite:id="IS1005b.rdhillon.s.18">Whether to include lesser used functions in the remote.</sentence>
<sentence nite:id="IS1005b.rdhillon.s.19">Whether to have a power button.</sentence>
<sentence nite:id="IS1005b.rdhillon.s.20">Whether to have a timer feature.</sentence>
<sentence nite:id="IS1005b.rdhillon.s.21">Whether to have a display function.</sentence> 
</problems>
</nite:root>
