<?xml version="1.0" encoding="ISO-8859-1" standalone="yes"?>
<nite:root xmlns:nite="http://nite.sourceforge.net/">
<abstract nite:id="IS1008b.JacquelinePalmer.abstract.1">

<sentence nite:id="IS1008b.JacquelinePalmer.s.1">The Project Manager gave new requirements for the product: the remote will not include a teletext function, will only be used for television, and must show the corporate image.</sentence> <sentence nite:id="IS1008b.JacquelinePalmer.s.2">The Industrial Designer presented  possible components to consider.</sentence> <sentence nite:id="IS1008b.JacquelinePalmer.s.3">The group then discussed hard materials to include in the design.</sentence> <sentence nite:id="IS1008b.JacquelinePalmer.s.4">The Marketing Expert presented an initial sales plan and showed that there is a demand for remotes featuring voice recognition and other capabilities; the group discussed how it could be integrated into the functional design.</sentence> <sentence nite:id="IS1008b.JacquelinePalmer.s.5">The Project Manager offered to help the Industrial Designer find companies to provide help in integrating this component.</sentence> <sentence nite:id="IS1008b.JacquelinePalmer.s.6">The designers expressed that they needed more information from the board on their expectations for the product.</sentence> <sentence nite:id="IS1008b.JacquelinePalmer.s.7">The User Interface Designer gave a presentation on product design from the user's perspective and emphasized simplicity in design.</sentence> <sentence nite:id="IS1008b.JacquelinePalmer.s.8">She also suggested that the group make a decision on which features to include in the final product design, but the group decided to postpone it.</sentence> <sentence nite:id="IS1008b.JacquelinePalmer.s.9">The designers were given their assignments: the Marketing Expert will present the marketing concept; the User Interface Designer, the user interface concept; the Industrial Designer, the components concept.</sentence>  
</abstract>
<actions nite:id="IS1008b.JacquelinePalmer.actions.1">

<sentence nite:id="IS1008b.JacquelinePalmer.s.10">The Industrial Designer will make a presentation on the components concept for the product.</sentence>
<sentence nite:id="IS1008b.JacquelinePalmer.s.11">The User Interface Designer will make a presentation on the user interface concept.</sentence>
<sentence nite:id="IS1008b.JacquelinePalmer.s.12">The Marketing Expert will present the marketing concept.</sentence>
<sentence nite:id="IS1008b.JacquelinePalmer.s.13">The Project Manager will research companies that can provide the Industrial Designer with help on integrating voice recognition into her design.</sentence>

</actions>
<decisions nite:id="IS1008b.JacquelinePalmer.decisions.1">

<sentence nite:id="IS1008b.JacquelinePalmer.s.14">The group will discuss which features to include in and eliminate from the final design of the product at the next meeting.</sentence>
<sentence nite:id="IS1008b.JacquelinePalmer.s.15">The remote will have a slim shape and a simple interface, include a locator function and voice recognition, and be made of a hard material.</sentence> 
</decisions>
<problems nite:id="IS1008b.JacquelinePalmer.problems.1">

<sentence nite:id="IS1008b.JacquelinePalmer.s.16">The group was not sure whether to proceed in the design process with all of the desired functions and eliminate them later, or to eliminate some features before creating the design concept.</sentence>
<sentence nite:id="IS1008b.JacquelinePalmer.s.17">There was a lack of sufficient information from the board on their expectations for the design of the remote, whether they expected a simple device or a more costly one with many features.</sentence>  
</problems>
</nite:root>
