<?xml version="1.0" encoding="ISO-8859-1" standalone="yes"?>
<nite:root xmlns:nite="http://nite.sourceforge.net/">
<abstract nite:id="IS1002c.JacquelinePalmer.abstract.1">

<sentence nite:id="IS1002c.JacquelinePalmer.s.1">The Industrial Designer presented an overview of the internal components of a remote control device.</sentence> <sentence nite:id="IS1002c.JacquelinePalmer.s.2">He discussed energy source and material options, and suggested that using rubber and plastic would be the most versatile option.</sentence> <sentence nite:id="IS1002c.JacquelinePalmer.s.3">He displayed the three options for chips.</sentence> <sentence nite:id="IS1002c.JacquelinePalmer.s.4">The User Interface Designer discussed voice recognition with the group, and the group decided to not use it in their design.</sentence> <sentence nite:id="IS1002c.JacquelinePalmer.s.5">He suggested using rubber buttons because of their durability.</sentence> <sentence nite:id="IS1002c.JacquelinePalmer.s.6">He discussed the size of the device and the layout of the interface, and suggested that the remote be moderately sized to prevent its getting lost.</sentence> <sentence nite:id="IS1002c.JacquelinePalmer.s.7">The Marketing Expert expressed concern that the remote lacked enough features to be distinctive.</sentence> <sentence nite:id="IS1002c.JacquelinePalmer.s.8">The group had a discussion to decide on the product features.</sentence> <sentence nite:id="IS1002c.JacquelinePalmer.s.9">They decided to include a charging stand, to use a thin rubber casing material, to include a locator function and a scroll wheel with two channel-changing options to increase its usability.</sentence> <sentence nite:id="IS1002c.JacquelinePalmer.s.10">The group discussed the cost of the various components and decided to sell the device at a point between thirty-five and fifty Euros.</sentence> <sentence nite:id="IS1002c.JacquelinePalmer.s.11">The User Interface Designer and the Industrial Designer were instructed to construct the prototype.</sentence>  
</abstract>
<actions nite:id="IS1002c.JacquelinePalmer.actions.1">

<sentence nite:id="IS1002c.JacquelinePalmer.s.12">The User Interface Designer and the Industrial Designer will construct the prototype.</sentence>

</actions>
<decisions nite:id="IS1002c.JacquelinePalmer.decisions.1">

<sentence nite:id="IS1002c.JacquelinePalmer.s.13">The remote will not feature voice recognition.</sentence>
<sentence nite:id="IS1002c.JacquelinePalmer.s.14">The group decided to include a charging stand to help users keep track of their remote.</sentence> <sentence nite:id="IS1002c.JacquelinePalmer.s.15">A locator function will also be included.</sentence>
<sentence nite:id="IS1002c.JacquelinePalmer.s.16">The device will be covered in a thin rubber casing.</sentence>
<sentence nite:id="IS1002c.JacquelinePalmer.s.17">A scroll wheel will be included for the channel-changing function, and will allow users to switch between scrolling through pre-programmed favorite channels and through all channels.</sentence>
<sentence nite:id="IS1002c.JacquelinePalmer.s.18">The projected price point will be changed to a point between thirty-five and fifty Euros.</sentence>
<sentence nite:id="IS1002c.JacquelinePalmer.s.19">The remote will feature back-lit buttons.</sentence>  
</decisions>
<problems nite:id="IS1002c.JacquelinePalmer.problems.1">

<sentence nite:id="IS1002c.JacquelinePalmer.s.20">There was a lack of information on the cost of components.</sentence>
<sentence nite:id="IS1002c.JacquelinePalmer.s.21">The group had difficulty finding a balance between keeping the project cost low and adding enough features to make the product distinctive.</sentence> 
</problems>
</nite:root>
