<?xml version="1.0" encoding="ISO-8859-1" standalone="yes"?>
<nite:root xmlns:nite="http://nite.sourceforge.net/">
<abstract nite:id="IS1000d.elana.abstract.1">

<sentence nite:id="IS1000d.elana.s.1">As the meeting opens the project manager tells the group that they must stay within the budget of twelve Euro and fifty cents or will have to redesign.</sentence>  <sentence nite:id="IS1000d.elana.s.2">After Matthew arrives the designers begin presenting the two prototypes, beginning with the basic conventional one which is shaped like a surfboard and costs 7 or 8 Euros to produce.</sentence>  <sentence nite:id="IS1000d.elana.s.3">It contains an on-off button, volume switch, up/down channel function, 10 digits, and two extra buttons for teletext and an additional function.</sentence>  <sentence nite:id="IS1000d.elana.s.4">The next control is futuristic because feels like a mobile phone, has 6 keys, and is smooth.</sentence>  <sentence nite:id="IS1000d.elana.s.5">It also has a power button, channel up/down, slow pause/slow stop, LCD screen, toggle switch that changes it from audio to video, and microphone.</sentence>  <sentence nite:id="IS1000d.elana.s.6">It would cost 16 Euros to produce, which is out of the budget.</sentence>  <sentence nite:id="IS1000d.elana.s.7">The marketing expert gives the product evaluation and they rate them on look and feel, innovation, ease of use, appeal to the correct demographic, and adherence to the company motto and fashion trends.</sentence>  <sentence nite:id="IS1000d.elana.s.8">They discuss the energy source, shape, chip type, LCD and speech recognition, and additional buttons.</sentence>  <sentence nite:id="IS1000d.elana.s.9">After choosing features their remote costs 12 Euros to produce.</sentence>  <sentence nite:id="IS1000d.elana.s.10">They close the meeting by thanking one another.</sentence> 
</abstract>
<actions nite:id="IS1000d.elana.actions.1">

<sentence nite:id="IS1000d.elana.s.11">NA.</sentence> 
</actions>
<decisions nite:id="IS1000d.elana.decisions.1">

<sentence nite:id="IS1000d.elana.s.12">The remote will be double-curved.</sentence>
<sentence nite:id="IS1000d.elana.s.13">The energy source will be a normal AA battery.</sentence>
<sentence nite:id="IS1000d.elana.s.14">Shaped like a surfboard.</sentence>
<sentence nite:id="IS1000d.elana.s.15">Made of plastic.</sentence>
<sentence nite:id="IS1000d.elana.s.16">Will contain a regular chip.</sentence>
<sentence nite:id="IS1000d.elana.s.17">Have no LCD screen or speech recognition.</sentence>
<sentence nite:id="IS1000d.elana.s.18">Addition of two buttons.</sentence>
<sentence nite:id="IS1000d.elana.s.19">Production cost 12 Euros, 50 cents cheaper than budget.</sentence>
<sentence nite:id="IS1000d.elana.s.20">Will talk to the suppliers to see if they can lower prices and add a few more features.</sentence> 
</decisions>
<problems nite:id="IS1000d.elana.problems.1">

<sentence nite:id="IS1000d.elana.s.21">The group created two design prototypes to choose from.</sentence>  <sentence nite:id="IS1000d.elana.s.22">When they rated both products, they found that the basic version was not innovative enough but the advanced version was too costly.</sentence>  <sentence nite:id="IS1000d.elana.s.23">They eliminated many of the features of the advanced version, eventually bringing them near to the basic.</sentence>  <sentence nite:id="IS1000d.elana.s.24">It was a long and tedious process, taking much time for them to reach an agreement since some felt an LCD screen was necessary and others did not.</sentence> 
</problems>
</nite:root>
