<?xml version="1.0" encoding="ISO-8859-1" standalone="yes"?>
<nite:root xmlns:nite="http://nite.sourceforge.net/">
<abstract nite:id="IS1009a.elana.abstract.1">

<sentence nite:id="IS1009a.elana.s.1">The meeting opens with the group doing introductions by giving their name and role.</sentence>  <sentence nite:id="IS1009a.elana.s.2">Betty is the project manager, Francina is the user interface specialist, Eileen is the marketing expert, and Jeanne is the industrial designer.</sentence>  <sentence nite:id="IS1009a.elana.s.3">The project manager tells them they will be designing a new remote control that should be original, trendy, and user-friendly.</sentence>  <sentence nite:id="IS1009a.elana.s.4">They will be concerned with functional, conceptional, and detailed design.</sentence>  <sentence nite:id="IS1009a.elana.s.5">To try out the whiteboard, each group member draws her favorite animal on the board.</sentence>  <sentence nite:id="IS1009a.elana.s.6">They discuss the project budget and then talk about their experiences with remote controls.</sentence>  <sentence nite:id="IS1009a.elana.s.7">They seemed to agree that the remote should be compact and have a multi-purpose functions.</sentence>  <sentence nite:id="IS1009a.elana.s.8">They also agree that it should do something different that current controls cannot do and that it should be made of different colors, materials, and shapes.</sentence>  <sentence nite:id="IS1009a.elana.s.9">They also discuss a way of helping people find the remote when it is lost- a signal, whether it is a beep or light.</sentence>  <sentence nite:id="IS1009a.elana.s.10">Then they close the meeting with the project manager going over the tasks they are to complete and telling them they will meet again in about thirty minutes.</sentence> 
</abstract>
<actions nite:id="IS1009a.elana.actions.1">

<sentence nite:id="IS1009a.elana.s.11">The industrial designer will work on the working design and technical function.</sentence>
<sentence nite:id="IS1009a.elana.s.12">The interface specialist will do the working design and functional design.</sentence>
<sentence nite:id="IS1009a.elana.s.13">The marketing manager will look for user requirement specifications such as friendliness</sentence>

</actions>
<decisions nite:id="IS1009a.elana.decisions.1">

<sentence nite:id="IS1009a.elana.s.14">Selling price will be twenty five Euro.</sentence>
<sentence nite:id="IS1009a.elana.s.15">Company aims to profit fifty million Euro.</sentence>
<sentence nite:id="IS1009a.elana.s.16">It should be compact, multi-functional, different in shape/color/material.</sentence>
<sentence nite:id="IS1009a.elana.s.17">Have a locator to help find the remote when it is lost.</sentence> 
</decisions>
<problems nite:id="IS1009a.elana.problems.1">

<sentence nite:id="IS1009a.elana.s.18">The group if not sure if they will have the budget to make the gadget multi-functional, but they would like to make one that would control basically all household machines.</sentence> 
</problems>
</nite:root>
