<?xml version="1.0" encoding="ISO-8859-1" standalone="yes"?>
<nite:root xmlns:nite="http://nite.sourceforge.net/">
<abstract nite:id="IS1006b.rdhillon.abstract.1">

<sentence nite:id="IS1006b.rdhillon.s.1">The project manager opened the meeting and stated the agenda to the team members.</sentence>  <sentence nite:id="IS1006b.rdhillon.s.2">The marketing expert discussed the findings of a survey which indicated that current remotes are ugly, difficult to use, have a number of unused buttons, frustrate users when misplaced, and contribute to RSI.</sentence>  <sentence nite:id="IS1006b.rdhillon.s.3">The marketing expert also stated that young users like speech recognition and that users in general want buttons for power, channel selection, volume control, and a few lesser used settings.</sentence>  <sentence nite:id="IS1006b.rdhillon.s.4">The user interface designer presented existing remotes to exemplify the need for simpler designs, discussed the use of components such as titanium and a back-lit LCD screen, and discussed other features to consider such as color options.</sentence>  <sentence nite:id="IS1006b.rdhillon.s.5">The industrial designer discussed the interior workings of a remote and how to handle universal capability and speech recognition.</sentence>  <sentence nite:id="IS1006b.rdhillon.s.6">After the project manager's closing, the project manager recapped some decisions and the team discussed how to handle the issue of locating a remote when misplaced.</sentence> 
</abstract>
<actions nite:id="IS1006b.rdhillon.actions.1">

<sentence nite:id="IS1006b.rdhillon.s.7">The industrial designer will focus on the components concept.</sentence>
<sentence nite:id="IS1006b.rdhillon.s.8">The user interface designer will focus on the user interface concept.</sentence>
<sentence nite:id="IS1006b.rdhillon.s.9">The marketing expert will work on trend watching</sentence>
</actions>
<decisions nite:id="IS1006b.rdhillon.decisions.1">

<sentence nite:id="IS1006b.rdhillon.s.10">The team will not work with teletext.</sentence>
<sentence nite:id="IS1006b.rdhillon.s.11">The team will concentrate on making a remote only for televisions and then make their product more generalized later.</sentence>
<sentence nite:id="IS1006b.rdhillon.s.12">An automatic on/off feature will not be used.</sentence> 
</decisions>
<problems nite:id="IS1006b.rdhillon.problems.1">

<sentence nite:id="IS1006b.rdhillon.s.13">Making the remote universal.</sentence>
<sentence nite:id="IS1006b.rdhillon.s.14">Users habits in jumping from channel to channel.</sentence>
<sentence nite:id="IS1006b.rdhillon.s.15">How speech recognition commands work.</sentence>
<sentence nite:id="IS1006b.rdhillon.s.16">Allowing users in the same household to have their own remotes with personal settings.</sentence>
<sentence nite:id="IS1006b.rdhillon.s.17">How to locate a remote when misplaced.</sentence> 
</problems>
</nite:root>
