<?xml version="1.0" encoding="ISO-8859-1" standalone="yes"?>
<nite:root xmlns:nite="http://nite.sourceforge.net/">
<abstract nite:id="IS1009c.elana.abstract.1">

<sentence nite:id="IS1009c.elana.s.1">The project manager opens the meeting by going over the minutes of the last meeting.</sentence>  <sentence nite:id="IS1009c.elana.s.2">The interface specialist begins her presentation by highlighting important remote functions and showing examples of remote interfaces.</sentence> <sentence nite:id="IS1009c.elana.s.3">The group comments on her presentation, and then the industrial designer begins presenting.</sentence>  <sentence nite:id="IS1009c.elana.s.4">She talks about the technical electronic components of the remote, explains how a remote works, and shows a few pictures revealing the insides of a normal remote control.</sentence>  <sentence nite:id="IS1009c.elana.s.5">She suggests giving the remote a strong shell so it is durable, using a rechargable battery, and not adding a scroll wheel because it requires a sophisticated chip.</sentence>  <sentence nite:id="IS1009c.elana.s.6">The marketing expert presents, talking about user preferences for a small, simple, eye-catching, cute, appealing, and functional remote.</sentence>  <sentence nite:id="IS1009c.elana.s.7">Fruit and vegetable shapes are popular this year, so a soft, spongy remote perhaps covered with cloth could make the item marketable.</sentence>  <sentence nite:id="IS1009c.elana.s.8">The group discusses the issues surrounding speech recognition, noting that if it is good quality it could be costly.</sentence>  <sentence nite:id="IS1009c.elana.s.9">They about the power source and review the objectives of the product.</sentence>  <sentence nite:id="IS1009c.elana.s.10">The project manager closes the meeting by telling each member what task she is to complete.</sentence>  
</abstract>
<actions nite:id="IS1009c.elana.actions.1">

<sentence nite:id="IS1009c.elana.s.11">The marketing expert will do the product evaluation.</sentence>  
<sentence nite:id="IS1009c.elana.s.12">The industrial designer and interface specialist will work together on a prototype using modeling clay.</sentence>  
<sentence nite:id="IS1009c.elana.s.13">The industrial designer will come up with a user interface design.</sentence>  
<sentence nite:id="IS1009c.elana.s.14">Their coaches will send specific instructions and answer questions.</sentence>

</actions>
<decisions nite:id="IS1009c.elana.decisions.1">

<sentence nite:id="IS1009c.elana.s.15">They decided that the product should be bright, colorful, trendy in design, strong, compact, have push buttons, and contain supplement features (possibly mute button, swapping button, voice recognition).</sentence> 
<sentence nite:id="IS1009c.elana.s.16">The power source will be batteries because it is cost-effective.</sentence>  
<sentence nite:id="IS1009c.elana.s.17">They will have the industrial engineer do more research on the cost of voice recognition before deciding whether to include that function.</sentence> 
</decisions>
<problems nite:id="IS1009c.elana.problems.1">

<sentence nite:id="IS1009c.elana.s.18">The group would like to include voice recognition as a feature, but they are not sure about how much it would cost.</sentence>  <sentence nite:id="IS1009c.elana.s.19">This will require further research by the industrial engineer.</sentence> 
</problems>
</nite:root>
