<?xml version="1.0" encoding="ISO-8859-1" standalone="yes"?>
<nite:root xmlns:nite="http://nite.sourceforge.net/">
<abstract nite:id="IS1009d.elana.abstract.1">

<sentence nite:id="IS1009d.elana.s.1">The project manager opens the meeting by going over the minutes of the last meeting, detailing the main points of each person's presentation.</sentence>  <sentence nite:id="IS1009d.elana.s.2">They do the prototype presentation which includes a model of the remote control.</sentence>  <sentence nite:id="IS1009d.elana.s.3">The group discusses this proposed model, approving of the small size and look of it.</sentence>  <sentence nite:id="IS1009d.elana.s.4">They goes over finances and are pleased to find that they are well within budget.</sentence>  <sentence nite:id="IS1009d.elana.s.5">However, while the marketing expert is doing the product evaulation the group realizes that they neglected to calculate voice recognition into the financing.</sentence>  <sentence nite:id="IS1009d.elana.s.6">Their cost had been 8.20 Euros and they have  4.30 left to cover it, so they decide to settle for whatever quality it will buy.</sentence> <sentence nite:id="IS1009d.elana.s.7">They rate their product on its shape, size, color, feel, and functionality.</sentence>  <sentence nite:id="IS1009d.elana.s.8">They discuss the project process, talk briefly about adding more features, and one member suggests eliminating a mute buttons and include a diffferent feature.</sentence>  <sentence nite:id="IS1009d.elana.s.9">They are happy with the creativity, leadership, and teamwork within the group, and close the meeting by thanking one another.</sentence> 
</abstract>
<actions nite:id="IS1009d.elana.actions.1">

<sentence nite:id="IS1009d.elana.s.10">*NA*</sentence>

</actions>
<decisions nite:id="IS1009d.elana.decisions.1">

<sentence nite:id="IS1009d.elana.s.11">The remote is a snail shape with bright colors, blue and yellow with multi-colored buttons.</sentence>  
<sentence nite:id="IS1009d.elana.s.12">Compact in size.</sentence>
<sentence nite:id="IS1009d.elana.s.13">It includes a remote holder in the shape of a shell.</sentence>  
<sentence nite:id="IS1009d.elana.s.14">The case will be made of plastic and the buttons of soft rubber.</sentence>  
<sentence nite:id="IS1009d.elana.s.15">Its features will include an on/off button, two mute buttons, nine channel buttons, two buttons for increasing/decreasing the volume, two buttons for scrolling up/down channels, a menu button in the center which controls the color/sharpness/brightness of the picture, and a swapping button.</sentence> 
<sentence nite:id="IS1009d.elana.s.16">Channel buttons numbered, rest of the buttons have symbols indicating function.</sentence>
<sentence nite:id="IS1009d.elana.s.17">Light emitting diode is flourescent green.</sentence>
<sentence nite:id="IS1009d.elana.s.18">In their cost evaluation they got 8.20, not factoring in the voice recognition feature.</sentence>  <sentence nite:id="IS1009d.elana.s.19">They decide to settle for the level of quality the remaining 4.30 euros will get them.</sentence> 
</decisions>
<problems nite:id="IS1009d.elana.problems.1">

<sentence nite:id="IS1009d.elana.s.20">The group spent 8.20 euros on their product, but they almost forgot to factor in voice recognition, which may cost more than the 4.30 euros remaining.</sentence>  <sentence nite:id="IS1009d.elana.s.21">They will have to settle for whatever level of quality that 4.30 euros can buy.</sentence> 
</problems>
</nite:root>
