<?xml version="1.0" encoding="ISO-8859-1" standalone="yes"?>
<nite:root xmlns:nite="http://nite.sourceforge.net/">
<abstract nite:id="IS1004c.elana.abstract.1">

<sentence nite:id="IS1004c.elana.s.1">The project manager opens the meeting, stating that it is about conceptual design.</sentence>  <sentence nite:id="IS1004c.elana.s.2">He restates the last meeting's descision that they will not do speech recognition technology but says they still have to decide whether to use an LCD screen.</sentence>  <sentence nite:id="IS1004c.elana.s.3">Then they move on to the three presentations.</sentence>  <sentence nite:id="IS1004c.elana.s.4">The marketing expert is first to present, and he talks about making a pleasant-looking device, particularly one that favors current trends.</sentence>  <sentence nite:id="IS1004c.elana.s.5">They then begin talking about using a fruit, vegetable, or natural object as the shape of the remote, the logo, or for the buttons.</sentence>  <sentence nite:id="IS1004c.elana.s.6">Eventually they decide to make the device the shape of a banana.</sentence>  <sentence nite:id="IS1004c.elana.s.7">Next, the user interface specialist presents.</sentence>  <sentence nite:id="IS1004c.elana.s.8">He annouces that the technology division of their company has developed an integrated programmeable sample speaker unit, which would allow a person to have a conversation with the remote control.</sentence>  <sentence nite:id="IS1004c.elana.s.9">They have the option of using that technology.</sentence>  <sentence nite:id="IS1004c.elana.s.10">He shows them his plan what the remote control could look like and the features it might have.</sentence>  <sentence nite:id="IS1004c.elana.s.11">He suggests putting two scroll wheels- one for changing the channel and another for the volume.</sentence>  <sentence nite:id="IS1004c.elana.s.12">He also included a turbo button for speed, which he thinks every design should have.</sentence>  <sentence nite:id="IS1004c.elana.s.13">Since they can only charge twenty-five euro they decide to eliminate the LCD screen idea.</sentence>  <sentence nite:id="IS1004c.elana.s.14">After that the interface specialist talks about having a base station for the purpose of finding the remote control when lost.</sentence>  <sentence nite:id="IS1004c.elana.s.15">The user could simply press a button on the base station and the remote control would start beeping.</sentence>  <sentence nite:id="IS1004c.elana.s.16">Lastly, the industrial designer presents, discussing the power source of the remote control.</sentence>  <sentence nite:id="IS1004c.elana.s.17">He suggests that they could have one of two kinds of power supplies- the usual batteries or rechargable ones if there is to be a base station and they could place solar cells on top for times when the lighting is good.</sentence>  <sentence nite:id="IS1004c.elana.s.18">He talks about using plastic with elasticity so that the remote would not break into pieces if it fell, which relates to their earlier discussion about giving it a spongy design.</sentence>  <sentence nite:id="IS1004c.elana.s.19">Plastic is also less costly than other options of wood or titanum.</sentence>  <sentence nite:id="IS1004c.elana.s.20">In addition, he talks about giving the control a double curve, curves on both the sides so that it is easy to hold and handle.</sentence>  <sentence nite:id="IS1004c.elana.s.21">They do not yet seem set about the idea of making it a banana shape, and one group member feels that the shape is not handy.</sentence>  <sentence nite:id="IS1004c.elana.s.22">The industrial desiger tells them they will use a regular chip rather than the advanced one since pricing is a factor.</sentence>  <sentence nite:id="IS1004c.elana.s.23">They agree on having base station with the remote.</sentence>  <sentence nite:id="IS1004c.elana.s.24">They go on to have discussion, with one member suggesting that they make the banana more stylized so that it looks less like a banana- for example, it could be silver.</sentence>  <sentence nite:id="IS1004c.elana.s.25">After that the project manager has them discuss/reiterate the decisions made during the meeting:  no LCD screen, the remote will have a base station, a RF for beeping, a button on the base station to press, possibly a stylish banana-shape for the control, 2 scroll wheels to control the volume and channels at the thumb level, a turbo button perhaps underneath the device, on/off button for the TV.</sentence> 
</abstract>
<actions nite:id="IS1004c.elana.actions.1">

<sentence nite:id="IS1004c.elana.s.26">Before the next meeting, the interface specialist and industrial designer have to work together on the user interface and the look/feel design.</sentence>  <sentence nite:id="IS1004c.elana.s.27">The marketing expert has to look up product evaluation.</sentence>  

</actions>
<decisions nite:id="IS1004c.elana.decisions.1">
<sentence nite:id="IS1004c.elana.s.28">Thus far, LCD and ASR have been ruled out.</sentence>  <sentence nite:id="IS1004c.elana.s.29">The remote will have a base station, a button on the base station to press, 2 scroll wheels for the channels and volume, a turbo button (possibly underneath the device), and an on/off button for the TV.</sentence> 
</decisions>
<problems nite:id="IS1004c.elana.problems.1">

<sentence nite:id="IS1004c.elana.s.30">The group has not yet agreed on whether the remote should be banana-shaped.</sentence>  <sentence nite:id="IS1004c.elana.s.31">There is concern that the shape is not handy and might make the product less marketable- that would be a problem since they have to meet the fifty million euros profit goal.</sentence>   
</problems>
</nite:root>
