<?xml version="1.0" encoding="ISO-8859-1" standalone="yes"?>
<nite:root xmlns:nite="http://nite.sourceforge.net/">
<abstract nite:id="IS1008a.JacquelinePalmer.abstract.1">

<sentence nite:id="IS1008a.JacquelinePalmer.s.1">The group introduced themselves to each other and discussed their roles in the project.</sentence> <sentence nite:id="IS1008a.JacquelinePalmer.s.2">The Project Manager opened a discussion about the project plan and asked the Marketing Expert to prepare an overall plan for the project.</sentence> <sentence nite:id="IS1008a.JacquelinePalmer.s.3">The Marketing Expert presented the initial aim of the project: the creation of a fresh, user-friendly remote control device.</sentence> <sentence nite:id="IS1008a.JacquelinePalmer.s.4">The Project Manager asked the Industrial Designer to create a functional design plan for the device, then asked the Marketing Expert about ideas for the sales strategy.</sentence> <sentence nite:id="IS1008a.JacquelinePalmer.s.5">The Marketing Expert presented an initial sales plan: to analyze the competition and to pinpoint the target marketing group.</sentence> <sentence nite:id="IS1008a.JacquelinePalmer.s.6">The Project Manager instructed all participants to work together on their respective design plans.</sentence> <sentence nite:id="IS1008a.JacquelinePalmer.s.7">The Project Manager decided that the design plans will be discussed at the next meeting, and that the next step will be to come up with a functional design of the device.</sentence>  
</abstract>
<actions nite:id="IS1008a.JacquelinePalmer.actions.1">

<sentence nite:id="IS1008a.JacquelinePalmer.s.8">The Marketing Expert will prepare a sales plan for the product and discuss the project budget and the sales strategy.</sentence>
<sentence nite:id="IS1008a.JacquelinePalmer.s.9">The Industrial Designer will prepare an initial functional design.</sentence> 
<sentence nite:id="IS1008a.JacquelinePalmer.s.10">The User Interface Designer will contribute studies on user requirements to the functional design.</sentence> 
<sentence nite:id="IS1008a.JacquelinePalmer.s.11">The Project Manager will post his presentation to be available for all participants.</sentence>

</actions>
<decisions nite:id="IS1008a.JacquelinePalmer.decisions.1">

<sentence nite:id="IS1008a.JacquelinePalmer.s.12">The group will discuss the design plans of the three experts at the next meeting.</sentence>
<sentence nite:id="IS1008a.JacquelinePalmer.s.13">The group will first work on a functional design of the device.</sentence> 
</decisions>
<problems nite:id="IS1008a.JacquelinePalmer.problems.1">

<sentence nite:id="IS1008a.JacquelinePalmer.s.14">The group did not receive sufficient information about the project in advance to be prepared to create a project plan in the first meeting.</sentence>  
</problems>
</nite:root>
