<?xml version="1.0" encoding="ISO-8859-1" standalone="yes"?>
<nite:root xmlns:nite="http://nite.sourceforge.net/">
<abstract nite:id="IS1007b.JacquelinePalmer.abstract.1">

<sentence nite:id="IS1007b.JacquelinePalmer.s.1">The Project Manager presented the goals of the meeting and new product requirements.</sentence> <sentence nite:id="IS1007b.JacquelinePalmer.s.2">The Industrial Designer presented the internal components of a remote control and showed a diagram of how they operate together.</sentence> <sentence nite:id="IS1007b.JacquelinePalmer.s.3">He suggested that field programmable gateway arrays be used for the chip controlling software functionalities, and it was suggested that the remote be used with a recharging stand.</sentence> <sentence nite:id="IS1007b.JacquelinePalmer.s.4">The User Interface Designer gave a presentation on the technical functions of the remote, and displayed the interfaces of two existing products for comparison.</sentence> <sentence nite:id="IS1007b.JacquelinePalmer.s.5">He showed that the competitors' remotes were too complicated.</sentence> <sentence nite:id="IS1007b.JacquelinePalmer.s.6">He suggested that the televisions that the remotes are used with connect to the internet to access downloadable programs.</sentence> <sentence nite:id="IS1007b.JacquelinePalmer.s.7">He suggested a simple design with few buttons, small size, and a locator function.</sentence> <sentence nite:id="IS1007b.JacquelinePalmer.s.8">The Marketing Expert presented several characteristics important to users.</sentence> <sentence nite:id="IS1007b.JacquelinePalmer.s.9">He discussed using speech recognition and ways to make it feasible for the project, small size, low price point, and incorporating teletext in different languages.</sentence> <sentence nite:id="IS1007b.JacquelinePalmer.s.10">The group discussed the new requirement that required them to omit teletext from their design, and discussed the possibility of using the remote to access the internet through the television.</sentence>  
</abstract>
<actions nite:id="IS1007b.JacquelinePalmer.actions.1">

NA

</actions>
<decisions nite:id="IS1007b.JacquelinePalmer.decisions.1">

<sentence nite:id="IS1007b.JacquelinePalmer.s.11">The remote will be used with a recharging stand.</sentence>
<sentence nite:id="IS1007b.JacquelinePalmer.s.12">The group decided not to include a lighting adaptation system.</sentence> 
</decisions>
<problems nite:id="IS1007b.JacquelinePalmer.problems.1">

<sentence nite:id="IS1007b.JacquelinePalmer.s.13">The participants disagreed on how to easily move through channels using the design of the User Interface Designer, which included very few buttons.</sentence>
<sentence nite:id="IS1007b.JacquelinePalmer.s.14">There was no resolution on whether or not to allow users to use the remote to access the internet through their television, as opposed to including teletext capabilities.</sentence> 
</problems>
</nite:root>
