<?xml version="1.0" encoding="ISO-8859-1" standalone="yes"?>
<nite:root xmlns:nite="http://nite.sourceforge.net/">
<abstract nite:id="IS1008d.JacquelinePalmer.abstract.1">

<sentence nite:id="IS1008d.JacquelinePalmer.s.1">The User Interface Designer presented the prototype of the product to the group.</sentence> <sentence nite:id="IS1008d.JacquelinePalmer.s.2">The product featured an LCD display, a flip panel, and a customizable case back.</sentence> <sentence nite:id="IS1008d.JacquelinePalmer.s.3">The Project Manager displayed the cost of all of the components, and the group decided that the current budget would not allow the addition of the LCD display.</sentence> <sentence nite:id="IS1008d.JacquelinePalmer.s.4">The Project Manager decided to negotiate the cost of production to allow the addition of the display.</sentence> <sentence nite:id="IS1008d.JacquelinePalmer.s.5">The Marketing Expert gave a presentation on sales projection and showed that the current projected sales point would probably not allow the project to reach its profit aim.</sentence> <sentence nite:id="IS1008d.JacquelinePalmer.s.6">The group also discussed the distribution and promotion of the product on the internet.</sentence> <sentence nite:id="IS1008d.JacquelinePalmer.s.7">The User Interface Designer expressed concern that there would not be time under the current plan to make changes to the product resulting from consumer testing; the Project Manager decided that no additional changes would be made.</sentence> <sentence nite:id="IS1008d.JacquelinePalmer.s.8">The group then discussed other means of promoting the product: launching the remote at the same time as a large sporting event or DVD release.</sentence>   
</abstract>
<actions nite:id="IS1008d.JacquelinePalmer.actions.1">

<sentence nite:id="IS1008d.JacquelinePalmer.s.9">The Project Manager will negotiate with production companies and with management to decrease the cost of production.</sentence> <sentence nite:id="IS1008d.JacquelinePalmer.s.10">He will also present the new promotion plan to management.</sentence>
<sentence nite:id="IS1008d.JacquelinePalmer.s.11">The Marketing Expert will begin his marketing plan after production has begun.</sentence> 
<sentence nite:id="IS1008d.JacquelinePalmer.s.12">The group will evaluate the product after real units have been produced.</sentence> 

</actions>
<decisions nite:id="IS1008d.JacquelinePalmer.decisions.1">

<sentence nite:id="IS1008d.JacquelinePalmer.s.13">The group decided that the LCD display will be included in the design and that the microphone for the remote will be placed on the side of the device.</sentence>
<sentence nite:id="IS1008d.JacquelinePalmer.s.14">The Project Manager decided to negotiate the cost of production to allow the integration of the display into the design.</sentence>
<sentence nite:id="IS1008d.JacquelinePalmer.s.15">The group will work with other companies to promote the product and have it released along with other products or with an event, such as a sporting event.</sentence>
<sentence nite:id="IS1008d.JacquelinePalmer.s.16">The Project Manager decided that no additional changes will be made to the remote.</sentence> 
<sentence nite:id="IS1008d.JacquelinePalmer.s.17">The product evaluation will occur at a later time, after the production of some real units have been produced, rather than evaluating the prototype.</sentence> 
</decisions>
<problems nite:id="IS1008d.JacquelinePalmer.problems.1">

<sentence nite:id="IS1008d.JacquelinePalmer.s.18">The group will have to make many changes to their original budget plans after the final cost analysis showed that their current budget would not cover the cost of all components and that the current price point would not meet the expected profit goal.</sentence>
<sentence nite:id="IS1008d.JacquelinePalmer.s.19">The group had problems agreeing on the project agenda, if more or less time should have been alotted for user testing and making changes to the design.</sentence> 
</problems>
</nite:root>
