<?xml version="1.0" encoding="ISO-8859-1" standalone="yes"?>
<nite:root xmlns:nite="http://nite.sourceforge.net/">
<abstract nite:id="IS1000c.elana.abstract.1">

<sentence nite:id="IS1000c.elana.s.1">Then the project manager opens the meeting announcing that they will address conceptual design and then giving the agenda.</sentence>  <sentence nite:id="IS1000c.elana.s.2">Matthew arrives late and the marketing expert begins her presentation about trends.</sentence>  <sentence nite:id="IS1000c.elana.s.3">She emphasizes that the remote needs to be exciting, contain a cool feature, and be somewhat intuitive.</sentence>  <sentence nite:id="IS1000c.elana.s.4">She reports that currently fruits and vegetables are fashionable- thus bright eye-catching colors, bold designs, and a spongy feel is appropriate.</sentence>  <sentence nite:id="IS1000c.elana.s.5">She lists ideas such as changable covers, a locator, speech recognition, and LCD screens.</sentence> <sentence nite:id="IS1000c.elana.s.6">The industrial specialist presents, talking about how a remote typically has different keys, structures and forms.</sentence>  <sentence nite:id="IS1000c.elana.s.7">He likes the idea of implenting speech recognition into a universal remote.</sentence>  <sentence nite:id="IS1000c.elana.s.8">They discuss without certainity about the cost of such functions.</sentence>  <sentence nite:id="IS1000c.elana.s.9">The industrial designer presents about remote control components and the manufacturing process, listing options such as various buttons, scroll wheels, integrated push buttons like those in a computer mouse, and LCDs.  They discuss the project budget and the possibility of using an expensive chip.</sentence>  <sentence nite:id="IS1000c.elana.s.10">They decide to make two designs, one more advanced than the other.</sentence>  <sentence nite:id="IS1000c.elana.s.11">The project manager closes the meeting by telling each group member what his/her tasks will be until the next meeting.</sentence>  
</abstract>
<actions nite:id="IS1000c.elana.actions.1">

<sentence nite:id="IS1000c.elana.s.12">The marketing expert will look for the cost inventories of other devices, such as speech recognition.</sentence>  <sentence nite:id="IS1000c.elana.s.13">She will also start evaluating the team's work if possible.</sentence>  
<sentence nite:id="IS1000c.elana.s.14">The industial and interface designer will work together on the two prototypes (one cost-effective and one higher-end).</sentence>  
<sentence nite:id="IS1000c.elana.s.15">They will recieve further instructions by email.</sentence> 
</actions>
<decisions nite:id="IS1000c.elana.decisions.1">

<sentence nite:id="IS1000c.elana.s.16">They decide that the keys on the remote should be smooth, big, and there should not be too many.</sentence>   
</decisions>
<problems nite:id="IS1000c.elana.problems.1">

<sentence nite:id="IS1000c.elana.s.17">They are not certain if the project budget will allow them to use the more expensive chip, so they decided to make two prototypes so that they can compare them and possibly find a compromise.</sentence> 
</problems>
</nite:root>
