<?xml version="1.0" encoding="ISO-8859-1" standalone="yes"?>
<nite:root xmlns:nite="http://nite.sourceforge.net/">
<abstract nite:id="IS1000a.elana.abstract.1">

<sentence nite:id="IS1000a.elana.s.1">The meeting begins with the group trying to resolve some equipment issues and waiting for Anna's arrival.</sentence>  <sentence nite:id="IS1000a.elana.s.2">Then the project manager introduces the meeting by saying they have some technical tools with which to communicate so they will try to get acquainted with them first.</sentence>  <sentence nite:id="IS1000a.elana.s.3">He starts talking about the product they are to design, a remote control which should be original, trendy, and user-friendly.</sentence>  <sentence nite:id="IS1000a.elana.s.4">The general outline of the project will be the functional, conceptual, and detailed design.</sentence>  <sentence nite:id="IS1000a.elana.s.5">They do some tool training by trying out the whiteboard, and each person draws his/her favorite animal on it.</sentence>  <sentence nite:id="IS1000a.elana.s.6">The project manager proceeds to talk about the project finance, which is followed by a group discussion about what functions a good remote control has.</sentence>  <sentence nite:id="IS1000a.elana.s.7">This includes the basics such as on/off, channel up/down browsing, volume and record button(s).</sentence>  <sentence nite:id="IS1000a.elana.s.8">At this point they clarify their names and roles in the group and then resume talking about remote control functions.</sentence>  <sentence nite:id="IS1000a.elana.s.9">They discuss some functions such as a personal video recorder, but say it is probable that they cannot produce a fancy device given their budget.</sentence>  <sentence nite:id="IS1000a.elana.s.10">The project manager closes the meeting by telling each group member what he/she will be working on.</sentence>   
</abstract>
<actions nite:id="IS1000a.elana.actions.1">

<sentence nite:id="IS1000a.elana.s.11">The interface designer will work on a general design.</sentence>
<sentence nite:id="IS1000a.elana.s.12">The industrial designer will work on the technica function design.</sentence>
<sentence nite:id="IS1000a.elana.s.13">The marketing expert will think about user requirements.</sentence> 
</actions>
<decisions nite:id="IS1000a.elana.decisions.1">

<sentence nite:id="IS1000a.elana.s.14">The selling price of the product will be about twenty five Euros each.</sentence> 
<sentence nite:id="IS1000a.elana.s.15">The production cost will be twelve Euros and fifty cents.</sentence>
<sentence nite:id="IS1000a.elana.s.16">The profit will be about fifty million Euro.
-The remote will target an international market.</sentence>  
<sentence nite:id="IS1000a.elana.s.17">The remote will be for use with the television set.</sentence>
<sentence nite:id="IS1000a.elana.s.18">The necessary buttons are on/off, channel up/down browsing, volume, and record button(s).</sentence> 
</decisions>
<problems nite:id="IS1000a.elana.problems.1">

<sentence nite:id="IS1000a.elana.s.19">They have not decided what functions the remote can have, but they have discussed that they may not be able to produce something extremely fancy with the given budget.</sentence>  <sentence nite:id="IS1000a.elana.s.20">They will need to examine user requirements before deciding on what functionalities are necessary.</sentence> 
</problems>
</nite:root>
