<?xml version="1.0" encoding="ISO-8859-1" standalone="yes"?>
<nite:root xmlns:nite="http://nite.sourceforge.net/">
<abstract nite:id="IS1004d.elana.abstract.1">

<sentence nite:id="IS1004d.elana.s.1">The project manager goes through the minutes of the last meeting.</sentence>  <sentence nite:id="IS1004d.elana.s.2">They have the prototype presentation and talk about the final design, features, and power source, type of chip and weight of the remote.</sentence>  <sentence nite:id="IS1004d.elana.s.3">They go through the evaulations, using the a list of criteria made by the marketing expert.</sentence>  <sentence nite:id="IS1004d.elana.s.4">They rate each criteria on a scale of 0 (true) to 7 (false): how fancy it is, how handy it is, how functional, how cool it is, whether they would spend twenty five euro for it, and whether they would change their current remote for this one.</sentence>  <sentence nite:id="IS1004d.elana.s.5">Next they do a cost estimate for production.</sentence>  <sentence nite:id="IS1004d.elana.s.6">In doing this, they decide against solar cells and go with the rechargable batteries.</sentence>  <sentence nite:id="IS1004d.elana.s.7">They keep the regular chip, stick with plastic, put two scroll wheels and three push buttons, and make it a special shade of yellow.</sentence>  <sentence nite:id="IS1004d.elana.s.8">They eliminate the turbo button and give the remote a single curve because of budget restrictions.</sentence>  <sentence nite:id="IS1004d.elana.s.9">They briefly evaulate the project process and close the meeting.</sentence> 
</abstract>
<actions nite:id="IS1004d.elana.actions.1">

<sentence nite:id="IS1004d.elana.s.10">*NA*</sentence>

</actions>
<decisions nite:id="IS1004d.elana.decisions.1">

<sentence nite:id="IS1004d.elana.s.11">It will be shaped like a banana, with an base station resembling a banana leaf for it to sit on.</sentence>
<sentence nite:id="IS1004d.elana.s.12">The volume scroll wheel will be on the left, channel scroll on the right.</sentence>
<sentence nite:id="IS1004d.elana.s.13">Will contain a teletext button, when pressed teletext appears and channel selector can be used to navigate through the teletext.</sentence>
<sentence nite:id="IS1004d.elana.s.14">Infared port on top of banana as well as bottom front of base station.</sentence>
<sentence nite:id="IS1004d.elana.s.15">The control will be the approx.</sentence> <sentence nite:id="IS1004d.elana.s.16">Weight of an actual banana but a special shade of yellow.</sentence>
<sentence nite:id="IS1004d.elana.s.17">Will be made of plastic.</sentence>
<sentence nite:id="IS1004d.elana.s.18">Three push buttons.</sentence>
<sentence nite:id="IS1004d.elana.s.19">For pricing reasons eliminate solar cells - use rechargable batteries as power source, base station used for battery-charging which should last 8-10 hours depending on frequency of use.</sentence>
<sentence nite:id="IS1004d.elana.s.20">For pricing reasons they will use a regular chip for the control rather than advanced one.</sentence>
<sentence nite:id="IS1004d.elana.s.21">For pricing reasons the remote will have a single, not double curve.</sentence>
<sentence nite:id="IS1004d.elana.s.22">For pricing reasons they eliminate the turbo button.</sentence> 
</decisions>
<problems nite:id="IS1004d.elana.problems.1">

<sentence nite:id="IS1004d.elana.s.23">For pricing reasons they had to use a regular chip instead of advanced, single curve instead of double, rechargable batteries instead of solar cells, and eliminate the turbo button.</sentence> 
</problems>
</nite:root>
