<?xml version="1.0" encoding="ISO-8859-1" standalone="yes"?>
<nite:root xmlns:nite="http://nite.sourceforge.net/">
<abstract nite:id="IS1007d.JacquelinePalmer.abstract.1">

<sentence nite:id="IS1007d.JacquelinePalmer.s.1">The User Interface Designer and the Industrial Designer presented two prototypes, one with an LCD screen and one without.</sentence> <sentence nite:id="IS1007d.JacquelinePalmer.s.2">They demonstrated how to navigate through the menus and presented the voice recognition and energy source components and the charging stand.</sentence> <sentence nite:id="IS1007d.JacquelinePalmer.s.3">They discussed their modular design.</sentence> <sentence nite:id="IS1007d.JacquelinePalmer.s.4">They discussed the parental control module and the titanium casing.</sentence> <sentence nite:id="IS1007d.JacquelinePalmer.s.5">The production costs were below budget for the basic models.</sentence> <sentence nite:id="IS1007d.JacquelinePalmer.s.6">The Marketing Expert presented three important user requirements, and also the fruit and vegetable and spongy material trends in fashion.</sentence> <sentence nite:id="IS1007d.JacquelinePalmer.s.7">He then led an evaluation of the prototypes according to these requirements.</sentence> <sentence nite:id="IS1007d.JacquelinePalmer.s.8">The group did not feel that the remotes sufficiently met the criteria.</sentence> <sentence nite:id="IS1007d.JacquelinePalmer.s.9">They decided to continue working on the design and to take out the LCD screen and voice recognition.</sentence> <sentence nite:id="IS1007d.JacquelinePalmer.s.10">They discussed the modular design and its advantages in attracting customers.</sentence> <sentence nite:id="IS1007d.JacquelinePalmer.s.11">The group discussed how to incorporate the fashion trends; it was suggested that one shape was used, which could be customized with skins.</sentence> <sentence nite:id="IS1007d.JacquelinePalmer.s.12">The Project Manager led an evaluation of the group's experience on the project.</sentence> <sentence nite:id="IS1007d.JacquelinePalmer.s.13">The group was pleased with the teamwork and leadership, but one participant complained that not enough information was given about each meeting's agenda.</sentence> 
</abstract>
<actions nite:id="IS1007d.JacquelinePalmer.actions.1">

<sentence nite:id="IS1007d.JacquelinePalmer.s.14">The User Interface Designer and the Industrial Designer will look into options for spongy skin materials.</sentence>

</actions>
<decisions nite:id="IS1007d.JacquelinePalmer.decisions.1">

<sentence nite:id="IS1007d.JacquelinePalmer.s.15">The remote will feature rechargeable double-A batteries and a charging stand.</sentence>
<sentence nite:id="IS1007d.JacquelinePalmer.s.16">The remote can be customized for adults, children, or the elderly.</sentence>
<sentence nite:id="IS1007d.JacquelinePalmer.s.17">The remote has a misplacement reminder that sends a message to the television screen to remind users to put the remote back in the charger when not in use.</sentence>
<sentence nite:id="IS1007d.JacquelinePalmer.s.18">The remote features a modular design that allows users to add as many or as few components as they wish to the basic model.</sentence>
<sentence nite:id="IS1007d.JacquelinePalmer.s.19">The group was unsatisfied with the design and decided to continue working on it, focusing on a fancier design.</sentence> 
<sentence nite:id="IS1007d.JacquelinePalmer.s.20">The remote will not feature an LCD screen or voice recognition.</sentence>
<sentence nite:id="IS1007d.JacquelinePalmer.s.21">The group decided that the teamwork and leadership of the project were good, but that not enough information was given about each meeting's agenda.</sentence> 
</decisions>
<problems nite:id="IS1007d.JacquelinePalmer.problems.1">

<sentence nite:id="IS1007d.JacquelinePalmer.s.22">The group had difficulty deciding what would be displayed on the LCD screen.</sentence> 
<sentence nite:id="IS1007d.JacquelinePalmer.s.23">The group felt that too much focus was placed on the functionality of the remote such that they could not achieve a fancy look.</sentence>
<sentence nite:id="IS1007d.JacquelinePalmer.s.24">The group did not feel that the prototype met the user requirements presented by the Marketing Expert.</sentence>
<sentence nite:id="IS1007d.JacquelinePalmer.s.25">The group could not decide how to incorporate the fashion trends into the design.</sentence>
<sentence nite:id="IS1007d.JacquelinePalmer.s.26">Not enough information was given about the agenda of each meeting.</sentence> 
</problems>
</nite:root>
