<?xml version="1.0" encoding="ISO-8859-1" standalone="yes"?>
<nite:root xmlns:nite="http://nite.sourceforge.net/">
<abstract nite:id="IS1002b.JacquelinePalmer.abstract.1">

<sentence nite:id="IS1002b.JacquelinePalmer.s.1">The Project Manager reviewed new requirements for the project with the group and discussed their implementation.</sentence> <sentence nite:id="IS1002b.JacquelinePalmer.s.2">The Industrial Designer presented the basic components of a remote control device and how they work together.</sentence> <sentence nite:id="IS1002b.JacquelinePalmer.s.3">He showed that the size of the chip they will use is dependent on how many complicated functions are included.</sentence> <sentence nite:id="IS1002b.JacquelinePalmer.s.4">The User Interface Designer stressed that the project should focus on a simple design for the device.</sentence> <sentence nite:id="IS1002b.JacquelinePalmer.s.5">The group discussed not being able to include a teletext component, and that the product design would have to be the main selling point of the device.</sentence> <sentence nite:id="IS1002b.JacquelinePalmer.s.6">The Marketing Expert discussed his marketing strategy for the project, again stressing the attractiveness of the product design.</sentence> <sentence nite:id="IS1002b.JacquelinePalmer.s.7">The Industrial Designer proposed including a battery charging stand with the device but it was decided that it was not a useful feature.</sentence> <sentence nite:id="IS1002b.JacquelinePalmer.s.8">The group continued to discuss the marketing strategy for the device as it would not include many advanced technological functions; they discussed including a guarantee for the remote and using a unique form factor.</sentence> 
</abstract>
<actions nite:id="IS1002b.JacquelinePalmer.actions.1">

NA

</actions>
<decisions nite:id="IS1002b.JacquelinePalmer.decisions.1">

<sentence nite:id="IS1002b.JacquelinePalmer.s.9">The group decided that they want to incorporate teletext despite the management's directive.</sentence> 
<sentence nite:id="IS1002b.JacquelinePalmer.s.10">The group does not want to include the battery charging stand.</sentence> 
</decisions>
<problems nite:id="IS1002b.JacquelinePalmer.problems.1">

<sentence nite:id="IS1002b.JacquelinePalmer.s.11">There was a lack of information about the cost of components and materials.</sentence>
<sentence nite:id="IS1002b.JacquelinePalmer.s.12">The group felt constrained by the new project requirements and had difficulties implementing the management's directives.</sentence> 
</problems>
</nite:root>
