<?xml version="1.0" encoding="ISO-8859-1" standalone="yes"?>
<nite:root xmlns:nite="http://nite.sourceforge.net/">
<abstract nite:id="IS1005c.rdhillon.abstract.1">

<sentence nite:id="IS1005c.rdhillon.s.1">The project manager stated that the goal for the current meeting was to decide upon a concept for the remote the team is creating.</sentence>  <sentence nite:id="IS1005c.rdhillon.s.2">The marketing expert discussed his findings from trend watching reports.</sentence>  <sentence nite:id="IS1005c.rdhillon.s.3">He found that current trends are such that a product must have a fancy look and feel, be technologically innovative, be easy to use, incorporate a fruit and vegetable motif, and must be spongy.</sentence>  <sentence nite:id="IS1005c.rdhillon.s.4">The user interface designer discussed how to create an interface for a remote that is easy to use.</sentence>  <sentence nite:id="IS1005c.rdhillon.s.5">The user interface designer discussed the placement of commonly used buttons, the overall shape of a remote, and how to hide less commonly used buttons.</sentence>  <sentence nite:id="IS1005c.rdhillon.s.6">The industrial designer discussed various components and energy sources the remote could include.</sentence>  <sentence nite:id="IS1005c.rdhillon.s.7">The industrial designer focused on the use of a TFT screen and the use of solar cells to supplement the energy from two regular batteries.</sentence>  <sentence nite:id="IS1005c.rdhillon.s.8">The team then discussed and made decisions regarding the option to use solar cells, the specifications of an LCD screen, how to incorporate a fruit and vegetable motif into their design, and how to hide lesser used buttons.</sentence> 
</abstract>
<actions nite:id="IS1005c.rdhillon.actions.1">

<sentence nite:id="IS1005c.rdhillon.s.9">The industrial designer will work on the look and feel of the design.</sentence>
<sentence nite:id="IS1005c.rdhillon.s.10">The user interface designer will work on the user interface design.</sentence>
<sentence nite:id="IS1005c.rdhillon.s.11">The marketing expert will work on the project evaluation.</sentence>
<sentence nite:id="IS1005c.rdhillon.s.12">The industrial designer and user interface designer will work together on a prototype</sentence>
</actions>
<decisions nite:id="IS1005c.rdhillon.decisions.1">

<sentence nite:id="IS1005c.rdhillon.s.13">The remote will feature a small sized LCD screen.</sentence>
<sentence nite:id="IS1005c.rdhillon.s.14">The LCD screen on the remote will be a touch screen.</sentence>
<sentence nite:id="IS1005c.rdhillon.s.15">The remote will resemble a banana.</sentence>
<sentence nite:id="IS1005c.rdhillon.s.16">The remote will use infra-red technology.</sentence>
<sentence nite:id="IS1005c.rdhillon.s.17">The remote will have a spongy outer layer.</sentence>
<sentence nite:id="IS1005c.rdhillon.s.18">The remote will have a hidden layer containing the lesser used buttons.</sentence>
<sentence nite:id="IS1005c.rdhillon.s.19">The remote will feature solar cells.</sentence>
<sentence nite:id="IS1005c.rdhillon.s.20">The remote will use speech recognition.</sentence> 
</decisions>
<problems nite:id="IS1005c.rdhillon.problems.1">

<sentence nite:id="IS1005c.rdhillon.s.21">Size of TFT screen and its impact on the size of the remote overall.</sentence>
<sentence nite:id="IS1005c.rdhillon.s.22">Whether users will expose the remote to sunlight to recharge it if the remote contains solar cells.</sentence>
<sentence nite:id="IS1005c.rdhillon.s.23">The size and shape of the remote.</sentence>
<sentence nite:id="IS1005c.rdhillon.s.24">How to incorporate a fruit and vegetable motif into the design of the remote.</sentence>
<sentence nite:id="IS1005c.rdhillon.s.25">How to have a fruit shaped remote with an LCD screen.</sentence>
<sentence nite:id="IS1005c.rdhillon.s.26">How to hide the lesser used buttons.</sentence> 
</problems>
</nite:root>
