<?xml version="1.0" encoding="ISO-8859-1" standalone="yes"?>
<nite:root xmlns:nite="http://nite.sourceforge.net/">
<abstract nite:id="IS1003d.rdhillon.abstract.1">

<sentence nite:id="IS1003d.rdhillon.s.1">The User Interface Designer and the Industrial Designer presented their prototype for the remote.</sentence>  <sentence nite:id="IS1003d.rdhillon.s.2">The prototype was yellow and red and was shaped like a mushroom.</sentence>  <sentence nite:id="IS1003d.rdhillon.s.3">The team then conducted a product evaluation of the prototype.</sentence>  <sentence nite:id="IS1003d.rdhillon.s.4">Overall, the team found the prototype to be technologically innovative but had some issues with the prototype's appearance and its usability.</sentence>  <sentence nite:id="IS1003d.rdhillon.s.5">The team decided that the prototype required further work.</sentence>  <sentence nite:id="IS1003d.rdhillon.s.6">The team then discussed the production costs of the remote and what features they should retain or lose in order to maintain their target cost.</sentence>  <sentence nite:id="IS1003d.rdhillon.s.7">In discussing the production costs, the team settled on what features they wanted in the remote, while staying within the boundaries of their budget, and decided it was not necessary to completely redesign their product.</sentence>  <sentence nite:id="IS1003d.rdhillon.s.8">The team then engaged in a project evaluation in which the team discussed the process of creating their product.</sentence> 
</abstract>
<actions nite:id="IS1003d.rdhillon.actions.1">

<sentence nite:id="IS1003d.rdhillon.s.9">*NA*</sentence>
</actions>
<decisions nite:id="IS1003d.rdhillon.decisions.1">

<sentence nite:id="IS1003d.rdhillon.s.10">The remote will be shaped like a pineapple.</sentence>
<sentence nite:id="IS1003d.rdhillon.s.11">The remote will be made of plastic.</sentence>
<sentence nite:id="IS1003d.rdhillon.s.12">The case of the remote will be single curved.</sentence>
<sentence nite:id="IS1003d.rdhillon.s.13">The remote will have one solar cell.</sentence>
<sentence nite:id="IS1003d.rdhillon.s.14">The remote will have a scroll wheel.</sentence>
<sentence nite:id="IS1003d.rdhillon.s.15">The remote will feature only one push button.</sentence>
<sentence nite:id="IS1003d.rdhillon.s.16">The corporate logo will need to be incorporated into the product.</sentence> 
</decisions>
<problems nite:id="IS1003d.rdhillon.problems.1">

<sentence nite:id="IS1003d.rdhillon.s.17">Whether to use a mushroom or another fruit or vegetable as the basis of the shape of the remote.</sentence>
<sentence nite:id="IS1003d.rdhillon.s.18">Having a base on the remote which the user is required to turn in a circular motion in order to change the channel.</sentence> 
</problems>
</nite:root>
