<?xml version="1.0" encoding="ISO-8859-1" standalone="yes"?>
<nite:root xmlns:nite="http://nite.sourceforge.net/">
<abstract nite:id="IS1007a.JacquelinePalmer.abstract.1">

<sentence nite:id="IS1007a.JacquelinePalmer.s.1">The Project Manager introduced the project to the group.</sentence> <sentence nite:id="IS1007a.JacquelinePalmer.s.2">The group set an agenda for the meeting and discussed the materials sent to them by the Account Manager.</sentence> <sentence nite:id="IS1007a.JacquelinePalmer.s.3">They discussed and explained their roles in the project.</sentence> <sentence nite:id="IS1007a.JacquelinePalmer.s.4">The group began a discussion about their initial ideas for the product.</sentence> <sentence nite:id="IS1007a.JacquelinePalmer.s.5">They discussed several usability features: adding speech recognition and an option to choose what to watch by channel or by content, reducing the number of buttons by using the television screen to display options, and adding a light adaptation system.</sentence> <sentence nite:id="IS1007a.JacquelinePalmer.s.6">All participants were instructed to gather more information for the next meeting, the functional design meeting.</sentence> 
</abstract>
<actions nite:id="IS1007a.JacquelinePalmer.actions.1">

<sentence nite:id="IS1007a.JacquelinePalmer.s.7">All participants were instructed to gather information for the functional design meeting.</sentence>

</actions>
<decisions nite:id="IS1007a.JacquelinePalmer.decisions.1">

<sentence nite:id="IS1007a.JacquelinePalmer.s.8">The group decided to include an option for the user to choose what to watch by channel or by content or program type.</sentence>  
</decisions>
<problems nite:id="IS1007a.JacquelinePalmer.problems.1">

<sentence nite:id="IS1007a.JacquelinePalmer.s.9">The project agenda and the participant roles were not clear to all participants at the beginning of the meeting.</sentence> 
<sentence nite:id="IS1007a.JacquelinePalmer.s.10">The group could not decide if they wanted to include speech recognition in the design.</sentence> 
</problems>
</nite:root>
