<?xml version="1.0" encoding="ISO-8859-1" standalone="yes"?>
<nite:root xmlns:nite="http://nite.sourceforge.net/">
<abstract nite:id="IS1005a.rdhillon.abstract.1">

<sentence nite:id="IS1005a.rdhillon.s.1">The project manager opened the meeting and had the team members introduce themselves by name and their role in the project.</sentence>  <sentence nite:id="IS1005a.rdhillon.s.2">The project manager introduced the upcoming project to the team and then had the team members participate in a tool training exercise in which each member drew his favorite animal on the white board and discussed what he liked about the animal.</sentence>  <sentence nite:id="IS1005a.rdhillon.s.3">The project manager also discussed selling prices and the project budget.</sentence>  <sentence nite:id="IS1005a.rdhillon.s.4">The team then discussed their experiences with remotes, focusing on various features they would like to see in the remote they will produce, as well as features they find unappealing in current remotes.</sentence> 
</abstract>
<actions nite:id="IS1005a.rdhillon.actions.1">

<sentence nite:id="IS1005a.rdhillon.s.5">The interface designer will work on the technical functions of the remote.</sentence>
<sentence nite:id="IS1005a.rdhillon.s.6">The marketing expert will find the user requirements for the remote</sentence>
</actions>
<decisions nite:id="IS1005a.rdhillon.decisions.1">

<sentence nite:id="IS1005a.rdhillon.s.7">The remote will sell for 25 Euro.</sentence>
<sentence nite:id="IS1005a.rdhillon.s.8">The remote will be sold internationally.</sentence>
<sentence nite:id="IS1005a.rdhillon.s.9">The production costs cannot exceed 12.50 Euro.</sentence> 
</decisions>
<problems nite:id="IS1005a.rdhillon.problems.1">

<sentence nite:id="IS1005a.rdhillon.s.10">*NA*.</sentence> 
</problems>
</nite:root>
