<?xml version="1.0" encoding="ISO-8859-1" standalone="yes"?>
<nite:root xmlns:nite="http://nite.sourceforge.net/">
<abstract nite:id="IS1004b.elana.abstract.1">

<sentence nite:id="IS1004b.elana.s.1">The project manager opens the meeting stating that they will address the functional design of the remote and saying they are still undecided about whether it should be universal or specific.</sentence>  <sentence nite:id="IS1004b.elana.s.2">He suggests they name the project and they come up with "mando", meaning "control" in Spanish.</sentence>  <sentence nite:id="IS1004b.elana.s.3">The marketing expert presents some research done on user opinions of remotes.</sentence>  <sentence nite:id="IS1004b.elana.s.4">He suggests the use of using voice recognition or an LCD, which they discuss despite concerns about budget limitation.</sentence>  <sentence nite:id="IS1004b.elana.s.5">The industrial designer presents, showing examples of existing products and suggesting they add a scroll wheel for channel-changing.</sentence>  <sentence nite:id="IS1004b.elana.s.6">He says Internet capability might be necessary for an LCD and then brings up button size, suggesting having a flip-open door with extra buttons under it.</sentence>  <sentence nite:id="IS1004b.elana.s.7">They discuss voice recognition again, and then the interface specialist presents.</sentence>  <sentence nite:id="IS1004b.elana.s.8">He suggests they have two types of user interfaces and brings up that voice recognition would increase production price.</sentence>  <sentence nite:id="IS1004b.elana.s.9">They talk about the budget limitations on features and then the project manager summarizes decisios made and closes the meeting by teeling each group member what he should work on.</sentence> 
</abstract>
<actions nite:id="IS1004b.elana.actions.1">

<sentence nite:id="IS1004b.elana.s.10">The industrial designer will work on the component concept.</sentence>
<sentence nite:id="IS1004b.elana.s.11">The interface specialist will work on the user interface.</sentence>
<sentence nite:id="IS1004b.elana.s.12">The marketing expert will work on trend-watching.</sentence>

</actions>
<decisions nite:id="IS1004b.elana.decisions.1">

<sentence nite:id="IS1004b.elana.s.13">The remote control will be for television only.</sentence>  
<sentence nite:id="IS1004b.elana.s.14">The remote control should be fancy, a good shape, and not too small or too big.</sentence>  
<sentence nite:id="IS1004b.elana.s.15">To target towards young people will bring in new technology.</sentence>  
<sentence nite:id="IS1004b.elana.s.16">A wheel should be used to navigate.</sentence>  
<sentence nite:id="IS1004b.elana.s.17">Because of budget restrictions, they cannot do speech recognition technologies.</sentence>  
<sentence nite:id="IS1004b.elana.s.18">Corporate logo will be clearly displayed on product.</sentence> 
</decisions>
<problems nite:id="IS1004b.elana.problems.1">

<sentence nite:id="IS1004b.elana.s.19">They have not yet decided whether to include an LCD screen.</sentence>  <sentence nite:id="IS1004b.elana.s.20">Although the project manager clearly does not favor the idea because of budget costs and the possible requirement of internet connection, others are pushing for it.</sentence>  <sentence nite:id="IS1004b.elana.s.21">They find that the budget is restricting their capabilities, and mentioned increasing the price of the remote control.</sentence>  
</problems>
</nite:root>
