<?xml version="1.0" encoding="ISO-8859-1" standalone="yes"?>
<nite:root xmlns:nite="http://nite.sourceforge.net/">
<abstract nite:id="IS1006a.rdhillon.abstract.1">

<sentence nite:id="IS1006a.rdhillon.s.1">The project manager opened the meeting and introduced the upcoming project to the team members.</sentence>  <sentence nite:id="IS1006a.rdhillon.s.2">The team members then participated in an exercise in which each team member drew his favorite animal and discussed why he liked the particular animal.</sentence>  <sentence nite:id="IS1006a.rdhillon.s.3">After the drawing exercise, the project manager discussed selling prices and production costs for the remote the team will design.</sentence>  <sentence nite:id="IS1006a.rdhillon.s.4">The project manager also indicated that the remote will be sold internationally and that two million remotes are expected to be sold.</sentence>  <sentence nite:id="IS1006a.rdhillon.s.5">The team then discussed their experiences using remotes in the past and what features to consider implementing in the remote they will produce.</sentence>  <sentence nite:id="IS1006a.rdhillon.s.6">The team members discussed child proof capabilities, color options, how to adapt a remote for left-handed users, a "go back" function, the size of a remote, buttons, and LCD screens.</sentence>  <sentence nite:id="IS1006a.rdhillon.s.7">The project manager closed the meeting and gave the team members their assignments and then one of the team members briefly went over his role on the team.</sentence> 
</abstract>
<actions nite:id="IS1006a.rdhillon.actions.1">

<sentence nite:id="IS1006a.rdhillon.s.8">The team members will work on the ideas which arose during the meeting and decide which ones are useful and which ones should be discarded.</sentence>
<sentence nite:id="IS1006a.rdhillon.s.9">The team members will work on the technical aspects of the remote</sentence>
</actions>
<decisions nite:id="IS1006a.rdhillon.decisions.1">

<sentence nite:id="IS1006a.rdhillon.s.10">The remote will be sold for 25 Euro.</sentence>
<sentence nite:id="IS1006a.rdhillon.s.11">The production costs for the remote will be 12.50 Euro maximum.</sentence>
<sentence nite:id="IS1006a.rdhillon.s.12">The remote will be child proof.</sentence>
<sentence nite:id="IS1006a.rdhillon.s.13">The remote will be colorful and will have different colored changeable face plates.</sentence>
<sentence nite:id="IS1006a.rdhillon.s.14">The remote will be adaptable so that it can be used by right-handed and left-handed people.</sentence>
<sentence nite:id="IS1006a.rdhillon.s.15">The remote will feature a button which allows the user to return to the previous channel he was viewing.</sentence> 
</decisions>
<problems nite:id="IS1006a.rdhillon.problems.1">

<sentence nite:id="IS1006a.rdhillon.s.16">Size of remote.</sentence>
<sentence nite:id="IS1006a.rdhillon.s.17">Whether to include a screen similar to one found on a cell phone on the remote.</sentence>
<sentence nite:id="IS1006a.rdhillon.s.18">How many buttons and actions to include on the remote.</sentence> 
</problems>
</nite:root>
