<?xml version="1.0" encoding="ISO-8859-1" standalone="yes"?>
<nite:root xmlns:nite="http://nite.sourceforge.net/">
<abstract nite:id="IS1002d.JacquelinePalmer.abstract.1">

<sentence nite:id="IS1002d.JacquelinePalmer.s.1">The User Interface Designer and the Industrial Designer presented the prototype to the group and displayed all of its components.</sentence> <sentence nite:id="IS1002d.JacquelinePalmer.s.2">They demonstrated how the locator function operates.</sentence> <sentence nite:id="IS1002d.JacquelinePalmer.s.3">They suggested that a trigger button should be included in a later designing phase to improve the feel of the product.</sentence> <sentence nite:id="IS1002d.JacquelinePalmer.s.4">The Marketing Expert gave an evaluation of the product and felt that it satisfied his criteria.</sentence> <sentence nite:id="IS1002d.JacquelinePalmer.s.5">He suggested including a lifetime guarantee and expressed concern that the remote would only be used for televisions.</sentence> <sentence nite:id="IS1002d.JacquelinePalmer.s.6">The Project Manager discussed the final production cost with the group; after an analysis of all of the components the final cost was 15.8 Euros.</sentence> <sentence nite:id="IS1002d.JacquelinePalmer.s.7">The Project Manager then led a discussion about the group's experience on the project.</sentence> <sentence nite:id="IS1002d.JacquelinePalmer.s.8">The group felt that they worked well together and that they had room to be creative, but only after they changed many of the initial specifications.</sentence> <sentence nite:id="IS1002d.JacquelinePalmer.s.9">They also had difficulties using the meeting-room equipment.</sentence> <sentence nite:id="IS1002d.JacquelinePalmer.s.10">They were satisfied with the increased final cost and budget.</sentence>  
</abstract>
<actions nite:id="IS1002d.JacquelinePalmer.actions.1">

NA

</actions>
<decisions nite:id="IS1002d.JacquelinePalmer.decisions.1">

<sentence nite:id="IS1002d.JacquelinePalmer.s.11">The group was satisfied enough with the prototype and the final production cost to continue with the current prototype.</sentence> 
</decisions>
<problems nite:id="IS1002d.JacquelinePalmer.problems.1">

<sentence nite:id="IS1002d.JacquelinePalmer.s.12">The Marketing Expert was still concerned that the remote would only be used for televisions.</sentence>
<sentence nite:id="IS1002d.JacquelinePalmer.s.13">The group felt that they had room to be creative, but only after they changed the initial specifications.</sentence> 
<sentence nite:id="IS1002d.JacquelinePalmer.s.14">The group had difficulties with their computers and much of the meeting-room equipment.</sentence> 
</problems>
</nite:root>
