<?xml version="1.0" encoding="ISO-8859-1" standalone="yes"?>
<nite:root xmlns:nite="http://nite.sourceforge.net/">
<abstract nite:id="IS1001d.JacquelinePalmer.abstract.1">

<sentence nite:id="IS1001d.JacquelinePalmer.s.1">The Project Manager presented the final cost of the remote with the finalized list of components.</sentence> <sentence nite:id="IS1001d.JacquelinePalmer.s.2">The final cost was under the alotted budget; the Project Manager announced that the project could then continue with the current prototype.</sentence> <sentence nite:id="IS1001d.JacquelinePalmer.s.3">The Marketing Expert presented an evaluation of the prototype to the group.</sentence> <sentence nite:id="IS1001d.JacquelinePalmer.s.4">The group evaluated the prototype based on the requirements of users presented in the first meetings.</sentence> <sentence nite:id="IS1001d.JacquelinePalmer.s.5">The group decided that the prototype met enough of these goals to be able to market the product.</sentence> <sentence nite:id="IS1001d.JacquelinePalmer.s.6">The prototype was presented and the group discussed the look of the prototype.</sentence> <sentence nite:id="IS1001d.JacquelinePalmer.s.7">The Project Manager summarized the accomplishments of the meeting.</sentence>  
</abstract>
<actions nite:id="IS1001d.JacquelinePalmer.actions.1">

NA

</actions>
<decisions nite:id="IS1001d.JacquelinePalmer.decisions.1">

<sentence nite:id="IS1001d.JacquelinePalmer.s.8">The group decided that the final cost of the prototype was low enough that they could continue with the current prototype and still meet the profit goals.</sentence>
<sentence nite:id="IS1001d.JacquelinePalmer.s.9">The group also decided that the design of the prototype was satisfactory and met enough of the users' requirements to be able to be marketed.</sentence>  
</decisions>
<problems nite:id="IS1001d.JacquelinePalmer.problems.1">

<sentence nite:id="IS1001d.JacquelinePalmer.s.10">NA.</sentence> 
</problems>
</nite:root>
