<?xml version="1.0" encoding="ISO-8859-1" standalone="yes"?>
<nite:root xmlns:nite="http://nite.sourceforge.net/">
<abstract nite:id="IS1000b.elana.abstract.1">

<sentence nite:id="IS1000b.elana.s.1">The project manager opens the meeting and presents the agenda using slides.</sentence>  <sentence nite:id="IS1000b.elana.s.2">The marketing expert explains the research she read about, which is a study done on 100 people asking their remote usage habits and preferences.</sentence>  <sentence nite:id="IS1000b.elana.s.3">The Industrial Designer presents, explaining the basic function of a remote control and how it works.</sentence>  <sentence nite:id="IS1000b.elana.s.4">He says they should first agree on the technical functions before he creates working design and chooses the chips and infrared components to build it.</sentence>  <sentence nite:id="IS1000b.elana.s.5">The Interface Designer gives his presentation, talking about the remote's technical function of sending a message to the TV set that is decoded by the TV.</sentence> <sentence nite:id="IS1000b.elana.s.6">Standard TV remotes have an on/off button, play, volume change, number keypad, and a 1 or 2 digit option.</sentence>  <sentence nite:id="IS1000b.elana.s.7">He suggests that in aiming for the next generation they should have a remote for the TV and video integrated together.</sentence>  <sentence nite:id="IS1000b.elana.s.8">The project manager recieves a message from account manager, which he shares with the group.</sentence>  <sentence nite:id="IS1000b.elana.s.9">They discuss and determine the target group as well as the possibility of making a universal remote for stereo, VCR, and TV.</sentence>  <sentence nite:id="IS1000b.elana.s.10">They close the meeting with the project manager telling each group member what they will do before the next meeting.</sentence>   
</abstract>
<actions nite:id="IS1000b.elana.actions.1">

<sentence nite:id="IS1000b.elana.s.11">The industrial designer will try to find out which components are needed.</sentence>
<sentence nite:id="IS1000b.elana.s.12">The interface designer will get more specific user interface content.</sentence>
<sentence nite:id="IS1000b.elana.s.13">The marketing expert will look at what trends are in this type of market</sentence>

</actions>
<decisions nite:id="IS1000b.elana.decisions.1">

<sentence nite:id="IS1000b.elana.s.14">They will target the 20-40 age group.</sentence>
<sentence nite:id="IS1000b.elana.s.15">Teletext is a well known feature of televisions but is no longer in frequent use because of the internet, will not be used.</sentence>
<sentence nite:id="IS1000b.elana.s.16">The remote should be trendy as possible but still have a reliable image so that it does not appear poorly-functional.</sentence> 
</decisions>
<problems nite:id="IS1000b.elana.problems.1">

<sentence nite:id="IS1000b.elana.s.17">The group is interested in creating a universal remote, however they are unable to deterine what components are needed without looking at the standards and current trends in the market.</sentence>  <sentence nite:id="IS1000b.elana.s.18">One group member brought up that it is not possible to make a universal high-performance remote with the given budget.</sentence>  <sentence nite:id="IS1000b.elana.s.19">More research is necessary to determine this.</sentence> 
</problems>
</nite:root>
