<?xml version="1.0" encoding="ISO-8859-1" standalone="yes"?>
<nite:root xmlns:nite="http://nite.sourceforge.net/">
<abstract nite:id="IS1001b.JacquelinePalmer.abstract.1">

<sentence nite:id="IS1001b.JacquelinePalmer.s.1">The User Interface Designer presented the major components of the interface design, dividing the interface into two parts: voice commands and buttons.</sentence> <sentence nite:id="IS1001b.JacquelinePalmer.s.2">The Marketing Expert went over users' requirements as seen in a company study and showed that the major complaint was that remotes were too difficult to use.</sentence> <sentence nite:id="IS1001b.JacquelinePalmer.s.3">She also showed that users want fancier and more ergonomic designs, shock protection, voice recognition, and LCD screens.</sentence> <sentence nite:id="IS1001b.JacquelinePalmer.s.4">The Project Manager announced a new requirement to the group, that the remote is only to control televisions.</sentence> <sentence nite:id="IS1001b.JacquelinePalmer.s.5">The Industrial Designer gave a layout of the internal functions of the device and showed that a standard chip, instead of a larger one that would accomodate voice recognition, would be the most feasible.</sentence> <sentence nite:id="IS1001b.JacquelinePalmer.s.6">The Project Manager announced also that the group was not to include a teletext function and that they should integrate the company logo into the external design.</sentence> <sentence nite:id="IS1001b.JacquelinePalmer.s.7">The group decided on what button functions should be included and decided to eliminate the LCD screen and voice recognition from the design due to time and cost restraints.</sentence>  
</abstract>
<actions nite:id="IS1001b.JacquelinePalmer.actions.1">

NA

</actions>
<decisions nite:id="IS1001b.JacquelinePalmer.decisions.1">

<sentence nite:id="IS1001b.JacquelinePalmer.s.8">The group decided to include a previous channel change button to the standard remote buttons, and to have a wheel for changing channels in increments, with a smaller number pad below it.</sentence>
<sentence nite:id="IS1001b.JacquelinePalmer.s.9">The remote will not have an LCD screen.</sentence>
<sentence nite:id="IS1001b.JacquelinePalmer.s.10">The remote will not include speech recognition.</sentence> 
</decisions>
<problems nite:id="IS1001b.JacquelinePalmer.problems.1">

<sentence nite:id="IS1001b.JacquelinePalmer.s.11">The group experienced many technical difficulties with their presentations; all participants encountered problems when opening their presentations.</sentence> 
</problems>
</nite:root>
