<?xml version="1.0" encoding="ISO-8859-1" standalone="yes"?>
<nite:root xmlns:nite="http://nite.sourceforge.net/">
<abstract nite:id="IS1004a.elana.abstract.1">

<sentence nite:id="IS1004a.elana.s.1">The project manager Sebastian opens the meeting.</sentence>  <sentence nite:id="IS1004a.elana.s.2">The rest introduce themselves, including Michael the interface designer, Guillermo the marketing expert, and Hemant the industrial designer.</sentence>  <sentence nite:id="IS1004a.elana.s.3">The project manager states the goal of the project, which is to develop a new remote control.</sentence>  <sentence nite:id="IS1004a.elana.s.4">It should be original, trendy, and user-friendly.</sentence>  <sentence nite:id="IS1004a.elana.s.5">He also mentions the three-step project- functional design, conceptual design, and detailed design.</sentence>  <sentence nite:id="IS1004a.elana.s.6">Then they take turns drawing their favorite animal on the white board.</sentence>  <sentence nite:id="IS1004a.elana.s.7">After that they briefly discuss finances.</sentence>  <sentence nite:id="IS1004a.elana.s.8">The remote control's target selling price of twenty-five Euro dollars and will be for the international market.</sentence>  <sentence nite:id="IS1004a.elana.s.9">They need to generate a profit of fifty million Euros.</sentence>  <sentence nite:id="IS1004a.elana.s.10">The question of whether the remote control should be for a specific device was brought up but not answered.</sentence>  <sentence nite:id="IS1004a.elana.s.11">The project manager closes the meeting, telling each group member what he is responsible for and reminding them that they will receive more information by email.</sentence> 
</abstract>
<actions nite:id="IS1004a.elana.actions.1">

<sentence nite:id="IS1004a.elana.s.12">The project manager designates each group member's task- working on the working design, technical functions, or user requirement specs.</sentence>  <sentence nite:id="IS1004a.elana.s.13">They will receive more information by email.</sentence>

</actions>
<decisions nite:id="IS1004a.elana.decisions.1">

<sentence nite:id="IS1004a.elana.s.14">The project goal is to develop a new remote control.</sentence>
<sentence nite:id="IS1004a.elana.s.15">The target selling price will be 25 Euro dollars.</sentence>
<sentence nite:id="IS1004a.elana.s.16">They will target the international market.</sentence>
<sentence nite:id="IS1004a.elana.s.17">They will generate a proft of fifty million Euros.</sentence> 
</decisions>
<problems nite:id="IS1004a.elana.problems.1">

<sentence nite:id="IS1004a.elana.s.18">A group member asks whether it is going to be a stand-alone unit, or one that requires a T.V. beforehand.</sentence>  <sentence nite:id="IS1004a.elana.s.19">They did not decide yet what type of remote control to produce- whether it should be for a specific device or universal.</sentence>  <sentence nite:id="IS1004a.elana.s.20">The main concern is that they do not know what the product is, yet they have to make it fit that price bracket.</sentence>    
</problems>
</nite:root>
