<?xml version="1.0" encoding="ISO-8859-1" standalone="yes"?>
<nite:root xmlns:nite="http://nite.sourceforge.net/">
<abstract nite:id="TS3004d.dharshi.abstract.1">
<sentence nite:id="TS3004d.dharshi.s.1">The project manager presented the agenda and the minutes from the previous meeting.</sentence>  <sentence nite:id="TS3004d.dharshi.s.2">The group discussed speech recognition , whether the remote should slide open or fold open, and what type of chip they should use.</sentence>  <sentence nite:id="TS3004d.dharshi.s.3">The designers presented the prototype, which resembles an ipod in appearance, and is made of transparent coloured plastic.</sentence>  <sentence nite:id="TS3004d.dharshi.s.4">The colours will be changeable.</sentence>  <sentence nite:id="TS3004d.dharshi.s.5">The remote has both buttons and a scroll wheel.</sentence>  <sentence nite:id="TS3004d.dharshi.s.6">The number buttons have a back-light.</sentence>  <sentence nite:id="TS3004d.dharshi.s.7">The group discussed adding extra buttons/functions.</sentence>  <sentence nite:id="TS3004d.dharshi.s.8">The prototype was evaluated and received an average overall score of 1.8.</sentence>  <sentence nite:id="TS3004d.dharshi.s.9">The project manager went through the finances, and the total cost came to 12.3 euros, although this did not include the cost of the recharger, which was not on the price list.</sentence>  <sentence nite:id="TS3004d.dharshi.s.10">The group evaluated the project process, and were generally pleased with their creativity and teamwork, but were unsatisfied with the equipment.</sentence>    

</abstract>
<actions nite:id="TS3004d.dharshi.actions.1">
<sentence nite:id="TS3004d.dharshi.s.11">The group have to fill out a final questionnaire.</sentence>

</actions>
<decisions nite:id="TS3004d.dharshi.decisions.1">
<sentence nite:id="TS3004d.dharshi.s.12">The remote will be made of hard, transparent coloured plastic, and will come in different colours.</sentence>  <sentence nite:id="TS3004d.dharshi.s.13">The remote will include buttons and a scroll wheel.</sentence>  <sentence nite:id="TS3004d.dharshi.s.14">The remote control will feature speech recognition and a slide-out second level.</sentence>

</decisions>
<problems nite:id="TS3004d.dharshi.problems.1">
<sentence nite:id="TS3004d.dharshi.s.15">The designers had not included the slide-out second level in their drawing of the prototype.</sentence>  <sentence nite:id="TS3004d.dharshi.s.16">The group were unsure how many extra buttons would be needed for speech recognition.</sentence>  <sentence nite:id="TS3004d.dharshi.s.17">The group felt the information they got was not always useful, or was not given to them at the right time.</sentence>  <sentence nite:id="TS3004d.dharshi.s.18">It was felt that the group should have received the information about costs before designing the prototype.</sentence>  <sentence nite:id="TS3004d.dharshi.s.19">The group had problems with the smart board and digital pens.</sentence>
</problems>
</nite:root>
