<?xml version="1.0" encoding="ISO-8859-1" standalone="yes"?>
<nite:root xmlns:nite="http://nite.sourceforge.net/">
<abstract nite:id="TS3006d.dharshi.abstract.1">
<sentence nite:id="TS3006d.dharshi.s.1">The project manager decided to start by looking at costs instead of the prototype presentation because the original design was too expensive and had to be changed.</sentence>  <sentence nite:id="TS3006d.dharshi.s.2">The group discussed which features should be dropped.</sentence>  <sentence nite:id="TS3006d.dharshi.s.3">The group decided that the LCD screen was integral to their design, but dropped the speech recognition.</sentence>  <sentence nite:id="TS3006d.dharshi.s.4">They decided to drop all the buttons in favour of an integrated scroll push-button, and to use a hand dynamo instead of kinetic energy as a power source.</sentence>  <sentence nite:id="TS3006d.dharshi.s.5">The marketing expert led the prototype evaluation, based on the new design.</sentence>  <sentence nite:id="TS3006d.dharshi.s.6">The group were satisfied with the overall score of 3.1.</sentence>  <sentence nite:id="TS3006d.dharshi.s.7">The industrial designer and user interface designer worked on a drawing of the new design, while the project manager and marketing manager worked on the final report.</sentence>  <sentence nite:id="TS3006d.dharshi.s.8">The project manager led an evaluation of the project process.</sentence>  <sentence nite:id="TS3006d.dharshi.s.9">The group thought that they worked well together, especially after the first meeting.</sentence>  <sentence nite:id="TS3006d.dharshi.s.10">They were happy with the room for creativity, but thought they were limited by the budget.</sentence>  <sentence nite:id="TS3006d.dharshi.s.11">They preferred the digital pens to the SMARTboard.  They had mixed feelings about using PowerPoint.</sentence>

</abstract>
<actions nite:id="TS3006d.dharshi.actions.1">
<sentence nite:id="TS3006d.dharshi.s.12">The project manager will complete the final report.</sentence>

</actions>
<decisions nite:id="TS3006d.dharshi.decisions.1">
<sentence nite:id="TS3006d.dharshi.s.13">The remote will be single-curved.</sentence>  <sentence nite:id="TS3006d.dharshi.s.14">The remote will no longer feature speech recognition, but will still have an LCD screen.</sentence>  <sentence nite:id="TS3006d.dharshi.s.15">It will be made of plastic instead of rubber.</sentence>  <sentence nite:id="TS3006d.dharshi.s.16">It will have one integrated scroll push-button and no other buttons.</sentence>  <sentence nite:id="TS3006d.dharshi.s.17">The remote will be powered by a hand dynamo instead of kinetic energy.</sentence>

</decisions>
<problems nite:id="TS3006d.dharshi.problems.1">
<sentence nite:id="TS3006d.dharshi.s.18">The group's original design was too expensive, costing 25 Euros, so the remote had to be substantially redesigned.</sentence>  <sentence nite:id="TS3006d.dharshi.s.19">The group were unsure about which features to drop and which to keep.</sentence>  <sentence nite:id="TS3006d.dharshi.s.20">The group felt they should have been given the information about costs before designing the prototype.</sentence>  <sentence nite:id="TS3006d.dharshi.s.21">The industrial designer was unsure about the value of the evaluation score.</sentence>
</problems>
</nite:root>
