<?xml version="1.0" encoding="ISO-8859-1" standalone="yes"?>
<nite:root xmlns:nite="http://nite.sourceforge.net/">
<abstract nite:id="TS3006a.elana.abstract.1">

<sentence nite:id="TS3006a.elana.s.1">When the meeting begins the project manager lists the agenda and then describes the project, which is to develop a new remote control that is original, trendy, and user-friendly.</sentence>  <sentence nite:id="TS3006a.elana.s.2">The group practices using the smart board by choosing an animal to draw and then explaining why they picked it.</sentence>  <sentence nite:id="TS3006a.elana.s.3">The project manager goes over the product budget and they proceed to have discussion.</sentence>  <sentence nite:id="TS3006a.elana.s.4">They each identify their individual tasks during each phase based on their role in the group.</sentence>  <sentence nite:id="TS3006a.elana.s.5">They briefly discuss characteristics of a desirable remote, including medium size buttons, small unit, and work within a good zapping range.</sentence>  <sentence nite:id="TS3006a.elana.s.6">The team again discusses their individual responsibilities and move on to ponder whether the remote will be multifunctional or only for the TV.</sentence>  <sentence nite:id="TS3006a.elana.s.7">They decide to first assume it is only for TV and video, but allowing the possibility to add more features.</sentence>  <sentence nite:id="TS3006a.elana.s.8">They close the meeting upon establishing what each person will do.</sentence> 
</abstract>
<actions nite:id="TS3006a.elana.actions.1">

<sentence nite:id="TS3006a.elana.s.9">The interface designer should specify technical functions.</sentence>
<sentence nite:id="TS3006a.elana.s.10">The marketing expert will come up with user requirements by doing internet research.</sentence>
<sentence nite:id="TS3006a.elana.s.11">The industrial designer should produce a working design.</sentence>
<sentence nite:id="TS3006a.elana.s.12">They will receive more information by email</sentence>

</actions>
<decisions nite:id="TS3006a.elana.decisions.1">

<sentence nite:id="TS3006a.elana.s.13">The product will be sold at 25 Euros.</sentence>
<sentence nite:id="TS3006a.elana.s.14">The aim is to seel 50 million Euros.</sentence>
<sentence nite:id="TS3006a.elana.s.15">The production cost should be half the selling price.</sentence>
<sentence nite:id="TS3006a.elana.s.16">To get started they will assume the remote to be for TV and video, and reserve the possibility to add features.</sentence> 
</decisions>
<problems nite:id="TS3006a.elana.problems.1">
 
</problems>
</nite:root>
