<?xml version="1.0" encoding="ISO-8859-1" standalone="yes"?>
<nite:root xmlns:nite="http://nite.sourceforge.net/">
<abstract nite:id="TS3004b.JacquelinePalmer.abstract.1">

<sentence nite:id="TS3004b.JacquelinePalmer.s.1">The Project Manager announced that the remote should only control television, and that the marketing should be targeted towards ages 40 and above.</sentence> <sentence nite:id="TS3004b.JacquelinePalmer.s.2">The Marketing Expert presented the results of a lab study on users of remote controls, and showed that users want a fancier, less complicated remote that does not get lost easily.</sentence> <sentence nite:id="TS3004b.JacquelinePalmer.s.3">The group decided not to use speech recognition or an LCD screen to target the older demographic.</sentence> <sentence nite:id="TS3004b.JacquelinePalmer.s.4">The User Interface Designer discussed the button functions and how to make channel-changing easier.</sentence> <sentence nite:id="TS3004b.JacquelinePalmer.s.5">The group decided not to include programmable "favorites" buttons.</sentence> <sentence nite:id="TS3004b.JacquelinePalmer.s.6">The Industrial Designer presented the internal components of the device.</sentence> <sentence nite:id="TS3004b.JacquelinePalmer.s.7">The group discussed having the remote light up when used.</sentence> <sentence nite:id="TS3004b.JacquelinePalmer.s.8">He also stressed that the remote must be compatible with all television brands.</sentence> <sentence nite:id="TS3004b.JacquelinePalmer.s.9">The Project Manager corrected his target group announcement and announced that the target age group was actually ages 40 and below.</sentence> <sentence nite:id="TS3004b.JacquelinePalmer.s.10">The group again discussed the possibility of adding speech recognition and LCD screens to the design but decided that it was not feasible.</sentence> <sentence nite:id="TS3004b.JacquelinePalmer.s.11">The group decided to have the remote light up when used and is including teletext.</sentence> <sentence nite:id="TS3004b.JacquelinePalmer.s.12">The Marketing Expert was instructed to report on trendwatching.</sentence> 
</abstract>
<actions nite:id="TS3004b.JacquelinePalmer.actions.1">

<sentence nite:id="TS3004b.JacquelinePalmer.s.13">The Marketing Expert will prepare a report on trendwatching.</sentence>

</actions>
<decisions nite:id="TS3004b.JacquelinePalmer.decisions.1">

<sentence nite:id="TS3004b.JacquelinePalmer.s.14">The remote will not feature speech recognition or an LCD screen.</sentence>
<sentence nite:id="TS3004b.JacquelinePalmer.s.15">The remote will light up when a button is pressed, much like a mobile phone.</sentence>
<sentence nite:id="TS3004b.JacquelinePalmer.s.16">Complicated features will be hidden from the more simple functions on the main interface.</sentence>
<sentence nite:id="TS3004b.JacquelinePalmer.s.17">The remote will feature teletext capabilities, and the teletext buttons will be included on the main interface.</sentence> 
</decisions>
<problems nite:id="TS3004b.JacquelinePalmer.problems.1">

<sentence nite:id="TS3004b.JacquelinePalmer.s.18">There was a misunderstanding about the target user group that forced the group to reevaluate their decisions on several components once they received the correct information.</sentence>
<sentence nite:id="TS3004b.JacquelinePalmer.s.19">The new requirement that the remote was only to control television forced the group to change some of their initial design ideas.</sentence>
<sentence nite:id="TS3004b.JacquelinePalmer.s.20">The group did not reach a decision on how to ensure that the remote would recognize all brands of televisions.</sentence> 
</problems>
</nite:root>
