<?xml version="1.0" encoding="ISO-8859-1" standalone="yes"?>
<nite:root xmlns:nite="http://nite.sourceforge.net/">
<abstract nite:id="TS3008c.dharshi.abstract.1">
<sentence nite:id="TS3008c.dharshi.s.1">The industrial designer talked about the options available for materials and components.</sentence>  <sentence nite:id="TS3008c.dharshi.s.2">He suggested that the case should be double-curved, and be made from plastic and rubber rather than wood or titanium.</sentence>  <sentence nite:id="TS3008c.dharshi.s.3">He also recommended using basic batteries rather than solar or kinetic power.</sentence>  <sentence nite:id="TS3008c.dharshi.s.4">He also mentioned the possibility of using an LCD screen to add something special.</sentence>  <sentence nite:id="TS3008c.dharshi.s.5">The user interface designer went over the functions to be included in the remote.</sentence>  <sentence nite:id="TS3008c.dharshi.s.6">The group discussed using large buttons for the most frequently used functions.</sentence>  <sentence nite:id="TS3008c.dharshi.s.7">The marketing expert gave a presentation on trend watching.</sentence>  <sentence nite:id="TS3008c.dharshi.s.8">A fancy look and feel is most important to users, followed by technological innovation and ease of use.</sentence>  <sentence nite:id="TS3008c.dharshi.s.9">The younger market also likes the theme of fruit and vegetables and spongy material, which could be implemented through fruity colours and using a spongy material for the base.</sentence>  <sentence nite:id="TS3008c.dharshi.s.10">The group discussed how to incorporate a fruit and vegetable theme, as well as the company colours and logo.</sentence>  <sentence nite:id="TS3008c.dharshi.s.11">The group discussed whether to include an LCD screen, and eventually decided against it.</sentence>  <sentence nite:id="TS3008c.dharshi.s.12">The project manager closed the meeting and told the group they would receive emails about their tasks for the next meeting.</sentence>

</abstract>
<actions nite:id="TS3008c.dharshi.actions.1">
<sentence nite:id="TS3008c.dharshi.s.13">The project manager will write up the minutes and put them in the shared folder, using a keyboard instead of the digital pen.</sentence>  <sentence nite:id="TS3008c.dharshi.s.14">The rest of the group will receive instructions via email.</sentence>

</actions>
<decisions nite:id="TS3008c.dharshi.decisions.1">
<sentence nite:id="TS3008c.dharshi.s.15">The remote will not feature an LCD screen.</sentence>  <sentence nite:id="TS3008c.dharshi.s.16">The remote will be available in different colour schemes, but not with changeable fronts.</sentence>  <sentence nite:id="TS3008c.dharshi.s.17">The case will be made of plastic and rubber.</sentence>  <sentence nite:id="TS3008c.dharshi.s.18">The remote will feature power, skip, volume, mute, teletext and menu buttons.</sentence>

</decisions>
<problems nite:id="TS3008c.dharshi.problems.1">
<sentence nite:id="TS3008c.dharshi.s.19">The project manager had problems using the digital pen to write the minutes.</sentence>  <sentence nite:id="TS3008c.dharshi.s.20">The group were not sure to what extent the remote should incorporate the fruit and vegetable theme.</sentence>  <sentence nite:id="TS3008c.dharshi.s.21">The industrial designer was keen to incorporate an LCD screen, but the others were not so sure.</sentence>  <sentence nite:id="TS3008c.dharshi.s.22">The group were not sure whether to use plastic and rubber or titanium for the case.</sentence>  <sentence nite:id="TS3008c.dharshi.s.23">They were not sure how to use fruity colours without being too flashy.</sentence>
</problems>
</nite:root>
