<?xml version="1.0" encoding="ISO-8859-1" standalone="yes"?>
<nite:root xmlns:nite="http://nite.sourceforge.net/">
<abstract nite:id="TS3007b.elana.abstract.1">

<sentence nite:id="TS3007b.elana.s.1">When this functional design meeting opens the project manager tells  the group about the project restrictions he received from management by email.</sentence>  <sentence nite:id="TS3007b.elana.s.2">The marketing expert is first to present, summarizing user requirements data from a questionaire given to 100 respondents.</sentence>  <sentence nite:id="TS3007b.elana.s.3">The marketing expert explains various user preferences and complaints about remotes as well as different interests among age groups.</sentence> <sentence nite:id="TS3007b.elana.s.4">He prefers that they aim users from ages 16-45, improve the most-used functions, and make a placeholder for the remote.</sentence>  <sentence nite:id="TS3007b.elana.s.5">The industrial designer begins explaining the working design.</sentence>  <sentence nite:id="TS3007b.elana.s.6">He talks about existing products, most of which use infared since it is simple and cost-effective.</sentence>  <sentence nite:id="TS3007b.elana.s.7">He suggests adding a speech function, when someone asks where the remote is and it beeps.</sentence>  <sentence nite:id="TS3007b.elana.s.8">He also explains the various components, materials, and energy sources of a remote, giving preference to a remote with multifunctional buttons and without a receiver.</sentence>  <sentence nite:id="TS3007b.elana.s.9">The interface specialist presents, talking about the possible components of the remote and concluding that the remote should be simple and accessible without too much functionality.</sentence>  <sentence nite:id="TS3007b.elana.s.10">The group continues the meeting by having discussion about the possibility of a touch screen, LCD, and other functions.</sentence>  <sentence nite:id="TS3007b.elana.s.11">The group closes the meeting and goes to lunch.</sentence>  
</abstract>
<actions nite:id="TS3007b.elana.actions.1">

<sentence nite:id="TS3007b.elana.s.12">They will receive specific instructions for the next meeting by email.</sentence> 
<sentence nite:id="TS3007b.elana.s.13">They will fill out the questionaire</sentence>

</actions>
<decisions nite:id="TS3007b.elana.decisions.1"></decisions>
<problems nite:id="TS3007b.elana.problems.1">

<sentence nite:id="TS3007b.elana.s.14">The group is interested in incorporating a touch screen by that could be too difficult to use, especially for elderly people.</sentence>
<sentence nite:id="TS3007b.elana.s.15">The group has brought up a number of technological possibilities, have conflicting views about them, and have not yet made decisions about them.</sentence> 
</problems>
</nite:root>
