<?xml version="1.0" encoding="ISO-8859-1" standalone="yes"?>
<nite:root xmlns:nite="http://nite.sourceforge.net/">
<abstract nite:id="TS3005d.rdhillon.abstract.1">

<sentence nite:id="TS3005d.rdhillon.s.1">The project manager opened the meeting and then the user interface designer and industrial designer presented their prototype for the remote which featured an LCD screen, a scroll button, and a battery indicator.</sentence>  <sentence nite:id="TS3005d.rdhillon.s.2">The marketing expert conducted a project evaluation of the prototype.</sentence>  <sentence nite:id="TS3005d.rdhillon.s.3">The team found the remote to be fancy, innovative, fairly easy to use, available in different colors, fairly spongy, difficult to misplace, and targeted to younger people.</sentence>  <sentence nite:id="TS3005d.rdhillon.s.4">The project manager then led the team in calculating the production costs of their remote.</sentence>  <sentence nite:id="TS3005d.rdhillon.s.5">The team had difficulty in meeting the the target cost and had to eliminate some of the more expensive components they had hoped to include in their design.</sentence>  <sentence nite:id="TS3005d.rdhillon.s.6">The project manager then led the team in an evaluation of the project process.</sentence>  <sentence nite:id="TS3005d.rdhillon.s.7">The team found the project stressful, the equipment useful, the information available to them lacking, and their laptops to be slow and heavy.</sentence> 
</abstract>
<actions nite:id="TS3005d.rdhillon.actions.1">

<sentence nite:id="TS3005d.rdhillon.s.8">The team members will go to their own rooms.</sentence>
<sentence nite:id="TS3005d.rdhillon.s.9">The project manager will create a final report</sentence>
</actions>
<decisions nite:id="TS3005d.rdhillon.decisions.1">

<sentence nite:id="TS3005d.rdhillon.s.10">The remote uses a conventional battery.</sentence>
<sentence nite:id="TS3005d.rdhillon.s.11">The remote will not use a sample speaker and feature speech recognition.</sentence>
<sentence nite:id="TS3005d.rdhillon.s.12">The remote will use an advanced chip.</sentence>
<sentence nite:id="TS3005d.rdhillon.s.13">The case will be single curved.</sentence>
<sentence nite:id="TS3005d.rdhillon.s.14">The case is made of rubber.</sentence>
<sentence nite:id="TS3005d.rdhillon.s.15">The remote will not feature a scroll wheel.</sentence> 
</decisions>
<problems nite:id="TS3005d.rdhillon.problems.1">

<sentence nite:id="TS3005d.rdhillon.s.16">Size of microphone.</sentence>
<sentence nite:id="TS3005d.rdhillon.s.17">Color options for the remote.</sentence>
<sentence nite:id="TS3005d.rdhillon.s.18">Whether the remote appeals to younger people.</sentence>
<sentence nite:id="TS3005d.rdhillon.s.19">Whether LCD screens and microphones are components or features.</sentence>
<sentence nite:id="TS3005d.rdhillon.s.20">Whether to lose the curvature in the design of the remote case.</sentence>
<sentence nite:id="TS3005d.rdhillon.s.21">Whether to keep the speech recognition component.</sentence>
<sentence nite:id="TS3005d.rdhillon.s.22">Whether to use a different material other than rubber.</sentence>
<sentence nite:id="TS3005d.rdhillon.s.23">Whether to make a remote out of wood or to make a remote with different colors.</sentence>
<sentence nite:id="TS3005d.rdhillon.s.24">Whether to lose the scroll wheel.</sentence>
<sentence nite:id="TS3005d.rdhillon.s.25">What colors to make the remote in.</sentence> 
</problems>
</nite:root>
