<?xml version="1.0" encoding="ISO-8859-1" standalone="yes"?>
<nite:root xmlns:nite="http://nite.sourceforge.net/">
<abstract nite:id="TS3003c.rdhillon.abstract.1">

<sentence nite:id="TS3003c.rdhillon.s.1">The project manager opened the meeting and recapped the decisions made in the previous meeting.</sentence>  <sentence nite:id="TS3003c.rdhillon.s.2">The marketing expert discussed his personal preferences for the design of the remote and presented the results of trend-watching reports, which indicated that there is a need for products which are fancy, innovative, easy to use, in dark colors, in recognizable shapes, and in a familiar material like wood.</sentence>  <sentence nite:id="TS3003c.rdhillon.s.3">The user interface designer discussed the option to include speech recognition and which functions to include on the remote.</sentence>  <sentence nite:id="TS3003c.rdhillon.s.4">The industrial designer discussed which options he preferred for the remote in terms of energy sources, casing, case supplements, buttons, and chips.</sentence>  <sentence nite:id="TS3003c.rdhillon.s.5">The team then discussed and made decisions regarding energy sources, speech recognition, LCD screens, chips, case materials and colors, case shape and orientation, and button orientation.</sentence> 
</abstract>
<actions nite:id="TS3003c.rdhillon.actions.1">

<sentence nite:id="TS3003c.rdhillon.s.6">The team members will look at the corporate website.</sentence>
<sentence nite:id="TS3003c.rdhillon.s.7">The user interface designer will continue with what he has been working on.</sentence>
<sentence nite:id="TS3003c.rdhillon.s.8">The industrial designer and user interface designer will work together</sentence>
</actions>
<decisions nite:id="TS3003c.rdhillon.decisions.1">

<sentence nite:id="TS3003c.rdhillon.s.9">The remote will have a docking station.</sentence>
<sentence nite:id="TS3003c.rdhillon.s.10">The remote will use a conventional battery and a docking station which recharges the battery.</sentence>
<sentence nite:id="TS3003c.rdhillon.s.11">The remote will use an advanced chip.</sentence>
<sentence nite:id="TS3003c.rdhillon.s.12">The remote will have changeable case covers.</sentence>
<sentence nite:id="TS3003c.rdhillon.s.13">The case covers will be available in wood or plastic.</sentence>
<sentence nite:id="TS3003c.rdhillon.s.14">The case will be single curved.</sentence> 
</decisions>
<problems nite:id="TS3003c.rdhillon.problems.1">

<sentence nite:id="TS3003c.rdhillon.s.15">Whether to use kinetic energy or a conventional battery with a docking station which recharges the remote.</sentence>
<sentence nite:id="TS3003c.rdhillon.s.16">Whether to implement an LCD screen on the remote.</sentence>
<sentence nite:id="TS3003c.rdhillon.s.17">Choosing between an LCD screen or speech recognition.</sentence>
<sentence nite:id="TS3003c.rdhillon.s.18">Using wood for the case.</sentence> 
</problems>
</nite:root>
