<?xml version="1.0" encoding="ISO-8859-1" standalone="yes"?>
<nite:root xmlns:nite="http://nite.sourceforge.net/">
<abstract nite:id="TS3007c.dharshi.abstract.1">
<sentence nite:id="TS3007c.dharshi.s.1">The project manager went over the agenda.</sentence>  <sentence nite:id="TS3007c.dharshi.s.2">The industrial designer gave a presentation about the options for power source, materials and components.</sentence>  <sentence nite:id="TS3007c.dharshi.s.3">He recommended using kinetic energy, and having a double-curved rubber case.</sentence>  <sentence nite:id="TS3007c.dharshi.s.4">The group decided to combine batteries and kinetic energy.</sentence>  <sentence nite:id="TS3007c.dharshi.s.5">The marketing expert reported on current trends among young people for fresh fruity colours and spongy material.</sentence>  <sentence nite:id="TS3007c.dharshi.s.6">He explained that the remote should look fancy, and be technologically innovative and easy to use.</sentence>  <sentence nite:id="TS3007c.dharshi.s.7">He suggested using removable customisable covers, speech recognition, installing some games into the remote, and implementing a parental control feature.</sentence>  <sentence nite:id="TS3007c.dharshi.s.8">The user interface designer talked about having a simple layout with not many buttons.</sentence>  <sentence nite:id="TS3007c.dharshi.s.9">Most features will be controlled through the menu.</sentence> <sentence nite:id="TS3007c.dharshi.s.10">The group discussed the various options and decided to use games but not speech recognition.</sentence>  <sentence nite:id="TS3007c.dharshi.s.11">After a lot of discussion they decided to implement a simple parental control feature.</sentence>  <sentence nite:id="TS3007c.dharshi.s.12">The project manager talked about what he had learned at a masterclass on knowledge management.</sentence>  <sentence nite:id="TS3007c.dharshi.s.13">The group discussed how to incorporate the company logo and motto onto the remote, including having an animated logo on the touch screen.</sentence>  <sentence nite:id="TS3007c.dharshi.s.14">The project manager gave the group instructions about what to do before the next meeting.</sentence>

</abstract>
<actions nite:id="TS3007c.dharshi.actions.1">
<sentence nite:id="TS3007c.dharshi.s.15">The industrial designer and user interface designer will work together on a prototype, using the SMARTboard.  The marketing expert will work on the product evaluation.</sentence>

</actions>
<decisions nite:id="TS3007c.dharshi.decisions.1">
<sentence nite:id="TS3007c.dharshi.s.16">The energy source will be a combination of batteries and kinetic energy.</sentence>  <sentence nite:id="TS3007c.dharshi.s.17">The case will be double-curved and made of rubber, with fruity-coloured removable covers.</sentence>  <sentence nite:id="TS3007c.dharshi.s.18">There will be a touch screen and not many buttons.</sentence>  <sentence nite:id="TS3007c.dharshi.s.19">The remote will include games and a simple parental control feature.</sentence>  <sentence nite:id="TS3007c.dharshi.s.20">It will not use speech recognition.</sentence>

</decisions>
<problems nite:id="TS3007c.dharshi.problems.1">
<sentence nite:id="TS3007c.dharshi.s.21">The user interface designer had problems with his laptop while he was preparing his presentation.</sentence>  <sentence nite:id="TS3007c.dharshi.s.22">The group were unsure about how to implement a parental control feature, or if it would be worth the time and money.</sentence>

</problems>
</nite:root>
