<?xml version="1.0" encoding="ISO-8859-1" standalone="yes"?>
<nite:root xmlns:nite="http://nite.sourceforge.net/">
<abstract nite:id="TS3003b.rdhillon.abstract.1">

<sentence nite:id="TS3003b.rdhillon.s.1">The project manager stated the agenda and the marketing expert discussed what functions are most relevant on a remote, what the target demographic is, and what his vision for the appearance of the remote is.</sentence>  <sentence nite:id="TS3003b.rdhillon.s.2">The marketing expert also brought up the idea to include a docking station to prevent the remote from getting lost and the idea to include an LCD screen.</sentence>  <sentence nite:id="TS3003b.rdhillon.s.3">The user interface designer pushed for a user-friendly interface with large buttons, a display function, a touchscreen, and the capability of controlling different devices.</sentence>  <sentence nite:id="TS3003b.rdhillon.s.4">The industrial designer discussed the interior workings of a remote and the project manager briefed the team on some new requirements they are to abide by.</sentence>  <sentence nite:id="TS3003b.rdhillon.s.5">The team then discussed teletext, the target demographic, the buttons the remote should have, the idea of marketing a remote designed for the elderly, an audio signal which can sound if the remote is lost, LCD screens, and language options.</sentence> 
</abstract>
<actions nite:id="TS3003b.rdhillon.actions.1">

<sentence nite:id="TS3003b.rdhillon.s.6">The industrial designer will work on the components concept.</sentence>
<sentence nite:id="TS3003b.rdhillon.s.7">The user interface designer will work on the user interface concept and trend-watching</sentence>
</actions>
<decisions nite:id="TS3003b.rdhillon.decisions.1">

<sentence nite:id="TS3003b.rdhillon.s.8">The remote will only be used for televisions.</sentence>
<sentence nite:id="TS3003b.rdhillon.s.9">The user target group consists of adults age sixty to eighty.</sentence>
<sentence nite:id="TS3003b.rdhillon.s.10">The corporate image must be visible in the design of the remote.</sentence>
<sentence nite:id="TS3003b.rdhillon.s.11">The team will implement teletext in their design if it does not cost too much.</sentence>
<sentence nite:id="TS3003b.rdhillon.s.12">The remote will only have a few buttons.</sentence>
<sentence nite:id="TS3003b.rdhillon.s.13">The remote will have a docking station.</sentence>
<sentence nite:id="TS3003b.rdhillon.s.14">The remote will have an audio signal to allow users to locate it when misplaced-the team will focus on creating a remote for elderly people.</sentence>
<sentence nite:id="TS3003b.rdhillon.s.15">The remote will feature a small LCD screen.</sentence>
<sentence nite:id="TS3003b.rdhillon.s.16">The remote will be fancy.</sentence>
<sentence nite:id="TS3003b.rdhillon.s.17">The remote will be easy to learn.</sentence>
<sentence nite:id="TS3003b.rdhillon.s.18">The remote will be made to accommodate different languages.</sentence> 
</decisions>
<problems nite:id="TS3003b.rdhillon.problems.1">

<sentence nite:id="TS3003b.rdhillon.s.19">Cost of a touchscreen.</sentence>
<sentence nite:id="TS3003b.rdhillon.s.20">Whether to include teletext in the design despite the new requirement which indicates that the team is not to work with teletext.</sentence>
<sentence nite:id="TS3003b.rdhillon.s.21">The user target group of adults age forty and up is quite small.</sentence>
<sentence nite:id="TS3003b.rdhillon.s.22">What buttons and functions to include on the remote.</sentence>
<sentence nite:id="TS3003b.rdhillon.s.23">Whether to include a scroll button.</sentence>
<sentence nite:id="TS3003b.rdhillon.s.24">Whether to focus more on the layout of the buttons or the docking station.</sentence>
<sentence nite:id="TS3003b.rdhillon.s.25">Whether the user target group should be people age 60 to 80.</sentence> 
</problems>
</nite:root>
