<?xml version="1.0" encoding="ISO-8859-1" standalone="yes"?>
<nite:root xmlns:nite="http://nite.sourceforge.net/">
<abstract nite:id="TS3006c.dharshi.abstract.1">
<sentence nite:id="TS3006c.dharshi.s.1">The marketing expert talked about trendwatching and explained that the current trends are for fruit and vegetable themed products and products with a spongy texture.</sentence>  <sentence nite:id="TS3006c.dharshi.s.2">For users, the three most important aspects of a remote control are a fancy look and feel, technological innovation, and ease of use.</sentence>  <sentence nite:id="TS3006c.dharshi.s.3">The industrial designer talked about the options for energy source, case shape and material, and internal components.</sentence>  <sentence nite:id="TS3006c.dharshi.s.4">The group decided on using kinetic energy, and a double-curved rubber case.</sentence>  <sentence nite:id="TS3006c.dharshi.s.5">The user interface designer talked about speech recognition and what functions will be controlled through buttons or the lcd screen menu.</sentence>  <sentence nite:id="TS3006c.dharshi.s.6">The project manager ran through the group's decisions so far and led a discussion of their remaining options, including the colour of the case and buttons, and whether the remote should flip open or not.</sentence>

</abstract>
<actions nite:id="TS3006c.dharshi.actions.1">
<sentence nite:id="TS3006c.dharshi.s.7">The industrial designer and user interface designer will work together on the prototype design.</sentence>  <sentence nite:id="TS3006c.dharshi.s.8">The marketing expert will prepare the prototype evaluation.</sentence>  

</actions>
<decisions nite:id="TS3006c.dharshi.decisions.1">
<sentence nite:id="TS3006c.dharshi.s.9">The remote will use kinetic energy.</sentence>  <sentence nite:id="TS3006c.dharshi.s.10">The case will be double-curved and made of rubber.</sentence>  <sentence nite:id="TS3006c.dharshi.s.11">The remote will use an advanced chip.</sentence>

</decisions>
<problems nite:id="TS3006c.dharshi.problems.1">
<sentence nite:id="TS3006c.dharshi.s.12">The industrial designer continued to have problems using power point, and felt that he did not have enough time to prepare his presentation.</sentence>  <sentence nite:id="TS3006c.dharshi.s.13">The group were unsure about the difference between a single- and double-curved case.</sentence>  <sentence nite:id="TS3006c.dharshi.s.14">The group were unsure whether they would be able to produce their design for 12.5 euros as they had not yet received any information about costs.</sentence>  <sentence nite:id="TS3006c.dharshi.s.15">The group were unsure whether to use a single- or double-curved case.</sentence>  <sentence nite:id="TS3006c.dharshi.s.16">The group were unsure about whether the remote should flip open or not and had trouble agreeing on a colour scheme.</sentence>
</problems>
</nite:root>
