<?xml version="1.0" encoding="ISO-8859-1" standalone="yes"?>
<nite:root xmlns:nite="http://nite.sourceforge.net/">
<abstract nite:id="TS3010a.s9553330.abstract.1">

<sentence nite:id="TS3010a.s9553330.s.1">For the first meeting, the task of designing a remote control was briefly introduced along with the plan for the subsequent meetings.</sentence>  <sentence nite:id="TS3010a.s9553330.s.2">The group then drew animals to practise using the drawing platform.</sentence>  <sentence nite:id="TS3010a.s9553330.s.3">They discussed their likes and dislikes regarding current remote controls, including ease of use, multiple systems and power indicators.</sentence>  <sentence nite:id="TS3010a.s9553330.s.4">They then offered suggestions as to what they would like from their remote.</sentence>  <sentence nite:id="TS3010a.s9553330.s.5">They would like the remote to be durable, for it to include a device to help find it when lost and not use too many batteries.</sentence> 
</abstract>
<actions nite:id="TS3010a.s9553330.actions.1">

<sentence nite:id="TS3010a.s9553330.s.6">*NA*.</sentence> 
</actions>
<decisions nite:id="TS3010a.s9553330.decisions.1">

<sentence nite:id="TS3010a.s9553330.s.7">*NA*.</sentence> 
</decisions>
<problems nite:id="TS3010a.s9553330.problems.1">

<sentence nite:id="TS3010a.s9553330.s.8">*NA*</sentence>

</problems>
</nite:root>
