<?xml version="1.0" encoding="ISO-8859-1" standalone="yes"?>
<nite:root xmlns:nite="http://nite.sourceforge.net/">
<abstract nite:id="TS3005c.rdhillon.abstract.1">

<sentence nite:id="TS3005c.rdhillon.s.1">After the project manager opened the meeting, the industrial designer discussed his preference for making a remote which is single-curved, made of rubber, contains an LCD, has a docking station to recharge the batteries, and uses a simple chip.</sentence>  <sentence nite:id="TS3005c.rdhillon.s.2">The user interface designer discussed how speech recognition could be useful to users who often lose their remotes, the layout of the interface, and the option to include a scroll device on the side of the remote to access a menu containing extra features.</sentence>  <sentence nite:id="TS3005c.rdhillon.s.3">The marketing expert discussed the results of trend-watching reports and his preference for a banana-like remote for younger people and a traditional remote for older people.</sentence>  <sentence nite:id="TS3005c.rdhillon.s.4">The trend-watching reports indicated that products should be fancy, innovative, easy to use, in fruity colors, in soft and spongy materials, and in hard materials in autumn colors with square shapes with round edges if appealing to elderly people.</sentence>  <sentence nite:id="TS3005c.rdhillon.s.5">The team discussed case shapes, color options, types of rubber, and dimensions.</sentence>  <sentence nite:id="TS3005c.rdhillon.s.6">The team then made decisions regarding energy sources, components, and the remote interface.</sentence> 
</abstract>
<actions nite:id="TS3005c.rdhillon.actions.1">

<sentence nite:id="TS3005c.rdhillon.s.7">The industrial designer and user interface designer will work together on a prototype drawing on a smart board</sentence>
</actions>
<decisions nite:id="TS3005c.rdhillon.decisions.1">

<sentence nite:id="TS3005c.rdhillon.s.8">The remote will not include a pen.</sentence>
<sentence nite:id="TS3005c.rdhillon.s.9">The remote will use rechargeable batteries which recharge in a docking station.</sentence>
<sentence nite:id="TS3005c.rdhillon.s.10">The remote will use a chip on print.</sentence>
<sentence nite:id="TS3005c.rdhillon.s.11">The case will be single curved.</sentence>
<sentence nite:id="TS3005c.rdhillon.s.12">The case will be made of rubber.</sentence>
<sentence nite:id="TS3005c.rdhillon.s.13">The remote will contain a microphone for speech recognition.</sentence>
<sentence nite:id="TS3005c.rdhillon.s.14">The remote will have a scrolling device.</sentence> 
</decisions>
<problems nite:id="TS3005c.rdhillon.problems.1">

<sentence nite:id="TS3005c.rdhillon.s.15">What shape the remote should be.</sentence>
<sentence nite:id="TS3005c.rdhillon.s.16">Whether to use hard or soft rubber.</sentence>
<sentence nite:id="TS3005c.rdhillon.s.17">Whether to include a pen to use with the touchscreen on the remote.</sentence>
<sentence nite:id="TS3005c.rdhillon.s.18">What sort of batteries to use.</sentence>
<sentence nite:id="TS3005c.rdhillon.s.19">Whether the remote requires a CPU.</sentence>
<sentence nite:id="TS3005c.rdhillon.s.20">Position of buttons.</sentence>
<sentence nite:id="TS3005c.rdhillon.s.21">Position of a microphone on the remote.</sentence>
<sentence nite:id="TS3005c.rdhillon.s.22">Color of remote.</sentence> 
</problems>
</nite:root>
