<?xml version="1.0" encoding="ISO-8859-1" standalone="yes"?>
<nite:root xmlns:nite="http://nite.sourceforge.net/">
<abstract nite:id="TS3006b.dharshi.abstract.1">
<sentence nite:id="TS3006b.dharshi.s.1">The marketing expert reported on research which shows that users think most remotes are ugly, easily lost and bad for RSI.</sentence>  <sentence nite:id="TS3006b.dharshi.s.2">Audio settings are rarely used, and the power, channel and volume buttons are used most often.</sentence>  <sentence nite:id="TS3006b.dharshi.s.3">The remote should be user-friendly and have a good look and feel.</sentence>  <sentence nite:id="TS3006b.dharshi.s.4">The marketing expert and project manager described the new requirements that the target group is users under 40, the remote should not include teletext, should be only for TV, and should feature the corporate logo.</sentence>  <sentence nite:id="TS3006b.dharshi.s.5">The user interface designer showed examples of two contrasting remotes, recommending that they should use the best features of both.</sentence>  <sentence nite:id="TS3006b.dharshi.s.6">The group decided to use an LCD screen and speech recognition.</sentence>  <sentence nite:id="TS3006b.dharshi.s.7">The industrial designer described how a remote works, and explained that his presentation was incomplete because he had not received the necessary information in time.</sentence>  <sentence nite:id="TS3006b.dharshi.s.8">The group discussed what functions to include and the layout of the remote, and the marketing expert drew a possible design on the board.</sentence>  <sentence nite:id="TS3006b.dharshi.s.9">They decided to have buttons for the basic functions and make the advanced functions accessible through the screen.</sentence>  <sentence nite:id="TS3006b.dharshi.s.10">They also discussed what buttons would be needed to navigate the menu on the LCD screen.</sentence>

</abstract>
<actions nite:id="TS3006b.dharshi.actions.1">
<sentence nite:id="TS3006b.dharshi.s.11">The project manager will write up the meeting minutes.</sentence>  <sentence nite:id="TS3006b.dharshi.s.12">The user interface designer will work on the layout of the remote and the LCD screen menu.</sentence>  <sentence nite:id="TS3006b.dharshi.s.13">The industrial designer will work on the functional aspects of the remote.</sentence>

</actions>
<decisions nite:id="TS3006b.dharshi.decisions.1">
<sentence nite:id="TS3006b.dharshi.s.14">The remote will have an LCD screen and speech recognition.</sentence>  <sentence nite:id="TS3006b.dharshi.s.15">The advanced functions such as audio settings, contrast and channel programming will be accessed through the screen.</sentence>  <sentence nite:id="TS3006b.dharshi.s.16">The target group will be aged 16-40.</sentence>  <sentence nite:id="TS3006b.dharshi.s.17">A teletext option will not be included.</sentence>  <sentence nite:id="TS3006b.dharshi.s.18">The remote will be for TV only.</sentence>  <sentence nite:id="TS3006b.dharshi.s.19">The remote will feature the corporate logo and colour.</sentence>  <sentence nite:id="TS3006b.dharshi.s.20">The screen and microphone will be at the top of the remote.</sentence>  <sentence nite:id="TS3006b.dharshi.s.21">There will be LEDs under the buttons so that buttons in use will light up.</sentence>  

</decisions>
<problems nite:id="TS3006b.dharshi.problems.1">
<sentence nite:id="TS3006b.dharshi.s.22">Some people had problems using the computers.</sentence>  <sentence nite:id="TS3006b.dharshi.s.23">The industrial designer did not receive the necessary information in time to prepare his presentation according to instructions, so his presentation was based on his own ideas.</sentence>  <sentence nite:id="TS3006b.dharshi.s.24">There was some confusion about the the roles of the user interface designer and the industrial designer.</sentence> 
</problems>
</nite:root>
