<?xml version="1.0" encoding="ISO-8859-1" standalone="yes"?>
<nite:root xmlns:nite="http://nite.sourceforge.net/">
<abstract nite:id="TS3010b.s9553330.abstract.1">

<sentence nite:id="TS3010b.s9553330.s.1">The project manager opened the meeting by explaining how to locate his minutes from the previous meeting.</sentence>  <sentence nite:id="TS3010b.s9553330.s.2">The Industrial Designer briefly explained the internal workings of the remote,  and mentioned his preferences for power source and case material.</sentence>  <sentence nite:id="TS3010b.s9553330.s.3">He also suggested mobile phone-like changeable covers, and the group discussed the profit in this.</sentence>  <sentence nite:id="TS3010b.s9553330.s.4">The User Interface Designer very briefly mentioned some features a remote should have and suggested it should be multifunctional.</sentence>  <sentence nite:id="TS3010b.s9553330.s.5">The Marketing Expert present the findings of the usability study.</sentence>  <sentence nite:id="TS3010b.s9553330.s.6">The group then discussed their target group ,and what features they might include to attract them.</sentence>  <sentence nite:id="TS3010b.s9553330.s.7">The manager introduced new requirements to the project, insisting they were to be followed.</sentence>  <sentence nite:id="TS3010b.s9553330.s.8">The group then discussed what buttons they might need, which included menu, numbers, channel and volume changing arrows and mute.</sentence> 
</abstract>
<actions nite:id="TS3010b.s9553330.actions.1">

<sentence nite:id="TS3010b.s9553330.s.9">The design of the remote control is to be carried out at the next meeting.</sentence>  <sentence nite:id="TS3010b.s9553330.s.10">Individual actions for the next meeeting can be found in emails to be sent.</sentence> 
</actions>
<decisions nite:id="TS3010b.s9553330.decisions.1">

<sentence nite:id="TS3010b.s9553330.s.11">The buttons will consist of number, a menu button, arrows for changing channel and volume, but also navigating the menu, and a mute button.</sentence>  
</decisions>
<problems nite:id="TS3010b.s9553330.problems.1">

<sentence nite:id="TS3010b.s9553330.s.12">*NA*</sentence>

</problems>
</nite:root>
