<?xml version="1.0" encoding="ISO-8859-1" standalone="yes"?>
<nite:root xmlns:nite="http://nite.sourceforge.net/">
<abstract nite:id="TS3012a.vkaraisk.abstract.1">
<sentence nite:id="TS3012a.vkaraisk.s.1">The goal of the project is to design an original, trendy and user-friendly remote control for TV.</sentence> <sentence nite:id="TS3012a.vkaraisk.s.2">The team comprises the project manager, the marketing expert, who is looking at user needs, the user interface designer, looking at usability, and the industrial designer, working on the engineering and materials.</sentence> <sentence nite:id="TS3012a.vkaraisk.s.3">The project will be completed with three further meetings: the following meeting concerns the functional design.</sentence> <sentence nite:id="TS3012a.vkaraisk.s.4">The project manager gave a quick overview of the equipment available.</sentence> <sentence nite:id="TS3012a.vkaraisk.s.5">The remote  needs to be produced for 12.50 euros in order to be sold for double that amount.</sentence> <sentence nite:id="TS3012a.vkaraisk.s.6">The whole team tried out the SMARTboard, by drawing their favourite animals.</sentence> <sentence nite:id="TS3012a.vkaraisk.s.7">Afterwards, they discussed briefly their first ideas, including the use of light materials and usability concerns.</sentence>

</abstract>
<actions nite:id="TS3012a.vkaraisk.actions.1">
<sentence nite:id="TS3012a.vkaraisk.s.8">*NA*</sentence>
</actions>
<decisions nite:id="TS3012a.vkaraisk.decisions.1">
<sentence nite:id="TS3012a.vkaraisk.s.9">The remote is just going to be for TV.</sentence> <sentence nite:id="TS3012a.vkaraisk.s.10">The design should generally be intuitive without changes that would render it an unfamiliar object to customers.</sentence> <sentence nite:id="TS3012a.vkaraisk.s.11">The team will also take into account possible usability issues concerning disabled people.</sentence> <sentence nite:id="TS3012a.vkaraisk.s.12">They also agreed to choose light materials.</sentence>

</decisions>
<problems nite:id="TS3012a.vkaraisk.problems.1">
<sentence nite:id="TS3012a.vkaraisk.s.13">*NA*</sentence>

</problems>
</nite:root>
