<?xml version="1.0" encoding="ISO-8859-1" standalone="yes"?>
<nite:root xmlns:nite="http://nite.sourceforge.net/">
<abstract nite:id="TS3009a.s9553330.abstract.1">

<sentence nite:id="TS3009a.s9553330.s.1">After introducing the remote control objective, the project manager demonstrated the SmartBoard technology they would be using.</sentence>  <sentence nite:id="TS3009a.s9553330.s.2">They tested it by drawing animals.</sentence>  <sentence nite:id="TS3009a.s9553330.s.3">The project manager informed the group of the budget, before beginning the discussion of current remotes and initial ideas.</sentence>  <sentence nite:id="TS3009a.s9553330.s.4">They considered taking the best of their competitors designs and making a multifunction remote.</sentence>  <sentence nite:id="TS3009a.s9553330.s.5">It needs to be useable internationally, with few buttons.</sentence>  <sentence nite:id="TS3009a.s9553330.s.6">The considered options for the shape of the remote control, imagining how it would fit in the hand.</sentence>  <sentence nite:id="TS3009a.s9553330.s.7">The group ended the discussion by touching very briefly on some materials issues, and discussed remote covers.</sentence> 
</abstract>
<actions nite:id="TS3009a.s9553330.actions.1">

<sentence nite:id="TS3009a.s9553330.s.8">Individual must come up with their ideas for the next meeting.</sentence>  <sentence nite:id="TS3009a.s9553330.s.9">The interface specialist will look at button and over all look.</sentence> 
</actions>
<decisions nite:id="TS3009a.s9553330.decisions.1">

<sentence nite:id="TS3009a.s9553330.s.10">Specific ideas as to components and materials are to be left to the next meeting.</sentence>  <sentence nite:id="TS3009a.s9553330.s.11">They will look further at the idea of covers in the mext meeting too.</sentence> 
</decisions>
<problems nite:id="TS3009a.s9553330.problems.1">

<sentence nite:id="TS3009a.s9553330.s.12">*NA*</sentence>

</problems>
</nite:root>
