<?xml version="1.0" encoding="ISO-8859-1" standalone="yes"?>
<nite:root xmlns:nite="http://nite.sourceforge.net/">
<abstract nite:id="TS3004c.JacquelinePalmer.abstract.1">

<sentence nite:id="TS3004c.JacquelinePalmer.s.1">The Project Manager reviewed the minutes from the previous meeting.</sentence> <sentence nite:id="TS3004c.JacquelinePalmer.s.2">The Marketing Expert gave a trendwatching report.</sentence> <sentence nite:id="TS3004c.JacquelinePalmer.s.3">He found that a fancy look and feel was most important for users.</sentence> <sentence nite:id="TS3004c.JacquelinePalmer.s.4">He also discussed the trend towards spongy materials.</sentence> <sentence nite:id="TS3004c.JacquelinePalmer.s.5">The group discussed the cost of adding speech recognition, the LCD screen, and the advanced chip.</sentence> <sentence nite:id="TS3004c.JacquelinePalmer.s.6">The User Interface Designer discussed the look of the interface with the group.</sentence> <sentence nite:id="TS3004c.JacquelinePalmer.s.7">They discussed the placement and design of the buttons and decided to use scroll wheels for volume.</sentence> <sentence nite:id="TS3004c.JacquelinePalmer.s.8">The Industrial Designer advised that flashy colors and rounded shapes be used.</sentence> <sentence nite:id="TS3004c.JacquelinePalmer.s.9">The group discussed how to incorporate the logo and including changeable faces.</sentence> <sentence nite:id="TS3004c.JacquelinePalmer.s.10">They discussed materials for the buttons and the backlight.</sentence> <sentence nite:id="TS3004c.JacquelinePalmer.s.11">The group decided to use rechargeable batteries and a stand, to use plastic for the casing and buttons, and to not include an LCD screen.</sentence> <sentence nite:id="TS3004c.JacquelinePalmer.s.12">The User Interface Designer and the Industrial Designer were instructed to draw the prototype at the next meeting, and the User Interface Designer was instructed to finalize the button placement.</sentence> <sentence nite:id="TS3004c.JacquelinePalmer.s.13">The group finalized the look of the product, and eventually decided to incorporate speech recognition and an advanced chip.</sentence> 
</abstract>
<actions nite:id="TS3004c.JacquelinePalmer.actions.1">

<sentence nite:id="TS3004c.JacquelinePalmer.s.14">The User Interface Designer and the Industrial Designer will draw the prototype design on the smartboard at the next meeting.</sentence>
<sentence nite:id="TS3004c.JacquelinePalmer.s.15">The User Interface Designer was instructed to finalize the placement of the buttons.</sentence>

</actions>
<decisions nite:id="TS3004c.JacquelinePalmer.decisions.1">

<sentence nite:id="TS3004c.JacquelinePalmer.s.16">The group decided to use a scroll button for volume control.</sentence> <sentence nite:id="TS3004c.JacquelinePalmer.s.17">It will be small and yellow, to use one of the colors of the Real Reaction logo.</sentence>
<sentence nite:id="TS3004c.JacquelinePalmer.s.18">The remote will include rechargeable batteries and will be used with a recharging stand.</sentence>
<sentence nite:id="TS3004c.JacquelinePalmer.s.19">The remote will feature plastic buttons and casing, rather than rubber.</sentence>
<sentence nite:id="TS3004c.JacquelinePalmer.s.20">The remote will not feature an LCD screen.</sentence>
<sentence nite:id="TS3004c.JacquelinePalmer.s.21">The remote will feature a double-curved, rounded square design.</sentence>
<sentence nite:id="TS3004c.JacquelinePalmer.s.22">The group decided to design five changeable faces for the device.</sentence>
<sentence nite:id="TS3004c.JacquelinePalmer.s.23">They eventually decided to incorporate speech recognition and an advanced chip.</sentence> 
</decisions>
<problems nite:id="TS3004c.JacquelinePalmer.problems.1">

<sentence nite:id="TS3004c.JacquelinePalmer.s.24">The group had difficulties deciding on the placement of the buttons, the shape of the device, and whether or not to include speech recognition.</sentence>  
</problems>
</nite:root>
