<?xml version="1.0" encoding="ISO-8859-1" standalone="yes"?>
<nite:root xmlns:nite="http://nite.sourceforge.net/">
<abstract nite:id="TS3007d.dharshi.abstract.1">
<sentence nite:id="TS3007d.dharshi.s.1">The project manager opened the meeting and went over the agenda.</sentence>  <sentence nite:id="TS3007d.dharshi.s.2">The user interface designer and the industrial designer presented their prototype design, describing the shape and layout of the remote.</sentence>  <sentence nite:id="TS3007d.dharshi.s.3">The group discussed colour options and decided to make the standard remote in fruity colours, but with the option of buying different exchangeable covers which might appeal more to older buyers.</sentence>  <sentence nite:id="TS3007d.dharshi.s.4">The marketing expert led the prototype evaluation and the group were happy with their product.</sentence>  <sentence nite:id="TS3007d.dharshi.s.5">The group calculated the production costs.</sentence>  <sentence nite:id="TS3007d.dharshi.s.6">The group were 4 euros over budget, so they decided to make the case single-curved and not to use kinetic energy.</sentence>  <sentence nite:id="TS3007d.dharshi.s.7">The project manager led the evaluation of the project process.</sentence>  <sentence nite:id="TS3007d.dharshi.s.8">The group felt that only the industrial designer and the user interface designer were able to be creative and work as a team.</sentence>  <sentence nite:id="TS3007d.dharshi.s.9">It was felt that the first meeting was disorganised because of poor leadership but the leadership improved in the later meetings.</sentence>  <sentence nite:id="TS3007d.dharshi.s.10">The group were also had problems with the digital pens.</sentence>  <sentence nite:id="TS3007d.dharshi.s.11">The group helped the project manager fill in the final report before the close of the meeting.</sentence>

</abstract>
<actions nite:id="TS3007d.dharshi.actions.1">
<sentence nite:id="TS3007d.dharshi.s.12">The project manager will finish the final report.</sentence>

</actions>
<decisions nite:id="TS3007d.dharshi.decisions.1">
<sentence nite:id="TS3007d.dharshi.s.13">The remote will come in fruity colours as standard with the option of buying different exchangeable covers.</sentence>  <sentence nite:id="TS3007d.dharshi.s.14">The case will be single-curved instead of double-curved.</sentence>  <sentence nite:id="TS3007d.dharshi.s.15">The remote will be battery powered and will no longer use kinetic energy.</sentence>

</decisions>
<problems nite:id="TS3007d.dharshi.problems.1">
<sentence nite:id="TS3007d.dharshi.s.16">The production costs were 4 euros over budget.</sentence>  <sentence nite:id="TS3007d.dharshi.s.17">Which features should be changed to reduce production costs.</sentence>  <sentence nite:id="TS3007d.dharshi.s.18">There were not enough opportunities for creativity and teamwork.</sentence>  <sentence nite:id="TS3007d.dharshi.s.19">The digital pens did not work very well.</sentence>
</problems>
</nite:root>
