<?xml version="1.0" encoding="ISO-8859-1" standalone="yes"?>
<nite:root xmlns:nite="http://nite.sourceforge.net/">
<abstract nite:id="TS3008d.dharshi.abstract.1">
<sentence nite:id="TS3008d.dharshi.s.1">The project manager opened the meeting.</sentence>  <sentence nite:id="TS3008d.dharshi.s.2">The user interface designer and industrial designer presented the prototype design.</sentence>  <sentence nite:id="TS3008d.dharshi.s.3">The remote has buttons for power, mute, teletext, volume and channel up/down, and nine numbered channel buttons.</sentence>  <sentence nite:id="TS3008d.dharshi.s.4">The group discussed what buttons would be needed to enter channels 10 and above.</sentence>  <sentence nite:id="TS3008d.dharshi.s.5">They discussed adapting the docking station so it could be used with other products but did not make a decision.</sentence>  <sentence nite:id="TS3008d.dharshi.s.6">The remote is plastic with different coloured rubber strips on the sides and rubber buttons.</sentence>  <sentence nite:id="TS3008d.dharshi.s.7">The marketing expert led the product evaluation.</sentence>  <sentence nite:id="TS3008d.dharshi.s.8">The group were generally satisfied with the design but did not think the remote was technologically innovative.</sentence>  <sentence nite:id="TS3008d.dharshi.s.9">The overall score was 2.6.</sentence>  <sentence nite:id="TS3008d.dharshi.s.10">The group worked out the manufacturing costs.</sentence>  <sentence nite:id="TS3008d.dharshi.s.11">The group had problems figuring out the cost of the docking station and buttons, and did not know which kind of chip to use.</sentence>  <sentence nite:id="TS3008d.dharshi.s.12">They discussed using kinetic energy to make the remote more technologically innovative but decided against it.</sentence>  <sentence nite:id="TS3008d.dharshi.s.13">They eventually decided that they could not afford a docking station.</sentence>  <sentence nite:id="TS3008d.dharshi.s.14">They did not have time to evaluate the project process before the end of the meeting.</sentence> 

</abstract>
<actions nite:id="TS3008d.dharshi.actions.1">
<sentence nite:id="TS3008d.dharshi.s.15">The group will fill out a final questionnaire.</sentence>

</actions>
<decisions nite:id="TS3008d.dharshi.decisions.1">
<sentence nite:id="TS3008d.dharshi.s.16">The remote will use a simple chip.</sentence>  <sentence nite:id="TS3008d.dharshi.s.17">The remote will use a standard battery and not kinetic energy.</sentence>  <sentence nite:id="TS3008d.dharshi.s.18">The remote will not come with a docking station.</sentence>

</decisions>
<problems nite:id="TS3008d.dharshi.problems.1">
<sentence nite:id="TS3008d.dharshi.s.19">The group could not agree what buttons would be needed to enter channels 10 and above.</sentence>  <sentence nite:id="TS3008d.dharshi.s.20">The could not decide whether the docking station should be adapted for use with other products.</sentence>  <sentence nite:id="TS3008d.dharshi.s.21">The group did not know how much the docking station would cost.</sentence>  <sentence nite:id="TS3008d.dharshi.s.22">They were not sure what kind of chip they would need or where to find this information.</sentence>  <sentence nite:id="TS3008d.dharshi.s.23">They were not sure how much the buttons would cost because they seemed too expensive.</sentence>  <sentence nite:id="TS3008d.dharshi.s.24">They were not sure whether they could afford the docking station.</sentence>  <sentence nite:id="TS3008d.dharshi.s.25">The project manager wanted to use kinetic energy but the others were not convinced.</sentence>  <sentence nite:id="TS3008d.dharshi.s.26">The group were dissatisfied with the final product.</sentence> <sentence nite:id="TS3008d.dharshi.s.27">They did not have enough time to evaluate the project process.</sentence>  
</problems>
</nite:root>
