<?xml version="1.0" encoding="ISO-8859-1" standalone="yes"?>
<nite:root xmlns:nite="http://nite.sourceforge.net/">
<abstract nite:id="TS3010d.dharshi.abstract.1">
<sentence nite:id="TS3010d.dharshi.s.1">The industrial designer and user interface designer presented their prototype design, made of yellow rubber and hard plastic, with large, mostly blue buttons, a joystick and LCD screen.</sentence>  <sentence nite:id="TS3010d.dharshi.s.2">Led by the marketing expert, the group evaluated the prototype on a scale of one to seven, based on a set of evaluation criteria.</sentence>  <sentence nite:id="TS3010d.dharshi.s.3">The overall rating was two.</sentence>  <sentence nite:id="TS3010d.dharshi.s.4">The project manager calculated the production costs, which were too high at fifteen Euros.</sentence>  <sentence nite:id="TS3010d.dharshi.s.5">The group discussed how to make the design cheaper, and decided to keep the LCD screen, but to remove the special colour and replace the joystick with regular push-buttons.</sentence>  <sentence nite:id="TS3010d.dharshi.s.6">Finally the project manager led an evaluation of the project process before closing the meeting.</sentence>  <sentence nite:id="TS3010d.dharshi.s.7">Overall, the group were satisfied with the creativity, teamwork and available equipment, although the marketing expert thought the SMARTboard and laptops were sometimes distracting and not that helpful.</sentence>

</abstract>
<actions nite:id="TS3010d.dharshi.actions.1">
<sentence nite:id="TS3010d.dharshi.s.8">*NA*</sentence>

</actions>
<decisions nite:id="TS3010d.dharshi.decisions.1">
<sentence nite:id="TS3010d.dharshi.s.9">The remote will have an LCD screen.</sentence>  <sentence nite:id="TS3010d.dharshi.s.10">The remote will have regular push-buttons instead of a joystick.</sentence>  <sentence nite:id="TS3010d.dharshi.s.11">The remote will be a normal colour rather than a special colour.</sentence>

</decisions>
<problems nite:id="TS3010d.dharshi.problems.1">
<sentence nite:id="TS3010d.dharshi.s.12">There was some confusion about the agenda.</sentence>  <sentence nite:id="TS3010d.dharshi.s.13">The production costs of the initial design came to fifteen Euros, so the design had to be changed.</sentence>
<sentence nite:id="TS3010d.dharshi.s.14">Which features should be removed or changed.</sentence>  <sentence nite:id="TS3010d.dharshi.s.15">Which chip would be needed for the revised design.</sentence>
</problems>
</nite:root>
