<?xml version="1.0" encoding="ISO-8859-1" standalone="yes"?>
<nite:root xmlns:nite="http://nite.sourceforge.net/">
<abstract nite:id="TS3004a.JacquelinePalmer.abstract.1">

<sentence nite:id="TS3004a.JacquelinePalmer.s.1">The Project Manager introduced himself and the project to the group.</sentence> <sentence nite:id="TS3004a.JacquelinePalmer.s.2">He presented an agenda for the rest of the project.</sentence> <sentence nite:id="TS3004a.JacquelinePalmer.s.3">The group acquainted themselves with the meeting-room materials by drawing on the board.</sentence> <sentence nite:id="TS3004a.JacquelinePalmer.s.4">The Project Manager discussed the projected price point, profit aim, and production cost for the project.</sentence> <sentence nite:id="TS3004a.JacquelinePalmer.s.5">The group discussed their initial ideas about the product design.</sentence> <sentence nite:id="TS3004a.JacquelinePalmer.s.6">They decided to make the remote a universal remote.</sentence> <sentence nite:id="TS3004a.JacquelinePalmer.s.7">They discussed the form of the device; it was suggested that the device could have a folding-open design or a touch-screen interface.</sentence> <sentence nite:id="TS3004a.JacquelinePalmer.s.8">They discussed energy source options and could not decide between using standard batteries or a recharging stand.</sentence> <sentence nite:id="TS3004a.JacquelinePalmer.s.9">They also discussed how to make the remote look more unique; it was suggested that the remote could feature the folding-open design to hide complicated functions on the inside of the device.</sentence> <sentence nite:id="TS3004a.JacquelinePalmer.s.10">The Project Manager instructed the Marketing Expert to prepare the user requirement specification and to research which devices the remote will control.</sentence>  
</abstract>
<actions nite:id="TS3004a.JacquelinePalmer.actions.1">

<sentence nite:id="TS3004a.JacquelinePalmer.s.11">The Marketing Expert will present the user requirement specification and will research which devices the remote will control.</sentence>

</actions>
<decisions nite:id="TS3004a.JacquelinePalmer.decisions.1">

<sentence nite:id="TS3004a.JacquelinePalmer.s.12">The group decided to make the remote a universal remote.</sentence>  
</decisions>
<problems nite:id="TS3004a.JacquelinePalmer.problems.1">

<sentence nite:id="TS3004a.JacquelinePalmer.s.13">The group had some difficulties setting up their computers and using the smartboard.</sentence> 
<sentence nite:id="TS3004a.JacquelinePalmer.s.14">The group discussed energy source options but could not decide between using standard batteries or a recharging stand.</sentence>
<sentence nite:id="TS3004a.JacquelinePalmer.s.15">The group discussed ways in which they could make the remote look unique but could not decide if the remote should have a unique folding-open design or if it should be made in a more standard, square shape.</sentence>  
</problems>
</nite:root>
