<?xml version="1.0" encoding="ISO-8859-1" standalone="yes"?>
<nite:root xmlns:nite="http://nite.sourceforge.net/">
<abstract nite:id="TS3007a.JacquelinePalmer.abstract.1">

<sentence nite:id="TS3007a.JacquelinePalmer.s.1">The participants introduced themselves and their roles to each other.</sentence> <sentence nite:id="TS3007a.JacquelinePalmer.s.2">The Project Manager introduced the aim of the project and gave a brief agenda for the entire project.</sentence> <sentence nite:id="TS3007a.JacquelinePalmer.s.3">He then introduced and explained how to use the meeting-room materials.</sentence> <sentence nite:id="TS3007a.JacquelinePalmer.s.4">The group acquainted themselves with the materials by drawing on the smartboard.</sentence> <sentence nite:id="TS3007a.JacquelinePalmer.s.5">The Project Manager presented the project budget and explained that the device would not be made very high-tech due to the small budget.</sentence> <sentence nite:id="TS3007a.JacquelinePalmer.s.6">He explained that the device would be sold internationally.</sentence> <sentence nite:id="TS3007a.JacquelinePalmer.s.7">The group discussed their initial ideas of features to include in the design; the Marketing Expert discussed usability features, such as the ability to control multiple devices and an LCD screen, to make the product unique.</sentence> <sentence nite:id="TS3007a.JacquelinePalmer.s.8">The Project Manager instructed the Industrial Designer to work on the working design and the User Interface Designer to research the technical functions.</sentence> <sentence nite:id="TS3007a.JacquelinePalmer.s.9">The group discussed the timing of when they would make decisions on the features discussed.</sentence> 
</abstract>
<actions nite:id="TS3007a.JacquelinePalmer.actions.1">

<sentence nite:id="TS3007a.JacquelinePalmer.s.10">The Industrial Designer will work on the working design.</sentence>
<sentence nite:id="TS3007a.JacquelinePalmer.s.11">The User Interface Designer will research the technical functions.</sentence>

</actions>
<decisions nite:id="TS3007a.JacquelinePalmer.decisions.1">

<sentence nite:id="TS3007a.JacquelinePalmer.s.12">The group decided that it was important to incorporate a feature that would make the product very unique.</sentence> 
</decisions>
<problems nite:id="TS3007a.JacquelinePalmer.problems.1">

<sentence nite:id="TS3007a.JacquelinePalmer.s.13">The group could not decide whether or not the remote should be able to control multiple devices.</sentence>
<sentence nite:id="TS3007a.JacquelinePalmer.s.14">The group had difficulties deciding when to make decisions on the features they mentioned in their discussion.</sentence>  
</problems>
</nite:root>
