<?xml version="1.0" encoding="ISO-8859-1" standalone="yes"?>
<nite:root xmlns:nite="http://nite.sourceforge.net/">
<abstract nite:id="TS3005a.rdhillon.abstract.1">

<sentence nite:id="TS3005a.rdhillon.s.1">The project manager acquainted the team with the tools and equipment around them and then had the team members introduce themselves by name and what role they had in the project.</sentence>  <sentence nite:id="TS3005a.rdhillon.s.2">The project manager then introduced the upcoming project along with more tools and equipment to the team members.</sentence>  <sentence nite:id="TS3005a.rdhillon.s.3">The team members then participated in an exercise in which they drew their favorite animals.</sentence>  <sentence nite:id="TS3005a.rdhillon.s.4">After the drawing exercise, the project manager talked about the project finances and production costs.</sentence>  <sentence nite:id="TS3005a.rdhillon.s.5">The team then discussed their experiences with remotes and various features to consider when producing a remote.</sentence> 
</abstract>
<actions nite:id="TS3005a.rdhillon.actions.1">

<sentence nite:id="TS3005a.rdhillon.s.6">The marketing expert will look at user requirement specifications.</sentence>
<sentence nite:id="TS3005a.rdhillon.s.7">The industrial designer will look at the working design.</sentence>
<sentence nite:id="TS3005a.rdhillon.s.8">The user interface designer will look at the technical functions design</sentence>
</actions>
<decisions nite:id="TS3005a.rdhillon.decisions.1">

<sentence nite:id="TS3005a.rdhillon.s.9">The production cost will be 12.50 Euro maximum.</sentence> 
</decisions>
<problems nite:id="TS3005a.rdhillon.problems.1">

<sentence nite:id="TS3005a.rdhillon.s.10">Creating a remote with a minimal number of buttons yet having lots of functions available on the remote.</sentence>
<sentence nite:id="TS3005a.rdhillon.s.11">How to accommodate different television models with one remote.</sentence> 
</problems>
</nite:root>
