<?xml version="1.0" encoding="ISO-8859-1" standalone="yes"?>
<nite:root xmlns:nite="http://nite.sourceforge.net/">
<abstract nite:id="TS3011a.dharshi.abstract.1">
<sentence nite:id="TS3011a.dharshi.s.1">The project manager opened the meeting and introduced the project, describing what the project would involve, the role of each participant and the agenda for the first meeting.</sentence>  <sentence nite:id="TS3011a.dharshi.s.2">He the demonstrated the equipment the group would be using, and the group practiced using the SMARTboard by drawing their favourite animals.</sentence>  <sentence nite:id="TS3011a.dharshi.s.3">The project manager then went over the project budget.</sentence>  <sentence nite:id="TS3011a.dharshi.s.4">The industrial designer gave a brief presentation about his role and his initial ideas for the project, suggesting that the remote should be used for multiple devices and that the group should consider using bluetooth rather than infrared.</sentence>  <sentence nite:id="TS3011a.dharshi.s.5">The project manager then asked the others about their initial ideas.</sentence>  <sentence nite:id="TS3011a.dharshi.s.6">The user interface designer agreed that the remote should control multiple devices.</sentence>  <sentence nite:id="TS3011a.dharshi.s.7">They also discussed having glow in the dark buttons, using bluetooth instead of infrared and using a display and/or a joystick instead of conventional buttons.</sentence>  <sentence nite:id="TS3011a.dharshi.s.8">However, they were unsure about what the budget would allow.</sentence>  <sentence nite:id="TS3011a.dharshi.s.9">The project manager suggested that the remote should be rechargeable or not use much power, but this might be difficult if using bluetooth.</sentence>  <sentence nite:id="TS3011a.dharshi.s.10">The project manager closed the meeting.</sentence>

</abstract>
<actions nite:id="TS3011a.dharshi.actions.1">
<sentence nite:id="TS3011a.dharshi.s.11">Each member of the group will work on their individual tasks.</sentence>  <sentence nite:id="TS3011a.dharshi.s.12">They will receive information from their personal coaches.</sentence>

</actions>
<decisions nite:id="TS3011a.dharshi.decisions.1">
<sentence nite:id="TS3011a.dharshi.s.13">The group will design a trendy, original and user-friendly remote control.</sentence>  <sentence nite:id="TS3011a.dharshi.s.14">The remote control will be sold for 25 euros with a profit aim of 50 million euros.</sentence>  <sentence nite:id="TS3011a.dharshi.s.15">The remote will be sold internationally.</sentence>  <sentence nite:id="TS3011a.dharshi.s.16">The production costs should be no more than 12.50 euros.</sentence>  <sentence nite:id="TS3011a.dharshi.s.17">The remote will control multiple devices.</sentence>  <sentence nite:id="TS3011a.dharshi.s.18">The remote will be sold directly to individual consumers rather than companies.</sentence>  

</decisions>
<problems nite:id="TS3011a.dharshi.problems.1">
<sentence nite:id="TS3011a.dharshi.s.19">The group were unsure about whether they would be selling their product directly to consumers or to electronics manufacturers.</sentence>  <sentence nite:id="TS3011a.dharshi.s.20">It was felt that the low production costs would not allow them to create a trendy high-end product.</sentence>  <sentence nite:id="TS3011a.dharshi.s.21">Whether using glow in the dark buttons and bluetooth would mean that the remote consumes too much energy.</sentence>
</problems>
</nite:root>
