<?xml version="1.0" encoding="ISO-8859-1" standalone="yes"?>
<nite:root xmlns:nite="http://nite.sourceforge.net/">
<abstract nite:id="TS3003a.rdhillon.abstract.1">

<sentence nite:id="TS3003a.rdhillon.s.1">The project manager introduced himself to the team and then acquainted the team with the audio and video equipment in the meeting room.</sentence>  <sentence nite:id="TS3003a.rdhillon.s.2">The project manager briefly described the company the team works for and discussed the corporate website.</sentence>  <sentence nite:id="TS3003a.rdhillon.s.3">The project manager then described the upcoming project and the roles of each team member.</sentence>  <sentence nite:id="TS3003a.rdhillon.s.4">The project manager introduced the smart boards to the team and led the team members in an exercise in which they each drew their favorite animal and described why they liked the animal.</sentence>  <sentence nite:id="TS3003a.rdhillon.s.5">The project manager briefed the team on the project budget and selling prices for the remote they are to create and led them in a discussion on their experiences with remote controls and what features they would like to include in their product.</sentence> 
</abstract>
<actions nite:id="TS3003a.rdhillon.actions.1">

<sentence nite:id="TS3003a.rdhillon.s.6">The team members will work on their individual projects</sentence>
</actions>
<decisions nite:id="TS3003a.rdhillon.decisions.1">

<sentence nite:id="TS3003a.rdhillon.s.7">The selling price will be 25 Euro.</sentence>
<sentence nite:id="TS3003a.rdhillon.s.8">The focus will be on an international market.</sentence>
<sentence nite:id="TS3003a.rdhillon.s.9">The production cost cannot exceed 12.50 Euro.</sentence>
<sentence nite:id="TS3003a.rdhillon.s.10">The remote will be able to control multiple devices.</sentence>
<sentence nite:id="TS3003a.rdhillon.s.11">The remote will be shockproof.</sentence>
<sentence nite:id="TS3003a.rdhillon.s.12">The remote will be waterproof.</sentence> 
</decisions>
<problems nite:id="TS3003a.rdhillon.problems.1">

<sentence nite:id="TS3003a.rdhillon.s.13">Cost of a battery status display.</sentence> 
</problems>
</nite:root>
