<?xml version="1.0" encoding="ISO-8859-1" standalone="yes"?>
<nite:root xmlns:nite="http://nite.sourceforge.net/">
<abstract nite:id="TS3005b.rdhillon.abstract.1">

<sentence nite:id="TS3005b.rdhillon.s.1">The project manager opened the meeting and then the industrial designer discussed the interior workings of a remote along with his personal preferences for the appearance of a remote.</sentence>  <sentence nite:id="TS3005b.rdhillon.s.2">The user interface designer discussed the technical functions of a remote and indicated that a user centered approach to designing the interface would be preferable.</sentence>  <sentence nite:id="TS3005b.rdhillon.s.3">The marketing expert discussed the functional requirements of a remote and user tendencies in using remotes.</sentence>  <sentence nite:id="TS3005b.rdhillon.s.4">The marketing expert indicated that an ideal remote would include an LCD screen, would not be too small in size, and is easy to use.</sentence>  <sentence nite:id="TS3005b.rdhillon.s.5">The project manager briefed the team on some new requirements and led them in a discussion in which the team discussed their target group and made decisions on the appearance and functions of their upcoming product.</sentence> 
</abstract>
<actions nite:id="TS3005b.rdhillon.actions.1">

<sentence nite:id="TS3005b.rdhillon.s.6">*NA*</sentence>
</actions>
<decisions nite:id="TS3005b.rdhillon.decisions.1">

<sentence nite:id="TS3005b.rdhillon.s.7">The team will not pay any attention to teletext.</sentence>
<sentence nite:id="TS3005b.rdhillon.s.8">The remote will only be used for televisions.</sentence>
<sentence nite:id="TS3005b.rdhillon.s.9">The product needs to reach a new market with customers under forty.</sentence>
<sentence nite:id="TS3005b.rdhillon.s.10">The corporate image must be recognizable in the product.</sentence>
<sentence nite:id="TS3005b.rdhillon.s.11">The remote will have buttons within the LCD display for power, volume selection, channel selection, digits from zero to nine, mute, a menu for teletext, a battery indicator, to access double digits, screen settings, channel settings, and audio settings.</sentence>
<sentence nite:id="TS3005b.rdhillon.s.12">The remote will feature an LCD screen.</sentence>
<sentence nite:id="TS3005b.rdhillon.s.13">The LCD screen will have a separate menu for teletext.</sentence>
<sentence nite:id="TS3005b.rdhillon.s.14">The remote will shut down when the television shuts down.</sentence>
<sentence nite:id="TS3005b.rdhillon.s.15">The remote will go into standby when idle.</sentence>
<sentence nite:id="TS3005b.rdhillon.s.16">The LCD screen will have a low battery indicator.</sentence>
<sentence nite:id="TS3005b.rdhillon.s.17">The remote will have a rechargeable battery which comes with a charger.</sentence>
<sentence nite:id="TS3005b.rdhillon.s.18">The remote will be capable of speech recognition if there is enough money left in the team's budget.</sentence>
<sentence nite:id="TS3005b.rdhillon.s.19">The remote will allow users to have the possibility to enlarge the buttons.</sentence>
<sentence nite:id="TS3005b.rdhillon.s.20">The remote will have a general menu with the most used functions.</sentence>
<sentence nite:id="TS3005b.rdhillon.s.21">The remote will be button-less.</sentence> 
</decisions>
<problems nite:id="TS3005b.rdhillon.problems.1">

<sentence nite:id="TS3005b.rdhillon.s.22">How much an LCD screen costs.</sentence>
<sentence nite:id="TS3005b.rdhillon.s.23">If consumers over forty will want a remote with an LCD screen.</sentence>
<sentence nite:id="TS3005b.rdhillon.s.24">Whether to include buttons for teletext.</sentence>
<sentence nite:id="TS3005b.rdhillon.s.25">What sort of power supply to use since the LCD screen requires a large amount of power.</sentence>
<sentence nite:id="TS3005b.rdhillon.s.26">What to do if people forget to recharge the batteries in their remote.</sentence>
<sentence nite:id="TS3005b.rdhillon.s.27">Where consumers will place the charger.</sentence>
<sentence nite:id="TS3005b.rdhillon.s.28">Whether to implement speech recognition.</sentence>
<sentence nite:id="TS3005b.rdhillon.s.29">Whether the remote should feature a regular power button or if the power button should be integrated with the LCD display.</sentence> 
</problems>
</nite:root>
