<?xml version="1.0" encoding="ISO-8859-1" standalone="yes"?>
<nite:root xmlns:nite="http://nite.sourceforge.net/">
<abstract nite:id="TS3009c.vkaraisk.abstract.1">
<sentence nite:id="TS3009c.vkaraisk.s.1">For the conceptual design, the marketing expert talked about the public's preference for looks and texture over technological innovation; however, they both seem to be more important than ease of use.</sentence> <sentence nite:id="TS3009c.vkaraisk.s.2">The current fashion among younger people favours bright colours and fruit and vegetable themes: pertinent exchangeable fronts can express such trends on the remote.</sentence> <sentence nite:id="TS3009c.vkaraisk.s.3">Materials also need to be strong: the marketing expert suggested an iron-plate or titanium front.</sentence> <sentence nite:id="TS3009c.vkaraisk.s.4">The industrial designer suggested they use rubber push buttons (and no scroll wheel), simple battery (instead of solar cells or kinetic dynamo), and advanced chip.</sentence> <sentence nite:id="TS3009c.vkaraisk.s.5">Speech recognition can be implemented, but it does not link speech commands to remote control actions.</sentence> <sentence nite:id="TS3009c.vkaraisk.s.6">He also advised that the users within the target group prefer primary colours, soft textures and curved shapes.</sentence> <sentence nite:id="TS3009c.vkaraisk.s.7">The team drew a provisional prototype.</sentence> <sentence nite:id="TS3009c.vkaraisk.s.8">They placed the LCD below the buttons.</sentence> <sentence nite:id="TS3009c.vkaraisk.s.9">If it is implemented, a recording button, microphone and speaker need to be included in the design.</sentence> <sentence nite:id="TS3009c.vkaraisk.s.10">Finally, they decided to have a titanium case with plastic front and the company logo and slogan engraved.</sentence> <sentence nite:id="TS3009c.vkaraisk.s.11">Packages with a variety of changeable fronts will be launched.</sentence> 

</abstract>
<actions nite:id="TS3009c.vkaraisk.actions.1">
<sentence nite:id="TS3009c.vkaraisk.s.12">The industrial designer and the user interface designer will work on a drawing of a prototype, where they will also sort out the details about the buttons.</sentence> <sentence nite:id="TS3009c.vkaraisk.s.13">The marketing expert will carry out an evaluation of the product.</sentence>
</actions>
<decisions nite:id="TS3009c.vkaraisk.decisions.1">
<sentence nite:id="TS3009c.vkaraisk.s.14">The push buttons are going to be made of rubber.</sentence> <sentence nite:id="TS3009c.vkaraisk.s.15">The chip needs to be an advanced one to be compatible with the LCD screen that is going to be incorporated in the design.</sentence> <sentence nite:id="TS3009c.vkaraisk.s.16">Making changeable fascias can allow for the integration of this or future fashion trends in the device.</sentence> <sentence nite:id="TS3009c.vkaraisk.s.17">The team agreed to place the LCD at the bottom of the device, below the buttons.</sentence> <sentence nite:id="TS3009c.vkaraisk.s.18">TV settings will be included in menus there instead of having separate buttons for them.</sentence> <sentence nite:id="TS3009c.vkaraisk.s.19">They will implement speech recognition as well, because their target group like such gimmicks.</sentence> <sentence nite:id="TS3009c.vkaraisk.s.20">The case will be titanium with a plastic front with rounded buttons.</sentence> <sentence nite:id="TS3009c.vkaraisk.s.21">Parts of the front (like the bottom where the LCD is and the top corner where the logo is) will also be titanium.</sentence> <sentence nite:id="TS3009c.vkaraisk.s.22">The chip is going to be a standard one.</sentence> <sentence nite:id="TS3009c.vkaraisk.s.23">They will launch the product with various fronts to choose from including a couple of basic colours or fruit and vegetable themes to go with the current fashion.</sentence> <sentence nite:id="TS3009c.vkaraisk.s.24">The logo will be both at the front and the back of the remote; the company slogan will be engraved at the back.</sentence> 

</decisions>
<problems nite:id="TS3009c.vkaraisk.problems.1">
<sentence nite:id="TS3009c.vkaraisk.s.25">The team found a possible conflict between the need for strong materials and the customers' preference for soft textures.</sentence> <sentence nite:id="TS3009c.vkaraisk.s.26">Plastic may be strong, but it does not necessarily look it.</sentence> <sentence nite:id="TS3009c.vkaraisk.s.27">The version of speech recognition discussed does not link voice commands to actual device actions.</sentence> <sentence nite:id="TS3009c.vkaraisk.s.28">Changing the front colours may make the front clash with the titanium, but it was also thought neutral enough for it not to matter.</sentence> <sentence nite:id="TS3009c.vkaraisk.s.29">They wondered whether to use both the logo and the slogan on the device and where it would be best for them to be placed.</sentence>

</problems>
</nite:root>
