<?xml version="1.0" encoding="ISO-8859-1" standalone="yes"?>
<nite:root nite:id="ES2008c.B.argumentstructs" xmlns:nite="http://nite.sourceforge.net/">
   <ae nite:id="ES2008c.B.argumentstructs.Erik.1">
      <nite:pointer role="type"  href="ae-types.xml#id(ae_5)"/>
      <nite:child href="ES2008c.B.words.xml#id(ES2008c.B.words1149)..id(ES2008c.B.words1156)"/>
   </ae>
   <ae nite:id="ES2008c.B.argumentstructs.Erik.2">
      <nite:pointer role="type"  href="ae-types.xml#id(ae_1)"/>
      <nite:child href="ES2008c.B.words.xml#id(ES2008c.B.words1157)..id(ES2008c.B.words1158)"/>
   </ae>
   <ae nite:id="ES2008c.B.argumentstructs.Erik.3">
      <nite:pointer role="type"  href="ae-types.xml#id(ae_1)"/>
      <nite:child href="ES2008c.B.words.xml#id(ES2008c.B.words1161)..id(ES2008c.B.words1162)"/>
   </ae>
   <ae nite:id="ES2008c.B.argumentstructs.Erik.4">
      <nite:pointer role="type"  href="ae-types.xml#id(ae_1)"/>
      <nite:child href="ES2008c.B.words.xml#id(ES2008c.B.words1165)..id(ES2008c.B.words1166)"/>
   </ae>
   <ae nite:id="ES2008c.B.argumentstructs.Erik.5">
      <nite:pointer role="type"  href="ae-types.xml#id(ae_1)"/>
      <nite:child href="ES2008c.B.words.xml#id(ES2008c.B.words1169)..id(ES2008c.B.words1170)"/>
   </ae>
   <ae nite:id="ES2008c.B.argumentstructs.Erik.6">
      <nite:pointer role="type"  href="ae-types.xml#id(ae_1)"/>
      <nite:child href="ES2008c.B.words.xml#id(ES2008c.B.words1249)..id(ES2008c.B.words1256)"/>
   </ae>
   <ae nite:id="ES2008c.B.argumentstructs.Erik.7">
      <nite:pointer role="type"  href="ae-types.xml#id(ae_1)"/>
      <nite:child href="ES2008c.B.words.xml#id(ES2008c.B.words1261)..id(ES2008c.B.words1302)"/>
   </ae>
   <ae nite:id="ES2008c.B.argumentstructs.Erik.8">
      <nite:pointer role="type"  href="ae-types.xml#id(ae_1)"/>
      <nite:child href="ES2008c.B.words.xml#id(ES2008c.B.words1328)..id(ES2008c.B.words1337)"/>
   </ae>
   <ae nite:id="ES2008c.B.argumentstructs.Erik.9">
      <nite:pointer role="type"  href="ae-types.xml#id(ae_2)"/>
      <nite:child href="ES2008c.B.words.xml#id(ES2008c.B.words1338)..id(ES2008c.B.words1359)"/>
   </ae>
   <ae nite:id="ES2008c.B.argumentstructs.Erik.10">
      <nite:pointer role="type"  href="ae-types.xml#id(ae_1)"/>
      <nite:child href="ES2008c.B.words.xml#id(ES2008c.B.words1362)..id(ES2008c.B.words1382)"/>
   </ae>
   <ae nite:id="ES2008c.B.argumentstructs.Erik.11">
      <nite:pointer role="type"  href="ae-types.xml#id(ae_5)"/>
      <nite:child href="ES2008c.B.words.xml#id(ES2008c.B.words1384)..id(ES2008c.B.words1392)"/>
   </ae>
   <ae nite:id="ES2008c.B.argumentstructs.Erik.12">
      <nite:pointer role="type"  href="ae-types.xml#id(ae_1)"/>
      <nite:child href="ES2008c.B.words.xml#id(ES2008c.B.words1393)..id(ES2008c.B.words1398)"/>
   </ae>
   <ae nite:id="ES2008c.B.argumentstructs.Erik.13">
      <nite:pointer role="type"  href="ae-types.xml#id(ae_1)"/>
      <nite:child href="ES2008c.B.words.xml#id(ES2008c.B.words1399)..id(ES2008c.B.words1430)"/>
   </ae>
   <ae nite:id="ES2008c.B.argumentstructs.Erik.14">
      <nite:pointer role="type"  href="ae-types.xml#id(ae_1)"/>
      <nite:child href="ES2008c.B.words.xml#id(ES2008c.B.words1432)..id(ES2008c.B.words1455)"/>
   </ae>
   <ae nite:id="ES2008c.B.argumentstructs.Erik.15">
      <nite:pointer role="type"  href="ae-types.xml#id(ae_1)"/>
      <nite:child href="ES2008c.B.words.xml#id(ES2008c.B.words1460)..id(ES2008c.B.words1470)"/>
   </ae>
   <ae nite:id="ES2008c.B.argumentstructs.Erik.16">
      <nite:pointer role="type"  href="ae-types.xml#id(ae_1)"/>
      <nite:child href="ES2008c.B.words.xml#id(ES2008c.B.words1471)..id(ES2008c.B.words1475)"/>
   </ae>
   <ae nite:id="ES2008c.B.argumentstructs.Erik.17">
      <nite:pointer role="type"  href="ae-types.xml#id(ae_1)"/>
      <nite:child href="ES2008c.B.words.xml#id(ES2008c.B.words1476)..id(ES2008c.B.words1477)"/>
   </ae>
   <ae nite:id="ES2008c.B.argumentstructs.Erik.18">
      <nite:pointer role="type"  href="ae-types.xml#id(ae_1)"/>
      <nite:child href="ES2008c.B.words.xml#id(ES2008c.B.words1478)..id(ES2008c.B.words1480)"/>
   </ae>
   <ae nite:id="ES2008c.B.argumentstructs.Erik.19">
      <nite:pointer role="type"  href="ae-types.xml#id(ae_1)"/>
      <nite:child href="ES2008c.B.words.xml#id(ES2008c.B.words1483)..id(ES2008c.B.words1508)"/>
   </ae>
   <ae nite:id="ES2008c.B.argumentstructs.Erik.20">
      <nite:pointer role="type"  href="ae-types.xml#id(ae_1)"/>
      <nite:child href="ES2008c.B.words.xml#id(ES2008c.B.words1509)..id(ES2008c.B.words1526)"/>
   </ae>
   <ae nite:id="ES2008c.B.argumentstructs.Erik.21">
      <nite:pointer role="type"  href="ae-types.xml#id(ae_1)"/>
      <nite:child href="ES2008c.B.words.xml#id(ES2008c.B.words1527)"/>
   </ae>
   <ae nite:id="ES2008c.B.argumentstructs.Erik.22">
      <nite:pointer role="type"  href="ae-types.xml#id(ae_1)"/>
      <nite:child href="ES2008c.B.words.xml#id(ES2008c.B.words1528)..id(ES2008c.B.words1552)"/>
   </ae>
   <ae nite:id="ES2008c.B.argumentstructs.Erik.23">
      <nite:pointer role="type"  href="ae-types.xml#id(ae_1)"/>
      <nite:child href="ES2008c.B.words.xml#id(ES2008c.B.words1553)..id(ES2008c.B.words1570)"/>
   </ae>
   <ae nite:id="ES2008c.B.argumentstructs.Erik.24">
      <nite:pointer role="type"  href="ae-types.xml#id(ae_1)"/>
      <nite:child href="ES2008c.B.words.xml#id(ES2008c.B.words1571)..id(ES2008c.B.words1587)"/>
   </ae>
   <ae nite:id="ES2008c.B.argumentstructs.Erik.25">
      <nite:pointer role="type"  href="ae-types.xml#id(ae_1)"/>
      <nite:child href="ES2008c.B.words.xml#id(ES2008c.B.words1588)..id(ES2008c.B.words1600)"/>
   </ae>
   <ae nite:id="ES2008c.B.argumentstructs.Erik.26">
      <nite:pointer role="type"  href="ae-types.xml#id(ae_1)"/>
      <nite:child href="ES2008c.B.words.xml#id(ES2008c.B.words1601)..id(ES2008c.B.words1602)"/>
   </ae>
   <ae nite:id="ES2008c.B.argumentstructs.Erik.27">
      <nite:pointer role="type"  href="ae-types.xml#id(ae_1)"/>
      <nite:child href="ES2008c.B.words.xml#id(ES2008c.B.words1960)..id(ES2008c.B.words2006)"/>
   </ae>
   <ae nite:id="ES2008c.B.argumentstructs.Erik.28">
      <nite:pointer role="type"  href="ae-types.xml#id(ae_4)"/>
      <nite:child href="ES2008c.B.words.xml#id(ES2008c.B.words2010)..id(ES2008c.B.words2055)"/>
   </ae>
   <ae nite:id="ES2008c.B.argumentstructs.Erik.29">
      <nite:pointer role="type"  href="ae-types.xml#id(ae_1)"/>
      <nite:child href="ES2008c.B.words.xml#id(ES2008c.B.words2059)..id(ES2008c.B.words2089)"/>
   </ae>
   <ae nite:id="ES2008c.B.argumentstructs.Erik.30">
      <nite:pointer role="type"  href="ae-types.xml#id(ae_1)"/>
      <nite:child href="ES2008c.B.words.xml#id(ES2008c.B.words2090)..id(ES2008c.B.words2091)"/>
   </ae>
   <ae nite:id="ES2008c.B.argumentstructs.Erik.31">
      <nite:pointer role="type"  href="ae-types.xml#id(ae_4)"/>
      <nite:child href="ES2008c.B.words.xml#id(ES2008c.B.words2099)..id(ES2008c.B.words2105)"/>
   </ae>
   <ae nite:id="ES2008c.B.argumentstructs.Erik.32">
      <nite:pointer role="type"  href="ae-types.xml#id(ae_1)"/>
      <nite:child href="ES2008c.B.words.xml#id(ES2008c.B.words2106)..id(ES2008c.B.words2139)"/>
   </ae>
   <ae nite:id="ES2008c.B.argumentstructs.Erik.33">
      <nite:pointer role="type"  href="ae-types.xml#id(ae_1)"/>
      <nite:child href="ES2008c.B.words.xml#id(ES2008c.B.words2140)..id(ES2008c.B.words2166)"/>
   </ae>
   <ae nite:id="ES2008c.B.argumentstructs.Erik.34">
      <nite:pointer role="type"  href="ae-types.xml#id(ae_1)"/>
      <nite:child href="ES2008c.B.words.xml#id(ES2008c.B.words2173)..id(ES2008c.B.words2185)"/>
   </ae>
   <ae nite:id="ES2008c.B.argumentstructs.Erik.35">
      <nite:pointer role="type"  href="ae-types.xml#id(ae_1)"/>
      <nite:child href="ES2008c.B.words.xml#id(ES2008c.B.words2186)..id(ES2008c.B.words2202)"/>
   </ae>
   <ae nite:id="ES2008c.B.argumentstructs.Erik.36">
      <nite:pointer role="type"  href="ae-types.xml#id(ae_1)"/>
      <nite:child href="ES2008c.B.words.xml#id(ES2008c.B.words2203)..id(ES2008c.B.words2204)"/>
   </ae>
   <ae nite:id="ES2008c.B.argumentstructs.Erik.37">
      <nite:pointer role="type"  href="ae-types.xml#id(ae_1)"/>
      <nite:child href="ES2008c.B.words.xml#id(ES2008c.B.words2205)..id(ES2008c.B.words2211)"/>
   </ae>
   <ae nite:id="ES2008c.B.argumentstructs.Erik.38">
      <nite:pointer role="type"  href="ae-types.xml#id(ae_1)"/>
      <nite:child href="ES2008c.B.words.xml#id(ES2008c.B.words2212)..id(ES2008c.B.words2303)"/>
   </ae>
   <ae nite:id="ES2008c.B.argumentstructs.Erik.39">
      <nite:pointer role="type"  href="ae-types.xml#id(ae_1)"/>
      <nite:child href="ES2008c.B.words.xml#id(ES2008c.B.words2304)..id(ES2008c.B.words2305)"/>
   </ae>
   <ae nite:id="ES2008c.B.argumentstructs.Erik.40">
      <nite:pointer role="type"  href="ae-types.xml#id(ae_1)"/>
      <nite:child href="ES2008c.B.words.xml#id(ES2008c.B.words2306)..id(ES2008c.B.words2307)"/>
   </ae>
   <ae nite:id="ES2008c.B.argumentstructs.Erik.41">
      <nite:pointer role="type"  href="ae-types.xml#id(ae_4)"/>
      <nite:child href="ES2008c.B.words.xml#id(ES2008c.B.words2308)..id(ES2008c.B.words2321)"/>
   </ae>
   <ae nite:id="ES2008c.B.argumentstructs.Erik.42">
      <nite:pointer role="type"  href="ae-types.xml#id(ae_1)"/>
      <nite:child href="ES2008c.B.words.xml#id(ES2008c.B.words2322)..id(ES2008c.B.words2333)"/>
   </ae>
   <ae nite:id="ES2008c.B.argumentstructs.Erik.43">
      <nite:pointer role="type"  href="ae-types.xml#id(ae_1)"/>
      <nite:child href="ES2008c.B.words.xml#id(ES2008c.B.words2403)..id(ES2008c.B.words2404)"/>
   </ae>
   <ae nite:id="ES2008c.B.argumentstructs.Erik.44">
      <nite:pointer role="type"  href="ae-types.xml#id(ae_3)"/>
      <nite:child href="ES2008c.B.words.xml#id(ES2008c.B.words2405)..id(ES2008c.B.words2417)"/>
   </ae>
   <ae nite:id="ES2008c.B.argumentstructs.Erik.45">
      <nite:pointer role="type"  href="ae-types.xml#id(ae_1)"/>
      <nite:child href="ES2008c.B.words.xml#id(ES2008c.B.words2418)..id(ES2008c.B.words2425)"/>
   </ae>
   <ae nite:id="ES2008c.B.argumentstructs.Erik.46">
      <nite:pointer role="type"  href="ae-types.xml#id(ae_1)"/>
      <nite:child href="ES2008c.B.words.xml#id(ES2008c.B.words2426)..id(ES2008c.B.words2427)"/>
   </ae>
   <ae nite:id="ES2008c.B.argumentstructs.Erik.47">
      <nite:pointer role="type"  href="ae-types.xml#id(ae_1)"/>
      <nite:child href="ES2008c.B.words.xml#id(ES2008c.B.words2430)..id(ES2008c.B.words2434)"/>
   </ae>
   <ae nite:id="ES2008c.B.argumentstructs.48">
      <nite:pointer role="type"  href="ae-types.xml#id(ae_6)"/>
      <nite:child href="ES2008c.B.words.xml#id(ES2008c.B.words1159)..id(ES2008c.B.words1160)"/>
   </ae>
   <ae nite:id="ES2008c.B.argumentstructs.49">
      <nite:pointer role="type"  href="ae-types.xml#id(ae_6)"/>
      <nite:child href="ES2008c.B.words.xml#id(ES2008c.B.words1163)..id(ES2008c.B.words1164)"/>
   </ae>
   <ae nite:id="ES2008c.B.argumentstructs.50">
      <nite:pointer role="type"  href="ae-types.xml#id(ae_6)"/>
      <nite:child href="ES2008c.B.words.xml#id(ES2008c.B.words1167)..id(ES2008c.B.words1168)"/>
   </ae>
   <ae nite:id="ES2008c.B.argumentstructs.51">
      <nite:pointer role="type"  href="ae-types.xml#id(ae_6)"/>
      <nite:child href="ES2008c.B.words.xml#id(ES2008c.B.words1257)..id(ES2008c.B.words1259)"/>
   </ae>
   <ae nite:id="ES2008c.B.argumentstructs.52">
      <nite:pointer role="type"  href="ae-types.xml#id(ae_6)"/>
      <nite:child href="ES2008c.B.words.xml#id(ES2008c.B.words1303)"/>
      <nite:child href="ES2008c.B.words.xml#id(ES2008c.B.words1305)..id(ES2008c.B.words1326)"/>
   </ae>
   <ae nite:id="ES2008c.B.argumentstructs.53">
      <nite:pointer role="type"  href="ae-types.xml#id(ae_6)"/>
      <nite:child href="ES2008c.B.words.xml#id(ES2008c.B.words1360)..id(ES2008c.B.words1361)"/>
   </ae>
   <ae nite:id="ES2008c.B.argumentstructs.54">
      <nite:pointer role="type"  href="ae-types.xml#id(ae_6)"/>
      <nite:child href="ES2008c.B.words.xml#id(ES2008c.B.words1456)"/>
      <nite:child href="ES2008c.B.words.xml#id(ES2008c.B.words1458)"/>
   </ae>
   <ae nite:id="ES2008c.B.argumentstructs.55">
      <nite:pointer role="type"  href="ae-types.xml#id(ae_6)"/>
      <nite:child href="ES2008c.B.words.xml#id(ES2008c.B.words1481)..id(ES2008c.B.words1482)"/>
   </ae>
   <ae nite:id="ES2008c.B.argumentstructs.56">
      <nite:pointer role="type"  href="ae-types.xml#id(ae_6)"/>
      <nite:child href="ES2008c.B.words.xml#id(ES2008c.B.words2007)..id(ES2008c.B.words2008)"/>
   </ae>
   <ae nite:id="ES2008c.B.argumentstructs.57">
      <nite:pointer role="type"  href="ae-types.xml#id(ae_6)"/>
      <nite:child href="ES2008c.B.words.xml#id(ES2008c.B.words2056)..id(ES2008c.B.words2057)"/>
   </ae>
   <ae nite:id="ES2008c.B.argumentstructs.58">
      <nite:pointer role="type"  href="ae-types.xml#id(ae_6)"/>
      <nite:child href="ES2008c.B.words.xml#id(ES2008c.B.words2092)..id(ES2008c.B.words2098)"/>
   </ae>
   <ae nite:id="ES2008c.B.argumentstructs.59">
      <nite:pointer role="type"  href="ae-types.xml#id(ae_6)"/>
      <nite:child href="ES2008c.B.words.xml#id(ES2008c.B.words2401)..id(ES2008c.B.words2402)"/>
   </ae>
   <ae nite:id="ES2008c.B.argumentstructs.60">
      <nite:pointer role="type"  href="ae-types.xml#id(ae_6)"/>
      <nite:child href="ES2008c.B.words.xml#id(ES2008c.B.words2428)..id(ES2008c.B.words2429)"/>
   </ae>
</nite:root>