<?xml version="1.0" encoding="ISO-8859-1" standalone="yes"?>
<nite:root nite:id="ES2007c.B.argumentstructs" xmlns:nite="http://nite.sourceforge.net/">
   <ae nite:id="ES2007c.B.argumentstructs.Erik.1">
      <nite:pointer role="type"  href="ae-types.xml#id(ae_1)"/>
      <nite:child href="ES2007c.B.words.xml#id(ES2007c.B.words314)..id(ES2007c.B.words420)"/>
   </ae>
   <ae nite:id="ES2007c.B.argumentstructs.Erik.2">
      <nite:pointer role="type"  href="ae-types.xml#id(ae_1)"/>
      <nite:child href="ES2007c.B.words.xml#id(ES2007c.B.words421)..id(ES2007c.B.words422)"/>
   </ae>
   <ae nite:id="ES2007c.B.argumentstructs.Erik.3">
      <nite:pointer role="type"  href="ae-types.xml#id(ae_1)"/>
      <nite:child href="ES2007c.B.words.xml#id(ES2007c.B.words423)..id(ES2007c.B.words436)"/>
   </ae>
   <ae nite:id="ES2007c.B.argumentstructs.Erik.4">
      <nite:pointer role="type"  href="ae-types.xml#id(ae_1)"/>
      <nite:child href="ES2007c.B.words.xml#id(ES2007c.B.words443)..id(ES2007c.B.words444)"/>
   </ae>
   <ae nite:id="ES2007c.B.argumentstructs.Erik.5">
      <nite:pointer role="type"  href="ae-types.xml#id(ae_1)"/>
      <nite:child href="ES2007c.B.words.xml#id(ES2007c.B.words445)..id(ES2007c.B.words451)"/>
   </ae>
   <ae nite:id="ES2007c.B.argumentstructs.Erik.6">
      <nite:pointer role="type"  href="ae-types.xml#id(ae_1)"/>
      <nite:child href="ES2007c.B.words.xml#id(ES2007c.B.words490)..id(ES2007c.B.words496)"/>
   </ae>
   <ae nite:id="ES2007c.B.argumentstructs.Erik.7">
      <nite:pointer role="type"  href="ae-types.xml#id(ae_1)"/>
      <nite:child href="ES2007c.B.words.xml#id(ES2007c.B.words497)..id(ES2007c.B.words548)"/>
   </ae>
   <ae nite:id="ES2007c.B.argumentstructs.Erik.8">
      <nite:pointer role="type"  href="ae-types.xml#id(ae_1)"/>
      <nite:child href="ES2007c.B.words.xml#id(ES2007c.B.words549)..id(ES2007c.B.words590)"/>
   </ae>
   <ae nite:id="ES2007c.B.argumentstructs.Erik.9">
      <nite:pointer role="type"  href="ae-types.xml#id(ae_1)"/>
      <nite:child href="ES2007c.B.words.xml#id(ES2007c.B.words596)..id(ES2007c.B.words597)"/>
   </ae>
   <ae nite:id="ES2007c.B.argumentstructs.Erik.10">
      <nite:pointer role="type"  href="ae-types.xml#id(ae_1)"/>
      <nite:child href="ES2007c.B.words.xml#id(ES2007c.B.words619)..id(ES2007c.B.words721)"/>
   </ae>
   <ae nite:id="ES2007c.B.argumentstructs.Erik.11">
      <nite:pointer role="type"  href="ae-types.xml#id(ae_1)"/>
      <nite:child href="ES2007c.B.words.xml#id(ES2007c.B.words726)..id(ES2007c.B.words738)"/>
   </ae>
   <ae nite:id="ES2007c.B.argumentstructs.Erik.12">
      <nite:pointer role="type"  href="ae-types.xml#id(ae_1)"/>
      <nite:child href="ES2007c.B.words.xml#id(ES2007c.B.words948)..id(ES2007c.B.words978)"/>
   </ae>
   <ae nite:id="ES2007c.B.argumentstructs.Erik.13">
      <nite:pointer role="type"  href="ae-types.xml#id(ae_1)"/>
      <nite:child href="ES2007c.B.words.xml#id(ES2007c.B.words992)..id(ES2007c.B.words1000)"/>
   </ae>
   <ae nite:id="ES2007c.B.argumentstructs.Erik.14">
      <nite:pointer role="type"  href="ae-types.xml#id(ae_1)"/>
      <nite:child href="ES2007c.B.words.xml#id(ES2007c.B.words1140)..id(ES2007c.B.words1194)"/>
   </ae>
   <ae nite:id="ES2007c.B.argumentstructs.Erik.15">
      <nite:pointer role="type"  href="ae-types.xml#id(ae_1)"/>
      <nite:child href="ES2007c.B.words.xml#id(ES2007c.B.words1201)..id(ES2007c.B.words1216)"/>
   </ae>
   <ae nite:id="ES2007c.B.argumentstructs.Erik.16">
      <nite:pointer role="type"  href="ae-types.xml#id(ae_1)"/>
      <nite:child href="ES2007c.B.words.xml#id(ES2007c.B.words1217)..id(ES2007c.B.words1244)"/>
   </ae>
   <ae nite:id="ES2007c.B.argumentstructs.Erik.17">
      <nite:pointer role="type"  href="ae-types.xml#id(ae_1)"/>
      <nite:child href="ES2007c.B.words.xml#id(ES2007c.B.words1326)..id(ES2007c.B.words1327)"/>
   </ae>
   <ae nite:id="ES2007c.B.argumentstructs.Erik.18">
      <nite:pointer role="type"  href="ae-types.xml#id(ae_1)"/>
      <nite:child href="ES2007c.B.words.xml#id(ES2007c.B.words1340)..id(ES2007c.B.words1343)"/>
   </ae>
   <ae nite:id="ES2007c.B.argumentstructs.Erik.19">
      <nite:pointer role="type"  href="ae-types.xml#id(ae_1)"/>
      <nite:child href="ES2007c.B.words.xml#id(ES2007c.B.words1344)..id(ES2007c.B.words1380)"/>
   </ae>
   <ae nite:id="ES2007c.B.argumentstructs.Erik.20">
      <nite:pointer role="type"  href="ae-types.xml#id(ae_2)"/>
      <nite:child href="ES2007c.B.words.xml#id(ES2007c.B.words1383)..id(ES2007c.B.words1392)"/>
   </ae>
   <ae nite:id="ES2007c.B.argumentstructs.21">
      <nite:pointer role="type"  href="ae-types.xml#id(ae_6)"/>
      <nite:child href="ES2007c.B.words.xml#id(ES2007c.B.words296)..id(ES2007c.B.words313)"/>
   </ae>
   <ae nite:id="ES2007c.B.argumentstructs.22">
      <nite:pointer role="type"  href="ae-types.xml#id(ae_6)"/>
      <nite:child href="ES2007c.B.words.xml#id(ES2007c.B.words438)..id(ES2007c.B.words441)"/>
   </ae>
   <ae nite:id="ES2007c.B.argumentstructs.23">
      <nite:pointer role="type"  href="ae-types.xml#id(ae_6)"/>
      <nite:child href="ES2007c.B.words.xml#id(ES2007c.B.words452)..id(ES2007c.B.words489)"/>
   </ae>
   <ae nite:id="ES2007c.B.argumentstructs.24">
      <nite:pointer role="type"  href="ae-types.xml#id(ae_6)"/>
      <nite:child href="ES2007c.B.words.xml#id(ES2007c.B.words591)..id(ES2007c.B.words595)"/>
   </ae>
   <ae nite:id="ES2007c.B.argumentstructs.25">
      <nite:pointer role="type"  href="ae-types.xml#id(ae_6)"/>
      <nite:child href="ES2007c.B.words.xml#id(ES2007c.B.words599)..id(ES2007c.B.words618)"/>
   </ae>
   <ae nite:id="ES2007c.B.argumentstructs.26">
      <nite:pointer role="type"  href="ae-types.xml#id(ae_6)"/>
      <nite:child href="ES2007c.B.words.xml#id(ES2007c.B.words722)..id(ES2007c.B.words724)"/>
   </ae>
   <ae nite:id="ES2007c.B.argumentstructs.27">
      <nite:pointer role="type"  href="ae-types.xml#id(ae_6)"/>
      <nite:child href="ES2007c.B.words.xml#id(ES2007c.B.words946)"/>
   </ae>
   <ae nite:id="ES2007c.B.argumentstructs.28">
      <nite:pointer role="type"  href="ae-types.xml#id(ae_6)"/>
      <nite:child href="ES2007c.B.words.xml#id(ES2007c.B.words979)..id(ES2007c.B.words980)"/>
      <nite:child href="ES2007c.B.words.xml#id(ES2007c.B.words982)..id(ES2007c.B.words990)"/>
   </ae>
   <ae nite:id="ES2007c.B.argumentstructs.29">
      <nite:pointer role="type"  href="ae-types.xml#id(ae_6)"/>
      <nite:child href="ES2007c.B.words.xml#id(ES2007c.B.words1138)"/>
   </ae>
   <ae nite:id="ES2007c.B.argumentstructs.30">
      <nite:pointer role="type"  href="ae-types.xml#id(ae_6)"/>
      <nite:child href="ES2007c.B.words.xml#id(ES2007c.B.words1195)..id(ES2007c.B.words1200)"/>
   </ae>
   <ae nite:id="ES2007c.B.argumentstructs.31">
      <nite:pointer role="type"  href="ae-types.xml#id(ae_6)"/>
      <nite:child href="ES2007c.B.words.xml#id(ES2007c.B.words1328)..id(ES2007c.B.words1330)"/>
      <nite:child href="ES2007c.B.words.xml#id(ES2007c.B.words1333)..id(ES2007c.B.words1338)"/>
   </ae>
   <ae nite:id="ES2007c.B.argumentstructs.32">
      <nite:pointer role="type"  href="ae-types.xml#id(ae_6)"/>
      <nite:child href="ES2007c.B.words.xml#id(ES2007c.B.words1381)..id(ES2007c.B.words1382)"/>
   </ae>
</nite:root>