<?xml version="1.0" encoding="ISO-8859-1" standalone="yes"?>
<nite:root nite:id="ES2012c.D.argumentstructs" xmlns:nite="http://nite.sourceforge.net/">
   <ae nite:id="ES2012c.D.argumentstructs.Rutger.1">
      <nite:pointer role="type"  href="ae-types.xml#id(ae_1)"/>
      <nite:child href="ES2012c.D.words.xml#id(ES2012c.D.words1)..id(ES2012c.D.words20)"/>
   </ae>
   <ae nite:id="ES2012c.D.argumentstructs.Rutger.2">
      <nite:pointer role="type"  href="ae-types.xml#id(ae_2)"/>
      <nite:child href="ES2012c.D.words.xml#id(ES2012c.D.words36)..id(ES2012c.D.words49)"/>
   </ae>
   <ae nite:id="ES2012c.D.argumentstructs.Rutger.3">
      <nite:pointer role="type"  href="ae-types.xml#id(ae_1)"/>
      <nite:child href="ES2012c.D.words.xml#id(ES2012c.D.words50)..id(ES2012c.D.words69)"/>
   </ae>
   <ae nite:id="ES2012c.D.argumentstructs.Rutger.4">
      <nite:pointer role="type"  href="ae-types.xml#id(ae_1)"/>
      <nite:child href="ES2012c.D.words.xml#id(ES2012c.D.words70)..id(ES2012c.D.words81)"/>
   </ae>
   <ae nite:id="ES2012c.D.argumentstructs.Rutger.5">
      <nite:pointer role="type"  href="ae-types.xml#id(ae_1)"/>
      <nite:child href="ES2012c.D.words.xml#id(ES2012c.D.words84)..id(ES2012c.D.words200)"/>
   </ae>
   <ae nite:id="ES2012c.D.argumentstructs.Rutger.6">
      <nite:pointer role="type"  href="ae-types.xml#id(ae_1)"/>
      <nite:child href="ES2012c.D.words.xml#id(ES2012c.D.words205)..id(ES2012c.D.words220)"/>
   </ae>
   <ae nite:id="ES2012c.D.argumentstructs.Rutger.7">
      <nite:pointer role="type"  href="ae-types.xml#id(ae_1)"/>
      <nite:child href="ES2012c.D.words.xml#id(ES2012c.D.words221)..id(ES2012c.D.words235)"/>
   </ae>
   <ae nite:id="ES2012c.D.argumentstructs.Rutger.8">
      <nite:pointer role="type"  href="ae-types.xml#id(ae_2)"/>
      <nite:child href="ES2012c.D.words.xml#id(ES2012c.D.words237)..id(ES2012c.D.words283)"/>
   </ae>
   <ae nite:id="ES2012c.D.argumentstructs.Rutger.9">
      <nite:pointer role="type"  href="ae-types.xml#id(ae_1)"/>
      <nite:child href="ES2012c.D.words.xml#id(ES2012c.D.words284)..id(ES2012c.D.words288)"/>
   </ae>
   <ae nite:id="ES2012c.D.argumentstructs.Rutger.13">
      <nite:pointer role="type"  href="ae-types.xml#id(ae_3)"/>
      <nite:child href="ES2012c.D.words.xml#id(ES2012c.D.words622)..id(ES2012c.D.words634)"/>
   </ae>
   <ae nite:id="ES2012c.D.argumentstructs.Rutger.14">
      <nite:pointer role="type"  href="ae-types.xml#id(ae_1)"/>
      <nite:child href="ES2012c.D.words.xml#id(ES2012c.D.words636)..id(ES2012c.D.words656)"/>
   </ae>
   <ae nite:id="ES2012c.D.argumentstructs.Rutger.15">
      <nite:pointer role="type"  href="ae-types.xml#id(ae_1)"/>
      <nite:child href="ES2012c.D.words.xml#id(ES2012c.D.words657)..id(ES2012c.D.words664)"/>
   </ae>
   <ae nite:id="ES2012c.D.argumentstructs.Rutger.16">
      <nite:pointer role="type"  href="ae-types.xml#id(ae_1)"/>
      <nite:child href="ES2012c.D.words.xml#id(ES2012c.D.words665)..id(ES2012c.D.words686)"/>
   </ae>
   <ae nite:id="ES2012c.D.argumentstructs.Rutger.17">
      <nite:pointer role="type"  href="ae-types.xml#id(ae_1)"/>
      <nite:child href="ES2012c.D.words.xml#id(ES2012c.D.words687)..id(ES2012c.D.words688)"/>
   </ae>
   <ae nite:id="ES2012c.D.argumentstructs.Rutger.18">
      <nite:pointer role="type"  href="ae-types.xml#id(ae_1)"/>
      <nite:child href="ES2012c.D.words.xml#id(ES2012c.D.words689)..id(ES2012c.D.words690)"/>
   </ae>
   <ae nite:id="ES2012c.D.argumentstructs.Rutger.19">
      <nite:pointer role="type"  href="ae-types.xml#id(ae_1)"/>
      <nite:child href="ES2012c.D.words.xml#id(ES2012c.D.words691)..id(ES2012c.D.words761)"/>
   </ae>
   <ae nite:id="ES2012c.D.argumentstructs.Rutger.20">
      <nite:pointer role="type"  href="ae-types.xml#id(ae_2)"/>
      <nite:child href="ES2012c.D.words.xml#id(ES2012c.D.words763)..id(ES2012c.D.words769)"/>
   </ae>
   <ae nite:id="ES2012c.D.argumentstructs.Rutger.21">
      <nite:pointer role="type"  href="ae-types.xml#id(ae_5)"/>
      <nite:child href="ES2012c.D.words.xml#id(ES2012c.D.words854)..id(ES2012c.D.words902)"/>
   </ae>
   <ae nite:id="ES2012c.D.argumentstructs.Rutger.22">
      <nite:pointer role="type"  href="ae-types.xml#id(ae_2)"/>
      <nite:child href="ES2012c.D.words.xml#id(ES2012c.D.words904)..id(ES2012c.D.words935)"/>
   </ae>
   <ae nite:id="ES2012c.D.argumentstructs.Rutger.23">
      <nite:pointer role="type"  href="ae-types.xml#id(ae_2)"/>
      <nite:child href="ES2012c.D.words.xml#id(ES2012c.D.words936)..id(ES2012c.D.words965)"/>
   </ae>
   <ae nite:id="ES2012c.D.argumentstructs.Rutger.24">
      <nite:pointer role="type"  href="ae-types.xml#id(ae_1)"/>
      <nite:child href="ES2012c.D.words.xml#id(ES2012c.D.words966)..id(ES2012c.D.words967)"/>
   </ae>
   <ae nite:id="ES2012c.D.argumentstructs.Rutger.25">
      <nite:pointer role="type"  href="ae-types.xml#id(ae_1)"/>
      <nite:child href="ES2012c.D.words.xml#id(ES2012c.D.words969)..id(ES2012c.D.words975)"/>
   </ae>
   <ae nite:id="ES2012c.D.argumentstructs.26">
      <nite:pointer role="type"  href="ae-types.xml#id(ae_6)"/>
      <nite:child href="ES2012c.D.words.xml#id(ES2012c.D.words21)"/>
      <nite:child href="ES2012c.D.words.xml#id(ES2012c.D.words23)..id(ES2012c.D.words34)"/>
   </ae>
   <ae nite:id="ES2012c.D.argumentstructs.27">
      <nite:pointer role="type"  href="ae-types.xml#id(ae_6)"/>
      <nite:child href="ES2012c.D.words.xml#id(ES2012c.D.words201)"/>
      <nite:child href="ES2012c.D.words.xml#id(ES2012c.D.words203)..id(ES2012c.D.words204)"/>
   </ae>
   <ae nite:id="ES2012c.D.argumentstructs.28">
      <nite:pointer role="type"  href="ae-types.xml#id(ae_6)"/>
      <nite:child href="ES2012c.D.words.xml#id(ES2012c.D.words236)"/>
   </ae>
   <ae nite:id="ES2012c.D.argumentstructs.29">
      <nite:pointer role="type"  href="ae-types.xml#id(ae_6)"/>
      <nite:child href="ES2012c.D.words.xml#id(ES2012c.D.words635)"/>
   </ae>
   <ae nite:id="ES2012c.D.argumentstructs.30">
      <nite:pointer role="type"  href="ae-types.xml#id(ae_6)"/>
      <nite:child href="ES2012c.D.words.xml#id(ES2012c.D.words968)"/>
   </ae>
   <ae nite:id="ES2012c.D.argumentstructs.31">
      <nite:pointer role="type"  href="ae-types.xml#id(ae_6)"/>
      <nite:child href="ES2012c.D.words.xml#id(ES2012c.D.words976)..id(ES2012c.D.words977)"/>
   </ae>
</nite:root>