<?xml version="1.0" encoding="ISO-8859-1" standalone="yes"?>
<nite:root nite:id="ES2007a.D.argumentstructs" xmlns:nite="http://nite.sourceforge.net/">
   <ae nite:id="ES2007a.D.argumentstructs.Erik.1">
      <nite:pointer role="type"  href="ae-types.xml#id(ae_3)"/>
      <nite:child href="ES2007a.D.words.xml#id(ES2007a.D.words399)..id(ES2007a.D.words412)"/>
   </ae>
   <ae nite:id="ES2007a.D.argumentstructs.2">
      <nite:pointer role="type"  href="ae-types.xml#id(ae_6)"/>
      <nite:child href="ES2007a.D.words.xml#id(ES2007a.D.words413)..id(ES2007a.D.words420)"/>
      <nite:child href="ES2007a.D.words.xml#id(ES2007a.D.words422)..id(ES2007a.D.words423)"/>
   </ae>
</nite:root>