<?xml version="1.0" encoding="ISO-8859-1" standalone="yes"?>
<nite:root nite:id="ES2014c.D.argumentstructs" xmlns:nite="http://nite.sourceforge.net/">
   <ae nite:id="ES2014c.D.argumentstructs.Rutger.1">
      <nite:pointer role="type"  href="ae-types.xml#id(ae_1)"/>
      <nite:child href="ES2014c.D.words.xml#id(ES2014c.D.words90)"/>
   </ae>
   <ae nite:id="ES2014c.D.argumentstructs.Rutger.2">
      <nite:pointer role="type"  href="ae-types.xml#id(ae_1)"/>
      <nite:child href="ES2014c.D.words.xml#id(ES2014c.D.words94)..id(ES2014c.D.words102)"/>
   </ae>
   <ae nite:id="ES2014c.D.argumentstructs.Rutger.3">
      <nite:pointer role="type"  href="ae-types.xml#id(ae_5)"/>
      <nite:child href="ES2014c.D.words.xml#id(ES2014c.D.words103)..id(ES2014c.D.words116)"/>
   </ae>
   <ae nite:id="ES2014c.D.argumentstructs.Rutger.4">
      <nite:pointer role="type"  href="ae-types.xml#id(ae_4)"/>
      <nite:child href="ES2014c.D.words.xml#id(ES2014c.D.words580)..id(ES2014c.D.words595)"/>
   </ae>
   <ae nite:id="ES2014c.D.argumentstructs.Rutger.5">
      <nite:pointer role="type"  href="ae-types.xml#id(ae_3)"/>
      <nite:child href="ES2014c.D.words.xml#id(ES2014c.D.words596)..id(ES2014c.D.words637)"/>
   </ae>
   <ae nite:id="ES2014c.D.argumentstructs.Rutger.6">
      <nite:pointer role="type"  href="ae-types.xml#id(ae_1)"/>
      <nite:child href="ES2014c.D.words.xml#id(ES2014c.D.words638)..id(ES2014c.D.words639)"/>
   </ae>
   <ae nite:id="ES2014c.D.argumentstructs.Rutger.7">
      <nite:pointer role="type"  href="ae-types.xml#id(ae_2)"/>
      <nite:child href="ES2014c.D.words.xml#id(ES2014c.D.words640)..id(ES2014c.D.words644)"/>
   </ae>
   <ae nite:id="ES2014c.D.argumentstructs.Rutger.8">
      <nite:pointer role="type"  href="ae-types.xml#id(ae_2)"/>
      <nite:child href="ES2014c.D.words.xml#id(ES2014c.D.words645)..id(ES2014c.D.words646)"/>
   </ae>
   <ae nite:id="ES2014c.D.argumentstructs.Rutger.9">
      <nite:pointer role="type"  href="ae-types.xml#id(ae_1)"/>
      <nite:child href="ES2014c.D.words.xml#id(ES2014c.D.words647)..id(ES2014c.D.words650)"/>
   </ae>
   <ae nite:id="ES2014c.D.argumentstructs.Rutger.10">
      <nite:pointer role="type"  href="ae-types.xml#id(ae_2)"/>
      <nite:child href="ES2014c.D.words.xml#id(ES2014c.D.words660)..id(ES2014c.D.words684)"/>
   </ae>
   <ae nite:id="ES2014c.D.argumentstructs.Rutger.12">
      <nite:pointer role="type"  href="ae-types.xml#id(ae_1)"/>
      <nite:child href="ES2014c.D.words.xml#id(ES2014c.D.words685)..id(ES2014c.D.words688)"/>
   </ae>
   <ae nite:id="ES2014c.D.argumentstructs.Rutger.13">
      <nite:pointer role="type"  href="ae-types.xml#id(ae_1)"/>
      <nite:child href="ES2014c.D.words.xml#id(ES2014c.D.words696)"/>
   </ae>
   <ae nite:id="ES2014c.D.argumentstructs.Rutger.14">
      <nite:pointer role="type"  href="ae-types.xml#id(ae_1)"/>
      <nite:child href="ES2014c.D.words.xml#id(ES2014c.D.words712)..id(ES2014c.D.words713)"/>
   </ae>
   <ae nite:id="ES2014c.D.argumentstructs.Rutger.15">
      <nite:pointer role="type"  href="ae-types.xml#id(ae_2)"/>
      <nite:child href="ES2014c.D.words.xml#id(ES2014c.D.words720)..id(ES2014c.D.words722)"/>
   </ae>
   <ae nite:id="ES2014c.D.argumentstructs.Rutger.16">
      <nite:pointer role="type"  href="ae-types.xml#id(ae_1)"/>
      <nite:child href="ES2014c.D.words.xml#id(ES2014c.D.words728)..id(ES2014c.D.words729)"/>
   </ae>
   <ae nite:id="ES2014c.D.argumentstructs.Rutger.17">
      <nite:pointer role="type"  href="ae-types.xml#id(ae_1)"/>
      <nite:child href="ES2014c.D.words.xml#id(ES2014c.D.words732)..id(ES2014c.D.words733)"/>
   </ae>
   <ae nite:id="ES2014c.D.argumentstructs.Rutger.18">
      <nite:pointer role="type"  href="ae-types.xml#id(ae_1)"/>
      <nite:child href="ES2014c.D.words.xml#id(ES2014c.D.words788)..id(ES2014c.D.words805)"/>
   </ae>
   <ae nite:id="ES2014c.D.argumentstructs.Rutger.19">
      <nite:pointer role="type"  href="ae-types.xml#id(ae_1)"/>
      <nite:child href="ES2014c.D.words.xml#id(ES2014c.D.words809)..id(ES2014c.D.words810)"/>
   </ae>
   <ae nite:id="ES2014c.D.argumentstructs.Rutger.21">
      <nite:pointer role="type"  href="ae-types.xml#id(ae_1)"/>
      <nite:child href="ES2014c.D.words.xml#id(ES2014c.D.words816)..id(ES2014c.D.words838)"/>
   </ae>
   <ae nite:id="ES2014c.D.argumentstructs.Rutger.24">
      <nite:pointer role="type"  href="ae-types.xml#id(ae_1)"/>
      <nite:child href="ES2014c.D.words.xml#id(ES2014c.D.words897)..id(ES2014c.D.words909)"/>
   </ae>
   <ae nite:id="ES2014c.D.argumentstructs.Rutger.25">
      <nite:pointer role="type"  href="ae-types.xml#id(ae_1)"/>
      <nite:child href="ES2014c.D.words.xml#id(ES2014c.D.words912)"/>
   </ae>
   <ae nite:id="ES2014c.D.argumentstructs.Rutger.26">
      <nite:pointer role="type"  href="ae-types.xml#id(ae_1)"/>
      <nite:child href="ES2014c.D.words.xml#id(ES2014c.D.words914)..id(ES2014c.D.words915)"/>
   </ae>
   <ae nite:id="ES2014c.D.argumentstructs.Rutger.27">
      <nite:pointer role="type"  href="ae-types.xml#id(ae_3)"/>
      <nite:child href="ES2014c.D.words.xml#id(ES2014c.D.words918)..id(ES2014c.D.words933)"/>
   </ae>
   <ae nite:id="ES2014c.D.argumentstructs.Rutger.28">
      <nite:pointer role="type"  href="ae-types.xml#id(ae_1)"/>
      <nite:child href="ES2014c.D.words.xml#id(ES2014c.D.words936)..id(ES2014c.D.words943)"/>
   </ae>
   <ae nite:id="ES2014c.D.argumentstructs.Rutger.29">
      <nite:pointer role="type"  href="ae-types.xml#id(ae_1)"/>
      <nite:child href="ES2014c.D.words.xml#id(ES2014c.D.words952)..id(ES2014c.D.words953)"/>
   </ae>
   <ae nite:id="ES2014c.D.argumentstructs.Rutger.30">
      <nite:pointer role="type"  href="ae-types.xml#id(ae_1)"/>
      <nite:child href="ES2014c.D.words.xml#id(ES2014c.D.words955)"/>
   </ae>
   <ae nite:id="ES2014c.D.argumentstructs.Rutger.31">
      <nite:pointer role="type"  href="ae-types.xml#id(ae_1)"/>
      <nite:child href="ES2014c.D.words.xml#id(ES2014c.D.words961)..id(ES2014c.D.words970)"/>
   </ae>
   <ae nite:id="ES2014c.D.argumentstructs.Rutger.32">
      <nite:pointer role="type"  href="ae-types.xml#id(ae_1)"/>
      <nite:child href="ES2014c.D.words.xml#id(ES2014c.D.words973)..id(ES2014c.D.words974)"/>
   </ae>
   <ae nite:id="ES2014c.D.argumentstructs.Rutger.33">
      <nite:pointer role="type"  href="ae-types.xml#id(ae_1)"/>
      <nite:child href="ES2014c.D.words.xml#id(ES2014c.D.words975)..id(ES2014c.D.words976)"/>
   </ae>
   <ae nite:id="ES2014c.D.argumentstructs.34">
      <nite:pointer role="type"  href="ae-types.xml#id(ae_6)"/>
      <nite:child href="ES2014c.D.words.xml#id(ES2014c.D.words91)..id(ES2014c.D.words92)"/>
   </ae>
   <ae nite:id="ES2014c.D.argumentstructs.35">
      <nite:pointer role="type"  href="ae-types.xml#id(ae_6)"/>
      <nite:child href="ES2014c.D.words.xml#id(ES2014c.D.words117)..id(ES2014c.D.words120)"/>
   </ae>
   <ae nite:id="ES2014c.D.argumentstructs.36">
      <nite:pointer role="type"  href="ae-types.xml#id(ae_6)"/>
      <nite:child href="ES2014c.D.words.xml#id(ES2014c.D.words415)..id(ES2014c.D.words578)"/>
   </ae>
   <ae nite:id="ES2014c.D.argumentstructs.37">
      <nite:pointer role="type"  href="ae-types.xml#id(ae_6)"/>
      <nite:child href="ES2014c.D.words.xml#id(ES2014c.D.words651)..id(ES2014c.D.words656)"/>
      <nite:child href="ES2014c.D.words.xml#id(ES2014c.D.words658)..id(ES2014c.D.words659)"/>
   </ae>
   <ae nite:id="ES2014c.D.argumentstructs.38">
      <nite:pointer role="type"  href="ae-types.xml#id(ae_6)"/>
      <nite:child href="ES2014c.D.words.xml#id(ES2014c.D.words690)..id(ES2014c.D.words695)"/>
   </ae>
   <ae nite:id="ES2014c.D.argumentstructs.39">
      <nite:pointer role="type"  href="ae-types.xml#id(ae_6)"/>
      <nite:child href="ES2014c.D.words.xml#id(ES2014c.D.words697)..id(ES2014c.D.words711)"/>
   </ae>
   <ae nite:id="ES2014c.D.argumentstructs.40">
      <nite:pointer role="type"  href="ae-types.xml#id(ae_6)"/>
      <nite:child href="ES2014c.D.words.xml#id(ES2014c.D.words714)..id(ES2014c.D.words719)"/>
   </ae>
   <ae nite:id="ES2014c.D.argumentstructs.41">
      <nite:pointer role="type"  href="ae-types.xml#id(ae_6)"/>
      <nite:child href="ES2014c.D.words.xml#id(ES2014c.D.words723)..id(ES2014c.D.words727)"/>
   </ae>
   <ae nite:id="ES2014c.D.argumentstructs.42">
      <nite:pointer role="type"  href="ae-types.xml#id(ae_6)"/>
      <nite:child href="ES2014c.D.words.xml#id(ES2014c.D.words730)..id(ES2014c.D.words731)"/>
   </ae>
   <ae nite:id="ES2014c.D.argumentstructs.43">
      <nite:pointer role="type"  href="ae-types.xml#id(ae_6)"/>
      <nite:child href="ES2014c.D.words.xml#id(ES2014c.D.words734)..id(ES2014c.D.words761)"/>
      <nite:child href="ES2014c.D.words.xml#id(ES2014c.D.words763)..id(ES2014c.D.words787)"/>
   </ae>
   <ae nite:id="ES2014c.D.argumentstructs.44">
      <nite:pointer role="type"  href="ae-types.xml#id(ae_6)"/>
      <nite:child href="ES2014c.D.words.xml#id(ES2014c.D.words806)..id(ES2014c.D.words808)"/>
   </ae>
   <ae nite:id="ES2014c.D.argumentstructs.45">
      <nite:pointer role="type"  href="ae-types.xml#id(ae_6)"/>
      <nite:child href="ES2014c.D.words.xml#id(ES2014c.D.words811)..id(ES2014c.D.words812)"/>
      <nite:child href="ES2014c.D.words.xml#id(ES2014c.D.words814)..id(ES2014c.D.words815)"/>
   </ae>
   <ae nite:id="ES2014c.D.argumentstructs.46">
      <nite:pointer role="type"  href="ae-types.xml#id(ae_6)"/>
      <nite:child href="ES2014c.D.words.xml#id(ES2014c.D.words839)"/>
      <nite:child href="ES2014c.D.words.xml#id(ES2014c.D.words841)..id(ES2014c.D.words896)"/>
   </ae>
   <ae nite:id="ES2014c.D.argumentstructs.47">
      <nite:pointer role="type"  href="ae-types.xml#id(ae_6)"/>
      <nite:child href="ES2014c.D.words.xml#id(ES2014c.D.words910)..id(ES2014c.D.words911)"/>
   </ae>
   <ae nite:id="ES2014c.D.argumentstructs.48">
      <nite:pointer role="type"  href="ae-types.xml#id(ae_6)"/>
      <nite:child href="ES2014c.D.words.xml#id(ES2014c.D.words913)"/>
   </ae>
   <ae nite:id="ES2014c.D.argumentstructs.49">
      <nite:pointer role="type"  href="ae-types.xml#id(ae_6)"/>
      <nite:child href="ES2014c.D.words.xml#id(ES2014c.D.words934)..id(ES2014c.D.words935)"/>
   </ae>
   <ae nite:id="ES2014c.D.argumentstructs.50">
      <nite:pointer role="type"  href="ae-types.xml#id(ae_6)"/>
      <nite:child href="ES2014c.D.words.xml#id(ES2014c.D.words947)..id(ES2014c.D.words951)"/>
   </ae>
   <ae nite:id="ES2014c.D.argumentstructs.51">
      <nite:pointer role="type"  href="ae-types.xml#id(ae_6)"/>
      <nite:child href="ES2014c.D.words.xml#id(ES2014c.D.words954)"/>
   </ae>
   <ae nite:id="ES2014c.D.argumentstructs.52">
      <nite:pointer role="type"  href="ae-types.xml#id(ae_6)"/>
      <nite:child href="ES2014c.D.words.xml#id(ES2014c.D.words956)..id(ES2014c.D.words960)"/>
   </ae>
   <ae nite:id="ES2014c.D.argumentstructs.53">
      <nite:pointer role="type"  href="ae-types.xml#id(ae_6)"/>
      <nite:child href="ES2014c.D.words.xml#id(ES2014c.D.words971)..id(ES2014c.D.words972)"/>
   </ae>
</nite:root>