<?xml version="1.0" encoding="ISO-8859-1" standalone="yes"?>
<nite:root nite:id="ES2002b.B.argumentstructs" xmlns:nite="http://nite.sourceforge.net/">
   <ae nite:id="ES2002b.B.argumentstructs.Erik.1">
      <nite:pointer role="type"  href="ae-types.xml#id(ae_1)"/>
      <nite:child href="ES2002b.B.words.xml#id(ES2002b.B.words651)..id(ES2002b.B.words663)"/>
   </ae>
   <ae nite:id="ES2002b.B.argumentstructs.Erik.2">
      <nite:pointer role="type"  href="ae-types.xml#id(ae_1)"/>
      <nite:child href="ES2002b.B.words.xml#id(ES2002b.B.words664)..id(ES2002b.B.words694)"/>
   </ae>
   <ae nite:id="ES2002b.B.argumentstructs.Erik.3">
      <nite:pointer role="type"  href="ae-types.xml#id(ae_5)"/>
      <nite:child href="ES2002b.B.words.xml#id(ES2002b.B.words698)..id(ES2002b.B.words703)"/>
   </ae>
   <ae nite:id="ES2002b.B.argumentstructs.Erik.4">
      <nite:pointer role="type"  href="ae-types.xml#id(ae_4)"/>
      <nite:child href="ES2002b.B.words.xml#id(ES2002b.B.words704)..id(ES2002b.B.words751)"/>
   </ae>
   <ae nite:id="ES2002b.B.argumentstructs.Erik.5">
      <nite:pointer role="type"  href="ae-types.xml#id(ae_1)"/>
      <nite:child href="ES2002b.B.words.xml#id(ES2002b.B.words754)..id(ES2002b.B.words755)"/>
   </ae>
   <ae nite:id="ES2002b.B.argumentstructs.Erik.6">
      <nite:pointer role="type"  href="ae-types.xml#id(ae_5)"/>
      <nite:child href="ES2002b.B.words.xml#id(ES2002b.B.words756)..id(ES2002b.B.words778)"/>
   </ae>
   <ae nite:id="ES2002b.B.argumentstructs.Erik.7">
      <nite:pointer role="type"  href="ae-types.xml#id(ae_1)"/>
      <nite:child href="ES2002b.B.words.xml#id(ES2002b.B.words781)..id(ES2002b.B.words828)"/>
   </ae>
   <ae nite:id="ES2002b.B.argumentstructs.Erik.8">
      <nite:pointer role="type"  href="ae-types.xml#id(ae_1)"/>
      <nite:child href="ES2002b.B.words.xml#id(ES2002b.B.words829)..id(ES2002b.B.words831)"/>
   </ae>
   <ae nite:id="ES2002b.B.argumentstructs.Erik.9">
      <nite:pointer role="type"  href="ae-types.xml#id(ae_3)"/>
      <nite:child href="ES2002b.B.words.xml#id(ES2002b.B.words1136)..id(ES2002b.B.words1208)"/>
   </ae>
   <ae nite:id="ES2002b.B.argumentstructs.Erik.10">
      <nite:pointer role="type"  href="ae-types.xml#id(ae_3)"/>
      <nite:child href="ES2002b.B.words.xml#id(ES2002b.B.words1213)..id(ES2002b.B.words1300)"/>
   </ae>
   <ae nite:id="ES2002b.B.argumentstructs.Erik.11">
      <nite:pointer role="type"  href="ae-types.xml#id(ae_1)"/>
      <nite:child href="ES2002b.B.words.xml#id(ES2002b.B.words1302)..id(ES2002b.B.words1311)"/>
   </ae>
   <ae nite:id="ES2002b.B.argumentstructs.Erik.12">
      <nite:pointer role="type"  href="ae-types.xml#id(ae_1)"/>
      <nite:child href="ES2002b.B.words.xml#id(ES2002b.B.words1312)..id(ES2002b.B.words1315)"/>
   </ae>
   <ae nite:id="ES2002b.B.argumentstructs.Erik.13">
      <nite:pointer role="type"  href="ae-types.xml#id(ae_1)"/>
      <nite:child href="ES2002b.B.words.xml#id(ES2002b.B.words1327)"/>
   </ae>
   <ae nite:id="ES2002b.B.argumentstructs.Erik.14">
      <nite:pointer role="type"  href="ae-types.xml#id(ae_5)"/>
      <nite:child href="ES2002b.B.words.xml#id(ES2002b.B.words1330)..id(ES2002b.B.words1345)"/>
   </ae>
   <ae nite:id="ES2002b.B.argumentstructs.Erik.15">
      <nite:pointer role="type"  href="ae-types.xml#id(ae_1)"/>
      <nite:child href="ES2002b.B.words.xml#id(ES2002b.B.words1347)..id(ES2002b.B.words1350)"/>
   </ae>
   <ae nite:id="ES2002b.B.argumentstructs.Erik.16">
      <nite:pointer role="type"  href="ae-types.xml#id(ae_5)"/>
      <nite:child href="ES2002b.B.words.xml#id(ES2002b.B.words1351)..id(ES2002b.B.words1366)"/>
   </ae>
   <ae nite:id="ES2002b.B.argumentstructs.Erik.17">
      <nite:pointer role="type"  href="ae-types.xml#id(ae_3)"/>
      <nite:child href="ES2002b.B.words.xml#id(ES2002b.B.words1367)..id(ES2002b.B.words1374)"/>
   </ae>
   <ae nite:id="ES2002b.B.argumentstructs.Erik.18">
      <nite:pointer role="type"  href="ae-types.xml#id(ae_1)"/>
      <nite:child href="ES2002b.B.words.xml#id(ES2002b.B.words1376)..id(ES2002b.B.words1377)"/>
   </ae>
   <ae nite:id="ES2002b.B.argumentstructs.Erik.19">
      <nite:pointer role="type"  href="ae-types.xml#id(ae_1)"/>
      <nite:child href="ES2002b.B.words.xml#id(ES2002b.B.words1378)..id(ES2002b.B.words1473)"/>
   </ae>
   <ae nite:id="ES2002b.B.argumentstructs.Erik.20">
      <nite:pointer role="type"  href="ae-types.xml#id(ae_1)"/>
      <nite:child href="ES2002b.B.words.xml#id(ES2002b.B.words1474)..id(ES2002b.B.words1475)"/>
   </ae>
   <ae nite:id="ES2002b.B.argumentstructs.Erik.21">
      <nite:pointer role="type"  href="ae-types.xml#id(ae_1)"/>
      <nite:child href="ES2002b.B.words.xml#id(ES2002b.B.words1478)..id(ES2002b.B.words1506)"/>
   </ae>
   <ae nite:id="ES2002b.B.argumentstructs.22">
      <nite:pointer role="type"  href="ae-types.xml#id(ae_6)"/>
      <nite:child href="ES2002b.B.words.xml#id(ES2002b.B.words647)..id(ES2002b.B.words650)"/>
   </ae>
   <ae nite:id="ES2002b.B.argumentstructs.23">
      <nite:pointer role="type"  href="ae-types.xml#id(ae_6)"/>
      <nite:child href="ES2002b.B.words.xml#id(ES2002b.B.words695)..id(ES2002b.B.words697)"/>
   </ae>
   <ae nite:id="ES2002b.B.argumentstructs.24">
      <nite:pointer role="type"  href="ae-types.xml#id(ae_6)"/>
      <nite:child href="ES2002b.B.words.xml#id(ES2002b.B.words752)..id(ES2002b.B.words753)"/>
   </ae>
   <ae nite:id="ES2002b.B.argumentstructs.25">
      <nite:pointer role="type"  href="ae-types.xml#id(ae_6)"/>
      <nite:child href="ES2002b.B.words.xml#id(ES2002b.B.words779)..id(ES2002b.B.words780)"/>
   </ae>
   <ae nite:id="ES2002b.B.argumentstructs.26">
      <nite:pointer role="type"  href="ae-types.xml#id(ae_6)"/>
      <nite:child href="ES2002b.B.words.xml#id(ES2002b.B.words832)"/>
   </ae>
   <ae nite:id="ES2002b.B.argumentstructs.27">
      <nite:pointer role="type"  href="ae-types.xml#id(ae_6)"/>
      <nite:child href="ES2002b.B.words.xml#id(ES2002b.B.words1209)..id(ES2002b.B.words1210)"/>
   </ae>
   <ae nite:id="ES2002b.B.argumentstructs.28">
      <nite:pointer role="type"  href="ae-types.xml#id(ae_6)"/>
      <nite:child href="ES2002b.B.words.xml#id(ES2002b.B.words1316)..id(ES2002b.B.words1325)"/>
   </ae>
   <ae nite:id="ES2002b.B.argumentstructs.29">
      <nite:pointer role="type"  href="ae-types.xml#id(ae_6)"/>
      <nite:child href="ES2002b.B.words.xml#id(ES2002b.B.words1328)..id(ES2002b.B.words1329)"/>
   </ae>
   <ae nite:id="ES2002b.B.argumentstructs.30">
      <nite:pointer role="type"  href="ae-types.xml#id(ae_6)"/>
      <nite:child href="ES2002b.B.words.xml#id(ES2002b.B.words1375)"/>
   </ae>
   <ae nite:id="ES2002b.B.argumentstructs.31">
      <nite:pointer role="type"  href="ae-types.xml#id(ae_6)"/>
      <nite:child href="ES2002b.B.words.xml#id(ES2002b.B.words1476)..id(ES2002b.B.words1477)"/>
   </ae>
</nite:root>