<?xml version="1.0" encoding="ISO-8859-1" standalone="yes"?>
<nite:root nite:id="ES2011b.B.argumentstructs" xmlns:nite="http://nite.sourceforge.net/">
   <ae nite:id="ES2011b.B.argumentstructs.Erik.1">
      <nite:pointer role="type"  href="ae-types.xml#id(ae_1)"/>
      <nite:child href="ES2011b.B.words.xml#id(ES2011b.B.words921)..id(ES2011b.B.words930)"/>
   </ae>
   <ae nite:id="ES2011b.B.argumentstructs.2">
      <nite:pointer role="type"  href="ae-types.xml#id(ae_6)"/>
      <nite:child href="ES2011b.B.words.xml#id(ES2011b.B.words917)..id(ES2011b.B.words920)"/>
   </ae>
</nite:root>