<?xml version="1.0" encoding="ISO-8859-1" standalone="yes"?>
<nite:root nite:id="ES2006a.C.argumentstructs" xmlns:nite="http://nite.sourceforge.net/">
   <ae nite:id="ES2006a.C.argumentstructs.Erik.1">
      <nite:pointer role="type"  href="ae-types.xml#id(ae_3)"/>
      <nite:child href="ES2006a.C.words.xml#id(ES2006a.C.words1124)..id(ES2006a.C.words1142)"/>
   </ae>
   <ae nite:id="ES2006a.C.argumentstructs.Erik.2">
      <nite:pointer role="type"  href="ae-types.xml#id(ae_1)"/>
      <nite:child href="ES2006a.C.words.xml#id(ES2006a.C.words1145)..id(ES2006a.C.words1196)"/>
   </ae>
   <ae nite:id="ES2006a.C.argumentstructs.Erik.3">
      <nite:pointer role="type"  href="ae-types.xml#id(ae_1)"/>
      <nite:child href="ES2006a.C.words.xml#id(ES2006a.C.words1197)..id(ES2006a.C.words1200)"/>
   </ae>
   <ae nite:id="ES2006a.C.argumentstructs.Erik.4">
      <nite:pointer role="type"  href="ae-types.xml#id(ae_2)"/>
      <nite:child href="ES2006a.C.words.xml#id(ES2006a.C.words1209)..id(ES2006a.C.words1216)"/>
   </ae>
   <ae nite:id="ES2006a.C.argumentstructs.Erik.5">
      <nite:pointer role="type"  href="ae-types.xml#id(ae_1)"/>
      <nite:child href="ES2006a.C.words.xml#id(ES2006a.C.words1221)..id(ES2006a.C.words1222)"/>
   </ae>
   <ae nite:id="ES2006a.C.argumentstructs.Erik.6">
      <nite:pointer role="type"  href="ae-types.xml#id(ae_1)"/>
      <nite:child href="ES2006a.C.words.xml#id(ES2006a.C.words1226)..id(ES2006a.C.words1227)"/>
   </ae>
   <ae nite:id="ES2006a.C.argumentstructs.Erik.7">
      <nite:pointer role="type"  href="ae-types.xml#id(ae_1)"/>
      <nite:child href="ES2006a.C.words.xml#id(ES2006a.C.words1228)..id(ES2006a.C.words1252)"/>
   </ae>
   <ae nite:id="ES2006a.C.argumentstructs.Erik.8">
      <nite:pointer role="type"  href="ae-types.xml#id(ae_1)"/>
      <nite:child href="ES2006a.C.words.xml#id(ES2006a.C.words1256)..id(ES2006a.C.words1257)"/>
   </ae>
   <ae nite:id="ES2006a.C.argumentstructs.9">
      <nite:pointer role="type"  href="ae-types.xml#id(ae_6)"/>
      <nite:child href="ES2006a.C.words.xml#id(ES2006a.C.words1098)..id(ES2006a.C.words1099)"/>
      <nite:child href="ES2006a.C.words.xml#id(ES2006a.C.words1101)..id(ES2006a.C.words1107)"/>
      <nite:child href="ES2006a.C.words.xml#id(ES2006a.C.words1109)..id(ES2006a.C.words1123)"/>
   </ae>
   <ae nite:id="ES2006a.C.argumentstructs.10">
      <nite:pointer role="type"  href="ae-types.xml#id(ae_6)"/>
      <nite:child href="ES2006a.C.words.xml#id(ES2006a.C.words1143)..id(ES2006a.C.words1144)"/>
   </ae>
   <ae nite:id="ES2006a.C.argumentstructs.11">
      <nite:pointer role="type"  href="ae-types.xml#id(ae_6)"/>
      <nite:child href="ES2006a.C.words.xml#id(ES2006a.C.words1201)..id(ES2006a.C.words1208)"/>
   </ae>
   <ae nite:id="ES2006a.C.argumentstructs.12">
      <nite:pointer role="type"  href="ae-types.xml#id(ae_6)"/>
      <nite:child href="ES2006a.C.words.xml#id(ES2006a.C.words1217)"/>
      <nite:child href="ES2006a.C.words.xml#id(ES2006a.C.words1219)..id(ES2006a.C.words1220)"/>
   </ae>
   <ae nite:id="ES2006a.C.argumentstructs.13">
      <nite:pointer role="type"  href="ae-types.xml#id(ae_6)"/>
      <nite:child href="ES2006a.C.words.xml#id(ES2006a.C.words1224)..id(ES2006a.C.words1225)"/>
   </ae>
   <ae nite:id="ES2006a.C.argumentstructs.14">
      <nite:pointer role="type"  href="ae-types.xml#id(ae_6)"/>
      <nite:child href="ES2006a.C.words.xml#id(ES2006a.C.words1254)..id(ES2006a.C.words1255)"/>
   </ae>
</nite:root>