<?xml version="1.0" encoding="ISO-8859-1" standalone="yes"?>
<nite:root nite:id="ES2004b.A.argumentstructs" xmlns:nite="http://nite.sourceforge.net/">
   <ae nite:id="ES2004b.A.argumentstructs.Erik.1">
      <nite:pointer role="type"  href="ae-types.xml#id(ae_1)"/>
      <nite:child href="ES2004b.A.words.xml#id(ES2004b.A.words653)..id(ES2004b.A.words654)"/>
   </ae>
   <ae nite:id="ES2004b.A.argumentstructs.Erik.2">
      <nite:pointer role="type"  href="ae-types.xml#id(ae_5)"/>
      <nite:child href="ES2004b.A.words.xml#id(ES2004b.A.words658)..id(ES2004b.A.words677)"/>
   </ae>
   <ae nite:id="ES2004b.A.argumentstructs.Erik.3">
      <nite:pointer role="type"  href="ae-types.xml#id(ae_1)"/>
      <nite:child href="ES2004b.A.words.xml#id(ES2004b.A.words682)..id(ES2004b.A.words683)"/>
   </ae>
   <ae nite:id="ES2004b.A.argumentstructs.Erik.4">
      <nite:pointer role="type"  href="ae-types.xml#id(ae_1)"/>
      <nite:child href="ES2004b.A.words.xml#id(ES2004b.A.words726)..id(ES2004b.A.words727)"/>
   </ae>
   <ae nite:id="ES2004b.A.argumentstructs.Erik.5">
      <nite:pointer role="type"  href="ae-types.xml#id(ae_2)"/>
      <nite:child href="ES2004b.A.words.xml#id(ES2004b.A.words730)..id(ES2004b.A.words767)"/>
   </ae>
   <ae nite:id="ES2004b.A.argumentstructs.Erik.6">
      <nite:pointer role="type"  href="ae-types.xml#id(ae_1)"/>
      <nite:child href="ES2004b.A.words.xml#id(ES2004b.A.words831)..id(ES2004b.A.words838)"/>
   </ae>
   <ae nite:id="ES2004b.A.argumentstructs.Erik.7">
      <nite:pointer role="type"  href="ae-types.xml#id(ae_5)"/>
      <nite:child href="ES2004b.A.words.xml#id(ES2004b.A.words839)..id(ES2004b.A.words854)"/>
   </ae>
   <ae nite:id="ES2004b.A.argumentstructs.Erik.8">
      <nite:pointer role="type"  href="ae-types.xml#id(ae_5)"/>
      <nite:child href="ES2004b.A.words.xml#id(ES2004b.A.words911)..id(ES2004b.A.words925)"/>
   </ae>
   <ae nite:id="ES2004b.A.argumentstructs.Erik.9">
      <nite:pointer role="type"  href="ae-types.xml#id(ae_1)"/>
      <nite:child href="ES2004b.A.words.xml#id(ES2004b.A.words1107)..id(ES2004b.A.words1114)"/>
   </ae>
   <ae nite:id="ES2004b.A.argumentstructs.Erik.10">
      <nite:pointer role="type"  href="ae-types.xml#id(ae_1)"/>
      <nite:child href="ES2004b.A.words.xml#id(ES2004b.A.words1117)..id(ES2004b.A.words1169)"/>
   </ae>
   <ae nite:id="ES2004b.A.argumentstructs.Erik.11">
      <nite:pointer role="type"  href="ae-types.xml#id(ae_5)"/>
      <nite:child href="ES2004b.A.words.xml#id(ES2004b.A.words1170)..id(ES2004b.A.words1173)"/>
   </ae>
   <ae nite:id="ES2004b.A.argumentstructs.Erik.12">
      <nite:pointer role="type"  href="ae-types.xml#id(ae_1)"/>
      <nite:child href="ES2004b.A.words.xml#id(ES2004b.A.words1174)..id(ES2004b.A.words1181)"/>
   </ae>
   <ae nite:id="ES2004b.A.argumentstructs.Erik.13">
      <nite:pointer role="type"  href="ae-types.xml#id(ae_1)"/>
      <nite:child href="ES2004b.A.words.xml#id(ES2004b.A.words1182)..id(ES2004b.A.words1214)"/>
   </ae>
   <ae nite:id="ES2004b.A.argumentstructs.Erik.14">
      <nite:pointer role="type"  href="ae-types.xml#id(ae_1)"/>
      <nite:child href="ES2004b.A.words.xml#id(ES2004b.A.words1215)..id(ES2004b.A.words1225)"/>
   </ae>
   <ae nite:id="ES2004b.A.argumentstructs.15">
      <nite:pointer role="type"  href="ae-types.xml#id(ae_6)"/>
      <nite:child href="ES2004b.A.words.xml#id(ES2004b.A.words655)..id(ES2004b.A.words656)"/>
   </ae>
   <ae nite:id="ES2004b.A.argumentstructs.16">
      <nite:pointer role="type"  href="ae-types.xml#id(ae_6)"/>
      <nite:child href="ES2004b.A.words.xml#id(ES2004b.A.words678)..id(ES2004b.A.words681)"/>
   </ae>
   <ae nite:id="ES2004b.A.argumentstructs.17">
      <nite:pointer role="type"  href="ae-types.xml#id(ae_6)"/>
      <nite:child href="ES2004b.A.words.xml#id(ES2004b.A.words855)..id(ES2004b.A.words856)"/>
   </ae>
   <ae nite:id="ES2004b.A.argumentstructs.18">
      <nite:pointer role="type"  href="ae-types.xml#id(ae_6)"/>
      <nite:child href="ES2004b.A.words.xml#id(ES2004b.A.words857)..id(ES2004b.A.words860)"/>
   </ae>
   <ae nite:id="ES2004b.A.argumentstructs.19">
      <nite:pointer role="type"  href="ae-types.xml#id(ae_6)"/>
      <nite:child href="ES2004b.A.words.xml#id(ES2004b.A.words905)..id(ES2004b.A.words910)"/>
   </ae>
   <ae nite:id="ES2004b.A.argumentstructs.20">
      <nite:pointer role="type"  href="ae-types.xml#id(ae_6)"/>
      <nite:child href="ES2004b.A.words.xml#id(ES2004b.A.words926)..id(ES2004b.A.words927)"/>
   </ae>
   <ae nite:id="ES2004b.A.argumentstructs.21">
      <nite:pointer role="type"  href="ae-types.xml#id(ae_6)"/>
      <nite:child href="ES2004b.A.words.xml#id(ES2004b.A.words1101)..id(ES2004b.A.words1106)"/>
   </ae>
   <ae nite:id="ES2004b.A.argumentstructs.22">
      <nite:pointer role="type"  href="ae-types.xml#id(ae_6)"/>
      <nite:child href="ES2004b.A.words.xml#id(ES2004b.A.words1115)..id(ES2004b.A.words1116)"/>
   </ae>
</nite:root>