<?xml version="1.0" encoding="ISO-8859-1" standalone="yes"?>
<nite:root nite:id="ES2005b.C.argumentstructs" xmlns:nite="http://nite.sourceforge.net/">
   <ae nite:id="ES2005b.C.argumentstructs.Erik.1">
      <nite:pointer role="type"  href="ae-types.xml#id(ae_1)"/>
      <nite:child href="ES2005b.C.words.xml#id(ES2005b.C.words1506)..id(ES2005b.C.words1512)"/>
   </ae>
   <ae nite:id="ES2005b.C.argumentstructs.Erik.2">
      <nite:pointer role="type"  href="ae-types.xml#id(ae_1)"/>
      <nite:child href="ES2005b.C.words.xml#id(ES2005b.C.words1525)..id(ES2005b.C.words1526)"/>
   </ae>
   <ae nite:id="ES2005b.C.argumentstructs.Erik.3">
      <nite:pointer role="type"  href="ae-types.xml#id(ae_1)"/>
      <nite:child href="ES2005b.C.words.xml#id(ES2005b.C.words1527)..id(ES2005b.C.words1535)"/>
   </ae>
   <ae nite:id="ES2005b.C.argumentstructs.Erik.4">
      <nite:pointer role="type"  href="ae-types.xml#id(ae_1)"/>
      <nite:child href="ES2005b.C.words.xml#id(ES2005b.C.words1536)..id(ES2005b.C.words1537)"/>
   </ae>
   <ae nite:id="ES2005b.C.argumentstructs.Erik.5">
      <nite:pointer role="type"  href="ae-types.xml#id(ae_1)"/>
      <nite:child href="ES2005b.C.words.xml#id(ES2005b.C.words1538)..id(ES2005b.C.words1552)"/>
   </ae>
   <ae nite:id="ES2005b.C.argumentstructs.Erik.6">
      <nite:pointer role="type"  href="ae-types.xml#id(ae_1)"/>
      <nite:child href="ES2005b.C.words.xml#id(ES2005b.C.words1556)..id(ES2005b.C.words1567)"/>
   </ae>
   <ae nite:id="ES2005b.C.argumentstructs.7">
      <nite:pointer role="type"  href="ae-types.xml#id(ae_6)"/>
      <nite:child href="ES2005b.C.words.xml#id(ES2005b.C.words1513)..id(ES2005b.C.words1523)"/>
   </ae>
   <ae nite:id="ES2005b.C.argumentstructs.8">
      <nite:pointer role="type"  href="ae-types.xml#id(ae_6)"/>
      <nite:child href="ES2005b.C.words.xml#id(ES2005b.C.words1553)..id(ES2005b.C.words1554)"/>
   </ae>
   <ae nite:id="ES2005b.C.argumentstructs.9">
      <nite:pointer role="type"  href="ae-types.xml#id(ae_6)"/>
      <nite:child href="ES2005b.C.words.xml#id(ES2005b.C.words1569)"/>
   </ae>
</nite:root>