<?xml version="1.0" encoding="ISO-8859-1" standalone="yes"?>
<nite:root nite:id="ES2011c.D.argumentstructs" xmlns:nite="http://nite.sourceforge.net/">
   <ae nite:id="ES2011c.D.argumentstructs.Erik.1">
      <nite:pointer role="type"  href="ae-types.xml#id(ae_1)"/>
      <nite:child href="ES2011c.D.words.xml#id(ES2011c.D.words498)..id(ES2011c.D.words507)"/>
   </ae>
   <ae nite:id="ES2011c.D.argumentstructs.Erik.2">
      <nite:pointer role="type"  href="ae-types.xml#id(ae_1)"/>
      <nite:child href="ES2011c.D.words.xml#id(ES2011c.D.words508)..id(ES2011c.D.words509)"/>
   </ae>
   <ae nite:id="ES2011c.D.argumentstructs.Erik.3">
      <nite:pointer role="type"  href="ae-types.xml#id(ae_1)"/>
      <nite:child href="ES2011c.D.words.xml#id(ES2011c.D.words510)..id(ES2011c.D.words515)"/>
   </ae>
   <ae nite:id="ES2011c.D.argumentstructs.Erik.4">
      <nite:pointer role="type"  href="ae-types.xml#id(ae_1)"/>
      <nite:child href="ES2011c.D.words.xml#id(ES2011c.D.words1169)..id(ES2011c.D.words1204)"/>
   </ae>
   <ae nite:id="ES2011c.D.argumentstructs.Erik.5">
      <nite:pointer role="type"  href="ae-types.xml#id(ae_1)"/>
      <nite:child href="ES2011c.D.words.xml#id(ES2011c.D.words1205)..id(ES2011c.D.words1208)"/>
   </ae>
   <ae nite:id="ES2011c.D.argumentstructs.Erik.6">
      <nite:pointer role="type"  href="ae-types.xml#id(ae_1)"/>
      <nite:child href="ES2011c.D.words.xml#id(ES2011c.D.words1209)..id(ES2011c.D.words1236)"/>
   </ae>
   <ae nite:id="ES2011c.D.argumentstructs.Erik.7">
      <nite:pointer role="type"  href="ae-types.xml#id(ae_1)"/>
      <nite:child href="ES2011c.D.words.xml#id(ES2011c.D.words1237)..id(ES2011c.D.words1278)"/>
   </ae>
   <ae nite:id="ES2011c.D.argumentstructs.Erik.8">
      <nite:pointer role="type"  href="ae-types.xml#id(ae_1)"/>
      <nite:child href="ES2011c.D.words.xml#id(ES2011c.D.words1279)..id(ES2011c.D.words1283)"/>
   </ae>
   <ae nite:id="ES2011c.D.argumentstructs.Erik.9">
      <nite:pointer role="type"  href="ae-types.xml#id(ae_5)"/>
      <nite:child href="ES2011c.D.words.xml#id(ES2011c.D.words1284)..id(ES2011c.D.words1293)"/>
   </ae>
   <ae nite:id="ES2011c.D.argumentstructs.Erik.10">
      <nite:pointer role="type"  href="ae-types.xml#id(ae_1)"/>
      <nite:child href="ES2011c.D.words.xml#id(ES2011c.D.words1294)..id(ES2011c.D.words1295)"/>
   </ae>
   <ae nite:id="ES2011c.D.argumentstructs.11">
      <nite:pointer role="type"  href="ae-types.xml#id(ae_6)"/>
      <nite:child href="ES2011c.D.words.xml#id(ES2011c.D.words1296)..id(ES2011c.D.words1299)"/>
   </ae>
</nite:root>