<?xml version="1.0" encoding="ISO-8859-1" standalone="yes"?>
<nite:root nite:id="ES2010a.A.argumentstructs" xmlns:nite="http://nite.sourceforge.net/">
   <ae nite:id="ES2010a.A.argumentstructs.Erik.1">
      <nite:pointer role="type"  href="ae-types.xml#id(ae_5)"/>
      <nite:child href="ES2010a.A.words.xml#id(ES2010a.A.words898)..id(ES2010a.A.words906)"/>
   </ae>
   <ae nite:id="ES2010a.A.argumentstructs.Erik.2">
      <nite:pointer role="type"  href="ae-types.xml#id(ae_1)"/>
      <nite:child href="ES2010a.A.words.xml#id(ES2010a.A.words907)..id(ES2010a.A.words908)"/>
   </ae>
   <ae nite:id="ES2010a.A.argumentstructs.Erik.3">
      <nite:pointer role="type"  href="ae-types.xml#id(ae_1)"/>
      <nite:child href="ES2010a.A.words.xml#id(ES2010a.A.words909)..id(ES2010a.A.words936)"/>
   </ae>
   <ae nite:id="ES2010a.A.argumentstructs.Erik.4">
      <nite:pointer role="type"  href="ae-types.xml#id(ae_1)"/>
      <nite:child href="ES2010a.A.words.xml#id(ES2010a.A.words941)..id(ES2010a.A.words968)"/>
   </ae>
   <ae nite:id="ES2010a.A.argumentstructs.5">
      <nite:pointer role="type"  href="ae-types.xml#id(ae_6)"/>
      <nite:child href="ES2010a.A.words.xml#id(ES2010a.A.words937)..id(ES2010a.A.words939)"/>
   </ae>
   <ae nite:id="ES2010a.A.argumentstructs.6">
      <nite:pointer role="type"  href="ae-types.xml#id(ae_6)"/>
      <nite:child href="ES2010a.A.words.xml#id(ES2010a.A.words969)..id(ES2010a.A.words974)"/>
   </ae>
</nite:root>