<?xml version="1.0" encoding="ISO-8859-1" standalone="yes"?>
<nite:root nite:id="ES2008c.A.argumentstructs" xmlns:nite="http://nite.sourceforge.net/">
   <ae nite:id="ES2008c.A.argumentstructs.Erik.1">
      <nite:pointer role="type"  href="ae-types.xml#id(ae_3)"/>
      <nite:child href="ES2008c.A.words.xml#id(ES2008c.A.words580)..id(ES2008c.A.words632)"/>
   </ae>
   <ae nite:id="ES2008c.A.argumentstructs.Erik.2">
      <nite:pointer role="type"  href="ae-types.xml#id(ae_1)"/>
      <nite:child href="ES2008c.A.words.xml#id(ES2008c.A.words633)..id(ES2008c.A.words661)"/>
   </ae>
   <ae nite:id="ES2008c.A.argumentstructs.Erik.3">
      <nite:pointer role="type"  href="ae-types.xml#id(ae_1)"/>
      <nite:child href="ES2008c.A.words.xml#id(ES2008c.A.words675)..id(ES2008c.A.words690)"/>
   </ae>
   <ae nite:id="ES2008c.A.argumentstructs.Erik.4">
      <nite:pointer role="type"  href="ae-types.xml#id(ae_5)"/>
      <nite:child href="ES2008c.A.words.xml#id(ES2008c.A.words691)..id(ES2008c.A.words695)"/>
   </ae>
   <ae nite:id="ES2008c.A.argumentstructs.Erik.5">
      <nite:pointer role="type"  href="ae-types.xml#id(ae_1)"/>
      <nite:child href="ES2008c.A.words.xml#id(ES2008c.A.words696)..id(ES2008c.A.words699)"/>
   </ae>
   <ae nite:id="ES2008c.A.argumentstructs.Erik.6">
      <nite:pointer role="type"  href="ae-types.xml#id(ae_1)"/>
      <nite:child href="ES2008c.A.words.xml#id(ES2008c.A.words700)..id(ES2008c.A.words705)"/>
   </ae>
   <ae nite:id="ES2008c.A.argumentstructs.Erik.7">
      <nite:pointer role="type"  href="ae-types.xml#id(ae_1)"/>
      <nite:child href="ES2008c.A.words.xml#id(ES2008c.A.words707)..id(ES2008c.A.words719)"/>
   </ae>
   <ae nite:id="ES2008c.A.argumentstructs.Erik.8">
      <nite:pointer role="type"  href="ae-types.xml#id(ae_1)"/>
      <nite:child href="ES2008c.A.words.xml#id(ES2008c.A.words753)..id(ES2008c.A.words762)"/>
   </ae>
   <ae nite:id="ES2008c.A.argumentstructs.Erik.9">
      <nite:pointer role="type"  href="ae-types.xml#id(ae_5)"/>
      <nite:child href="ES2008c.A.words.xml#id(ES2008c.A.words763)..id(ES2008c.A.words777)"/>
   </ae>
   <ae nite:id="ES2008c.A.argumentstructs.Erik.10">
      <nite:pointer role="type"  href="ae-types.xml#id(ae_1)"/>
      <nite:child href="ES2008c.A.words.xml#id(ES2008c.A.words778)..id(ES2008c.A.words792)"/>
   </ae>
   <ae nite:id="ES2008c.A.argumentstructs.Erik.11">
      <nite:pointer role="type"  href="ae-types.xml#id(ae_1)"/>
      <nite:child href="ES2008c.A.words.xml#id(ES2008c.A.words793)..id(ES2008c.A.words807)"/>
   </ae>
   <ae nite:id="ES2008c.A.argumentstructs.Erik.12">
      <nite:pointer role="type"  href="ae-types.xml#id(ae_1)"/>
      <nite:child href="ES2008c.A.words.xml#id(ES2008c.A.words814)..id(ES2008c.A.words823)"/>
   </ae>
   <ae nite:id="ES2008c.A.argumentstructs.Erik.13">
      <nite:pointer role="type"  href="ae-types.xml#id(ae_1)"/>
      <nite:child href="ES2008c.A.words.xml#id(ES2008c.A.words824)..id(ES2008c.A.words841)"/>
   </ae>
   <ae nite:id="ES2008c.A.argumentstructs.Erik.14">
      <nite:pointer role="type"  href="ae-types.xml#id(ae_4)"/>
      <nite:child href="ES2008c.A.words.xml#id(ES2008c.A.words1009)..id(ES2008c.A.words1032)"/>
   </ae>
   <ae nite:id="ES2008c.A.argumentstructs.Erik.15">
      <nite:pointer role="type"  href="ae-types.xml#id(ae_1)"/>
      <nite:child href="ES2008c.A.words.xml#id(ES2008c.A.words1033)..id(ES2008c.A.words1063)"/>
   </ae>
   <ae nite:id="ES2008c.A.argumentstructs.Erik.16">
      <nite:pointer role="type"  href="ae-types.xml#id(ae_5)"/>
      <nite:child href="ES2008c.A.words.xml#id(ES2008c.A.words1075)..id(ES2008c.A.words1082)"/>
   </ae>
   <ae nite:id="ES2008c.A.argumentstructs.Erik.17">
      <nite:pointer role="type"  href="ae-types.xml#id(ae_1)"/>
      <nite:child href="ES2008c.A.words.xml#id(ES2008c.A.words1125)..id(ES2008c.A.words1130)"/>
   </ae>
   <ae nite:id="ES2008c.A.argumentstructs.Erik.18">
      <nite:pointer role="type"  href="ae-types.xml#id(ae_1)"/>
      <nite:child href="ES2008c.A.words.xml#id(ES2008c.A.words1131)..id(ES2008c.A.words1152)"/>
   </ae>
   <ae nite:id="ES2008c.A.argumentstructs.Erik.19">
      <nite:pointer role="type"  href="ae-types.xml#id(ae_1)"/>
      <nite:child href="ES2008c.A.words.xml#id(ES2008c.A.words1155)..id(ES2008c.A.words1178)"/>
   </ae>
   <ae nite:id="ES2008c.A.argumentstructs.Erik.20">
      <nite:pointer role="type"  href="ae-types.xml#id(ae_1)"/>
      <nite:child href="ES2008c.A.words.xml#id(ES2008c.A.words1181)..id(ES2008c.A.words1182)"/>
   </ae>
   <ae nite:id="ES2008c.A.argumentstructs.Erik.21">
      <nite:pointer role="type"  href="ae-types.xml#id(ae_5)"/>
      <nite:child href="ES2008c.A.words.xml#id(ES2008c.A.words1189)..id(ES2008c.A.words1198)"/>
   </ae>
   <ae nite:id="ES2008c.A.argumentstructs.Erik.22">
      <nite:pointer role="type"  href="ae-types.xml#id(ae_1)"/>
      <nite:child href="ES2008c.A.words.xml#id(ES2008c.A.words1201)..id(ES2008c.A.words1214)"/>
   </ae>
   <ae nite:id="ES2008c.A.argumentstructs.Erik.23">
      <nite:pointer role="type"  href="ae-types.xml#id(ae_1)"/>
      <nite:child href="ES2008c.A.words.xml#id(ES2008c.A.words1215)..id(ES2008c.A.words1237)"/>
   </ae>
   <ae nite:id="ES2008c.A.argumentstructs.Erik.24">
      <nite:pointer role="type"  href="ae-types.xml#id(ae_5)"/>
      <nite:child href="ES2008c.A.words.xml#id(ES2008c.A.words1238)..id(ES2008c.A.words1250)"/>
   </ae>
   <ae nite:id="ES2008c.A.argumentstructs.Erik.25">
      <nite:pointer role="type"  href="ae-types.xml#id(ae_1)"/>
      <nite:child href="ES2008c.A.words.xml#id(ES2008c.A.words1251)..id(ES2008c.A.words1252)"/>
   </ae>
   <ae nite:id="ES2008c.A.argumentstructs.Erik.26">
      <nite:pointer role="type"  href="ae-types.xml#id(ae_1)"/>
      <nite:child href="ES2008c.A.words.xml#id(ES2008c.A.words1379)..id(ES2008c.A.words1399)"/>
   </ae>
   <ae nite:id="ES2008c.A.argumentstructs.Erik.27">
      <nite:pointer role="type"  href="ae-types.xml#id(ae_1)"/>
      <nite:child href="ES2008c.A.words.xml#id(ES2008c.A.words1400)..id(ES2008c.A.words1432)"/>
   </ae>
   <ae nite:id="ES2008c.A.argumentstructs.Erik.28">
      <nite:pointer role="type"  href="ae-types.xml#id(ae_5)"/>
      <nite:child href="ES2008c.A.words.xml#id(ES2008c.A.words1433)..id(ES2008c.A.words1447)"/>
   </ae>
   <ae nite:id="ES2008c.A.argumentstructs.Erik.29">
      <nite:pointer role="type"  href="ae-types.xml#id(ae_1)"/>
      <nite:child href="ES2008c.A.words.xml#id(ES2008c.A.words1448)..id(ES2008c.A.words1475)"/>
   </ae>
   <ae nite:id="ES2008c.A.argumentstructs.30">
      <nite:pointer role="type"  href="ae-types.xml#id(ae_6)"/>
      <nite:child href="ES2008c.A.words.xml#id(ES2008c.A.words393)..id(ES2008c.A.words398)"/>
   </ae>
   <ae nite:id="ES2008c.A.argumentstructs.31">
      <nite:pointer role="type"  href="ae-types.xml#id(ae_6)"/>
      <nite:child href="ES2008c.A.words.xml#id(ES2008c.A.words662)..id(ES2008c.A.words674)"/>
   </ae>
   <ae nite:id="ES2008c.A.argumentstructs.32">
      <nite:pointer role="type"  href="ae-types.xml#id(ae_6)"/>
      <nite:child href="ES2008c.A.words.xml#id(ES2008c.A.words749)..id(ES2008c.A.words752)"/>
   </ae>
   <ae nite:id="ES2008c.A.argumentstructs.33">
      <nite:pointer role="type"  href="ae-types.xml#id(ae_6)"/>
      <nite:child href="ES2008c.A.words.xml#id(ES2008c.A.words808)..id(ES2008c.A.words813)"/>
   </ae>
   <ae nite:id="ES2008c.A.argumentstructs.34">
      <nite:pointer role="type"  href="ae-types.xml#id(ae_6)"/>
      <nite:child href="ES2008c.A.words.xml#id(ES2008c.A.words1064)..id(ES2008c.A.words1074)"/>
   </ae>
   <ae nite:id="ES2008c.A.argumentstructs.35">
      <nite:pointer role="type"  href="ae-types.xml#id(ae_6)"/>
      <nite:child href="ES2008c.A.words.xml#id(ES2008c.A.words1083)"/>
   </ae>
   <ae nite:id="ES2008c.A.argumentstructs.36">
      <nite:pointer role="type"  href="ae-types.xml#id(ae_6)"/>
      <nite:child href="ES2008c.A.words.xml#id(ES2008c.A.words1153)"/>
   </ae>
   <ae nite:id="ES2008c.A.argumentstructs.37">
      <nite:pointer role="type"  href="ae-types.xml#id(ae_6)"/>
      <nite:child href="ES2008c.A.words.xml#id(ES2008c.A.words1179)..id(ES2008c.A.words1180)"/>
   </ae>
   <ae nite:id="ES2008c.A.argumentstructs.38">
      <nite:pointer role="type"  href="ae-types.xml#id(ae_6)"/>
      <nite:child href="ES2008c.A.words.xml#id(ES2008c.A.words1183)..id(ES2008c.A.words1188)"/>
   </ae>
   <ae nite:id="ES2008c.A.argumentstructs.39">
      <nite:pointer role="type"  href="ae-types.xml#id(ae_6)"/>
      <nite:child href="ES2008c.A.words.xml#id(ES2008c.A.words1199)..id(ES2008c.A.words1200)"/>
   </ae>
</nite:root>