<?xml version="1.0" encoding="ISO-8859-1" standalone="yes"?>
<nite:root nite:id="ES2004a.D.argumentstructs" xmlns:nite="http://nite.sourceforge.net/">
   <ae nite:id="ES2004a.D.argumentstructs.Erik.1">
      <nite:pointer role="type"  href="ae-types.xml#id(ae_5)"/>
      <nite:child href="ES2004a.D.words.xml#id(ES2004a.D.words698)..id(ES2004a.D.words711)"/>
   </ae>
   <ae nite:id="ES2004a.D.argumentstructs.Erik.2">
      <nite:pointer role="type"  href="ae-types.xml#id(ae_1)"/>
      <nite:child href="ES2004a.D.words.xml#id(ES2004a.D.words712)..id(ES2004a.D.words713)"/>
   </ae>
   <ae nite:id="ES2004a.D.argumentstructs.Erik.3">
      <nite:pointer role="type"  href="ae-types.xml#id(ae_1)"/>
      <nite:child href="ES2004a.D.words.xml#id(ES2004a.D.words716)..id(ES2004a.D.words752)"/>
   </ae>
   <ae nite:id="ES2004a.D.argumentstructs.Erik.4">
      <nite:pointer role="type"  href="ae-types.xml#id(ae_1)"/>
      <nite:child href="ES2004a.D.words.xml#id(ES2004a.D.words755)..id(ES2004a.D.words756)"/>
   </ae>
   <ae nite:id="ES2004a.D.argumentstructs.Erik.5">
      <nite:pointer role="type"  href="ae-types.xml#id(ae_5)"/>
      <nite:child href="ES2004a.D.words.xml#id(ES2004a.D.words760)..id(ES2004a.D.words816)"/>
   </ae>
   <ae nite:id="ES2004a.D.argumentstructs.6">
      <nite:pointer role="type"  href="ae-types.xml#id(ae_6)"/>
      <nite:child href="ES2004a.D.words.xml#id(ES2004a.D.words694)..id(ES2004a.D.words697)"/>
   </ae>
   <ae nite:id="ES2004a.D.argumentstructs.7">
      <nite:pointer role="type"  href="ae-types.xml#id(ae_6)"/>
      <nite:child href="ES2004a.D.words.xml#id(ES2004a.D.words714)..id(ES2004a.D.words715)"/>
   </ae>
   <ae nite:id="ES2004a.D.argumentstructs.8">
      <nite:pointer role="type"  href="ae-types.xml#id(ae_6)"/>
      <nite:child href="ES2004a.D.words.xml#id(ES2004a.D.words753)..id(ES2004a.D.words754)"/>
   </ae>
   <ae nite:id="ES2004a.D.argumentstructs.9">
      <nite:pointer role="type"  href="ae-types.xml#id(ae_6)"/>
      <nite:child href="ES2004a.D.words.xml#id(ES2004a.D.words758)..id(ES2004a.D.words759)"/>
   </ae>
</nite:root>