<?xml version="1.0" encoding="ISO-8859-1" standalone="yes"?>
<nite:root nite:id="ES2008b.B.argumentstructs" xmlns:nite="http://nite.sourceforge.net/">
   <ae nite:id="ES2008b.B.argumentstructs.Erik.1">
      <nite:pointer role="type"  href="ae-types.xml#id(ae_1)"/>
      <nite:child href="ES2008b.B.words.xml#id(ES2008b.B.words1031)..id(ES2008b.B.words1071)"/>
   </ae>
   <ae nite:id="ES2008b.B.argumentstructs.Erik.2">
      <nite:pointer role="type"  href="ae-types.xml#id(ae_1)"/>
      <nite:child href="ES2008b.B.words.xml#id(ES2008b.B.words1076)..id(ES2008b.B.words1108)"/>
   </ae>
   <ae nite:id="ES2008b.B.argumentstructs.Erik.3">
      <nite:pointer role="type"  href="ae-types.xml#id(ae_1)"/>
      <nite:child href="ES2008b.B.words.xml#id(ES2008b.B.words1228)..id(ES2008b.B.words1234)"/>
   </ae>
   <ae nite:id="ES2008b.B.argumentstructs.Erik.4">
      <nite:pointer role="type"  href="ae-types.xml#id(ae_1)"/>
      <nite:child href="ES2008b.B.words.xml#id(ES2008b.B.words1237)..id(ES2008b.B.words1241)"/>
   </ae>
   <ae nite:id="ES2008b.B.argumentstructs.Erik.5">
      <nite:pointer role="type"  href="ae-types.xml#id(ae_1)"/>
      <nite:child href="ES2008b.B.words.xml#id(ES2008b.B.words1392)..id(ES2008b.B.words1411)"/>
   </ae>
   <ae nite:id="ES2008b.B.argumentstructs.Erik.6">
      <nite:pointer role="type"  href="ae-types.xml#id(ae_1)"/>
      <nite:child href="ES2008b.B.words.xml#id(ES2008b.B.words1412)..id(ES2008b.B.words1413)"/>
   </ae>
   <ae nite:id="ES2008b.B.argumentstructs.Erik.7">
      <nite:pointer role="type"  href="ae-types.xml#id(ae_1)"/>
      <nite:child href="ES2008b.B.words.xml#id(ES2008b.B.words1414)..id(ES2008b.B.words1415)"/>
   </ae>
   <ae nite:id="ES2008b.B.argumentstructs.Erik.8">
      <nite:pointer role="type"  href="ae-types.xml#id(ae_1)"/>
      <nite:child href="ES2008b.B.words.xml#id(ES2008b.B.words1416)..id(ES2008b.B.words1424)"/>
   </ae>
   <ae nite:id="ES2008b.B.argumentstructs.Erik.9">
      <nite:pointer role="type"  href="ae-types.xml#id(ae_1)"/>
      <nite:child href="ES2008b.B.words.xml#id(ES2008b.B.words1425)..id(ES2008b.B.words1471)"/>
   </ae>
   <ae nite:id="ES2008b.B.argumentstructs.Erik.10">
      <nite:pointer role="type"  href="ae-types.xml#id(ae_1)"/>
      <nite:child href="ES2008b.B.words.xml#id(ES2008b.B.words1472)..id(ES2008b.B.words1492)"/>
   </ae>
   <ae nite:id="ES2008b.B.argumentstructs.Erik.11">
      <nite:pointer role="type"  href="ae-types.xml#id(ae_1)"/>
      <nite:child href="ES2008b.B.words.xml#id(ES2008b.B.words1493)..id(ES2008b.B.words1512)"/>
   </ae>
   <ae nite:id="ES2008b.B.argumentstructs.12">
      <nite:pointer role="type"  href="ae-types.xml#id(ae_6)"/>
      <nite:child href="ES2008b.B.words.xml#id(ES2008b.B.words1072)..id(ES2008b.B.words1075)"/>
   </ae>
   <ae nite:id="ES2008b.B.argumentstructs.13">
      <nite:pointer role="type"  href="ae-types.xml#id(ae_6)"/>
      <nite:child href="ES2008b.B.words.xml#id(ES2008b.B.words1222)..id(ES2008b.B.words1227)"/>
   </ae>
   <ae nite:id="ES2008b.B.argumentstructs.14">
      <nite:pointer role="type"  href="ae-types.xml#id(ae_6)"/>
      <nite:child href="ES2008b.B.words.xml#id(ES2008b.B.words1235)..id(ES2008b.B.words1236)"/>
   </ae>
   <ae nite:id="ES2008b.B.argumentstructs.15">
      <nite:pointer role="type"  href="ae-types.xml#id(ae_6)"/>
      <nite:child href="ES2008b.B.words.xml#id(ES2008b.B.words1513)"/>
   </ae>
</nite:root>