<?xml version="1.0" encoding="ISO-8859-1" standalone="yes"?>
<nite:root nite:id="ES2016b.D.argumentstructs" xmlns:nite="http://nite.sourceforge.net/">
   <ae nite:id="ES2016b.D.argumentstructs.Rutger.1">
      <nite:pointer role="type"  href="ae-types.xml#id(ae_1)"/>
      <nite:child href="ES2016b.D.words.xml#id(ES2016b.D.words816)..id(ES2016b.D.words818)"/>
   </ae>
   <ae nite:id="ES2016b.D.argumentstructs.Rutger.2">
      <nite:pointer role="type"  href="ae-types.xml#id(ae_1)"/>
      <nite:child href="ES2016b.D.words.xml#id(ES2016b.D.words820)..id(ES2016b.D.words872)"/>
   </ae>
   <ae nite:id="ES2016b.D.argumentstructs.Rutger.3">
      <nite:pointer role="type"  href="ae-types.xml#id(ae_1)"/>
      <nite:child href="ES2016b.D.words.xml#id(ES2016b.D.words873)..id(ES2016b.D.words874)"/>
   </ae>
   <ae nite:id="ES2016b.D.argumentstructs.Rutger.4">
      <nite:pointer role="type"  href="ae-types.xml#id(ae_1)"/>
      <nite:child href="ES2016b.D.words.xml#id(ES2016b.D.words875)..id(ES2016b.D.words878)"/>
   </ae>
   <ae nite:id="ES2016b.D.argumentstructs.5">
      <nite:pointer role="type"  href="ae-types.xml#id(ae_6)"/>
      <nite:child href="ES2016b.D.words.xml#id(ES2016b.D.words814)..id(ES2016b.D.words815)"/>
   </ae>
</nite:root>