<?xml version="1.0" encoding="ISO-8859-1" standalone="yes"?>
<nite:root nite:id="ES2014b.D.argumentstructs" xmlns:nite="http://nite.sourceforge.net/">
   <ae nite:id="ES2014b.D.argumentstructs.Rutger.1">
      <nite:pointer role="type"  href="ae-types.xml#id(ae_1)"/>
      <nite:child href="ES2014b.D.words.xml#id(ES2014b.D.words40)..id(ES2014b.D.words41)"/>
   </ae>
   <ae nite:id="ES2014b.D.argumentstructs.Rutger.2">
      <nite:pointer role="type"  href="ae-types.xml#id(ae_1)"/>
      <nite:child href="ES2014b.D.words.xml#id(ES2014b.D.words42)..id(ES2014b.D.words43)"/>
   </ae>
   <ae nite:id="ES2014b.D.argumentstructs.Rutger.3">
      <nite:pointer role="type"  href="ae-types.xml#id(ae_5)"/>
      <nite:child href="ES2014b.D.words.xml#id(ES2014b.D.words616)..id(ES2014b.D.words655)"/>
   </ae>
   <ae nite:id="ES2014b.D.argumentstructs.Rutger.4">
      <nite:pointer role="type"  href="ae-types.xml#id(ae_1)"/>
      <nite:child href="ES2014b.D.words.xml#id(ES2014b.D.words656)..id(ES2014b.D.words700)"/>
   </ae>
   <ae nite:id="ES2014b.D.argumentstructs.Rutger.5">
      <nite:pointer role="type"  href="ae-types.xml#id(ae_1)"/>
      <nite:child href="ES2014b.D.words.xml#id(ES2014b.D.words701)..id(ES2014b.D.words707)"/>
   </ae>
   <ae nite:id="ES2014b.D.argumentstructs.Rutger.6">
      <nite:pointer role="type"  href="ae-types.xml#id(ae_1)"/>
      <nite:child href="ES2014b.D.words.xml#id(ES2014b.D.words708)..id(ES2014b.D.words760)"/>
   </ae>
   <ae nite:id="ES2014b.D.argumentstructs.Rutger.7">
      <nite:pointer role="type"  href="ae-types.xml#id(ae_1)"/>
      <nite:child href="ES2014b.D.words.xml#id(ES2014b.D.words761)..id(ES2014b.D.words764)"/>
   </ae>
   <ae nite:id="ES2014b.D.argumentstructs.Rutger.8">
      <nite:pointer role="type"  href="ae-types.xml#id(ae_1)"/>
      <nite:child href="ES2014b.D.words.xml#id(ES2014b.D.words765)..id(ES2014b.D.words766)"/>
   </ae>
   <ae nite:id="ES2014b.D.argumentstructs.Rutger.9">
      <nite:child href="ES2014b.D.words.xml#id(ES2014b.D.words773)..id(ES2014b.D.words802)"/>
   </ae>
   <ae nite:id="ES2014b.D.argumentstructs.Rutger.10">
      <nite:pointer role="type"  href="ae-types.xml#id(ae_1)"/>
      <nite:child href="ES2014b.D.words.xml#id(ES2014b.D.words803)..id(ES2014b.D.words804)"/>
   </ae>
   <ae nite:id="ES2014b.D.argumentstructs.Rutger.11">
      <nite:pointer role="type"  href="ae-types.xml#id(ae_1)"/>
      <nite:child href="ES2014b.D.words.xml#id(ES2014b.D.words805)..id(ES2014b.D.words806)"/>
   </ae>
   <ae nite:id="ES2014b.D.argumentstructs.Rutger.12">
      <nite:pointer role="type"  href="ae-types.xml#id(ae_1)"/>
      <nite:child href="ES2014b.D.words.xml#id(ES2014b.D.words811)..id(ES2014b.D.words812)"/>
   </ae>
   <ae nite:id="ES2014b.D.argumentstructs.Rutger.13">
      <nite:pointer role="type"  href="ae-types.xml#id(ae_1)"/>
      <nite:child href="ES2014b.D.words.xml#id(ES2014b.D.words813)..id(ES2014b.D.words814)"/>
   </ae>
   <ae nite:id="ES2014b.D.argumentstructs.Rutger.14">
      <nite:pointer role="type"  href="ae-types.xml#id(ae_1)"/>
      <nite:child href="ES2014b.D.words.xml#id(ES2014b.D.words817)"/>
   </ae>
   <ae nite:id="ES2014b.D.argumentstructs.Rutger.15">
      <nite:pointer role="type"  href="ae-types.xml#id(ae_1)"/>
      <nite:child href="ES2014b.D.words.xml#id(ES2014b.D.words820)..id(ES2014b.D.words841)"/>
   </ae>
   <ae nite:id="ES2014b.D.argumentstructs.Rutger.16">
      <nite:pointer role="type"  href="ae-types.xml#id(ae_1)"/>
      <nite:child href="ES2014b.D.words.xml#id(ES2014b.D.words846)..id(ES2014b.D.words847)"/>
   </ae>
   <ae nite:id="ES2014b.D.argumentstructs.17">
      <nite:pointer role="type"  href="ae-types.xml#id(ae_6)"/>
      <nite:child href="ES2014b.D.words.xml#id(ES2014b.D.words44)..id(ES2014b.D.words45)"/>
      <nite:child href="ES2014b.D.words.xml#id(ES2014b.D.words47)..id(ES2014b.D.words48)"/>
   </ae>
   <ae nite:id="ES2014b.D.argumentstructs.18">
      <nite:pointer role="type"  href="ae-types.xml#id(ae_6)"/>
      <nite:child href="ES2014b.D.words.xml#id(ES2014b.D.words767)..id(ES2014b.D.words772)"/>
   </ae>
   <ae nite:id="ES2014b.D.argumentstructs.19">
      <nite:pointer role="type"  href="ae-types.xml#id(ae_6)"/>
      <nite:child href="ES2014b.D.words.xml#id(ES2014b.D.words807)..id(ES2014b.D.words810)"/>
   </ae>
   <ae nite:id="ES2014b.D.argumentstructs.20">
      <nite:pointer role="type"  href="ae-types.xml#id(ae_6)"/>
      <nite:child href="ES2014b.D.words.xml#id(ES2014b.D.words815)..id(ES2014b.D.words816)"/>
   </ae>
   <ae nite:id="ES2014b.D.argumentstructs.21">
      <nite:pointer role="type"  href="ae-types.xml#id(ae_6)"/>
      <nite:child href="ES2014b.D.words.xml#id(ES2014b.D.words818)"/>
   </ae>
   <ae nite:id="ES2014b.D.argumentstructs.22">
      <nite:pointer role="type"  href="ae-types.xml#id(ae_6)"/>
      <nite:child href="ES2014b.D.words.xml#id(ES2014b.D.words842)..id(ES2014b.D.words845)"/>
   </ae>
   <ae nite:id="ES2014b.D.argumentstructs.23">
      <nite:pointer role="type"  href="ae-types.xml#id(ae_6)"/>
      <nite:child href="ES2014b.D.words.xml#id(ES2014b.D.words848)..id(ES2014b.D.words855)"/>
   </ae>
</nite:root>