<?xml version="1.0" encoding="ISO-8859-1" standalone="yes"?>
<nite:root nite:id="ES2012b.B.argumentstructs" xmlns:nite="http://nite.sourceforge.net/">
   <ae nite:id="ES2012b.B.argumentstructs.Erik.1">
      <nite:pointer role="type"  href="ae-types.xml#id(ae_5)"/>
      <nite:child href="ES2012b.B.words.xml#id(ES2012b.B.words769)..id(ES2012b.B.words780)"/>
   </ae>
   <ae nite:id="ES2012b.B.argumentstructs.Erik.2">
      <nite:pointer role="type"  href="ae-types.xml#id(ae_1)"/>
      <nite:child href="ES2012b.B.words.xml#id(ES2012b.B.words781)..id(ES2012b.B.words784)"/>
   </ae>
   <ae nite:id="ES2012b.B.argumentstructs.Erik.3">
      <nite:pointer role="type"  href="ae-types.xml#id(ae_1)"/>
      <nite:child href="ES2012b.B.words.xml#id(ES2012b.B.words786)..id(ES2012b.B.words790)"/>
   </ae>
   <ae nite:id="ES2012b.B.argumentstructs.Erik.4">
      <nite:pointer role="type"  href="ae-types.xml#id(ae_1)"/>
      <nite:child href="ES2012b.B.words.xml#id(ES2012b.B.words795)..id(ES2012b.B.words798)"/>
   </ae>
   <ae nite:id="ES2012b.B.argumentstructs.Erik.5">
      <nite:pointer role="type"  href="ae-types.xml#id(ae_1)"/>
      <nite:child href="ES2012b.B.words.xml#id(ES2012b.B.words803)..id(ES2012b.B.words841)"/>
   </ae>
   <ae nite:id="ES2012b.B.argumentstructs.Erik.6">
      <nite:pointer role="type"  href="ae-types.xml#id(ae_1)"/>
      <nite:child href="ES2012b.B.words.xml#id(ES2012b.B.words843)..id(ES2012b.B.words850)"/>
   </ae>
   <ae nite:id="ES2012b.B.argumentstructs.7">
      <nite:pointer role="type"  href="ae-types.xml#id(ae_6)"/>
      <nite:child href="ES2012b.B.words.xml#id(ES2012b.B.words761)..id(ES2012b.B.words762)"/>
      <nite:child href="ES2012b.B.words.xml#id(ES2012b.B.words764)..id(ES2012b.B.words765)"/>
      <nite:child href="ES2012b.B.words.xml#id(ES2012b.B.words767)..id(ES2012b.B.words768)"/>
   </ae>
   <ae nite:id="ES2012b.B.argumentstructs.8">
      <nite:pointer role="type"  href="ae-types.xml#id(ae_6)"/>
      <nite:child href="ES2012b.B.words.xml#id(ES2012b.B.words791)..id(ES2012b.B.words794)"/>
   </ae>
   <ae nite:id="ES2012b.B.argumentstructs.9">
      <nite:pointer role="type"  href="ae-types.xml#id(ae_6)"/>
      <nite:child href="ES2012b.B.words.xml#id(ES2012b.B.words799)..id(ES2012b.B.words802)"/>
   </ae>
</nite:root>