<?xml version="1.0" encoding="ISO-8859-1" standalone="yes"?>
<nite:root nite:id="ES2006a.B.argumentstructs" xmlns:nite="http://nite.sourceforge.net/">
   <ae nite:id="ES2006a.B.argumentstructs.Erik.1">
      <nite:pointer role="type"  href="ae-types.xml#id(ae_1)"/>
      <nite:child href="ES2006a.B.words.xml#id(ES2006a.B.words397)..id(ES2006a.B.words494)"/>
   </ae>
   <ae nite:id="ES2006a.B.argumentstructs.Erik.2">
      <nite:pointer role="type"  href="ae-types.xml#id(ae_3)"/>
      <nite:child href="ES2006a.B.words.xml#id(ES2006a.B.words495)..id(ES2006a.B.words537)"/>
   </ae>
   <ae nite:id="ES2006a.B.argumentstructs.Erik.3">
      <nite:pointer role="type"  href="ae-types.xml#id(ae_1)"/>
      <nite:child href="ES2006a.B.words.xml#id(ES2006a.B.words540)..id(ES2006a.B.words603)"/>
   </ae>
   <ae nite:id="ES2006a.B.argumentstructs.Erik.4">
      <nite:pointer role="type"  href="ae-types.xml#id(ae_1)"/>
      <nite:child href="ES2006a.B.words.xml#id(ES2006a.B.words604)..id(ES2006a.B.words606)"/>
   </ae>
   <ae nite:id="ES2006a.B.argumentstructs.Erik.5">
      <nite:pointer role="type"  href="ae-types.xml#id(ae_1)"/>
      <nite:child href="ES2006a.B.words.xml#id(ES2006a.B.words607)..id(ES2006a.B.words618)"/>
   </ae>
   <ae nite:id="ES2006a.B.argumentstructs.Erik.6">
      <nite:pointer role="type"  href="ae-types.xml#id(ae_1)"/>
      <nite:child href="ES2006a.B.words.xml#id(ES2006a.B.words623)..id(ES2006a.B.words624)"/>
   </ae>
   <ae nite:id="ES2006a.B.argumentstructs.Erik.7">
      <nite:pointer role="type"  href="ae-types.xml#id(ae_1)"/>
      <nite:child href="ES2006a.B.words.xml#id(ES2006a.B.words625)..id(ES2006a.B.words669)"/>
   </ae>
   <ae nite:id="ES2006a.B.argumentstructs.8">
      <nite:pointer role="type"  href="ae-types.xml#id(ae_6)"/>
      <nite:child href="ES2006a.B.words.xml#id(ES2006a.B.words538)..id(ES2006a.B.words539)"/>
   </ae>
   <ae nite:id="ES2006a.B.argumentstructs.9">
      <nite:pointer role="type"  href="ae-types.xml#id(ae_6)"/>
      <nite:child href="ES2006a.B.words.xml#id(ES2006a.B.words619)..id(ES2006a.B.words621)"/>
   </ae>
   <ae nite:id="ES2006a.B.argumentstructs.10">
      <nite:pointer role="type"  href="ae-types.xml#id(ae_6)"/>
      <nite:child href="ES2006a.B.words.xml#id(ES2006a.B.words671)..id(ES2006a.B.words672)"/>
   </ae>
</nite:root>