<?xml version="1.0" encoding="ISO-8859-1" standalone="yes"?>
<nite:root nite:id="ES2003b.A.argumentstructs" xmlns:nite="http://nite.sourceforge.net/">
   <ae nite:id="ES2003b.A.argumentstructs.Erik.1">
      <nite:pointer role="type"  href="ae-types.xml#id(ae_1)"/>
      <nite:child href="ES2003b.A.words.xml#id(ES2003b.A.words704)..id(ES2003b.A.words736)"/>
   </ae>
   <ae nite:id="ES2003b.A.argumentstructs.Erik.2">
      <nite:pointer role="type"  href="ae-types.xml#id(ae_2)"/>
      <nite:child href="ES2003b.A.words.xml#id(ES2003b.A.words737)..id(ES2003b.A.words759)"/>
   </ae>
   <ae nite:id="ES2003b.A.argumentstructs.Erik.3">
      <nite:pointer role="type"  href="ae-types.xml#id(ae_1)"/>
      <nite:child href="ES2003b.A.words.xml#id(ES2003b.A.words762)..id(ES2003b.A.words780)"/>
   </ae>
   <ae nite:id="ES2003b.A.argumentstructs.Erik.4">
      <nite:pointer role="type"  href="ae-types.xml#id(ae_1)"/>
      <nite:child href="ES2003b.A.words.xml#id(ES2003b.A.words784)..id(ES2003b.A.words825)"/>
   </ae>
   <ae nite:id="ES2003b.A.argumentstructs.Erik.5">
      <nite:pointer role="type"  href="ae-types.xml#id(ae_1)"/>
      <nite:child href="ES2003b.A.words.xml#id(ES2003b.A.words826)..id(ES2003b.A.words837)"/>
   </ae>
   <ae nite:id="ES2003b.A.argumentstructs.Erik.6">
      <nite:pointer role="type"  href="ae-types.xml#id(ae_1)"/>
      <nite:child href="ES2003b.A.words.xml#id(ES2003b.A.words838)..id(ES2003b.A.words890)"/>
   </ae>
   <ae nite:id="ES2003b.A.argumentstructs.Erik.7">
      <nite:pointer role="type"  href="ae-types.xml#id(ae_1)"/>
      <nite:child href="ES2003b.A.words.xml#id(ES2003b.A.words891)..id(ES2003b.A.words892)"/>
   </ae>
   <ae nite:id="ES2003b.A.argumentstructs.Erik.8">
      <nite:pointer role="type"  href="ae-types.xml#id(ae_1)"/>
      <nite:child href="ES2003b.A.words.xml#id(ES2003b.A.words893)..id(ES2003b.A.words894)"/>
   </ae>
   <ae nite:id="ES2003b.A.argumentstructs.Erik.9">
      <nite:pointer role="type"  href="ae-types.xml#id(ae_1)"/>
      <nite:child href="ES2003b.A.words.xml#id(ES2003b.A.words897)..id(ES2003b.A.words977)"/>
   </ae>
   <ae nite:id="ES2003b.A.argumentstructs.Erik.11">
      <nite:pointer role="type"  href="ae-types.xml#id(ae_1)"/>
      <nite:child href="ES2003b.A.words.xml#id(ES2003b.A.words1264)..id(ES2003b.A.words1266)"/>
   </ae>
   <ae nite:id="ES2003b.A.argumentstructs.Erik.12">
      <nite:pointer role="type"  href="ae-types.xml#id(ae_1)"/>
      <nite:child href="ES2003b.A.words.xml#id(ES2003b.A.words1267)..id(ES2003b.A.words1272)"/>
   </ae>
   <ae nite:id="ES2003b.A.argumentstructs.Erik.13">
      <nite:pointer role="type"  href="ae-types.xml#id(ae_1)"/>
      <nite:child href="ES2003b.A.words.xml#id(ES2003b.A.words1273)..id(ES2003b.A.words1274)"/>
   </ae>
   <ae nite:id="ES2003b.A.argumentstructs.Erik.14">
      <nite:pointer role="type"  href="ae-types.xml#id(ae_1)"/>
      <nite:child href="ES2003b.A.words.xml#id(ES2003b.A.words1275)..id(ES2003b.A.words1277)"/>
   </ae>
   <ae nite:id="ES2003b.A.argumentstructs.Erik.15">
      <nite:pointer role="type"  href="ae-types.xml#id(ae_1)"/>
      <nite:child href="ES2003b.A.words.xml#id(ES2003b.A.words1281)..id(ES2003b.A.words1309)"/>
   </ae>
   <ae nite:id="ES2003b.A.argumentstructs.Erik.16">
      <nite:pointer role="type"  href="ae-types.xml#id(ae_1)"/>
      <nite:child href="ES2003b.A.words.xml#id(ES2003b.A.words1310)..id(ES2003b.A.words1353)"/>
   </ae>
   <ae nite:id="ES2003b.A.argumentstructs.Erik.17">
      <nite:pointer role="type"  href="ae-types.xml#id(ae_1)"/>
      <nite:child href="ES2003b.A.words.xml#id(ES2003b.A.words1354)..id(ES2003b.A.words1362)"/>
   </ae>
   <ae nite:id="ES2003b.A.argumentstructs.Erik.18">
      <nite:pointer role="type"  href="ae-types.xml#id(ae_1)"/>
      <nite:child href="ES2003b.A.words.xml#id(ES2003b.A.words1364)..id(ES2003b.A.words1435)"/>
   </ae>
   <ae nite:id="ES2003b.A.argumentstructs.Erik.19">
      <nite:pointer role="type"  href="ae-types.xml#id(ae_5)"/>
      <nite:child href="ES2003b.A.words.xml#id(ES2003b.A.words1436)..id(ES2003b.A.words1446)"/>
   </ae>
   <ae nite:id="ES2003b.A.argumentstructs.Erik.20">
      <nite:pointer role="type"  href="ae-types.xml#id(ae_1)"/>
      <nite:child href="ES2003b.A.words.xml#id(ES2003b.A.words1448)..id(ES2003b.A.words1461)"/>
   </ae>
   <ae nite:id="ES2003b.A.argumentstructs.Erik.21">
      <nite:pointer role="type"  href="ae-types.xml#id(ae_1)"/>
      <nite:child href="ES2003b.A.words.xml#id(ES2003b.A.words1464)..id(ES2003b.A.words1465)"/>
   </ae>
   <ae nite:id="ES2003b.A.argumentstructs.22">
      <nite:pointer role="type"  href="ae-types.xml#id(ae_6)"/>
      <nite:child href="ES2003b.A.words.xml#id(ES2003b.A.words760)..id(ES2003b.A.words761)"/>
   </ae>
   <ae nite:id="ES2003b.A.argumentstructs.23">
      <nite:pointer role="type"  href="ae-types.xml#id(ae_6)"/>
      <nite:child href="ES2003b.A.words.xml#id(ES2003b.A.words781)..id(ES2003b.A.words783)"/>
   </ae>
   <ae nite:id="ES2003b.A.argumentstructs.24">
      <nite:pointer role="type"  href="ae-types.xml#id(ae_6)"/>
      <nite:child href="ES2003b.A.words.xml#id(ES2003b.A.words895)..id(ES2003b.A.words896)"/>
   </ae>
   <ae nite:id="ES2003b.A.argumentstructs.25">
      <nite:pointer role="type"  href="ae-types.xml#id(ae_6)"/>
      <nite:child href="ES2003b.A.words.xml#id(ES2003b.A.words978)..id(ES2003b.A.words979)"/>
   </ae>
   <ae nite:id="ES2003b.A.argumentstructs.26">
      <nite:pointer role="type"  href="ae-types.xml#id(ae_6)"/>
      <nite:child href="ES2003b.A.words.xml#id(ES2003b.A.words1262)..id(ES2003b.A.words1263)"/>
   </ae>
   <ae nite:id="ES2003b.A.argumentstructs.27">
      <nite:pointer role="type"  href="ae-types.xml#id(ae_6)"/>
      <nite:child href="ES2003b.A.words.xml#id(ES2003b.A.words1278)..id(ES2003b.A.words1279)"/>
   </ae>
   <ae nite:id="ES2003b.A.argumentstructs.28">
      <nite:pointer role="type"  href="ae-types.xml#id(ae_6)"/>
      <nite:child href="ES2003b.A.words.xml#id(ES2003b.A.words1462)..id(ES2003b.A.words1463)"/>
   </ae>
</nite:root>