<?xml version="1.0" encoding="ISO-8859-1" standalone="yes"?>
<nite:root nite:id="ES2010c.A.argumentstructs" xmlns:nite="http://nite.sourceforge.net/">
   <ae nite:id="ES2010c.A.argumentstructs.Erik.1">
      <nite:pointer role="type"  href="ae-types.xml#id(ae_3)"/>
      <nite:child href="ES2010c.A.words.xml#id(ES2010c.A.words561)..id(ES2010c.A.words576)"/>
   </ae>
   <ae nite:id="ES2010c.A.argumentstructs.Erik.2">
      <nite:pointer role="type"  href="ae-types.xml#id(ae_3)"/>
      <nite:child href="ES2010c.A.words.xml#id(ES2010c.A.words590)..id(ES2010c.A.words596)"/>
   </ae>
   <ae nite:id="ES2010c.A.argumentstructs.Erik.3">
      <nite:pointer role="type"  href="ae-types.xml#id(ae_1)"/>
      <nite:child href="ES2010c.A.words.xml#id(ES2010c.A.words630)..id(ES2010c.A.words652)"/>
   </ae>
   <ae nite:id="ES2010c.A.argumentstructs.Erik.4">
      <nite:pointer role="type"  href="ae-types.xml#id(ae_3)"/>
      <nite:child href="ES2010c.A.words.xml#id(ES2010c.A.words653)..id(ES2010c.A.words669)"/>
   </ae>
   <ae nite:id="ES2010c.A.argumentstructs.Erik.5">
      <nite:pointer role="type"  href="ae-types.xml#id(ae_1)"/>
      <nite:child href="ES2010c.A.words.xml#id(ES2010c.A.words677)..id(ES2010c.A.words678)"/>
   </ae>
   <ae nite:id="ES2010c.A.argumentstructs.Erik.7">
      <nite:pointer role="type"  href="ae-types.xml#id(ae_1)"/>
      <nite:child href="ES2010c.A.words.xml#id(ES2010c.A.words702)..id(ES2010c.A.words703)"/>
   </ae>
   <ae nite:id="ES2010c.A.argumentstructs.Erik.8">
      <nite:pointer role="type"  href="ae-types.xml#id(ae_1)"/>
      <nite:child href="ES2010c.A.words.xml#id(ES2010c.A.words704)..id(ES2010c.A.words707)"/>
   </ae>
   <ae nite:id="ES2010c.A.argumentstructs.Erik.9">
      <nite:pointer role="type"  href="ae-types.xml#id(ae_1)"/>
      <nite:child href="ES2010c.A.words.xml#id(ES2010c.A.words708)..id(ES2010c.A.words711)"/>
   </ae>
   <ae nite:id="ES2010c.A.argumentstructs.Erik.10">
      <nite:pointer role="type"  href="ae-types.xml#id(ae_3)"/>
      <nite:child href="ES2010c.A.words.xml#id(ES2010c.A.words712)..id(ES2010c.A.words725)"/>
   </ae>
   <ae nite:id="ES2010c.A.argumentstructs.Erik.11">
      <nite:pointer role="type"  href="ae-types.xml#id(ae_1)"/>
      <nite:child href="ES2010c.A.words.xml#id(ES2010c.A.words726)..id(ES2010c.A.words756)"/>
   </ae>
   <ae nite:id="ES2010c.A.argumentstructs.Erik.12">
      <nite:pointer role="type"  href="ae-types.xml#id(ae_1)"/>
      <nite:child href="ES2010c.A.words.xml#id(ES2010c.A.words759)..id(ES2010c.A.words760)"/>
   </ae>
   <ae nite:id="ES2010c.A.argumentstructs.Erik.13">
      <nite:pointer role="type"  href="ae-types.xml#id(ae_5)"/>
      <nite:child href="ES2010c.A.words.xml#id(ES2010c.A.words767)..id(ES2010c.A.words795)"/>
   </ae>
   <ae nite:id="ES2010c.A.argumentstructs.Erik.14">
      <nite:pointer role="type"  href="ae-types.xml#id(ae_1)"/>
      <nite:child href="ES2010c.A.words.xml#id(ES2010c.A.words796)..id(ES2010c.A.words802)"/>
   </ae>
   <ae nite:id="ES2010c.A.argumentstructs.Erik.15">
      <nite:pointer role="type"  href="ae-types.xml#id(ae_4)"/>
      <nite:child href="ES2010c.A.words.xml#id(ES2010c.A.words808)..id(ES2010c.A.words819)"/>
   </ae>
   <ae nite:id="ES2010c.A.argumentstructs.Erik.16">
      <nite:pointer role="type"  href="ae-types.xml#id(ae_5)"/>
      <nite:child href="ES2010c.A.words.xml#id(ES2010c.A.words820)..id(ES2010c.A.words821)"/>
   </ae>
   <ae nite:id="ES2010c.A.argumentstructs.Erik.17">
      <nite:pointer role="type"  href="ae-types.xml#id(ae_5)"/>
      <nite:child href="ES2010c.A.words.xml#id(ES2010c.A.words822)..id(ES2010c.A.words828)"/>
   </ae>
   <ae nite:id="ES2010c.A.argumentstructs.Erik.18">
      <nite:pointer role="type"  href="ae-types.xml#id(ae_1)"/>
      <nite:child href="ES2010c.A.words.xml#id(ES2010c.A.words829)..id(ES2010c.A.words835)"/>
   </ae>
   <ae nite:id="ES2010c.A.argumentstructs.Erik.19">
      <nite:pointer role="type"  href="ae-types.xml#id(ae_3)"/>
      <nite:child href="ES2010c.A.words.xml#id(ES2010c.A.words838)..id(ES2010c.A.words840)"/>
   </ae>
   <ae nite:id="ES2010c.A.argumentstructs.Erik.20">
      <nite:pointer role="type"  href="ae-types.xml#id(ae_5)"/>
      <nite:child href="ES2010c.A.words.xml#id(ES2010c.A.words863)..id(ES2010c.A.words894)"/>
   </ae>
   <ae nite:id="ES2010c.A.argumentstructs.Erik.21">
      <nite:pointer role="type"  href="ae-types.xml#id(ae_1)"/>
      <nite:child href="ES2010c.A.words.xml#id(ES2010c.A.words895)..id(ES2010c.A.words910)"/>
   </ae>
   <ae nite:id="ES2010c.A.argumentstructs.Erik.22">
      <nite:pointer role="type"  href="ae-types.xml#id(ae_1)"/>
      <nite:child href="ES2010c.A.words.xml#id(ES2010c.A.words911)..id(ES2010c.A.words912)"/>
   </ae>
   <ae nite:id="ES2010c.A.argumentstructs.Erik.23">
      <nite:pointer role="type"  href="ae-types.xml#id(ae_1)"/>
      <nite:child href="ES2010c.A.words.xml#id(ES2010c.A.words917)..id(ES2010c.A.words918)"/>
   </ae>
   <ae nite:id="ES2010c.A.argumentstructs.Erik.24">
      <nite:pointer role="type"  href="ae-types.xml#id(ae_1)"/>
      <nite:child href="ES2010c.A.words.xml#id(ES2010c.A.words919)..id(ES2010c.A.words926)"/>
   </ae>
   <ae nite:id="ES2010c.A.argumentstructs.Erik.25">
      <nite:pointer role="type"  href="ae-types.xml#id(ae_1)"/>
      <nite:child href="ES2010c.A.words.xml#id(ES2010c.A.words931)..id(ES2010c.A.words938)"/>
   </ae>
   <ae nite:id="ES2010c.A.argumentstructs.Erik.26">
      <nite:pointer role="type"  href="ae-types.xml#id(ae_5)"/>
      <nite:child href="ES2010c.A.words.xml#id(ES2010c.A.words941)..id(ES2010c.A.words943)"/>
   </ae>
   <ae nite:id="ES2010c.A.argumentstructs.Erik.27">
      <nite:pointer role="type"  href="ae-types.xml#id(ae_1)"/>
      <nite:child href="ES2010c.A.words.xml#id(ES2010c.A.words944)..id(ES2010c.A.words955)"/>
   </ae>
   <ae nite:id="ES2010c.A.argumentstructs.Erik.28">
      <nite:pointer role="type"  href="ae-types.xml#id(ae_1)"/>
      <nite:child href="ES2010c.A.words.xml#id(ES2010c.A.words958)..id(ES2010c.A.words959)"/>
   </ae>
   <ae nite:id="ES2010c.A.argumentstructs.29">
      <nite:pointer role="type"  href="ae-types.xml#id(ae_6)"/>
      <nite:child href="ES2010c.A.words.xml#id(ES2010c.A.words577)..id(ES2010c.A.words582)"/>
      <nite:child href="ES2010c.A.words.xml#id(ES2010c.A.words584)..id(ES2010c.A.words589)"/>
   </ae>
   <ae nite:id="ES2010c.A.argumentstructs.30">
      <nite:pointer role="type"  href="ae-types.xml#id(ae_6)"/>
      <nite:child href="ES2010c.A.words.xml#id(ES2010c.A.words597)..id(ES2010c.A.words623)"/>
      <nite:child href="ES2010c.A.words.xml#id(ES2010c.A.words625)..id(ES2010c.A.words629)"/>
   </ae>
   <ae nite:id="ES2010c.A.argumentstructs.31">
      <nite:pointer role="type"  href="ae-types.xml#id(ae_6)"/>
      <nite:child href="ES2010c.A.words.xml#id(ES2010c.A.words670)..id(ES2010c.A.words671)"/>
      <nite:child href="ES2010c.A.words.xml#id(ES2010c.A.words673)..id(ES2010c.A.words676)"/>
   </ae>
   <ae nite:id="ES2010c.A.argumentstructs.32">
      <nite:pointer role="type"  href="ae-types.xml#id(ae_6)"/>
      <nite:child href="ES2010c.A.words.xml#id(ES2010c.A.words679)..id(ES2010c.A.words701)"/>
   </ae>
   <ae nite:id="ES2010c.A.argumentstructs.33">
      <nite:pointer role="type"  href="ae-types.xml#id(ae_6)"/>
      <nite:child href="ES2010c.A.words.xml#id(ES2010c.A.words757)..id(ES2010c.A.words758)"/>
   </ae>
   <ae nite:id="ES2010c.A.argumentstructs.34">
      <nite:pointer role="type"  href="ae-types.xml#id(ae_6)"/>
      <nite:child href="ES2010c.A.words.xml#id(ES2010c.A.words762)..id(ES2010c.A.words766)"/>
   </ae>
   <ae nite:id="ES2010c.A.argumentstructs.35">
      <nite:pointer role="type"  href="ae-types.xml#id(ae_6)"/>
      <nite:child href="ES2010c.A.words.xml#id(ES2010c.A.words836)..id(ES2010c.A.words837)"/>
   </ae>
   <ae nite:id="ES2010c.A.argumentstructs.36">
      <nite:pointer role="type"  href="ae-types.xml#id(ae_6)"/>
      <nite:child href="ES2010c.A.words.xml#id(ES2010c.A.words913)..id(ES2010c.A.words916)"/>
   </ae>
   <ae nite:id="ES2010c.A.argumentstructs.37">
      <nite:pointer role="type"  href="ae-types.xml#id(ae_6)"/>
      <nite:child href="ES2010c.A.words.xml#id(ES2010c.A.words927)..id(ES2010c.A.words930)"/>
   </ae>
   <ae nite:id="ES2010c.A.argumentstructs.38">
      <nite:pointer role="type"  href="ae-types.xml#id(ae_6)"/>
      <nite:child href="ES2010c.A.words.xml#id(ES2010c.A.words939)..id(ES2010c.A.words940)"/>
   </ae>
   <ae nite:id="ES2010c.A.argumentstructs.39">
      <nite:pointer role="type"  href="ae-types.xml#id(ae_6)"/>
      <nite:child href="ES2010c.A.words.xml#id(ES2010c.A.words956)..id(ES2010c.A.words957)"/>
   </ae>
   <ae nite:id="ES2010c.A.argumentstructs.40">
      <nite:pointer role="type"  href="ae-types.xml#id(ae_6)"/>
      <nite:child href="ES2010c.A.words.xml#id(ES2010c.A.words960)..id(ES2010c.A.words961)"/>
   </ae>
</nite:root>