<?xml version="1.0" encoding="ISO-8859-1" standalone="yes"?>
<nite:root nite:id="ES2007c.C.argumentstructs" xmlns:nite="http://nite.sourceforge.net/">
   <ae nite:id="ES2007c.C.argumentstructs.Erik.1">
      <nite:pointer role="type"  href="ae-types.xml#id(ae_1)"/>
      <nite:child href="ES2007c.C.words.xml#id(ES2007c.C.words102)..id(ES2007c.C.words107)"/>
   </ae>
   <ae nite:id="ES2007c.C.argumentstructs.Erik.2">
      <nite:pointer role="type"  href="ae-types.xml#id(ae_3)"/>
      <nite:child href="ES2007c.C.words.xml#id(ES2007c.C.words111)..id(ES2007c.C.words174)"/>
   </ae>
   <ae nite:id="ES2007c.C.argumentstructs.Erik.3">
      <nite:pointer role="type"  href="ae-types.xml#id(ae_1)"/>
      <nite:child href="ES2007c.C.words.xml#id(ES2007c.C.words175)..id(ES2007c.C.words176)"/>
   </ae>
   <ae nite:id="ES2007c.C.argumentstructs.Erik.4">
      <nite:pointer role="type"  href="ae-types.xml#id(ae_1)"/>
      <nite:child href="ES2007c.C.words.xml#id(ES2007c.C.words177)..id(ES2007c.C.words187)"/>
   </ae>
   <ae nite:id="ES2007c.C.argumentstructs.Erik.5">
      <nite:pointer role="type"  href="ae-types.xml#id(ae_1)"/>
      <nite:child href="ES2007c.C.words.xml#id(ES2007c.C.words188)..id(ES2007c.C.words192)"/>
   </ae>
   <ae nite:id="ES2007c.C.argumentstructs.Erik.6">
      <nite:pointer role="type"  href="ae-types.xml#id(ae_1)"/>
      <nite:child href="ES2007c.C.words.xml#id(ES2007c.C.words193)..id(ES2007c.C.words194)"/>
   </ae>
   <ae nite:id="ES2007c.C.argumentstructs.Erik.7">
      <nite:pointer role="type"  href="ae-types.xml#id(ae_1)"/>
      <nite:child href="ES2007c.C.words.xml#id(ES2007c.C.words195)..id(ES2007c.C.words217)"/>
   </ae>
   <ae nite:id="ES2007c.C.argumentstructs.Erik.8">
      <nite:pointer role="type"  href="ae-types.xml#id(ae_1)"/>
      <nite:child href="ES2007c.C.words.xml#id(ES2007c.C.words246)..id(ES2007c.C.words398)"/>
   </ae>
   <ae nite:id="ES2007c.C.argumentstructs.Erik.9">
      <nite:pointer role="type"  href="ae-types.xml#id(ae_1)"/>
      <nite:child href="ES2007c.C.words.xml#id(ES2007c.C.words399)..id(ES2007c.C.words430)"/>
   </ae>
   <ae nite:id="ES2007c.C.argumentstructs.Erik.10">
      <nite:pointer role="type"  href="ae-types.xml#id(ae_5)"/>
      <nite:child href="ES2007c.C.words.xml#id(ES2007c.C.words1519)..id(ES2007c.C.words1520)"/>
   </ae>
   <ae nite:id="ES2007c.C.argumentstructs.Erik.11">
      <nite:pointer role="type"  href="ae-types.xml#id(ae_5)"/>
      <nite:child href="ES2007c.C.words.xml#id(ES2007c.C.words1521)..id(ES2007c.C.words1533)"/>
   </ae>
   <ae nite:id="ES2007c.C.argumentstructs.Erik.12">
      <nite:pointer role="type"  href="ae-types.xml#id(ae_1)"/>
      <nite:child href="ES2007c.C.words.xml#id(ES2007c.C.words1534)..id(ES2007c.C.words1548)"/>
   </ae>
   <ae nite:id="ES2007c.C.argumentstructs.Erik.13">
      <nite:pointer role="type"  href="ae-types.xml#id(ae_1)"/>
      <nite:child href="ES2007c.C.words.xml#id(ES2007c.C.words1689)..id(ES2007c.C.words1690)"/>
   </ae>
   <ae nite:id="ES2007c.C.argumentstructs.Erik.14">
      <nite:pointer role="type"  href="ae-types.xml#id(ae_1)"/>
      <nite:child href="ES2007c.C.words.xml#id(ES2007c.C.words1691)..id(ES2007c.C.words1692)"/>
   </ae>
   <ae nite:id="ES2007c.C.argumentstructs.Erik.15">
      <nite:pointer role="type"  href="ae-types.xml#id(ae_1)"/>
      <nite:child href="ES2007c.C.words.xml#id(ES2007c.C.words1695)..id(ES2007c.C.words1696)"/>
   </ae>
   <ae nite:id="ES2007c.C.argumentstructs.Erik.16">
      <nite:pointer role="type"  href="ae-types.xml#id(ae_4)"/>
      <nite:child href="ES2007c.C.words.xml#id(ES2007c.C.words1697)..id(ES2007c.C.words1764)"/>
   </ae>
   <ae nite:id="ES2007c.C.argumentstructs.Erik.17">
      <nite:pointer role="type"  href="ae-types.xml#id(ae_1)"/>
      <nite:child href="ES2007c.C.words.xml#id(ES2007c.C.words1770)..id(ES2007c.C.words1822)"/>
   </ae>
   <ae nite:id="ES2007c.C.argumentstructs.Erik.18">
      <nite:pointer role="type"  href="ae-types.xml#id(ae_1)"/>
      <nite:child href="ES2007c.C.words.xml#id(ES2007c.C.words1823)..id(ES2007c.C.words1824)"/>
   </ae>
   <ae nite:id="ES2007c.C.argumentstructs.Erik.19">
      <nite:pointer role="type"  href="ae-types.xml#id(ae_1)"/>
      <nite:child href="ES2007c.C.words.xml#id(ES2007c.C.words1825)..id(ES2007c.C.words1826)"/>
   </ae>
   <ae nite:id="ES2007c.C.argumentstructs.20">
      <nite:pointer role="type"  href="ae-types.xml#id(ae_6)"/>
      <nite:child href="ES2007c.C.words.xml#id(ES2007c.C.words218)..id(ES2007c.C.words244)"/>
   </ae>
   <ae nite:id="ES2007c.C.argumentstructs.21">
      <nite:pointer role="type"  href="ae-types.xml#id(ae_6)"/>
      <nite:child href="ES2007c.C.words.xml#id(ES2007c.C.words1503)..id(ES2007c.C.words1518)"/>
   </ae>
   <ae nite:id="ES2007c.C.argumentstructs.22">
      <nite:pointer role="type"  href="ae-types.xml#id(ae_6)"/>
      <nite:child href="ES2007c.C.words.xml#id(ES2007c.C.words1549)..id(ES2007c.C.words1550)"/>
   </ae>
   <ae nite:id="ES2007c.C.argumentstructs.23">
      <nite:pointer role="type"  href="ae-types.xml#id(ae_6)"/>
      <nite:child href="ES2007c.C.words.xml#id(ES2007c.C.words1693)..id(ES2007c.C.words1694)"/>
   </ae>
   <ae nite:id="ES2007c.C.argumentstructs.24">
      <nite:pointer role="type"  href="ae-types.xml#id(ae_6)"/>
      <nite:child href="ES2007c.C.words.xml#id(ES2007c.C.words1768)..id(ES2007c.C.words1769)"/>
   </ae>
</nite:root>