<?xml version="1.0" encoding="ISO-8859-1" standalone="yes"?>
<nite:root nite:id="ES2005c.C.argumentstructs" xmlns:nite="http://nite.sourceforge.net/">
   <ae nite:id="ES2005c.C.argumentstructs.Erik.1">
      <nite:pointer role="type"  href="ae-types.xml#id(ae_1)"/>
      <nite:child href="ES2005c.C.words.xml#id(ES2005c.C.words396)..id(ES2005c.C.words397)"/>
   </ae>
   <ae nite:id="ES2005c.C.argumentstructs.Erik.2">
      <nite:pointer role="type"  href="ae-types.xml#id(ae_1)"/>
      <nite:child href="ES2005c.C.words.xml#id(ES2005c.C.words398)..id(ES2005c.C.words412)"/>
   </ae>
   <ae nite:id="ES2005c.C.argumentstructs.Erik.3">
      <nite:pointer role="type"  href="ae-types.xml#id(ae_1)"/>
      <nite:child href="ES2005c.C.words.xml#id(ES2005c.C.words413)..id(ES2005c.C.words414)"/>
   </ae>
   <ae nite:id="ES2005c.C.argumentstructs.Erik.4">
      <nite:pointer role="type"  href="ae-types.xml#id(ae_1)"/>
      <nite:child href="ES2005c.C.words.xml#id(ES2005c.C.words417)..id(ES2005c.C.words460)"/>
   </ae>
   <ae nite:id="ES2005c.C.argumentstructs.Erik.5">
      <nite:pointer role="type"  href="ae-types.xml#id(ae_1)"/>
      <nite:child href="ES2005c.C.words.xml#id(ES2005c.C.words461)..id(ES2005c.C.words516)"/>
   </ae>
   <ae nite:id="ES2005c.C.argumentstructs.Erik.6">
      <nite:pointer role="type"  href="ae-types.xml#id(ae_1)"/>
      <nite:child href="ES2005c.C.words.xml#id(ES2005c.C.words521)..id(ES2005c.C.words522)"/>
   </ae>
   <ae nite:id="ES2005c.C.argumentstructs.Erik.7">
      <nite:pointer role="type"  href="ae-types.xml#id(ae_1)"/>
      <nite:child href="ES2005c.C.words.xml#id(ES2005c.C.words523)..id(ES2005c.C.words524)"/>
   </ae>
   <ae nite:id="ES2005c.C.argumentstructs.Erik.8">
      <nite:pointer role="type"  href="ae-types.xml#id(ae_5)"/>
      <nite:child href="ES2005c.C.words.xml#id(ES2005c.C.words739)..id(ES2005c.C.words756)"/>
   </ae>
   <ae nite:id="ES2005c.C.argumentstructs.Erik.9">
      <nite:pointer role="type"  href="ae-types.xml#id(ae_5)"/>
      <nite:child href="ES2005c.C.words.xml#id(ES2005c.C.words771)..id(ES2005c.C.words802)"/>
   </ae>
   <ae nite:id="ES2005c.C.argumentstructs.Erik.10">
      <nite:pointer role="type"  href="ae-types.xml#id(ae_1)"/>
      <nite:child href="ES2005c.C.words.xml#id(ES2005c.C.words803)..id(ES2005c.C.words807)"/>
   </ae>
   <ae nite:id="ES2005c.C.argumentstructs.Erik.11">
      <nite:pointer role="type"  href="ae-types.xml#id(ae_1)"/>
      <nite:child href="ES2005c.C.words.xml#id(ES2005c.C.words808)..id(ES2005c.C.words816)"/>
   </ae>
   <ae nite:id="ES2005c.C.argumentstructs.Erik.12">
      <nite:pointer role="type"  href="ae-types.xml#id(ae_1)"/>
      <nite:child href="ES2005c.C.words.xml#id(ES2005c.C.words817)..id(ES2005c.C.words818)"/>
   </ae>
   <ae nite:id="ES2005c.C.argumentstructs.Erik.13">
      <nite:pointer role="type"  href="ae-types.xml#id(ae_1)"/>
      <nite:child href="ES2005c.C.words.xml#id(ES2005c.C.words819)..id(ES2005c.C.words826)"/>
   </ae>
   <ae nite:id="ES2005c.C.argumentstructs.Erik.14">
      <nite:pointer role="type"  href="ae-types.xml#id(ae_1)"/>
      <nite:child href="ES2005c.C.words.xml#id(ES2005c.C.words837)..id(ES2005c.C.words846)"/>
   </ae>
   <ae nite:id="ES2005c.C.argumentstructs.Erik.15">
      <nite:pointer role="type"  href="ae-types.xml#id(ae_1)"/>
      <nite:child href="ES2005c.C.words.xml#id(ES2005c.C.words856)..id(ES2005c.C.words864)"/>
   </ae>
   <ae nite:id="ES2005c.C.argumentstructs.Erik.16">
      <nite:pointer role="type"  href="ae-types.xml#id(ae_1)"/>
      <nite:child href="ES2005c.C.words.xml#id(ES2005c.C.words865)..id(ES2005c.C.words886)"/>
   </ae>
   <ae nite:id="ES2005c.C.argumentstructs.Erik.17">
      <nite:pointer role="type"  href="ae-types.xml#id(ae_1)"/>
      <nite:child href="ES2005c.C.words.xml#id(ES2005c.C.words1497)..id(ES2005c.C.words1502)"/>
   </ae>
   <ae nite:id="ES2005c.C.argumentstructs.Erik.18">
      <nite:pointer role="type"  href="ae-types.xml#id(ae_1)"/>
      <nite:child href="ES2005c.C.words.xml#id(ES2005c.C.words1503)..id(ES2005c.C.words1515)"/>
   </ae>
   <ae nite:id="ES2005c.C.argumentstructs.Erik.19">
      <nite:pointer role="type"  href="ae-types.xml#id(ae_1)"/>
      <nite:child href="ES2005c.C.words.xml#id(ES2005c.C.words1517)..id(ES2005c.C.words1522)"/>
   </ae>
   <ae nite:id="ES2005c.C.argumentstructs.Erik.20">
      <nite:pointer role="type"  href="ae-types.xml#id(ae_1)"/>
      <nite:child href="ES2005c.C.words.xml#id(ES2005c.C.words1524)..id(ES2005c.C.words1531)"/>
   </ae>
   <ae nite:id="ES2005c.C.argumentstructs.Erik.21">
      <nite:pointer role="type"  href="ae-types.xml#id(ae_1)"/>
      <nite:child href="ES2005c.C.words.xml#id(ES2005c.C.words1532)..id(ES2005c.C.words1596)"/>
   </ae>
   <ae nite:id="ES2005c.C.argumentstructs.Erik.22">
      <nite:pointer role="type"  href="ae-types.xml#id(ae_1)"/>
      <nite:child href="ES2005c.C.words.xml#id(ES2005c.C.words1601)..id(ES2005c.C.words1656)"/>
   </ae>
   <ae nite:id="ES2005c.C.argumentstructs.Erik.23">
      <nite:pointer role="type"  href="ae-types.xml#id(ae_1)"/>
      <nite:child href="ES2005c.C.words.xml#id(ES2005c.C.words1657)..id(ES2005c.C.words1670)"/>
   </ae>
   <ae nite:id="ES2005c.C.argumentstructs.Erik.24">
      <nite:pointer role="type"  href="ae-types.xml#id(ae_1)"/>
      <nite:child href="ES2005c.C.words.xml#id(ES2005c.C.words1671)..id(ES2005c.C.words1672)"/>
   </ae>
   <ae nite:id="ES2005c.C.argumentstructs.Erik.25">
      <nite:pointer role="type"  href="ae-types.xml#id(ae_1)"/>
      <nite:child href="ES2005c.C.words.xml#id(ES2005c.C.words1675)..id(ES2005c.C.words1685)"/>
   </ae>
   <ae nite:id="ES2005c.C.argumentstructs.Erik.26">
      <nite:pointer role="type"  href="ae-types.xml#id(ae_1)"/>
      <nite:child href="ES2005c.C.words.xml#id(ES2005c.C.words1822)..id(ES2005c.C.words1850)"/>
   </ae>
   <ae nite:id="ES2005c.C.argumentstructs.Erik.27">
      <nite:pointer role="type"  href="ae-types.xml#id(ae_1)"/>
      <nite:child href="ES2005c.C.words.xml#id(ES2005c.C.words1852)..id(ES2005c.C.words1859)"/>
   </ae>
   <ae nite:id="ES2005c.C.argumentstructs.Erik.28">
      <nite:pointer role="type"  href="ae-types.xml#id(ae_1)"/>
      <nite:child href="ES2005c.C.words.xml#id(ES2005c.C.words1860)..id(ES2005c.C.words1861)"/>
   </ae>
   <ae nite:id="ES2005c.C.argumentstructs.Erik.29">
      <nite:pointer role="type"  href="ae-types.xml#id(ae_1)"/>
      <nite:child href="ES2005c.C.words.xml#id(ES2005c.C.words1862)..id(ES2005c.C.words1863)"/>
   </ae>
   <ae nite:id="ES2005c.C.argumentstructs.Erik.30">
      <nite:pointer role="type"  href="ae-types.xml#id(ae_1)"/>
      <nite:child href="ES2005c.C.words.xml#id(ES2005c.C.words1864)..id(ES2005c.C.words1873)"/>
   </ae>
   <ae nite:id="ES2005c.C.argumentstructs.Erik.31">
      <nite:pointer role="type"  href="ae-types.xml#id(ae_1)"/>
      <nite:child href="ES2005c.C.words.xml#id(ES2005c.C.words1874)..id(ES2005c.C.words1907)"/>
   </ae>
   <ae nite:id="ES2005c.C.argumentstructs.Erik.32">
      <nite:pointer role="type"  href="ae-types.xml#id(ae_1)"/>
      <nite:child href="ES2005c.C.words.xml#id(ES2005c.C.words1908)..id(ES2005c.C.words1911)"/>
   </ae>
   <ae nite:id="ES2005c.C.argumentstructs.Erik.33">
      <nite:pointer role="type"  href="ae-types.xml#id(ae_3)"/>
      <nite:child href="ES2005c.C.words.xml#id(ES2005c.C.words1912)..id(ES2005c.C.words1919)"/>
   </ae>
   <ae nite:id="ES2005c.C.argumentstructs.Erik.34">
      <nite:pointer role="type"  href="ae-types.xml#id(ae_1)"/>
      <nite:child href="ES2005c.C.words.xml#id(ES2005c.C.words1920)..id(ES2005c.C.words1921)"/>
   </ae>
   <ae nite:id="ES2005c.C.argumentstructs.Erik.35">
      <nite:pointer role="type"  href="ae-types.xml#id(ae_1)"/>
      <nite:child href="ES2005c.C.words.xml#id(ES2005c.C.words1922)..id(ES2005c.C.words1957)"/>
   </ae>
   <ae nite:id="ES2005c.C.argumentstructs.Erik.36">
      <nite:pointer role="type"  href="ae-types.xml#id(ae_1)"/>
      <nite:child href="ES2005c.C.words.xml#id(ES2005c.C.words1962)..id(ES2005c.C.words2031)"/>
   </ae>
   <ae nite:id="ES2005c.C.argumentstructs.Erik.37">
      <nite:pointer role="type"  href="ae-types.xml#id(ae_1)"/>
      <nite:child href="ES2005c.C.words.xml#id(ES2005c.C.words2032)..id(ES2005c.C.words2037)"/>
   </ae>
   <ae nite:id="ES2005c.C.argumentstructs.Erik.38">
      <nite:pointer role="type"  href="ae-types.xml#id(ae_1)"/>
      <nite:child href="ES2005c.C.words.xml#id(ES2005c.C.words2038)..id(ES2005c.C.words2039)"/>
   </ae>
   <ae nite:id="ES2005c.C.argumentstructs.Erik.39">
      <nite:pointer role="type"  href="ae-types.xml#id(ae_1)"/>
      <nite:child href="ES2005c.C.words.xml#id(ES2005c.C.words2040)..id(ES2005c.C.words2041)"/>
   </ae>
   <ae nite:id="ES2005c.C.argumentstructs.40">
      <nite:pointer role="type"  href="ae-types.xml#id(ae_6)"/>
      <nite:child href="ES2005c.C.words.xml#id(ES2005c.C.words415)..id(ES2005c.C.words416)"/>
   </ae>
   <ae nite:id="ES2005c.C.argumentstructs.41">
      <nite:pointer role="type"  href="ae-types.xml#id(ae_6)"/>
      <nite:child href="ES2005c.C.words.xml#id(ES2005c.C.words517)..id(ES2005c.C.words519)"/>
   </ae>
   <ae nite:id="ES2005c.C.argumentstructs.42">
      <nite:pointer role="type"  href="ae-types.xml#id(ae_6)"/>
      <nite:child href="ES2005c.C.words.xml#id(ES2005c.C.words525)..id(ES2005c.C.words526)"/>
   </ae>
   <ae nite:id="ES2005c.C.argumentstructs.43">
      <nite:pointer role="type"  href="ae-types.xml#id(ae_6)"/>
      <nite:child href="ES2005c.C.words.xml#id(ES2005c.C.words735)..id(ES2005c.C.words738)"/>
   </ae>
   <ae nite:id="ES2005c.C.argumentstructs.44">
      <nite:pointer role="type"  href="ae-types.xml#id(ae_6)"/>
      <nite:child href="ES2005c.C.words.xml#id(ES2005c.C.words757)"/>
      <nite:child href="ES2005c.C.words.xml#id(ES2005c.C.words759)..id(ES2005c.C.words770)"/>
   </ae>
   <ae nite:id="ES2005c.C.argumentstructs.45">
      <nite:pointer role="type"  href="ae-types.xml#id(ae_6)"/>
      <nite:child href="ES2005c.C.words.xml#id(ES2005c.C.words827)..id(ES2005c.C.words835)"/>
   </ae>
   <ae nite:id="ES2005c.C.argumentstructs.46">
      <nite:pointer role="type"  href="ae-types.xml#id(ae_6)"/>
      <nite:child href="ES2005c.C.words.xml#id(ES2005c.C.words847)..id(ES2005c.C.words850)"/>
      <nite:child href="ES2005c.C.words.xml#id(ES2005c.C.words852)..id(ES2005c.C.words855)"/>
   </ae>
   <ae nite:id="ES2005c.C.argumentstructs.47">
      <nite:pointer role="type"  href="ae-types.xml#id(ae_6)"/>
      <nite:child href="ES2005c.C.words.xml#id(ES2005c.C.words1597)..id(ES2005c.C.words1599)"/>
   </ae>
   <ae nite:id="ES2005c.C.argumentstructs.48">
      <nite:pointer role="type"  href="ae-types.xml#id(ae_6)"/>
      <nite:child href="ES2005c.C.words.xml#id(ES2005c.C.words1958)..id(ES2005c.C.words1961)"/>
   </ae>
</nite:root>