<?xml version="1.0" encoding="ISO-8859-1" standalone="yes"?>
<nite:root nite:id="ES2006c.D.argumentstructs" xmlns:nite="http://nite.sourceforge.net/">
   <ae nite:id="ES2006c.D.argumentstructs.Erik.1">
      <nite:pointer role="type"  href="ae-types.xml#id(ae_1)"/>
      <nite:child href="ES2006c.D.words.xml#id(ES2006c.D.words636)..id(ES2006c.D.words746)"/>
   </ae>
   <ae nite:id="ES2006c.D.argumentstructs.Erik.2">
      <nite:pointer role="type"  href="ae-types.xml#id(ae_1)"/>
      <nite:child href="ES2006c.D.words.xml#id(ES2006c.D.words747)..id(ES2006c.D.words831)"/>
   </ae>
   <ae nite:id="ES2006c.D.argumentstructs.Erik.3">
      <nite:pointer role="type"  href="ae-types.xml#id(ae_1)"/>
      <nite:child href="ES2006c.D.words.xml#id(ES2006c.D.words1038)..id(ES2006c.D.words1066)"/>
   </ae>
   <ae nite:id="ES2006c.D.argumentstructs.Erik.4">
      <nite:pointer role="type"  href="ae-types.xml#id(ae_1)"/>
      <nite:child href="ES2006c.D.words.xml#id(ES2006c.D.words1067)..id(ES2006c.D.words1107)"/>
   </ae>
   <ae nite:id="ES2006c.D.argumentstructs.Erik.5">
      <nite:pointer role="type"  href="ae-types.xml#id(ae_1)"/>
      <nite:child href="ES2006c.D.words.xml#id(ES2006c.D.words1108)..id(ES2006c.D.words1111)"/>
   </ae>
   <ae nite:id="ES2006c.D.argumentstructs.Erik.6">
      <nite:pointer role="type"  href="ae-types.xml#id(ae_1)"/>
      <nite:child href="ES2006c.D.words.xml#id(ES2006c.D.words1112)..id(ES2006c.D.words1113)"/>
   </ae>
   <ae nite:id="ES2006c.D.argumentstructs.Erik.7">
      <nite:pointer role="type"  href="ae-types.xml#id(ae_1)"/>
      <nite:child href="ES2006c.D.words.xml#id(ES2006c.D.words1114)..id(ES2006c.D.words1122)"/>
   </ae>
   <ae nite:id="ES2006c.D.argumentstructs.Erik.8">
      <nite:pointer role="type"  href="ae-types.xml#id(ae_1)"/>
      <nite:child href="ES2006c.D.words.xml#id(ES2006c.D.words1123)..id(ES2006c.D.words1124)"/>
   </ae>
   <ae nite:id="ES2006c.D.argumentstructs.Erik.9">
      <nite:pointer role="type"  href="ae-types.xml#id(ae_1)"/>
      <nite:child href="ES2006c.D.words.xml#id(ES2006c.D.words1125)..id(ES2006c.D.words1137)"/>
   </ae>
   <ae nite:id="ES2006c.D.argumentstructs.Erik.10">
      <nite:pointer role="type"  href="ae-types.xml#id(ae_5)"/>
      <nite:child href="ES2006c.D.words.xml#id(ES2006c.D.words1138)..id(ES2006c.D.words1161)"/>
   </ae>
   <ae nite:id="ES2006c.D.argumentstructs.Erik.11">
      <nite:pointer role="type"  href="ae-types.xml#id(ae_1)"/>
      <nite:child href="ES2006c.D.words.xml#id(ES2006c.D.words1170)..id(ES2006c.D.words1249)"/>
   </ae>
   <ae nite:id="ES2006c.D.argumentstructs.Erik.12">
      <nite:pointer role="type"  href="ae-types.xml#id(ae_1)"/>
      <nite:child href="ES2006c.D.words.xml#id(ES2006c.D.words1250)..id(ES2006c.D.words1251)"/>
   </ae>
   <ae nite:id="ES2006c.D.argumentstructs.Erik.13">
      <nite:pointer role="type"  href="ae-types.xml#id(ae_1)"/>
      <nite:child href="ES2006c.D.words.xml#id(ES2006c.D.words1253)..id(ES2006c.D.words1284)"/>
   </ae>
   <ae nite:id="ES2006c.D.argumentstructs.Erik.14">
      <nite:pointer role="type"  href="ae-types.xml#id(ae_1)"/>
      <nite:child href="ES2006c.D.words.xml#id(ES2006c.D.words1285)..id(ES2006c.D.words1296)"/>
   </ae>
   <ae nite:id="ES2006c.D.argumentstructs.Erik.15">
      <nite:pointer role="type"  href="ae-types.xml#id(ae_1)"/>
      <nite:child href="ES2006c.D.words.xml#id(ES2006c.D.words1298)..id(ES2006c.D.words1299)"/>
   </ae>
   <ae nite:id="ES2006c.D.argumentstructs.16">
      <nite:pointer role="type"  href="ae-types.xml#id(ae_6)"/>
      <nite:child href="ES2006c.D.words.xml#id(ES2006c.D.words597)..id(ES2006c.D.words624)"/>
      <nite:child href="ES2006c.D.words.xml#id(ES2006c.D.words626)..id(ES2006c.D.words628)"/>
      <nite:child href="ES2006c.D.words.xml#id(ES2006c.D.words631)..id(ES2006c.D.words634)"/>
   </ae>
   <ae nite:id="ES2006c.D.argumentstructs.17">
      <nite:pointer role="type"  href="ae-types.xml#id(ae_6)"/>
      <nite:child href="ES2006c.D.words.xml#id(ES2006c.D.words832)..id(ES2006c.D.words833)"/>
   </ae>
   <ae nite:id="ES2006c.D.argumentstructs.18">
      <nite:pointer role="type"  href="ae-types.xml#id(ae_6)"/>
      <nite:child href="ES2006c.D.words.xml#id(ES2006c.D.words1162)..id(ES2006c.D.words1168)"/>
   </ae>
   <ae nite:id="ES2006c.D.argumentstructs.19">
      <nite:pointer role="type"  href="ae-types.xml#id(ae_6)"/>
      <nite:child href="ES2006c.D.words.xml#id(ES2006c.D.words1297)"/>
   </ae>
   <ae nite:id="ES2006c.D.argumentstructs.20">
      <nite:pointer role="type"  href="ae-types.xml#id(ae_6)"/>
      <nite:child href="ES2006c.D.words.xml#id(ES2006c.D.words1300)..id(ES2006c.D.words1301)"/>
   </ae>
</nite:root>