<?xml version="1.0" encoding="ISO-8859-1" standalone="yes"?>
<nite:root nite:id="ES2003a.A.argumentstructs" xmlns:nite="http://nite.sourceforge.net/">
   <ae nite:id="ES2003a.A.argumentstructs.Erik.1">
      <nite:pointer role="type"  href="ae-types.xml#id(ae_1)"/>
      <nite:child href="ES2003a.A.words.xml#id(ES2003a.A.words135)..id(ES2003a.A.words319)"/>
   </ae>
   <ae nite:id="ES2003a.A.argumentstructs.Erik.2">
      <nite:pointer role="type"  href="ae-types.xml#id(ae_1)"/>
      <nite:child href="ES2003a.A.words.xml#id(ES2003a.A.words320)..id(ES2003a.A.words366)"/>
   </ae>
   <ae nite:id="ES2003a.A.argumentstructs.Erik.3">
      <nite:pointer role="type"  href="ae-types.xml#id(ae_1)"/>
      <nite:child href="ES2003a.A.words.xml#id(ES2003a.A.words367)..id(ES2003a.A.words371)"/>
   </ae>
   <ae nite:id="ES2003a.A.argumentstructs.Erik.4">
      <nite:pointer role="type"  href="ae-types.xml#id(ae_1)"/>
      <nite:child href="ES2003a.A.words.xml#id(ES2003a.A.words372)..id(ES2003a.A.words432)"/>
   </ae>
   <ae nite:id="ES2003a.A.argumentstructs.Erik.5">
      <nite:pointer role="type"  href="ae-types.xml#id(ae_1)"/>
      <nite:child href="ES2003a.A.words.xml#id(ES2003a.A.words433)..id(ES2003a.A.words475)"/>
   </ae>
   <ae nite:id="ES2003a.A.argumentstructs.Erik.6">
      <nite:pointer role="type"  href="ae-types.xml#id(ae_1)"/>
      <nite:child href="ES2003a.A.words.xml#id(ES2003a.A.words476)..id(ES2003a.A.words477)"/>
   </ae>
   <ae nite:id="ES2003a.A.argumentstructs.Erik.7">
      <nite:pointer role="type"  href="ae-types.xml#id(ae_1)"/>
      <nite:child href="ES2003a.A.words.xml#id(ES2003a.A.words478)..id(ES2003a.A.words479)"/>
   </ae>
   <ae nite:id="ES2003a.A.argumentstructs.Erik.8">
      <nite:pointer role="type"  href="ae-types.xml#id(ae_1)"/>
      <nite:child href="ES2003a.A.words.xml#id(ES2003a.A.words482)..id(ES2003a.A.words483)"/>
   </ae>
   <ae nite:id="ES2003a.A.argumentstructs.Erik.9">
      <nite:pointer role="type"  href="ae-types.xml#id(ae_1)"/>
      <nite:child href="ES2003a.A.words.xml#id(ES2003a.A.words484)..id(ES2003a.A.words557)"/>
   </ae>
   <ae nite:id="ES2003a.A.argumentstructs.Erik.10">
      <nite:pointer role="type"  href="ae-types.xml#id(ae_1)"/>
      <nite:child href="ES2003a.A.words.xml#id(ES2003a.A.words558)..id(ES2003a.A.words597)"/>
   </ae>
</nite:root>