<?xml version="1.0" encoding="ISO-8859-1" standalone="yes"?>
<nite:root nite:id="ES2005c.B.argumentstructs" xmlns:nite="http://nite.sourceforge.net/">
   <ae nite:id="ES2005c.B.argumentstructs.Erik.1">
      <nite:pointer role="type"  href="ae-types.xml#id(ae_1)"/>
      <nite:child href="ES2005c.B.words.xml#id(ES2005c.B.words763)..id(ES2005c.B.words856)"/>
   </ae>
   <ae nite:id="ES2005c.B.argumentstructs.Erik.2">
      <nite:pointer role="type"  href="ae-types.xml#id(ae_1)"/>
      <nite:child href="ES2005c.B.words.xml#id(ES2005c.B.words860)..id(ES2005c.B.words892)"/>
   </ae>
   <ae nite:id="ES2005c.B.argumentstructs.Erik.3">
      <nite:pointer role="type"  href="ae-types.xml#id(ae_1)"/>
      <nite:child href="ES2005c.B.words.xml#id(ES2005c.B.words1033)..id(ES2005c.B.words1099)"/>
   </ae>
   <ae nite:id="ES2005c.B.argumentstructs.Erik.4">
      <nite:pointer role="type"  href="ae-types.xml#id(ae_3)"/>
      <nite:child href="ES2005c.B.words.xml#id(ES2005c.B.words1106)..id(ES2005c.B.words1109)"/>
   </ae>
   <ae nite:id="ES2005c.B.argumentstructs.Erik.5">
      <nite:pointer role="type"  href="ae-types.xml#id(ae_1)"/>
      <nite:child href="ES2005c.B.words.xml#id(ES2005c.B.words1110)..id(ES2005c.B.words1233)"/>
   </ae>
   <ae nite:id="ES2005c.B.argumentstructs.Erik.6">
      <nite:pointer role="type"  href="ae-types.xml#id(ae_1)"/>
      <nite:child href="ES2005c.B.words.xml#id(ES2005c.B.words1234)..id(ES2005c.B.words1344)"/>
   </ae>
   <ae nite:id="ES2005c.B.argumentstructs.Erik.7">
      <nite:pointer role="type"  href="ae-types.xml#id(ae_1)"/>
      <nite:child href="ES2005c.B.words.xml#id(ES2005c.B.words1347)..id(ES2005c.B.words1350)"/>
   </ae>
   <ae nite:id="ES2005c.B.argumentstructs.Erik.8">
      <nite:pointer role="type"  href="ae-types.xml#id(ae_5)"/>
      <nite:child href="ES2005c.B.words.xml#id(ES2005c.B.words1355)..id(ES2005c.B.words1397)"/>
   </ae>
   <ae nite:id="ES2005c.B.argumentstructs.Erik.9">
      <nite:pointer role="type"  href="ae-types.xml#id(ae_1)"/>
      <nite:child href="ES2005c.B.words.xml#id(ES2005c.B.words1398)..id(ES2005c.B.words1407)"/>
   </ae>
   <ae nite:id="ES2005c.B.argumentstructs.Erik.10">
      <nite:pointer role="type"  href="ae-types.xml#id(ae_1)"/>
      <nite:child href="ES2005c.B.words.xml#id(ES2005c.B.words1409)..id(ES2005c.B.words1450)"/>
   </ae>
   <ae nite:id="ES2005c.B.argumentstructs.Erik.11">
      <nite:pointer role="type"  href="ae-types.xml#id(ae_1)"/>
      <nite:child href="ES2005c.B.words.xml#id(ES2005c.B.words1451)..id(ES2005c.B.words1477)"/>
   </ae>
   <ae nite:id="ES2005c.B.argumentstructs.Erik.12">
      <nite:pointer role="type"  href="ae-types.xml#id(ae_1)"/>
      <nite:child href="ES2005c.B.words.xml#id(ES2005c.B.words1478)..id(ES2005c.B.words1479)"/>
   </ae>
   <ae nite:id="ES2005c.B.argumentstructs.Erik.13">
      <nite:pointer role="type"  href="ae-types.xml#id(ae_1)"/>
      <nite:child href="ES2005c.B.words.xml#id(ES2005c.B.words1480)..id(ES2005c.B.words1481)"/>
   </ae>
   <ae nite:id="ES2005c.B.argumentstructs.Erik.14">
      <nite:pointer role="type"  href="ae-types.xml#id(ae_1)"/>
      <nite:child href="ES2005c.B.words.xml#id(ES2005c.B.words1482)..id(ES2005c.B.words1489)"/>
   </ae>
   <ae nite:id="ES2005c.B.argumentstructs.Erik.15">
      <nite:pointer role="type"  href="ae-types.xml#id(ae_1)"/>
      <nite:child href="ES2005c.B.words.xml#id(ES2005c.B.words1490)..id(ES2005c.B.words1491)"/>
   </ae>
   <ae nite:id="ES2005c.B.argumentstructs.16">
      <nite:pointer role="type"  href="ae-types.xml#id(ae_6)"/>
      <nite:child href="ES2005c.B.words.xml#id(ES2005c.B.words857)..id(ES2005c.B.words858)"/>
   </ae>
   <ae nite:id="ES2005c.B.argumentstructs.17">
      <nite:pointer role="type"  href="ae-types.xml#id(ae_6)"/>
      <nite:child href="ES2005c.B.words.xml#id(ES2005c.B.words1023)..id(ES2005c.B.words1025)"/>
      <nite:child href="ES2005c.B.words.xml#id(ES2005c.B.words1027)..id(ES2005c.B.words1032)"/>
   </ae>
   <ae nite:id="ES2005c.B.argumentstructs.18">
      <nite:pointer role="type"  href="ae-types.xml#id(ae_6)"/>
      <nite:child href="ES2005c.B.words.xml#id(ES2005c.B.words1100)..id(ES2005c.B.words1105)"/>
   </ae>
   <ae nite:id="ES2005c.B.argumentstructs.19">
      <nite:pointer role="type"  href="ae-types.xml#id(ae_6)"/>
      <nite:child href="ES2005c.B.words.xml#id(ES2005c.B.words1352)"/>
   </ae>
</nite:root>