<?xml version="1.0" encoding="ISO-8859-1" standalone="yes"?>
<nite:root nite:id="ES2002d.B.argumentstructs" xmlns:nite="http://nite.sourceforge.net/">
   <ae nite:id="ES2002d.B.argumentstructs.Erik.1">
      <nite:pointer role="type"  href="ae-types.xml#id(ae_3)"/>
      <nite:child href="ES2002d.B.words.xml#id(ES2002d.B.words225)..id(ES2002d.B.words231)"/>
   </ae>
   <ae nite:id="ES2002d.B.argumentstructs.Erik.2">
      <nite:pointer role="type"  href="ae-types.xml#id(ae_1)"/>
      <nite:child href="ES2002d.B.words.xml#id(ES2002d.B.words244)..id(ES2002d.B.words261)"/>
   </ae>
   <ae nite:id="ES2002d.B.argumentstructs.Erik.3">
      <nite:pointer role="type"  href="ae-types.xml#id(ae_1)"/>
      <nite:child href="ES2002d.B.words.xml#id(ES2002d.B.words268)..id(ES2002d.B.words280)"/>
   </ae>
   <ae nite:id="ES2002d.B.argumentstructs.Erik.4">
      <nite:pointer role="type"  href="ae-types.xml#id(ae_1)"/>
      <nite:child href="ES2002d.B.words.xml#id(ES2002d.B.words319)..id(ES2002d.B.words320)"/>
   </ae>
   <ae nite:id="ES2002d.B.argumentstructs.Erik.5">
      <nite:pointer role="type"  href="ae-types.xml#id(ae_1)"/>
      <nite:child href="ES2002d.B.words.xml#id(ES2002d.B.words321)..id(ES2002d.B.words329)"/>
   </ae>
   <ae nite:id="ES2002d.B.argumentstructs.Erik.6">
      <nite:pointer role="type"  href="ae-types.xml#id(ae_5)"/>
      <nite:child href="ES2002d.B.words.xml#id(ES2002d.B.words330)..id(ES2002d.B.words347)"/>
   </ae>
   <ae nite:id="ES2002d.B.argumentstructs.Erik.7">
      <nite:pointer role="type"  href="ae-types.xml#id(ae_3)"/>
      <nite:child href="ES2002d.B.words.xml#id(ES2002d.B.words369)..id(ES2002d.B.words378)"/>
   </ae>
   <ae nite:id="ES2002d.B.argumentstructs.Erik.8">
      <nite:pointer role="type"  href="ae-types.xml#id(ae_3)"/>
      <nite:child href="ES2002d.B.words.xml#id(ES2002d.B.words379)..id(ES2002d.B.words388)"/>
   </ae>
   <ae nite:id="ES2002d.B.argumentstructs.Erik.9">
      <nite:pointer role="type"  href="ae-types.xml#id(ae_3)"/>
      <nite:child href="ES2002d.B.words.xml#id(ES2002d.B.words389)..id(ES2002d.B.words396)"/>
   </ae>
   <ae nite:id="ES2002d.B.argumentstructs.Erik.10">
      <nite:pointer role="type"  href="ae-types.xml#id(ae_1)"/>
      <nite:child href="ES2002d.B.words.xml#id(ES2002d.B.words399)..id(ES2002d.B.words407)"/>
   </ae>
   <ae nite:id="ES2002d.B.argumentstructs.Erik.11">
      <nite:pointer role="type"  href="ae-types.xml#id(ae_1)"/>
      <nite:child href="ES2002d.B.words.xml#id(ES2002d.B.words408)..id(ES2002d.B.words411)"/>
   </ae>
   <ae nite:id="ES2002d.B.argumentstructs.Erik.12">
      <nite:pointer role="type"  href="ae-types.xml#id(ae_1)"/>
      <nite:child href="ES2002d.B.words.xml#id(ES2002d.B.words412)..id(ES2002d.B.words413)"/>
   </ae>
   <ae nite:id="ES2002d.B.argumentstructs.Erik.13">
      <nite:pointer role="type"  href="ae-types.xml#id(ae_3)"/>
      <nite:child href="ES2002d.B.words.xml#id(ES2002d.B.words414)..id(ES2002d.B.words431)"/>
   </ae>
   <ae nite:id="ES2002d.B.argumentstructs.Erik.14">
      <nite:pointer role="type"  href="ae-types.xml#id(ae_1)"/>
      <nite:child href="ES2002d.B.words.xml#id(ES2002d.B.words432)..id(ES2002d.B.words433)"/>
   </ae>
   <ae nite:id="ES2002d.B.argumentstructs.Erik.15">
      <nite:pointer role="type"  href="ae-types.xml#id(ae_5)"/>
      <nite:child href="ES2002d.B.words.xml#id(ES2002d.B.words434)..id(ES2002d.B.words445)"/>
   </ae>
   <ae nite:id="ES2002d.B.argumentstructs.Erik.16">
      <nite:pointer role="type"  href="ae-types.xml#id(ae_5)"/>
      <nite:child href="ES2002d.B.words.xml#id(ES2002d.B.words1085)..id(ES2002d.B.words1107)"/>
   </ae>
   <ae nite:id="ES2002d.B.argumentstructs.Erik.17">
      <nite:pointer role="type"  href="ae-types.xml#id(ae_1)"/>
      <nite:child href="ES2002d.B.words.xml#id(ES2002d.B.words1108)..id(ES2002d.B.words1113)"/>
   </ae>
   <ae nite:id="ES2002d.B.argumentstructs.Erik.18">
      <nite:pointer role="type"  href="ae-types.xml#id(ae_3)"/>
      <nite:child href="ES2002d.B.words.xml#id(ES2002d.B.words1114)..id(ES2002d.B.words1126)"/>
   </ae>
   <ae nite:id="ES2002d.B.argumentstructs.Erik.19">
      <nite:pointer role="type"  href="ae-types.xml#id(ae_1)"/>
      <nite:child href="ES2002d.B.words.xml#id(ES2002d.B.words1127)..id(ES2002d.B.words1132)"/>
   </ae>
   <ae nite:id="ES2002d.B.argumentstructs.Erik.20">
      <nite:pointer role="type"  href="ae-types.xml#id(ae_1)"/>
      <nite:child href="ES2002d.B.words.xml#id(ES2002d.B.words1133)..id(ES2002d.B.words1160)"/>
   </ae>
   <ae nite:id="ES2002d.B.argumentstructs.Erik.21">
      <nite:pointer role="type"  href="ae-types.xml#id(ae_3)"/>
      <nite:child href="ES2002d.B.words.xml#id(ES2002d.B.words1913)..id(ES2002d.B.words1917)"/>
   </ae>
   <ae nite:id="ES2002d.B.argumentstructs.Erik.22">
      <nite:pointer role="type"  href="ae-types.xml#id(ae_1)"/>
      <nite:child href="ES2002d.B.words.xml#id(ES2002d.B.words1918)..id(ES2002d.B.words1939)"/>
   </ae>
   <ae nite:id="ES2002d.B.argumentstructs.Erik.23">
      <nite:pointer role="type"  href="ae-types.xml#id(ae_5)"/>
      <nite:child href="ES2002d.B.words.xml#id(ES2002d.B.words1940)..id(ES2002d.B.words1955)"/>
   </ae>
   <ae nite:id="ES2002d.B.argumentstructs.Erik.24">
      <nite:pointer role="type"  href="ae-types.xml#id(ae_1)"/>
      <nite:child href="ES2002d.B.words.xml#id(ES2002d.B.words1956)..id(ES2002d.B.words1957)"/>
   </ae>
   <ae nite:id="ES2002d.B.argumentstructs.Erik.25">
      <nite:pointer role="type"  href="ae-types.xml#id(ae_1)"/>
      <nite:child href="ES2002d.B.words.xml#id(ES2002d.B.words1960)..id(ES2002d.B.words1963)"/>
   </ae>
   <ae nite:id="ES2002d.B.argumentstructs.Erik.26">
      <nite:pointer role="type"  href="ae-types.xml#id(ae_5)"/>
      <nite:child href="ES2002d.B.words.xml#id(ES2002d.B.words1964)..id(ES2002d.B.words1973)"/>
   </ae>
   <ae nite:id="ES2002d.B.argumentstructs.Erik.28">
      <nite:pointer role="type"  href="ae-types.xml#id(ae_1)"/>
      <nite:child href="ES2002d.B.words.xml#id(ES2002d.B.words1974)..id(ES2002d.B.words1975)"/>
   </ae>
   <ae nite:id="ES2002d.B.argumentstructs.Erik.29">
      <nite:pointer role="type"  href="ae-types.xml#id(ae_3)"/>
      <nite:child href="ES2002d.B.words.xml#id(ES2002d.B.words1980)..id(ES2002d.B.words1986)"/>
   </ae>
   <ae nite:id="ES2002d.B.argumentstructs.Erik.30">
      <nite:pointer role="type"  href="ae-types.xml#id(ae_1)"/>
      <nite:child href="ES2002d.B.words.xml#id(ES2002d.B.words1987)..id(ES2002d.B.words1988)"/>
   </ae>
   <ae nite:id="ES2002d.B.argumentstructs.Erik.31">
      <nite:pointer role="type"  href="ae-types.xml#id(ae_1)"/>
      <nite:child href="ES2002d.B.words.xml#id(ES2002d.B.words1989)..id(ES2002d.B.words1990)"/>
   </ae>
   <ae nite:id="ES2002d.B.argumentstructs.Erik.32">
      <nite:pointer role="type"  href="ae-types.xml#id(ae_1)"/>
      <nite:child href="ES2002d.B.words.xml#id(ES2002d.B.words2018)..id(ES2002d.B.words2060)"/>
   </ae>
   <ae nite:id="ES2002d.B.argumentstructs.Erik.33">
      <nite:pointer role="type"  href="ae-types.xml#id(ae_5)"/>
      <nite:child href="ES2002d.B.words.xml#id(ES2002d.B.words1993)..id(ES2002d.B.words2004)"/>
   </ae>
   <ae nite:id="ES2002d.B.argumentstructs.Erik.34">
      <nite:pointer role="type"  href="ae-types.xml#id(ae_1)"/>
      <nite:child href="ES2002d.B.words.xml#id(ES2002d.B.words2061)..id(ES2002d.B.words2065)"/>
   </ae>
   <ae nite:id="ES2002d.B.argumentstructs.Erik.35">
      <nite:pointer role="type"  href="ae-types.xml#id(ae_1)"/>
      <nite:child href="ES2002d.B.words.xml#id(ES2002d.B.words2068)..id(ES2002d.B.words2069)"/>
   </ae>
   <ae nite:id="ES2002d.B.argumentstructs.Erik.36">
      <nite:pointer role="type"  href="ae-types.xml#id(ae_3)"/>
      <nite:child href="ES2002d.B.words.xml#id(ES2002d.B.words2076)..id(ES2002d.B.words2127)"/>
   </ae>
   <ae nite:id="ES2002d.B.argumentstructs.Erik.37">
      <nite:pointer role="type"  href="ae-types.xml#id(ae_5)"/>
      <nite:child href="ES2002d.B.words.xml#id(ES2002d.B.words2179)..id(ES2002d.B.words2193)"/>
   </ae>
   <ae nite:id="ES2002d.B.argumentstructs.Erik.38">
      <nite:pointer role="type"  href="ae-types.xml#id(ae_1)"/>
      <nite:child href="ES2002d.B.words.xml#id(ES2002d.B.words2194)..id(ES2002d.B.words2195)"/>
   </ae>
   <ae nite:id="ES2002d.B.argumentstructs.Erik.39">
      <nite:pointer role="type"  href="ae-types.xml#id(ae_1)"/>
      <nite:child href="ES2002d.B.words.xml#id(ES2002d.B.words2196)..id(ES2002d.B.words2199)"/>
   </ae>
   <ae nite:id="ES2002d.B.argumentstructs.Erik.40">
      <nite:pointer role="type"  href="ae-types.xml#id(ae_1)"/>
      <nite:child href="ES2002d.B.words.xml#id(ES2002d.B.words2204)..id(ES2002d.B.words2205)"/>
   </ae>
   <ae nite:id="ES2002d.B.argumentstructs.Erik.41">
      <nite:pointer role="type"  href="ae-types.xml#id(ae_1)"/>
      <nite:child href="ES2002d.B.words.xml#id(ES2002d.B.words2206)..id(ES2002d.B.words2281)"/>
   </ae>
   <ae nite:id="ES2002d.B.argumentstructs.Erik.42">
      <nite:pointer role="type"  href="ae-types.xml#id(ae_1)"/>
      <nite:child href="ES2002d.B.words.xml#id(ES2002d.B.words2282)..id(ES2002d.B.words2285)"/>
   </ae>
   <ae nite:id="ES2002d.B.argumentstructs.43">
      <nite:pointer role="type"  href="ae-types.xml#id(ae_6)"/>
      <nite:child href="ES2002d.B.words.xml#id(ES2002d.B.words215)..id(ES2002d.B.words224)"/>
   </ae>
   <ae nite:id="ES2002d.B.argumentstructs.44">
      <nite:pointer role="type"  href="ae-types.xml#id(ae_6)"/>
      <nite:child href="ES2002d.B.words.xml#id(ES2002d.B.words232)..id(ES2002d.B.words243)"/>
   </ae>
   <ae nite:id="ES2002d.B.argumentstructs.45">
      <nite:pointer role="type"  href="ae-types.xml#id(ae_6)"/>
      <nite:child href="ES2002d.B.words.xml#id(ES2002d.B.words262)..id(ES2002d.B.words263)"/>
      <nite:child href="ES2002d.B.words.xml#id(ES2002d.B.words265)..id(ES2002d.B.words267)"/>
   </ae>
   <ae nite:id="ES2002d.B.argumentstructs.46">
      <nite:pointer role="type"  href="ae-types.xml#id(ae_6)"/>
      <nite:child href="ES2002d.B.words.xml#id(ES2002d.B.words348)..id(ES2002d.B.words361)"/>
   </ae>
   <ae nite:id="ES2002d.B.argumentstructs.47">
      <nite:pointer role="type"  href="ae-types.xml#id(ae_6)"/>
      <nite:child href="ES2002d.B.words.xml#id(ES2002d.B.words397)..id(ES2002d.B.words398)"/>
   </ae>
   <ae nite:id="ES2002d.B.argumentstructs.48">
      <nite:pointer role="type"  href="ae-types.xml#id(ae_6)"/>
      <nite:child href="ES2002d.B.words.xml#id(ES2002d.B.words1910)..id(ES2002d.B.words1912)"/>
   </ae>
   <ae nite:id="ES2002d.B.argumentstructs.49">
      <nite:pointer role="type"  href="ae-types.xml#id(ae_6)"/>
      <nite:child href="ES2002d.B.words.xml#id(ES2002d.B.words1958)..id(ES2002d.B.words1959)"/>
   </ae>
   <ae nite:id="ES2002d.B.argumentstructs.50">
      <nite:pointer role="type"  href="ae-types.xml#id(ae_6)"/>
      <nite:child href="ES2002d.B.words.xml#id(ES2002d.B.words1976)..id(ES2002d.B.words1979)"/>
   </ae>
   <ae nite:id="ES2002d.B.argumentstructs.51">
      <nite:pointer role="type"  href="ae-types.xml#id(ae_6)"/>
      <nite:child href="ES2002d.B.words.xml#id(ES2002d.B.words1991)..id(ES2002d.B.words1992)"/>
   </ae>
   <ae nite:id="ES2002d.B.argumentstructs.52">
      <nite:pointer role="type"  href="ae-types.xml#id(ae_6)"/>
      <nite:child href="ES2002d.B.words.xml#id(ES2002d.B.words2005)..id(ES2002d.B.words2017)"/>
   </ae>
   <ae nite:id="ES2002d.B.argumentstructs.53">
      <nite:pointer role="type"  href="ae-types.xml#id(ae_6)"/>
      <nite:child href="ES2002d.B.words.xml#id(ES2002d.B.words2066)..id(ES2002d.B.words2067)"/>
   </ae>
   <ae nite:id="ES2002d.B.argumentstructs.54">
      <nite:pointer role="type"  href="ae-types.xml#id(ae_6)"/>
      <nite:child href="ES2002d.B.words.xml#id(ES2002d.B.words2070)..id(ES2002d.B.words2075)"/>
   </ae>
   <ae nite:id="ES2002d.B.argumentstructs.55">
      <nite:pointer role="type"  href="ae-types.xml#id(ae_6)"/>
      <nite:child href="ES2002d.B.words.xml#id(ES2002d.B.words2200)"/>
   </ae>
</nite:root>