<?xml version="1.0" encoding="ISO-8859-1" standalone="yes"?>
<nite:root nite:id="ES2013c.B.argumentstructs" xmlns:nite="http://nite.sourceforge.net/">
   <ae nite:id="ES2013c.B.argumentstructs.Rutger.1">
      <nite:pointer role="type"  href="ae-types.xml#id(ae_2)"/>
      <nite:child href="ES2013c.B.words.xml#id(ES2013c.B.words1518)..id(ES2013c.B.words1547)"/>
   </ae>
   <ae nite:id="ES2013c.B.argumentstructs.Rutger.2">
      <nite:pointer role="type"  href="ae-types.xml#id(ae_1)"/>
      <nite:child href="ES2013c.B.words.xml#id(ES2013c.B.words1548)..id(ES2013c.B.words1559)"/>
   </ae>
   <ae nite:id="ES2013c.B.argumentstructs.Rutger.3">
      <nite:pointer role="type"  href="ae-types.xml#id(ae_1)"/>
      <nite:child href="ES2013c.B.words.xml#id(ES2013c.B.words1560)..id(ES2013c.B.words1585)"/>
   </ae>
   <ae nite:id="ES2013c.B.argumentstructs.Rutger.4">
      <nite:pointer role="type"  href="ae-types.xml#id(ae_1)"/>
      <nite:child href="ES2013c.B.words.xml#id(ES2013c.B.words1586)..id(ES2013c.B.words1589)"/>
   </ae>
   <ae nite:id="ES2013c.B.argumentstructs.Rutger.5">
      <nite:pointer role="type"  href="ae-types.xml#id(ae_1)"/>
      <nite:child href="ES2013c.B.words.xml#id(ES2013c.B.words1590)..id(ES2013c.B.words1599)"/>
   </ae>
   <ae nite:id="ES2013c.B.argumentstructs.6">
      <nite:pointer role="type"  href="ae-types.xml#id(ae_6)"/>
      <nite:child href="ES2013c.B.words.xml#id(ES2013c.B.words1516)..id(ES2013c.B.words1517)"/>
   </ae>
</nite:root>