<?xml version="1.0" encoding="ISO-8859-1" standalone="yes"?>
<nite:root nite:id="ES2006b.D.argumentstructs" xmlns:nite="http://nite.sourceforge.net/">
   <ae nite:id="ES2006b.D.argumentstructs.Erik.1">
      <nite:pointer role="type"  href="ae-types.xml#id(ae_1)"/>
      <nite:child href="ES2006b.D.words.xml#id(ES2006b.D.words1020)..id(ES2006b.D.words1033)"/>
   </ae>
   <ae nite:id="ES2006b.D.argumentstructs.Erik.2">
      <nite:pointer role="type"  href="ae-types.xml#id(ae_1)"/>
      <nite:child href="ES2006b.D.words.xml#id(ES2006b.D.words1034)..id(ES2006b.D.words1042)"/>
   </ae>
   <ae nite:id="ES2006b.D.argumentstructs.Erik.3">
      <nite:pointer role="type"  href="ae-types.xml#id(ae_1)"/>
      <nite:child href="ES2006b.D.words.xml#id(ES2006b.D.words1043)..id(ES2006b.D.words1071)"/>
   </ae>
   <ae nite:id="ES2006b.D.argumentstructs.Erik.4">
      <nite:pointer role="type"  href="ae-types.xml#id(ae_1)"/>
      <nite:child href="ES2006b.D.words.xml#id(ES2006b.D.words1167)..id(ES2006b.D.words1168)"/>
   </ae>
   <ae nite:id="ES2006b.D.argumentstructs.Erik.5">
      <nite:pointer role="type"  href="ae-types.xml#id(ae_1)"/>
      <nite:child href="ES2006b.D.words.xml#id(ES2006b.D.words1169)..id(ES2006b.D.words1170)"/>
   </ae>
   <ae nite:id="ES2006b.D.argumentstructs.Erik.6">
      <nite:pointer role="type"  href="ae-types.xml#id(ae_1)"/>
      <nite:child href="ES2006b.D.words.xml#id(ES2006b.D.words1174)..id(ES2006b.D.words1175)"/>
   </ae>
   <ae nite:id="ES2006b.D.argumentstructs.Erik.7">
      <nite:pointer role="type"  href="ae-types.xml#id(ae_1)"/>
      <nite:child href="ES2006b.D.words.xml#id(ES2006b.D.words1176)..id(ES2006b.D.words1177)"/>
   </ae>
   <ae nite:id="ES2006b.D.argumentstructs.Erik.8">
      <nite:pointer role="type"  href="ae-types.xml#id(ae_2)"/>
      <nite:child href="ES2006b.D.words.xml#id(ES2006b.D.words1194)..id(ES2006b.D.words1274)"/>
   </ae>
   <ae nite:id="ES2006b.D.argumentstructs.9">
      <nite:pointer role="type"  href="ae-types.xml#id(ae_6)"/>
      <nite:child href="ES2006b.D.words.xml#id(ES2006b.D.words1018)..id(ES2006b.D.words1019)"/>
   </ae>
   <ae nite:id="ES2006b.D.argumentstructs.10">
      <nite:pointer role="type"  href="ae-types.xml#id(ae_6)"/>
      <nite:child href="ES2006b.D.words.xml#id(ES2006b.D.words1171)..id(ES2006b.D.words1173)"/>
   </ae>
</nite:root>