<?xml version="1.0" encoding="ISO-8859-1" standalone="yes"?>
<nite:root nite:id="ES2016b.A.argumentstructs" xmlns:nite="http://nite.sourceforge.net/">
   <ae nite:id="ES2016b.A.argumentstructs.Rutger.1">
      <nite:pointer role="type"  href="ae-types.xml#id(ae_1)"/>
      <nite:child href="ES2016b.A.words.xml#id(ES2016b.A.words585)..id(ES2016b.A.words603)"/>
   </ae>
   <ae nite:id="ES2016b.A.argumentstructs.Rutger.2">
      <nite:pointer role="type"  href="ae-types.xml#id(ae_1)"/>
      <nite:child href="ES2016b.A.words.xml#id(ES2016b.A.words604)..id(ES2016b.A.words630)"/>
   </ae>
   <ae nite:id="ES2016b.A.argumentstructs.Rutger.3">
      <nite:pointer role="type"  href="ae-types.xml#id(ae_1)"/>
      <nite:child href="ES2016b.A.words.xml#id(ES2016b.A.words631)..id(ES2016b.A.words638)"/>
   </ae>
   <ae nite:id="ES2016b.A.argumentstructs.Rutger.4">
      <nite:pointer role="type"  href="ae-types.xml#id(ae_1)"/>
      <nite:child href="ES2016b.A.words.xml#id(ES2016b.A.words639)..id(ES2016b.A.words641)"/>
   </ae>
   <ae nite:id="ES2016b.A.argumentstructs.Rutger.5">
      <nite:pointer role="type"  href="ae-types.xml#id(ae_1)"/>
      <nite:child href="ES2016b.A.words.xml#id(ES2016b.A.words642)..id(ES2016b.A.words718)"/>
   </ae>
   <ae nite:id="ES2016b.A.argumentstructs.Rutger.6">
      <nite:pointer role="type"  href="ae-types.xml#id(ae_1)"/>
      <nite:child href="ES2016b.A.words.xml#id(ES2016b.A.words719)..id(ES2016b.A.words749)"/>
   </ae>
   <ae nite:id="ES2016b.A.argumentstructs.Rutger.7">
      <nite:pointer role="type"  href="ae-types.xml#id(ae_1)"/>
      <nite:child href="ES2016b.A.words.xml#id(ES2016b.A.words756)..id(ES2016b.A.words778)"/>
   </ae>
   <ae nite:id="ES2016b.A.argumentstructs.Rutger.8">
      <nite:pointer role="type"  href="ae-types.xml#id(ae_1)"/>
      <nite:child href="ES2016b.A.words.xml#id(ES2016b.A.words781)..id(ES2016b.A.words795)"/>
   </ae>
   <ae nite:id="ES2016b.A.argumentstructs.Rutger.9">
      <nite:pointer role="type"  href="ae-types.xml#id(ae_1)"/>
      <nite:child href="ES2016b.A.words.xml#id(ES2016b.A.words796)..id(ES2016b.A.words797)"/>
   </ae>
   <ae nite:id="ES2016b.A.argumentstructs.10">
      <nite:pointer role="type"  href="ae-types.xml#id(ae_6)"/>
      <nite:child href="ES2016b.A.words.xml#id(ES2016b.A.words750)..id(ES2016b.A.words753)"/>
   </ae>
   <ae nite:id="ES2016b.A.argumentstructs.11">
      <nite:pointer role="type"  href="ae-types.xml#id(ae_6)"/>
      <nite:child href="ES2016b.A.words.xml#id(ES2016b.A.words779)..id(ES2016b.A.words780)"/>
   </ae>
   <ae nite:id="ES2016b.A.argumentstructs.12">
      <nite:pointer role="type"  href="ae-types.xml#id(ae_6)"/>
      <nite:child href="ES2016b.A.words.xml#id(ES2016b.A.words798)"/>
   </ae>
</nite:root>