<?xml version="1.0" encoding="ISO-8859-1" standalone="yes"?>
<nite:root nite:id="ES2004c.A.argumentstructs" xmlns:nite="http://nite.sourceforge.net/">
   <ae nite:id="ES2004c.A.argumentstructs.Erik.1">
      <nite:pointer role="type"  href="ae-types.xml#id(ae_1)"/>
      <nite:child href="ES2004c.A.words.xml#id(ES2004c.A.words31)..id(ES2004c.A.words32)"/>
   </ae>
   <ae nite:id="ES2004c.A.argumentstructs.Erik.2">
      <nite:pointer role="type"  href="ae-types.xml#id(ae_4)"/>
      <nite:child href="ES2004c.A.words.xml#id(ES2004c.A.words33)..id(ES2004c.A.words73)"/>
   </ae>
   <ae nite:id="ES2004c.A.argumentstructs.Erik.3">
      <nite:pointer role="type"  href="ae-types.xml#id(ae_1)"/>
      <nite:child href="ES2004c.A.words.xml#id(ES2004c.A.words76)..id(ES2004c.A.words77)"/>
   </ae>
   <ae nite:id="ES2004c.A.argumentstructs.Erik.4">
      <nite:pointer role="type"  href="ae-types.xml#id(ae_3)"/>
      <nite:child href="ES2004c.A.words.xml#id(ES2004c.A.words80)..id(ES2004c.A.words102)"/>
   </ae>
   <ae nite:id="ES2004c.A.argumentstructs.Erik.5">
      <nite:pointer role="type"  href="ae-types.xml#id(ae_1)"/>
      <nite:child href="ES2004c.A.words.xml#id(ES2004c.A.words105)..id(ES2004c.A.words106)"/>
   </ae>
   <ae nite:id="ES2004c.A.argumentstructs.Erik.6">
      <nite:pointer role="type"  href="ae-types.xml#id(ae_1)"/>
      <nite:child href="ES2004c.A.words.xml#id(ES2004c.A.words256)..id(ES2004c.A.words257)"/>
   </ae>
   <ae nite:id="ES2004c.A.argumentstructs.Erik.7">
      <nite:child href="ES2004c.A.words.xml#id(ES2004c.A.words258)..id(ES2004c.A.words260)"/>
   </ae>
   <ae nite:id="ES2004c.A.argumentstructs.Erik.8">
      <nite:pointer role="type"  href="ae-types.xml#id(ae_1)"/>
      <nite:child href="ES2004c.A.words.xml#id(ES2004c.A.words261)..id(ES2004c.A.words269)"/>
   </ae>
   <ae nite:id="ES2004c.A.argumentstructs.Erik.9">
      <nite:pointer role="type"  href="ae-types.xml#id(ae_1)"/>
      <nite:child href="ES2004c.A.words.xml#id(ES2004c.A.words270)..id(ES2004c.A.words281)"/>
   </ae>
   <ae nite:id="ES2004c.A.argumentstructs.10">
      <nite:pointer role="type"  href="ae-types.xml#id(ae_6)"/>
      <nite:child href="ES2004c.A.words.xml#id(ES2004c.A.words74)"/>
   </ae>
   <ae nite:id="ES2004c.A.argumentstructs.11">
      <nite:pointer role="type"  href="ae-types.xml#id(ae_6)"/>
      <nite:child href="ES2004c.A.words.xml#id(ES2004c.A.words78)..id(ES2004c.A.words79)"/>
   </ae>
   <ae nite:id="ES2004c.A.argumentstructs.12">
      <nite:pointer role="type"  href="ae-types.xml#id(ae_6)"/>
      <nite:child href="ES2004c.A.words.xml#id(ES2004c.A.words103)..id(ES2004c.A.words104)"/>
   </ae>
   <ae nite:id="ES2004c.A.argumentstructs.13">
      <nite:pointer role="type"  href="ae-types.xml#id(ae_6)"/>
      <nite:child href="ES2004c.A.words.xml#id(ES2004c.A.words107)..id(ES2004c.A.words108)"/>
   </ae>
</nite:root>