<?xml version="1.0" encoding="ISO-8859-1" standalone="yes"?>
<nite:root nite:id="ES2010d.A.argumentstructs" xmlns:nite="http://nite.sourceforge.net/">
   <ae nite:id="ES2010d.A.argumentstructs.Erik.1">
      <nite:pointer role="type"  href="ae-types.xml#id(ae_5)"/>
      <nite:child href="ES2010d.A.words.xml#id(ES2010d.A.words347)..id(ES2010d.A.words351)"/>
   </ae>
   <ae nite:id="ES2010d.A.argumentstructs.Erik.2">
      <nite:pointer role="type"  href="ae-types.xml#id(ae_1)"/>
      <nite:child href="ES2010d.A.words.xml#id(ES2010d.A.words366)..id(ES2010d.A.words381)"/>
   </ae>
   <ae nite:id="ES2010d.A.argumentstructs.Erik.3">
      <nite:pointer role="type"  href="ae-types.xml#id(ae_1)"/>
      <nite:child href="ES2010d.A.words.xml#id(ES2010d.A.words382)..id(ES2010d.A.words397)"/>
   </ae>
   <ae nite:id="ES2010d.A.argumentstructs.Erik.4">
      <nite:pointer role="type"  href="ae-types.xml#id(ae_1)"/>
      <nite:child href="ES2010d.A.words.xml#id(ES2010d.A.words398)..id(ES2010d.A.words420)"/>
   </ae>
   <ae nite:id="ES2010d.A.argumentstructs.Erik.5">
      <nite:pointer role="type"  href="ae-types.xml#id(ae_1)"/>
      <nite:child href="ES2010d.A.words.xml#id(ES2010d.A.words421)..id(ES2010d.A.words422)"/>
   </ae>
   <ae nite:id="ES2010d.A.argumentstructs.Erik.6">
      <nite:pointer role="type"  href="ae-types.xml#id(ae_1)"/>
      <nite:child href="ES2010d.A.words.xml#id(ES2010d.A.words423)..id(ES2010d.A.words424)"/>
   </ae>
   <ae nite:id="ES2010d.A.argumentstructs.Erik.7">
      <nite:pointer role="type"  href="ae-types.xml#id(ae_1)"/>
      <nite:child href="ES2010d.A.words.xml#id(ES2010d.A.words425)..id(ES2010d.A.words449)"/>
   </ae>
   <ae nite:id="ES2010d.A.argumentstructs.Erik.8">
      <nite:pointer role="type"  href="ae-types.xml#id(ae_1)"/>
      <nite:child href="ES2010d.A.words.xml#id(ES2010d.A.words786)..id(ES2010d.A.words809)"/>
   </ae>
   <ae nite:id="ES2010d.A.argumentstructs.Erik.9">
      <nite:pointer role="type"  href="ae-types.xml#id(ae_5)"/>
      <nite:child href="ES2010d.A.words.xml#id(ES2010d.A.words810)..id(ES2010d.A.words811)"/>
   </ae>
   <ae nite:id="ES2010d.A.argumentstructs.Erik.10">
      <nite:pointer role="type"  href="ae-types.xml#id(ae_1)"/>
      <nite:child href="ES2010d.A.words.xml#id(ES2010d.A.words812)..id(ES2010d.A.words821)"/>
   </ae>
   <ae nite:id="ES2010d.A.argumentstructs.Erik.11">
      <nite:pointer role="type"  href="ae-types.xml#id(ae_1)"/>
      <nite:child href="ES2010d.A.words.xml#id(ES2010d.A.words842)..id(ES2010d.A.words843)"/>
   </ae>
   <ae nite:id="ES2010d.A.argumentstructs.Erik.12">
      <nite:pointer role="type"  href="ae-types.xml#id(ae_1)"/>
      <nite:child href="ES2010d.A.words.xml#id(ES2010d.A.words844)..id(ES2010d.A.words857)"/>
   </ae>
   <ae nite:id="ES2010d.A.argumentstructs.Erik.13">
      <nite:pointer role="type"  href="ae-types.xml#id(ae_4)"/>
      <nite:child href="ES2010d.A.words.xml#id(ES2010d.A.words858)..id(ES2010d.A.words864)"/>
   </ae>
   <ae nite:id="ES2010d.A.argumentstructs.14">
      <nite:pointer role="type"  href="ae-types.xml#id(ae_6)"/>
      <nite:child href="ES2010d.A.words.xml#id(ES2010d.A.words352)..id(ES2010d.A.words364)"/>
   </ae>
   <ae nite:id="ES2010d.A.argumentstructs.15">
      <nite:pointer role="type"  href="ae-types.xml#id(ae_6)"/>
      <nite:child href="ES2010d.A.words.xml#id(ES2010d.A.words822)..id(ES2010d.A.words825)"/>
      <nite:child href="ES2010d.A.words.xml#id(ES2010d.A.words827)..id(ES2010d.A.words841)"/>
   </ae>
</nite:root>