<?xml version="1.0" encoding="ISO-8859-1" standalone="yes"?>
<nite:root nite:id="ES2016b.B.argumentstructs" xmlns:nite="http://nite.sourceforge.net/">
   <ae nite:id="ES2016b.B.argumentstructs.Rutger.1">
      <nite:pointer role="type"  href="ae-types.xml#id(ae_4)"/>
      <nite:child href="ES2016b.B.words.xml#id(ES2016b.B.words544)..id(ES2016b.B.words621)"/>
   </ae>
   <ae nite:id="ES2016b.B.argumentstructs.Rutger.3">
      <nite:pointer role="type"  href="ae-types.xml#id(ae_1)"/>
      <nite:child href="ES2016b.B.words.xml#id(ES2016b.B.words623)..id(ES2016b.B.words664)"/>
   </ae>
   <ae nite:id="ES2016b.B.argumentstructs.Rutger.4">
      <nite:pointer role="type"  href="ae-types.xml#id(ae_1)"/>
      <nite:child href="ES2016b.B.words.xml#id(ES2016b.B.words665)..id(ES2016b.B.words673)"/>
   </ae>
   <ae nite:id="ES2016b.B.argumentstructs.Rutger.5">
      <nite:pointer role="type"  href="ae-types.xml#id(ae_1)"/>
      <nite:child href="ES2016b.B.words.xml#id(ES2016b.B.words674)..id(ES2016b.B.words675)"/>
   </ae>
</nite:root>