<?xml version="1.0" encoding="ISO-8859-1" standalone="yes"?>
<nite:root nite:id="ES2009b.D.argumentstructs" xmlns:nite="http://nite.sourceforge.net/">
   <ae nite:id="ES2009b.D.argumentstructs.Erik.1">
      <nite:pointer role="type"  href="ae-types.xml#id(ae_1)"/>
      <nite:child href="ES2009b.D.words.xml#id(ES2009b.D.words497)..id(ES2009b.D.words498)"/>
   </ae>
   <ae nite:id="ES2009b.D.argumentstructs.Erik.2">
      <nite:pointer role="type"  href="ae-types.xml#id(ae_1)"/>
      <nite:child href="ES2009b.D.words.xml#id(ES2009b.D.words499)..id(ES2009b.D.words500)"/>
   </ae>
   <ae nite:id="ES2009b.D.argumentstructs.Erik.3">
      <nite:pointer role="type"  href="ae-types.xml#id(ae_1)"/>
      <nite:child href="ES2009b.D.words.xml#id(ES2009b.D.words502)..id(ES2009b.D.words511)"/>
   </ae>
   <ae nite:id="ES2009b.D.argumentstructs.Erik.4">
      <nite:pointer role="type"  href="ae-types.xml#id(ae_1)"/>
      <nite:child href="ES2009b.D.words.xml#id(ES2009b.D.words512)..id(ES2009b.D.words517)"/>
   </ae>
   <ae nite:id="ES2009b.D.argumentstructs.Erik.5">
      <nite:pointer role="type"  href="ae-types.xml#id(ae_5)"/>
      <nite:child href="ES2009b.D.words.xml#id(ES2009b.D.words520)..id(ES2009b.D.words532)"/>
   </ae>
   <ae nite:id="ES2009b.D.argumentstructs.Erik.6">
      <nite:pointer role="type"  href="ae-types.xml#id(ae_1)"/>
      <nite:child href="ES2009b.D.words.xml#id(ES2009b.D.words533)..id(ES2009b.D.words534)"/>
   </ae>
   <ae nite:id="ES2009b.D.argumentstructs.Erik.7">
      <nite:pointer role="type"  href="ae-types.xml#id(ae_1)"/>
      <nite:child href="ES2009b.D.words.xml#id(ES2009b.D.words535)..id(ES2009b.D.words536)"/>
   </ae>
   <ae nite:id="ES2009b.D.argumentstructs.Erik.8">
      <nite:pointer role="type"  href="ae-types.xml#id(ae_1)"/>
      <nite:child href="ES2009b.D.words.xml#id(ES2009b.D.words539)..id(ES2009b.D.words540)"/>
   </ae>
   <ae nite:id="ES2009b.D.argumentstructs.Erik.9">
      <nite:pointer role="type"  href="ae-types.xml#id(ae_1)"/>
      <nite:child href="ES2009b.D.words.xml#id(ES2009b.D.words543)..id(ES2009b.D.words544)"/>
   </ae>
   <ae nite:id="ES2009b.D.argumentstructs.Erik.10">
      <nite:pointer role="type"  href="ae-types.xml#id(ae_1)"/>
      <nite:child href="ES2009b.D.words.xml#id(ES2009b.D.words829)..id(ES2009b.D.words841)"/>
   </ae>
   <ae nite:id="ES2009b.D.argumentstructs.Erik.11">
      <nite:pointer role="type"  href="ae-types.xml#id(ae_1)"/>
      <nite:child href="ES2009b.D.words.xml#id(ES2009b.D.words842)..id(ES2009b.D.words853)"/>
   </ae>
   <ae nite:id="ES2009b.D.argumentstructs.Erik.12">
      <nite:pointer role="type"  href="ae-types.xml#id(ae_1)"/>
      <nite:child href="ES2009b.D.words.xml#id(ES2009b.D.words854)..id(ES2009b.D.words855)"/>
   </ae>
   <ae nite:id="ES2009b.D.argumentstructs.Erik.13">
      <nite:pointer role="type"  href="ae-types.xml#id(ae_1)"/>
      <nite:child href="ES2009b.D.words.xml#id(ES2009b.D.words856)..id(ES2009b.D.words858)"/>
   </ae>
   <ae nite:id="ES2009b.D.argumentstructs.Erik.14">
      <nite:pointer role="type"  href="ae-types.xml#id(ae_1)"/>
      <nite:child href="ES2009b.D.words.xml#id(ES2009b.D.words859)..id(ES2009b.D.words862)"/>
   </ae>
   <ae nite:id="ES2009b.D.argumentstructs.Erik.15">
      <nite:pointer role="type"  href="ae-types.xml#id(ae_5)"/>
      <nite:child href="ES2009b.D.words.xml#id(ES2009b.D.words865)..id(ES2009b.D.words911)"/>
   </ae>
   <ae nite:id="ES2009b.D.argumentstructs.Erik.16">
      <nite:pointer role="type"  href="ae-types.xml#id(ae_1)"/>
      <nite:child href="ES2009b.D.words.xml#id(ES2009b.D.words912)..id(ES2009b.D.words942)"/>
   </ae>
   <ae nite:id="ES2009b.D.argumentstructs.Erik.17">
      <nite:pointer role="type"  href="ae-types.xml#id(ae_1)"/>
      <nite:child href="ES2009b.D.words.xml#id(ES2009b.D.words943)..id(ES2009b.D.words944)"/>
   </ae>
   <ae nite:id="ES2009b.D.argumentstructs.Erik.18">
      <nite:pointer role="type"  href="ae-types.xml#id(ae_1)"/>
      <nite:child href="ES2009b.D.words.xml#id(ES2009b.D.words947)..id(ES2009b.D.words951)"/>
   </ae>
   <ae nite:id="ES2009b.D.argumentstructs.Erik.19">
      <nite:pointer role="type"  href="ae-types.xml#id(ae_1)"/>
      <nite:child href="ES2009b.D.words.xml#id(ES2009b.D.words954)..id(ES2009b.D.words959)"/>
   </ae>
   <ae nite:id="ES2009b.D.argumentstructs.Erik.20">
      <nite:pointer role="type"  href="ae-types.xml#id(ae_1)"/>
      <nite:child href="ES2009b.D.words.xml#id(ES2009b.D.words960)..id(ES2009b.D.words961)"/>
   </ae>
   <ae nite:id="ES2009b.D.argumentstructs.21">
      <nite:pointer role="type"  href="ae-types.xml#id(ae_6)"/>
      <nite:child href="ES2009b.D.words.xml#id(ES2009b.D.words518)..id(ES2009b.D.words519)"/>
   </ae>
   <ae nite:id="ES2009b.D.argumentstructs.22">
      <nite:pointer role="type"  href="ae-types.xml#id(ae_6)"/>
      <nite:child href="ES2009b.D.words.xml#id(ES2009b.D.words537)..id(ES2009b.D.words538)"/>
   </ae>
   <ae nite:id="ES2009b.D.argumentstructs.23">
      <nite:pointer role="type"  href="ae-types.xml#id(ae_6)"/>
      <nite:child href="ES2009b.D.words.xml#id(ES2009b.D.words541)"/>
   </ae>
   <ae nite:id="ES2009b.D.argumentstructs.24">
      <nite:pointer role="type"  href="ae-types.xml#id(ae_6)"/>
      <nite:child href="ES2009b.D.words.xml#id(ES2009b.D.words826)..id(ES2009b.D.words827)"/>
   </ae>
   <ae nite:id="ES2009b.D.argumentstructs.25">
      <nite:pointer role="type"  href="ae-types.xml#id(ae_6)"/>
      <nite:child href="ES2009b.D.words.xml#id(ES2009b.D.words863)..id(ES2009b.D.words864)"/>
   </ae>
   <ae nite:id="ES2009b.D.argumentstructs.26">
      <nite:pointer role="type"  href="ae-types.xml#id(ae_6)"/>
      <nite:child href="ES2009b.D.words.xml#id(ES2009b.D.words945)"/>
   </ae>
   <ae nite:id="ES2009b.D.argumentstructs.27">
      <nite:pointer role="type"  href="ae-types.xml#id(ae_6)"/>
      <nite:child href="ES2009b.D.words.xml#id(ES2009b.D.words952)..id(ES2009b.D.words953)"/>
   </ae>
   <ae nite:id="ES2009b.D.argumentstructs.28">
      <nite:pointer role="type"  href="ae-types.xml#id(ae_6)"/>
      <nite:child href="ES2009b.D.words.xml#id(ES2009b.D.words963)..id(ES2009b.D.words964)"/>
   </ae>
</nite:root>