<?xml version="1.0" encoding="ISO-8859-1" standalone="yes"?>
<nite:root nite:id="ES2002d.D.argumentstructs" xmlns:nite="http://nite.sourceforge.net/">
   <ae nite:id="ES2002d.D.argumentstructs.Erik.1">
      <nite:pointer role="type"  href="ae-types.xml#id(ae_1)"/>
      <nite:child href="ES2002d.D.words.xml#id(ES2002d.D.words119)..id(ES2002d.D.words152)"/>
   </ae>
   <ae nite:id="ES2002d.D.argumentstructs.Erik.2">
      <nite:pointer role="type"  href="ae-types.xml#id(ae_1)"/>
      <nite:child href="ES2002d.D.words.xml#id(ES2002d.D.words250)..id(ES2002d.D.words253)"/>
   </ae>
   <ae nite:id="ES2002d.D.argumentstructs.Erik.3">
      <nite:pointer role="type"  href="ae-types.xml#id(ae_1)"/>
      <nite:child href="ES2002d.D.words.xml#id(ES2002d.D.words255)..id(ES2002d.D.words259)"/>
   </ae>
   <ae nite:id="ES2002d.D.argumentstructs.Erik.4">
      <nite:pointer role="type"  href="ae-types.xml#id(ae_1)"/>
      <nite:child href="ES2002d.D.words.xml#id(ES2002d.D.words262)..id(ES2002d.D.words265)"/>
   </ae>
   <ae nite:id="ES2002d.D.argumentstructs.Erik.5">
      <nite:pointer role="type"  href="ae-types.xml#id(ae_1)"/>
      <nite:child href="ES2002d.D.words.xml#id(ES2002d.D.words310)..id(ES2002d.D.words325)"/>
   </ae>
   <ae nite:id="ES2002d.D.argumentstructs.Erik.6">
      <nite:pointer role="type"  href="ae-types.xml#id(ae_1)"/>
      <nite:child href="ES2002d.D.words.xml#id(ES2002d.D.words329)..id(ES2002d.D.words351)"/>
   </ae>
   <ae nite:id="ES2002d.D.argumentstructs.Erik.7">
      <nite:pointer role="type"  href="ae-types.xml#id(ae_3)"/>
      <nite:child href="ES2002d.D.words.xml#id(ES2002d.D.words352)..id(ES2002d.D.words358)"/>
   </ae>
   <ae nite:id="ES2002d.D.argumentstructs.Erik.8">
      <nite:pointer role="type"  href="ae-types.xml#id(ae_1)"/>
      <nite:child href="ES2002d.D.words.xml#id(ES2002d.D.words362)..id(ES2002d.D.words366)"/>
   </ae>
   <ae nite:id="ES2002d.D.argumentstructs.Erik.9">
      <nite:pointer role="type"  href="ae-types.xml#id(ae_1)"/>
      <nite:child href="ES2002d.D.words.xml#id(ES2002d.D.words554)..id(ES2002d.D.words559)"/>
   </ae>
   <ae nite:id="ES2002d.D.argumentstructs.Erik.10">
      <nite:pointer role="type"  href="ae-types.xml#id(ae_1)"/>
      <nite:child href="ES2002d.D.words.xml#id(ES2002d.D.words560)..id(ES2002d.D.words565)"/>
   </ae>
   <ae nite:id="ES2002d.D.argumentstructs.Erik.11">
      <nite:pointer role="type"  href="ae-types.xml#id(ae_1)"/>
      <nite:child href="ES2002d.D.words.xml#id(ES2002d.D.words703)..id(ES2002d.D.words720)"/>
   </ae>
   <ae nite:id="ES2002d.D.argumentstructs.Erik.12">
      <nite:pointer role="type"  href="ae-types.xml#id(ae_1)"/>
      <nite:child href="ES2002d.D.words.xml#id(ES2002d.D.words721)..id(ES2002d.D.words746)"/>
   </ae>
   <ae nite:id="ES2002d.D.argumentstructs.Erik.13">
      <nite:pointer role="type"  href="ae-types.xml#id(ae_1)"/>
      <nite:child href="ES2002d.D.words.xml#id(ES2002d.D.words747)..id(ES2002d.D.words750)"/>
   </ae>
   <ae nite:id="ES2002d.D.argumentstructs.Erik.14">
      <nite:pointer role="type"  href="ae-types.xml#id(ae_1)"/>
      <nite:child href="ES2002d.D.words.xml#id(ES2002d.D.words753)..id(ES2002d.D.words758)"/>
   </ae>
   <ae nite:id="ES2002d.D.argumentstructs.15">
      <nite:pointer role="type"  href="ae-types.xml#id(ae_6)"/>
      <nite:child href="ES2002d.D.words.xml#id(ES2002d.D.words260)..id(ES2002d.D.words261)"/>
   </ae>
   <ae nite:id="ES2002d.D.argumentstructs.16">
      <nite:pointer role="type"  href="ae-types.xml#id(ae_6)"/>
      <nite:child href="ES2002d.D.words.xml#id(ES2002d.D.words326)..id(ES2002d.D.words328)"/>
   </ae>
   <ae nite:id="ES2002d.D.argumentstructs.17">
      <nite:pointer role="type"  href="ae-types.xml#id(ae_6)"/>
      <nite:child href="ES2002d.D.words.xml#id(ES2002d.D.words359)..id(ES2002d.D.words360)"/>
   </ae>
</nite:root>