<?xml version="1.0" encoding="ISO-8859-1" standalone="yes"?>
<nite:root nite:id="ES2008c.D.argumentstructs" xmlns:nite="http://nite.sourceforge.net/">
   <ae nite:id="ES2008c.D.argumentstructs.Erik.1">
      <nite:pointer role="type"  href="ae-types.xml#id(ae_1)"/>
      <nite:child href="ES2008c.D.words.xml#id(ES2008c.D.words704)..id(ES2008c.D.words788)"/>
   </ae>
   <ae nite:id="ES2008c.D.argumentstructs.Erik.2">
      <nite:pointer role="type"  href="ae-types.xml#id(ae_3)"/>
      <nite:child href="ES2008c.D.words.xml#id(ES2008c.D.words795)..id(ES2008c.D.words804)"/>
   </ae>
   <ae nite:id="ES2008c.D.argumentstructs.Erik.3">
      <nite:pointer role="type"  href="ae-types.xml#id(ae_1)"/>
      <nite:child href="ES2008c.D.words.xml#id(ES2008c.D.words805)..id(ES2008c.D.words839)"/>
   </ae>
   <ae nite:id="ES2008c.D.argumentstructs.Erik.4">
      <nite:pointer role="type"  href="ae-types.xml#id(ae_1)"/>
      <nite:child href="ES2008c.D.words.xml#id(ES2008c.D.words840)..id(ES2008c.D.words841)"/>
   </ae>
   <ae nite:id="ES2008c.D.argumentstructs.Erik.5">
      <nite:pointer role="type"  href="ae-types.xml#id(ae_1)"/>
      <nite:child href="ES2008c.D.words.xml#id(ES2008c.D.words842)..id(ES2008c.D.words855)"/>
   </ae>
   <ae nite:id="ES2008c.D.argumentstructs.Erik.6">
      <nite:pointer role="type"  href="ae-types.xml#id(ae_1)"/>
      <nite:child href="ES2008c.D.words.xml#id(ES2008c.D.words856)..id(ES2008c.D.words866)"/>
   </ae>
   <ae nite:id="ES2008c.D.argumentstructs.Erik.7">
      <nite:pointer role="type"  href="ae-types.xml#id(ae_1)"/>
      <nite:child href="ES2008c.D.words.xml#id(ES2008c.D.words869)..id(ES2008c.D.words879)"/>
   </ae>
   <ae nite:id="ES2008c.D.argumentstructs.Erik.8">
      <nite:pointer role="type"  href="ae-types.xml#id(ae_1)"/>
      <nite:child href="ES2008c.D.words.xml#id(ES2008c.D.words880)..id(ES2008c.D.words997)"/>
   </ae>
   <ae nite:id="ES2008c.D.argumentstructs.Erik.9">
      <nite:pointer role="type"  href="ae-types.xml#id(ae_1)"/>
      <nite:child href="ES2008c.D.words.xml#id(ES2008c.D.words1109)..id(ES2008c.D.words1188)"/>
   </ae>
   <ae nite:id="ES2008c.D.argumentstructs.Erik.10">
      <nite:pointer role="type"  href="ae-types.xml#id(ae_5)"/>
      <nite:child href="ES2008c.D.words.xml#id(ES2008c.D.words1189)..id(ES2008c.D.words1200)"/>
   </ae>
   <ae nite:id="ES2008c.D.argumentstructs.Erik.11">
      <nite:pointer role="type"  href="ae-types.xml#id(ae_1)"/>
      <nite:child href="ES2008c.D.words.xml#id(ES2008c.D.words1202)..id(ES2008c.D.words1208)"/>
   </ae>
   <ae nite:id="ES2008c.D.argumentstructs.Erik.12">
      <nite:pointer role="type"  href="ae-types.xml#id(ae_5)"/>
      <nite:child href="ES2008c.D.words.xml#id(ES2008c.D.words1274)..id(ES2008c.D.words1280)"/>
   </ae>
   <ae nite:id="ES2008c.D.argumentstructs.13">
      <nite:pointer role="type"  href="ae-types.xml#id(ae_6)"/>
      <nite:child href="ES2008c.D.words.xml#id(ES2008c.D.words702)..id(ES2008c.D.words703)"/>
   </ae>
   <ae nite:id="ES2008c.D.argumentstructs.14">
      <nite:pointer role="type"  href="ae-types.xml#id(ae_6)"/>
      <nite:child href="ES2008c.D.words.xml#id(ES2008c.D.words791)..id(ES2008c.D.words793)"/>
   </ae>
   <ae nite:id="ES2008c.D.argumentstructs.15">
      <nite:pointer role="type"  href="ae-types.xml#id(ae_6)"/>
      <nite:child href="ES2008c.D.words.xml#id(ES2008c.D.words867)..id(ES2008c.D.words868)"/>
   </ae>
   <ae nite:id="ES2008c.D.argumentstructs.16">
      <nite:pointer role="type"  href="ae-types.xml#id(ae_6)"/>
      <nite:child href="ES2008c.D.words.xml#id(ES2008c.D.words1084)..id(ES2008c.D.words1087)"/>
      <nite:child href="ES2008c.D.words.xml#id(ES2008c.D.words1090)..id(ES2008c.D.words1108)"/>
   </ae>
</nite:root>