<?xml version="1.0" encoding="ISO-8859-1" standalone="yes"?>
<nite:root nite:id="ES2011d.B.argumentstructs" xmlns:nite="http://nite.sourceforge.net/">
   <ae nite:id="ES2011d.B.argumentstructs.Erik.1">
      <nite:pointer role="type"  href="ae-types.xml#id(ae_1)"/>
      <nite:child href="ES2011d.B.words.xml#id(ES2011d.B.words535)..id(ES2011d.B.words558)"/>
   </ae>
   <ae nite:id="ES2011d.B.argumentstructs.Erik.2">
      <nite:pointer role="type"  href="ae-types.xml#id(ae_1)"/>
      <nite:child href="ES2011d.B.words.xml#id(ES2011d.B.words559)..id(ES2011d.B.words560)"/>
   </ae>
   <ae nite:id="ES2011d.B.argumentstructs.Erik.3">
      <nite:pointer role="type"  href="ae-types.xml#id(ae_1)"/>
      <nite:child href="ES2011d.B.words.xml#id(ES2011d.B.words562)..id(ES2011d.B.words576)"/>
   </ae>
   <ae nite:id="ES2011d.B.argumentstructs.Erik.4">
      <nite:pointer role="type"  href="ae-types.xml#id(ae_1)"/>
      <nite:child href="ES2011d.B.words.xml#id(ES2011d.B.words582)..id(ES2011d.B.words588)"/>
   </ae>
   <ae nite:id="ES2011d.B.argumentstructs.Erik.5">
      <nite:pointer role="type"  href="ae-types.xml#id(ae_1)"/>
      <nite:child href="ES2011d.B.words.xml#id(ES2011d.B.words589)..id(ES2011d.B.words591)"/>
   </ae>
   <ae nite:id="ES2011d.B.argumentstructs.Erik.6">
      <nite:pointer role="type"  href="ae-types.xml#id(ae_5)"/>
      <nite:child href="ES2011d.B.words.xml#id(ES2011d.B.words593)..id(ES2011d.B.words606)"/>
   </ae>
   <ae nite:id="ES2011d.B.argumentstructs.7">
      <nite:pointer role="type"  href="ae-types.xml#id(ae_6)"/>
      <nite:child href="ES2011d.B.words.xml#id(ES2011d.B.words524)..id(ES2011d.B.words530)"/>
      <nite:child href="ES2011d.B.words.xml#id(ES2011d.B.words532)..id(ES2011d.B.words533)"/>
   </ae>
   <ae nite:id="ES2011d.B.argumentstructs.8">
      <nite:pointer role="type"  href="ae-types.xml#id(ae_6)"/>
      <nite:child href="ES2011d.B.words.xml#id(ES2011d.B.words577)..id(ES2011d.B.words578)"/>
   </ae>
</nite:root>