<?xml version="1.0" encoding="ISO-8859-1" standalone="yes"?>
<nite:root nite:id="ES2013c.D.argumentstructs" xmlns:nite="http://nite.sourceforge.net/">
   <ae nite:id="ES2013c.D.argumentstructs.Rutger.1">
      <nite:pointer role="type"  href="ae-types.xml#id(ae_1)"/>
      <nite:child href="ES2013c.D.words.xml#id(ES2013c.D.words1318)..id(ES2013c.D.words1340)"/>
   </ae>
   <ae nite:id="ES2013c.D.argumentstructs.Rutger.2">
      <nite:pointer role="type"  href="ae-types.xml#id(ae_1)"/>
      <nite:child href="ES2013c.D.words.xml#id(ES2013c.D.words1345)..id(ES2013c.D.words1372)"/>
   </ae>
   <ae nite:id="ES2013c.D.argumentstructs.Rutger.3">
      <nite:pointer role="type"  href="ae-types.xml#id(ae_1)"/>
      <nite:child href="ES2013c.D.words.xml#id(ES2013c.D.words1374)..id(ES2013c.D.words1375)"/>
   </ae>
   <ae nite:id="ES2013c.D.argumentstructs.Rutger.4">
      <nite:pointer role="type"  href="ae-types.xml#id(ae_1)"/>
      <nite:child href="ES2013c.D.words.xml#id(ES2013c.D.words1376)..id(ES2013c.D.words1377)"/>
   </ae>
   <ae nite:id="ES2013c.D.argumentstructs.Rutger.5">
      <nite:pointer role="type"  href="ae-types.xml#id(ae_1)"/>
      <nite:child href="ES2013c.D.words.xml#id(ES2013c.D.words1378)..id(ES2013c.D.words1412)"/>
   </ae>
   <ae nite:id="ES2013c.D.argumentstructs.6">
      <nite:pointer role="type"  href="ae-types.xml#id(ae_6)"/>
      <nite:child href="ES2013c.D.words.xml#id(ES2013c.D.words1341)"/>
      <nite:child href="ES2013c.D.words.xml#id(ES2013c.D.words1343)..id(ES2013c.D.words1344)"/>
   </ae>
   <ae nite:id="ES2013c.D.argumentstructs.7">
      <nite:pointer role="type"  href="ae-types.xml#id(ae_6)"/>
      <nite:child href="ES2013c.D.words.xml#id(ES2013c.D.words1373)"/>
   </ae>
   <ae nite:id="ES2013c.D.argumentstructs.8">
      <nite:pointer role="type"  href="ae-types.xml#id(ae_6)"/>
      <nite:child href="ES2013c.D.words.xml#id(ES2013c.D.words1413)..id(ES2013c.D.words1420)"/>
   </ae>
</nite:root>