<?xml version="1.0" encoding="ISO-8859-1" standalone="yes"?>
<nite:root nite:id="ES2011b.A.argumentstructs" xmlns:nite="http://nite.sourceforge.net/">
   <ae nite:id="ES2011b.A.argumentstructs.Erik.1">
      <nite:pointer role="type"  href="ae-types.xml#id(ae_1)"/>
      <nite:child href="ES2011b.A.words.xml#id(ES2011b.A.words772)..id(ES2011b.A.words773)"/>
   </ae>
   <ae nite:id="ES2011b.A.argumentstructs.Erik.2">
      <nite:pointer role="type"  href="ae-types.xml#id(ae_1)"/>
      <nite:child href="ES2011b.A.words.xml#id(ES2011b.A.words779)..id(ES2011b.A.words827)"/>
   </ae>
   <ae nite:id="ES2011b.A.argumentstructs.Erik.3">
      <nite:pointer role="type"  href="ae-types.xml#id(ae_1)"/>
      <nite:child href="ES2011b.A.words.xml#id(ES2011b.A.words830)..id(ES2011b.A.words836)"/>
   </ae>
   <ae nite:id="ES2011b.A.argumentstructs.Erik.4">
      <nite:pointer role="type"  href="ae-types.xml#id(ae_1)"/>
      <nite:child href="ES2011b.A.words.xml#id(ES2011b.A.words839)..id(ES2011b.A.words869)"/>
   </ae>
   <ae nite:id="ES2011b.A.argumentstructs.Erik.5">
      <nite:pointer role="type"  href="ae-types.xml#id(ae_1)"/>
      <nite:child href="ES2011b.A.words.xml#id(ES2011b.A.words875)..id(ES2011b.A.words876)"/>
   </ae>
   <ae nite:id="ES2011b.A.argumentstructs.6">
      <nite:pointer role="type"  href="ae-types.xml#id(ae_6)"/>
      <nite:child href="ES2011b.A.words.xml#id(ES2011b.A.words774)..id(ES2011b.A.words778)"/>
   </ae>
   <ae nite:id="ES2011b.A.argumentstructs.7">
      <nite:pointer role="type"  href="ae-types.xml#id(ae_6)"/>
      <nite:child href="ES2011b.A.words.xml#id(ES2011b.A.words828)"/>
   </ae>
   <ae nite:id="ES2011b.A.argumentstructs.8">
      <nite:pointer role="type"  href="ae-types.xml#id(ae_6)"/>
      <nite:child href="ES2011b.A.words.xml#id(ES2011b.A.words837)..id(ES2011b.A.words838)"/>
   </ae>
   <ae nite:id="ES2011b.A.argumentstructs.9">
      <nite:pointer role="type"  href="ae-types.xml#id(ae_6)"/>
      <nite:child href="ES2011b.A.words.xml#id(ES2011b.A.words870)..id(ES2011b.A.words871)"/>
      <nite:child href="ES2011b.A.words.xml#id(ES2011b.A.words873)..id(ES2011b.A.words874)"/>
   </ae>
</nite:root>