<?xml version="1.0" encoding="ISO-8859-1" standalone="yes"?>
<nite:root nite:id="ES2011d.C.argumentstructs" xmlns:nite="http://nite.sourceforge.net/">
   <ae nite:id="ES2011d.C.argumentstructs.Erik.1">
      <nite:pointer role="type"  href="ae-types.xml#id(ae_1)"/>
      <nite:child href="ES2011d.C.words.xml#id(ES2011d.C.words365)..id(ES2011d.C.words372)"/>
   </ae>
   <ae nite:id="ES2011d.C.argumentstructs.Erik.2">
      <nite:pointer role="type"  href="ae-types.xml#id(ae_1)"/>
      <nite:child href="ES2011d.C.words.xml#id(ES2011d.C.words375)..id(ES2011d.C.words395)"/>
   </ae>
   <ae nite:id="ES2011d.C.argumentstructs.Erik.3">
      <nite:pointer role="type"  href="ae-types.xml#id(ae_1)"/>
      <nite:child href="ES2011d.C.words.xml#id(ES2011d.C.words396)..id(ES2011d.C.words409)"/>
   </ae>
   <ae nite:id="ES2011d.C.argumentstructs.Erik.4">
      <nite:pointer role="type"  href="ae-types.xml#id(ae_1)"/>
      <nite:child href="ES2011d.C.words.xml#id(ES2011d.C.words410)..id(ES2011d.C.words439)"/>
   </ae>
   <ae nite:id="ES2011d.C.argumentstructs.Erik.5">
      <nite:pointer role="type"  href="ae-types.xml#id(ae_1)"/>
      <nite:child href="ES2011d.C.words.xml#id(ES2011d.C.words440)..id(ES2011d.C.words463)"/>
   </ae>
   <ae nite:id="ES2011d.C.argumentstructs.Erik.6">
      <nite:pointer role="type"  href="ae-types.xml#id(ae_1)"/>
      <nite:child href="ES2011d.C.words.xml#id(ES2011d.C.words491)..id(ES2011d.C.words496)"/>
   </ae>
   <ae nite:id="ES2011d.C.argumentstructs.7">
      <nite:pointer role="type"  href="ae-types.xml#id(ae_6)"/>
      <nite:child href="ES2011d.C.words.xml#id(ES2011d.C.words340)..id(ES2011d.C.words354)"/>
      <nite:child href="ES2011d.C.words.xml#id(ES2011d.C.words356)..id(ES2011d.C.words364)"/>
   </ae>
   <ae nite:id="ES2011d.C.argumentstructs.8">
      <nite:pointer role="type"  href="ae-types.xml#id(ae_6)"/>
      <nite:child href="ES2011d.C.words.xml#id(ES2011d.C.words373)..id(ES2011d.C.words374)"/>
   </ae>
   <ae nite:id="ES2011d.C.argumentstructs.9">
      <nite:pointer role="type"  href="ae-types.xml#id(ae_6)"/>
      <nite:child href="ES2011d.C.words.xml#id(ES2011d.C.words464)..id(ES2011d.C.words468)"/>
      <nite:child href="ES2011d.C.words.xml#id(ES2011d.C.words470)..id(ES2011d.C.words471)"/>
      <nite:child href="ES2011d.C.words.xml#id(ES2011d.C.words473)..id(ES2011d.C.words474)"/>
      <nite:child href="ES2011d.C.words.xml#id(ES2011d.C.words476)..id(ES2011d.C.words479)"/>
      <nite:child href="ES2011d.C.words.xml#id(ES2011d.C.words481)..id(ES2011d.C.words484)"/>
      <nite:child href="ES2011d.C.words.xml#id(ES2011d.C.words486)..id(ES2011d.C.words490)"/>
   </ae>
</nite:root>