<?xml version="1.0" encoding="ISO-8859-1" standalone="yes"?>
<nite:root nite:id="ES2014c.C.argumentstructs" xmlns:nite="http://nite.sourceforge.net/">
   <ae nite:id="ES2014c.C.argumentstructs.Rutger.2">
      <nite:pointer role="type"  href="ae-types.xml#id(ae_2)"/>
      <nite:child href="ES2014c.C.words.xml#id(ES2014c.C.words255)..id(ES2014c.C.words264)"/>
   </ae>
   <ae nite:id="ES2014c.C.argumentstructs.Rutger.3">
      <nite:pointer role="type"  href="ae-types.xml#id(ae_2)"/>
      <nite:child href="ES2014c.C.words.xml#id(ES2014c.C.words265)..id(ES2014c.C.words272)"/>
   </ae>
   <ae nite:id="ES2014c.C.argumentstructs.Rutger.4">
      <nite:pointer role="type"  href="ae-types.xml#id(ae_2)"/>
      <nite:child href="ES2014c.C.words.xml#id(ES2014c.C.words273)..id(ES2014c.C.words278)"/>
   </ae>
   <ae nite:id="ES2014c.C.argumentstructs.Rutger.5">
      <nite:pointer role="type"  href="ae-types.xml#id(ae_1)"/>
      <nite:child href="ES2014c.C.words.xml#id(ES2014c.C.words316)..id(ES2014c.C.words321)"/>
   </ae>
   <ae nite:id="ES2014c.C.argumentstructs.Rutger.6">
      <nite:pointer role="type"  href="ae-types.xml#id(ae_1)"/>
      <nite:child href="ES2014c.C.words.xml#id(ES2014c.C.words1120)..id(ES2014c.C.words1139)"/>
   </ae>
   <ae nite:id="ES2014c.C.argumentstructs.Rutger.7">
      <nite:pointer role="type"  href="ae-types.xml#id(ae_1)"/>
      <nite:child href="ES2014c.C.words.xml#id(ES2014c.C.words1140)..id(ES2014c.C.words1141)"/>
   </ae>
   <ae nite:id="ES2014c.C.argumentstructs.Rutger.8">
      <nite:pointer role="type"  href="ae-types.xml#id(ae_2)"/>
      <nite:child href="ES2014c.C.words.xml#id(ES2014c.C.words1142)..id(ES2014c.C.words1168)"/>
   </ae>
   <ae nite:id="ES2014c.C.argumentstructs.Rutger.9">
      <nite:pointer role="type"  href="ae-types.xml#id(ae_1)"/>
      <nite:child href="ES2014c.C.words.xml#id(ES2014c.C.words1169)..id(ES2014c.C.words1190)"/>
   </ae>
   <ae nite:id="ES2014c.C.argumentstructs.Rutger.10">
      <nite:pointer role="type"  href="ae-types.xml#id(ae_1)"/>
      <nite:child href="ES2014c.C.words.xml#id(ES2014c.C.words1194)..id(ES2014c.C.words1215)"/>
   </ae>
   <ae nite:id="ES2014c.C.argumentstructs.Rutger.12">
      <nite:pointer role="type"  href="ae-types.xml#id(ae_1)"/>
      <nite:child href="ES2014c.C.words.xml#id(ES2014c.C.words1230)..id(ES2014c.C.words1249)"/>
   </ae>
   <ae nite:id="ES2014c.C.argumentstructs.Rutger.13">
      <nite:pointer role="type"  href="ae-types.xml#id(ae_5)"/>
      <nite:child href="ES2014c.C.words.xml#id(ES2014c.C.words1251)..id(ES2014c.C.words1259)"/>
   </ae>
   <ae nite:id="ES2014c.C.argumentstructs.Rutger.14">
      <nite:pointer role="type"  href="ae-types.xml#id(ae_5)"/>
      <nite:child href="ES2014c.C.words.xml#id(ES2014c.C.words1262)..id(ES2014c.C.words1284)"/>
   </ae>
   <ae nite:id="ES2014c.C.argumentstructs.Rutger.15">
      <nite:pointer role="type"  href="ae-types.xml#id(ae_1)"/>
      <nite:child href="ES2014c.C.words.xml#id(ES2014c.C.words1288)..id(ES2014c.C.words1326)"/>
   </ae>
   <ae nite:id="ES2014c.C.argumentstructs.Rutger.16">
      <nite:pointer role="type"  href="ae-types.xml#id(ae_5)"/>
      <nite:child href="ES2014c.C.words.xml#id(ES2014c.C.words1329)..id(ES2014c.C.words1349)"/>
   </ae>
   <ae nite:id="ES2014c.C.argumentstructs.Rutger.17">
      <nite:pointer role="type"  href="ae-types.xml#id(ae_2)"/>
      <nite:child href="ES2014c.C.words.xml#id(ES2014c.C.words1350)..id(ES2014c.C.words1368)"/>
   </ae>
   <ae nite:id="ES2014c.C.argumentstructs.Rutger.18">
      <nite:pointer role="type"  href="ae-types.xml#id(ae_1)"/>
      <nite:child href="ES2014c.C.words.xml#id(ES2014c.C.words1371)..id(ES2014c.C.words1407)"/>
   </ae>
   <ae nite:id="ES2014c.C.argumentstructs.Rutger.19">
      <nite:pointer role="type"  href="ae-types.xml#id(ae_5)"/>
      <nite:child href="ES2014c.C.words.xml#id(ES2014c.C.words1409)..id(ES2014c.C.words1423)"/>
   </ae>
   <ae nite:id="ES2014c.C.argumentstructs.Rutger.20">
      <nite:pointer role="type"  href="ae-types.xml#id(ae_5)"/>
      <nite:child href="ES2014c.C.words.xml#id(ES2014c.C.words1424)..id(ES2014c.C.words1447)"/>
   </ae>
   <ae nite:id="ES2014c.C.argumentstructs.Rutger.21">
      <nite:pointer role="type"  href="ae-types.xml#id(ae_4)"/>
      <nite:child href="ES2014c.C.words.xml#id(ES2014c.C.words1448)..id(ES2014c.C.words1469)"/>
   </ae>
   <ae nite:id="ES2014c.C.argumentstructs.Rutger.22">
      <nite:pointer role="type"  href="ae-types.xml#id(ae_1)"/>
      <nite:child href="ES2014c.C.words.xml#id(ES2014c.C.words1470)..id(ES2014c.C.words1479)"/>
   </ae>
   <ae nite:id="ES2014c.C.argumentstructs.Rutger.23">
      <nite:pointer role="type"  href="ae-types.xml#id(ae_1)"/>
      <nite:child href="ES2014c.C.words.xml#id(ES2014c.C.words1496)..id(ES2014c.C.words1501)"/>
   </ae>
   <ae nite:id="ES2014c.C.argumentstructs.Rutger.24">
      <nite:pointer role="type"  href="ae-types.xml#id(ae_1)"/>
      <nite:child href="ES2014c.C.words.xml#id(ES2014c.C.words1512)..id(ES2014c.C.words1541)"/>
   </ae>
   <ae nite:id="ES2014c.C.argumentstructs.Rutger.25">
      <nite:pointer role="type"  href="ae-types.xml#id(ae_1)"/>
      <nite:child href="ES2014c.C.words.xml#id(ES2014c.C.words1542)..id(ES2014c.C.words1543)"/>
   </ae>
   <ae nite:id="ES2014c.C.argumentstructs.Rutger.26">
      <nite:pointer role="type"  href="ae-types.xml#id(ae_1)"/>
      <nite:child href="ES2014c.C.words.xml#id(ES2014c.C.words1544)..id(ES2014c.C.words1598)"/>
   </ae>
   <ae nite:id="ES2014c.C.argumentstructs.Rutger.27">
      <nite:pointer role="type"  href="ae-types.xml#id(ae_1)"/>
      <nite:child href="ES2014c.C.words.xml#id(ES2014c.C.words1599)..id(ES2014c.C.words1614)"/>
   </ae>
   <ae nite:id="ES2014c.C.argumentstructs.Rutger.28">
      <nite:pointer role="type"  href="ae-types.xml#id(ae_1)"/>
      <nite:child href="ES2014c.C.words.xml#id(ES2014c.C.words1615)..id(ES2014c.C.words1622)"/>
   </ae>
   <ae nite:id="ES2014c.C.argumentstructs.Rutger.29">
      <nite:pointer role="type"  href="ae-types.xml#id(ae_1)"/>
      <nite:child href="ES2014c.C.words.xml#id(ES2014c.C.words1623)..id(ES2014c.C.words1633)"/>
   </ae>
   <ae nite:id="ES2014c.C.argumentstructs.30">
      <nite:pointer role="type"  href="ae-types.xml#id(ae_6)"/>
      <nite:child href="ES2014c.C.words.xml#id(ES2014c.C.words279)..id(ES2014c.C.words282)"/>
      <nite:child href="ES2014c.C.words.xml#id(ES2014c.C.words284)..id(ES2014c.C.words315)"/>
   </ae>
   <ae nite:id="ES2014c.C.argumentstructs.31">
      <nite:pointer role="type"  href="ae-types.xml#id(ae_6)"/>
      <nite:child href="ES2014c.C.words.xml#id(ES2014c.C.words1191)..id(ES2014c.C.words1193)"/>
   </ae>
   <ae nite:id="ES2014c.C.argumentstructs.32">
      <nite:pointer role="type"  href="ae-types.xml#id(ae_6)"/>
      <nite:child href="ES2014c.C.words.xml#id(ES2014c.C.words1216)..id(ES2014c.C.words1229)"/>
   </ae>
   <ae nite:id="ES2014c.C.argumentstructs.33">
      <nite:pointer role="type"  href="ae-types.xml#id(ae_6)"/>
      <nite:child href="ES2014c.C.words.xml#id(ES2014c.C.words1250)"/>
   </ae>
   <ae nite:id="ES2014c.C.argumentstructs.34">
      <nite:pointer role="type"  href="ae-types.xml#id(ae_6)"/>
      <nite:child href="ES2014c.C.words.xml#id(ES2014c.C.words1260)..id(ES2014c.C.words1261)"/>
   </ae>
   <ae nite:id="ES2014c.C.argumentstructs.35">
      <nite:pointer role="type"  href="ae-types.xml#id(ae_6)"/>
      <nite:child href="ES2014c.C.words.xml#id(ES2014c.C.words1285)..id(ES2014c.C.words1286)"/>
   </ae>
   <ae nite:id="ES2014c.C.argumentstructs.36">
      <nite:pointer role="type"  href="ae-types.xml#id(ae_6)"/>
      <nite:child href="ES2014c.C.words.xml#id(ES2014c.C.words1327)..id(ES2014c.C.words1328)"/>
   </ae>
   <ae nite:id="ES2014c.C.argumentstructs.37">
      <nite:pointer role="type"  href="ae-types.xml#id(ae_6)"/>
      <nite:child href="ES2014c.C.words.xml#id(ES2014c.C.words1369)..id(ES2014c.C.words1370)"/>
   </ae>
   <ae nite:id="ES2014c.C.argumentstructs.38">
      <nite:pointer role="type"  href="ae-types.xml#id(ae_6)"/>
      <nite:child href="ES2014c.C.words.xml#id(ES2014c.C.words1481)..id(ES2014c.C.words1484)"/>
      <nite:child href="ES2014c.C.words.xml#id(ES2014c.C.words1486)..id(ES2014c.C.words1490)"/>
      <nite:child href="ES2014c.C.words.xml#id(ES2014c.C.words1492)..id(ES2014c.C.words1495)"/>
   </ae>
   <ae nite:id="ES2014c.C.argumentstructs.39">
      <nite:pointer role="type"  href="ae-types.xml#id(ae_6)"/>
      <nite:child href="ES2014c.C.words.xml#id(ES2014c.C.words1502)..id(ES2014c.C.words1504)"/>
      <nite:child href="ES2014c.C.words.xml#id(ES2014c.C.words1506)..id(ES2014c.C.words1511)"/>
   </ae>
</nite:root>