<?xml version="1.0" encoding="ISO-8859-1" standalone="yes"?>
<nite:root nite:id="ES2009d.D.argumentstructs" xmlns:nite="http://nite.sourceforge.net/">
   <ae nite:id="ES2009d.D.argumentstructs.Erik.1">
      <nite:pointer role="type"  href="ae-types.xml#id(ae_5)"/>
      <nite:child href="ES2009d.D.words.xml#id(ES2009d.D.words129)..id(ES2009d.D.words168)"/>
   </ae>
   <ae nite:id="ES2009d.D.argumentstructs.Erik.2">
      <nite:pointer role="type"  href="ae-types.xml#id(ae_5)"/>
      <nite:child href="ES2009d.D.words.xml#id(ES2009d.D.words169)..id(ES2009d.D.words178)"/>
   </ae>
   <ae nite:id="ES2009d.D.argumentstructs.Erik.3">
      <nite:pointer role="type"  href="ae-types.xml#id(ae_1)"/>
      <nite:child href="ES2009d.D.words.xml#id(ES2009d.D.words179)..id(ES2009d.D.words198)"/>
   </ae>
   <ae nite:id="ES2009d.D.argumentstructs.Erik.4">
      <nite:pointer role="type"  href="ae-types.xml#id(ae_1)"/>
      <nite:child href="ES2009d.D.words.xml#id(ES2009d.D.words200)..id(ES2009d.D.words201)"/>
   </ae>
   <ae nite:id="ES2009d.D.argumentstructs.Erik.5">
      <nite:pointer role="type"  href="ae-types.xml#id(ae_1)"/>
      <nite:child href="ES2009d.D.words.xml#id(ES2009d.D.words202)..id(ES2009d.D.words209)"/>
   </ae>
   <ae nite:id="ES2009d.D.argumentstructs.Erik.6">
      <nite:pointer role="type"  href="ae-types.xml#id(ae_1)"/>
      <nite:child href="ES2009d.D.words.xml#id(ES2009d.D.words217)..id(ES2009d.D.words218)"/>
   </ae>
   <ae nite:id="ES2009d.D.argumentstructs.Erik.7">
      <nite:pointer role="type"  href="ae-types.xml#id(ae_1)"/>
      <nite:child href="ES2009d.D.words.xml#id(ES2009d.D.words235)..id(ES2009d.D.words236)"/>
   </ae>
   <ae nite:id="ES2009d.D.argumentstructs.Erik.8">
      <nite:pointer role="type"  href="ae-types.xml#id(ae_1)"/>
      <nite:child href="ES2009d.D.words.xml#id(ES2009d.D.words239)..id(ES2009d.D.words255)"/>
   </ae>
   <ae nite:id="ES2009d.D.argumentstructs.Erik.9">
      <nite:pointer role="type"  href="ae-types.xml#id(ae_1)"/>
      <nite:child href="ES2009d.D.words.xml#id(ES2009d.D.words267)..id(ES2009d.D.words268)"/>
   </ae>
   <ae nite:id="ES2009d.D.argumentstructs.Erik.10">
      <nite:pointer role="type"  href="ae-types.xml#id(ae_1)"/>
      <nite:child href="ES2009d.D.words.xml#id(ES2009d.D.words272)..id(ES2009d.D.words273)"/>
   </ae>
   <ae nite:id="ES2009d.D.argumentstructs.Erik.11">
      <nite:pointer role="type"  href="ae-types.xml#id(ae_1)"/>
      <nite:child href="ES2009d.D.words.xml#id(ES2009d.D.words277)..id(ES2009d.D.words333)"/>
   </ae>
   <ae nite:id="ES2009d.D.argumentstructs.Erik.12">
      <nite:pointer role="type"  href="ae-types.xml#id(ae_1)"/>
      <nite:child href="ES2009d.D.words.xml#id(ES2009d.D.words337)..id(ES2009d.D.words402)"/>
   </ae>
   <ae nite:id="ES2009d.D.argumentstructs.Erik.13">
      <nite:pointer role="type"  href="ae-types.xml#id(ae_1)"/>
      <nite:child href="ES2009d.D.words.xml#id(ES2009d.D.words405)..id(ES2009d.D.words406)"/>
   </ae>
   <ae nite:id="ES2009d.D.argumentstructs.14">
      <nite:pointer role="type"  href="ae-types.xml#id(ae_6)"/>
      <nite:child href="ES2009d.D.words.xml#id(ES2009d.D.words210)..id(ES2009d.D.words215)"/>
   </ae>
   <ae nite:id="ES2009d.D.argumentstructs.15">
      <nite:pointer role="type"  href="ae-types.xml#id(ae_6)"/>
      <nite:child href="ES2009d.D.words.xml#id(ES2009d.D.words219)..id(ES2009d.D.words223)"/>
      <nite:child href="ES2009d.D.words.xml#id(ES2009d.D.words225)..id(ES2009d.D.words234)"/>
   </ae>
   <ae nite:id="ES2009d.D.argumentstructs.16">
      <nite:pointer role="type"  href="ae-types.xml#id(ae_6)"/>
      <nite:child href="ES2009d.D.words.xml#id(ES2009d.D.words237)..id(ES2009d.D.words238)"/>
   </ae>
   <ae nite:id="ES2009d.D.argumentstructs.17">
      <nite:pointer role="type"  href="ae-types.xml#id(ae_6)"/>
      <nite:child href="ES2009d.D.words.xml#id(ES2009d.D.words269)..id(ES2009d.D.words271)"/>
   </ae>
   <ae nite:id="ES2009d.D.argumentstructs.18">
      <nite:pointer role="type"  href="ae-types.xml#id(ae_6)"/>
      <nite:child href="ES2009d.D.words.xml#id(ES2009d.D.words274)..id(ES2009d.D.words275)"/>
   </ae>
   <ae nite:id="ES2009d.D.argumentstructs.19">
      <nite:pointer role="type"  href="ae-types.xml#id(ae_6)"/>
      <nite:child href="ES2009d.D.words.xml#id(ES2009d.D.words334)..id(ES2009d.D.words335)"/>
   </ae>
   <ae nite:id="ES2009d.D.argumentstructs.20">
      <nite:pointer role="type"  href="ae-types.xml#id(ae_6)"/>
      <nite:child href="ES2009d.D.words.xml#id(ES2009d.D.words403)..id(ES2009d.D.words404)"/>
   </ae>
</nite:root>