<?xml version="1.0" encoding="ISO-8859-1" standalone="yes"?>
<nite:root nite:id="ES2011b.C.argumentstructs" xmlns:nite="http://nite.sourceforge.net/">
   <ae nite:id="ES2011b.C.argumentstructs.Erik.1">
      <nite:pointer role="type"  href="ae-types.xml#id(ae_1)"/>
      <nite:child href="ES2011b.C.words.xml#id(ES2011b.C.words655)..id(ES2011b.C.words726)"/>
   </ae>
   <ae nite:id="ES2011b.C.argumentstructs.Erik.2">
      <nite:pointer role="type"  href="ae-types.xml#id(ae_1)"/>
      <nite:child href="ES2011b.C.words.xml#id(ES2011b.C.words727)..id(ES2011b.C.words728)"/>
   </ae>
   <ae nite:id="ES2011b.C.argumentstructs.Erik.3">
      <nite:pointer role="type"  href="ae-types.xml#id(ae_1)"/>
      <nite:child href="ES2011b.C.words.xml#id(ES2011b.C.words735)..id(ES2011b.C.words784)"/>
   </ae>
   <ae nite:id="ES2011b.C.argumentstructs.Erik.4">
      <nite:pointer role="type"  href="ae-types.xml#id(ae_1)"/>
      <nite:child href="ES2011b.C.words.xml#id(ES2011b.C.words785)..id(ES2011b.C.words786)"/>
   </ae>
   <ae nite:id="ES2011b.C.argumentstructs.Erik.5">
      <nite:pointer role="type"  href="ae-types.xml#id(ae_1)"/>
      <nite:child href="ES2011b.C.words.xml#id(ES2011b.C.words787)..id(ES2011b.C.words797)"/>
   </ae>
   <ae nite:id="ES2011b.C.argumentstructs.Erik.6">
      <nite:pointer role="type"  href="ae-types.xml#id(ae_1)"/>
      <nite:child href="ES2011b.C.words.xml#id(ES2011b.C.words798)..id(ES2011b.C.words884)"/>
   </ae>
   <ae nite:id="ES2011b.C.argumentstructs.7">
      <nite:pointer role="type"  href="ae-types.xml#id(ae_6)"/>
      <nite:child href="ES2011b.C.words.xml#id(ES2011b.C.words729)..id(ES2011b.C.words734)"/>
   </ae>
</nite:root>