<?xml version="1.0" encoding="ISO-8859-1" standalone="yes"?>
<nite:root nite:id="ES2003c.B.argumentstructs" xmlns:nite="http://nite.sourceforge.net/">
   <ae nite:id="ES2003c.B.argumentstructs.Erik.1">
      <nite:pointer role="type"  href="ae-types.xml#id(ae_1)"/>
      <nite:child href="ES2003c.B.words.xml#id(ES2003c.B.words290)..id(ES2003c.B.words291)"/>
   </ae>
   <ae nite:id="ES2003c.B.argumentstructs.Erik.2">
      <nite:pointer role="type"  href="ae-types.xml#id(ae_1)"/>
      <nite:child href="ES2003c.B.words.xml#id(ES2003c.B.words292)..id(ES2003c.B.words312)"/>
   </ae>
   <ae nite:id="ES2003c.B.argumentstructs.Erik.3">
      <nite:pointer role="type"  href="ae-types.xml#id(ae_5)"/>
      <nite:child href="ES2003c.B.words.xml#id(ES2003c.B.words313)..id(ES2003c.B.words348)"/>
   </ae>
   <ae nite:id="ES2003c.B.argumentstructs.Erik.4">
      <nite:pointer role="type"  href="ae-types.xml#id(ae_5)"/>
      <nite:child href="ES2003c.B.words.xml#id(ES2003c.B.words349)..id(ES2003c.B.words352)"/>
   </ae>
   <ae nite:id="ES2003c.B.argumentstructs.Erik.5">
      <nite:pointer role="type"  href="ae-types.xml#id(ae_5)"/>
      <nite:child href="ES2003c.B.words.xml#id(ES2003c.B.words354)..id(ES2003c.B.words371)"/>
   </ae>
   <ae nite:id="ES2003c.B.argumentstructs.Erik.7">
      <nite:pointer role="type"  href="ae-types.xml#id(ae_1)"/>
      <nite:child href="ES2003c.B.words.xml#id(ES2003c.B.words1283)..id(ES2003c.B.words1378)"/>
   </ae>
   <ae nite:id="ES2003c.B.argumentstructs.Erik.8">
      <nite:pointer role="type"  href="ae-types.xml#id(ae_1)"/>
      <nite:child href="ES2003c.B.words.xml#id(ES2003c.B.words1379)..id(ES2003c.B.words1390)"/>
   </ae>
   <ae nite:id="ES2003c.B.argumentstructs.Erik.9">
      <nite:pointer role="type"  href="ae-types.xml#id(ae_2)"/>
      <nite:child href="ES2003c.B.words.xml#id(ES2003c.B.words1961)..id(ES2003c.B.words2001)"/>
   </ae>
   <ae nite:id="ES2003c.B.argumentstructs.Erik.10">
      <nite:pointer role="type"  href="ae-types.xml#id(ae_1)"/>
      <nite:child href="ES2003c.B.words.xml#id(ES2003c.B.words2004)..id(ES2003c.B.words2026)"/>
   </ae>
   <ae nite:id="ES2003c.B.argumentstructs.Erik.11">
      <nite:pointer role="type"  href="ae-types.xml#id(ae_2)"/>
      <nite:child href="ES2003c.B.words.xml#id(ES2003c.B.words2027)..id(ES2003c.B.words2057)"/>
   </ae>
   <ae nite:id="ES2003c.B.argumentstructs.Erik.12">
      <nite:pointer role="type"  href="ae-types.xml#id(ae_1)"/>
      <nite:child href="ES2003c.B.words.xml#id(ES2003c.B.words2058)..id(ES2003c.B.words2059)"/>
   </ae>
   <ae nite:id="ES2003c.B.argumentstructs.Erik.13">
      <nite:pointer role="type"  href="ae-types.xml#id(ae_1)"/>
      <nite:child href="ES2003c.B.words.xml#id(ES2003c.B.words2061)..id(ES2003c.B.words2100)"/>
   </ae>
   <ae nite:id="ES2003c.B.argumentstructs.Erik.14">
      <nite:pointer role="type"  href="ae-types.xml#id(ae_1)"/>
      <nite:child href="ES2003c.B.words.xml#id(ES2003c.B.words2101)..id(ES2003c.B.words2105)"/>
   </ae>
   <ae nite:id="ES2003c.B.argumentstructs.Erik.15">
      <nite:pointer role="type"  href="ae-types.xml#id(ae_5)"/>
      <nite:child href="ES2003c.B.words.xml#id(ES2003c.B.words2176)..id(ES2003c.B.words2196)"/>
   </ae>
   <ae nite:id="ES2003c.B.argumentstructs.Erik.16">
      <nite:pointer role="type"  href="ae-types.xml#id(ae_1)"/>
      <nite:child href="ES2003c.B.words.xml#id(ES2003c.B.words2198)..id(ES2003c.B.words2209)"/>
   </ae>
   <ae nite:id="ES2003c.B.argumentstructs.Erik.17">
      <nite:pointer role="type"  href="ae-types.xml#id(ae_1)"/>
      <nite:child href="ES2003c.B.words.xml#id(ES2003c.B.words2211)..id(ES2003c.B.words2230)"/>
   </ae>
   <ae nite:id="ES2003c.B.argumentstructs.Erik.18">
      <nite:pointer role="type"  href="ae-types.xml#id(ae_1)"/>
      <nite:child href="ES2003c.B.words.xml#id(ES2003c.B.words2232)..id(ES2003c.B.words2250)"/>
   </ae>
   <ae nite:id="ES2003c.B.argumentstructs.Erik.19">
      <nite:pointer role="type"  href="ae-types.xml#id(ae_2)"/>
      <nite:child href="ES2003c.B.words.xml#id(ES2003c.B.words2251)..id(ES2003c.B.words2276)"/>
   </ae>
   <ae nite:id="ES2003c.B.argumentstructs.Erik.20">
      <nite:pointer role="type"  href="ae-types.xml#id(ae_1)"/>
      <nite:child href="ES2003c.B.words.xml#id(ES2003c.B.words2277)..id(ES2003c.B.words2287)"/>
   </ae>
   <ae nite:id="ES2003c.B.argumentstructs.21">
      <nite:pointer role="type"  href="ae-types.xml#id(ae_6)"/>
      <nite:child href="ES2003c.B.words.xml#id(ES2003c.B.words353)"/>
   </ae>
   <ae nite:id="ES2003c.B.argumentstructs.22">
      <nite:pointer role="type"  href="ae-types.xml#id(ae_6)"/>
      <nite:child href="ES2003c.B.words.xml#id(ES2003c.B.words1281)..id(ES2003c.B.words1282)"/>
   </ae>
   <ae nite:id="ES2003c.B.argumentstructs.23">
      <nite:pointer role="type"  href="ae-types.xml#id(ae_6)"/>
      <nite:child href="ES2003c.B.words.xml#id(ES2003c.B.words2002)..id(ES2003c.B.words2003)"/>
   </ae>
   <ae nite:id="ES2003c.B.argumentstructs.24">
      <nite:pointer role="type"  href="ae-types.xml#id(ae_6)"/>
      <nite:child href="ES2003c.B.words.xml#id(ES2003c.B.words2060)"/>
   </ae>
   <ae nite:id="ES2003c.B.argumentstructs.25">
      <nite:pointer role="type"  href="ae-types.xml#id(ae_6)"/>
      <nite:child href="ES2003c.B.words.xml#id(ES2003c.B.words2106)..id(ES2003c.B.words2160)"/>
      <nite:child href="ES2003c.B.words.xml#id(ES2003c.B.words2162)..id(ES2003c.B.words2170)"/>
   </ae>
   <ae nite:id="ES2003c.B.argumentstructs.26">
      <nite:pointer role="type"  href="ae-types.xml#id(ae_6)"/>
      <nite:child href="ES2003c.B.words.xml#id(ES2003c.B.words2172)..id(ES2003c.B.words2174)"/>
   </ae>
   <ae nite:id="ES2003c.B.argumentstructs.27">
      <nite:pointer role="type"  href="ae-types.xml#id(ae_6)"/>
      <nite:child href="ES2003c.B.words.xml#id(ES2003c.B.words2288)..id(ES2003c.B.words2296)"/>
   </ae>
</nite:root>