<?xml version="1.0" encoding="ISO-8859-1" standalone="yes"?>
<nite:root nite:id="ES2012a.A.argumentstructs" xmlns:nite="http://nite.sourceforge.net/">
   <ae nite:id="ES2012a.A.argumentstructs.Erik.1">
      <nite:pointer role="type"  href="ae-types.xml#id(ae_3)"/>
      <nite:child href="ES2012a.A.words.xml#id(ES2012a.A.words1056)..id(ES2012a.A.words1074)"/>
   </ae>
   <ae nite:id="ES2012a.A.argumentstructs.Erik.2">
      <nite:pointer role="type"  href="ae-types.xml#id(ae_3)"/>
      <nite:child href="ES2012a.A.words.xml#id(ES2012a.A.words1075)..id(ES2012a.A.words1084)"/>
   </ae>
   <ae nite:id="ES2012a.A.argumentstructs.Erik.3">
      <nite:pointer role="type"  href="ae-types.xml#id(ae_3)"/>
      <nite:child href="ES2012a.A.words.xml#id(ES2012a.A.words1085)..id(ES2012a.A.words1108)"/>
   </ae>
   <ae nite:id="ES2012a.A.argumentstructs.Erik.4">
      <nite:pointer role="type"  href="ae-types.xml#id(ae_3)"/>
      <nite:child href="ES2012a.A.words.xml#id(ES2012a.A.words1109)..id(ES2012a.A.words1125)"/>
   </ae>
   <ae nite:id="ES2012a.A.argumentstructs.Erik.5">
      <nite:pointer role="type"  href="ae-types.xml#id(ae_5)"/>
      <nite:child href="ES2012a.A.words.xml#id(ES2012a.A.words1130)..id(ES2012a.A.words1161)"/>
   </ae>
   <ae nite:id="ES2012a.A.argumentstructs.Erik.6">
      <nite:pointer role="type"  href="ae-types.xml#id(ae_3)"/>
      <nite:child href="ES2012a.A.words.xml#id(ES2012a.A.words1164)..id(ES2012a.A.words1179)"/>
   </ae>
   <ae nite:id="ES2012a.A.argumentstructs.Erik.7">
      <nite:pointer role="type"  href="ae-types.xml#id(ae_1)"/>
      <nite:child href="ES2012a.A.words.xml#id(ES2012a.A.words1180)..id(ES2012a.A.words1233)"/>
   </ae>
   <ae nite:id="ES2012a.A.argumentstructs.Erik.8">
      <nite:pointer role="type"  href="ae-types.xml#id(ae_3)"/>
      <nite:child href="ES2012a.A.words.xml#id(ES2012a.A.words1234)..id(ES2012a.A.words1246)"/>
   </ae>
   <ae nite:id="ES2012a.A.argumentstructs.Erik.9">
      <nite:pointer role="type"  href="ae-types.xml#id(ae_1)"/>
      <nite:child href="ES2012a.A.words.xml#id(ES2012a.A.words1247)..id(ES2012a.A.words1282)"/>
   </ae>
   <ae nite:id="ES2012a.A.argumentstructs.Erik.10">
      <nite:pointer role="type"  href="ae-types.xml#id(ae_5)"/>
      <nite:child href="ES2012a.A.words.xml#id(ES2012a.A.words1283)..id(ES2012a.A.words1341)"/>
   </ae>
   <ae nite:id="ES2012a.A.argumentstructs.Erik.11">
      <nite:pointer role="type"  href="ae-types.xml#id(ae_1)"/>
      <nite:child href="ES2012a.A.words.xml#id(ES2012a.A.words1342)..id(ES2012a.A.words1343)"/>
   </ae>
   <ae nite:id="ES2012a.A.argumentstructs.12">
      <nite:pointer role="type"  href="ae-types.xml#id(ae_6)"/>
      <nite:child href="ES2012a.A.words.xml#id(ES2012a.A.words1126)..id(ES2012a.A.words1127)"/>
      <nite:child href="ES2012a.A.words.xml#id(ES2012a.A.words1129)"/>
   </ae>
   <ae nite:id="ES2012a.A.argumentstructs.13">
      <nite:pointer role="type"  href="ae-types.xml#id(ae_6)"/>
      <nite:child href="ES2012a.A.words.xml#id(ES2012a.A.words1162)..id(ES2012a.A.words1163)"/>
   </ae>
</nite:root>