<?xml version="1.0" encoding="ISO-8859-1" standalone="yes"?>
<nite:root nite:id="ES2015c.C.argumentstructs" xmlns:nite="http://nite.sourceforge.net/">
   <ae nite:id="ES2015c.C.argumentstructs.Rutger.1">
      <nite:pointer role="type"  href="ae-types.xml#id(ae_5)"/>
      <nite:child href="ES2015c.C.words.xml#id(ES2015c.C.words10)..id(ES2015c.C.words18)"/>
   </ae>
   <ae nite:id="ES2015c.C.argumentstructs.Rutger.3">
      <nite:pointer role="type"  href="ae-types.xml#id(ae_1)"/>
      <nite:child href="ES2015c.C.words.xml#id(ES2015c.C.words19)..id(ES2015c.C.words45)"/>
   </ae>
   <ae nite:id="ES2015c.C.argumentstructs.Rutger.4">
      <nite:pointer role="type"  href="ae-types.xml#id(ae_1)"/>
      <nite:child href="ES2015c.C.words.xml#id(ES2015c.C.words47)..id(ES2015c.C.words48)"/>
   </ae>
   <ae nite:id="ES2015c.C.argumentstructs.Rutger.5">
      <nite:pointer role="type"  href="ae-types.xml#id(ae_1)"/>
      <nite:child href="ES2015c.C.words.xml#id(ES2015c.C.words52)..id(ES2015c.C.words54)"/>
   </ae>
   <ae nite:id="ES2015c.C.argumentstructs.Rutger.6">
      <nite:pointer role="type"  href="ae-types.xml#id(ae_1)"/>
      <nite:child href="ES2015c.C.words.xml#id(ES2015c.C.words56)..id(ES2015c.C.words58)"/>
   </ae>
   <ae nite:id="ES2015c.C.argumentstructs.Rutger.7">
      <nite:pointer role="type"  href="ae-types.xml#id(ae_1)"/>
      <nite:child href="ES2015c.C.words.xml#id(ES2015c.C.words60)..id(ES2015c.C.words65)"/>
   </ae>
   <ae nite:id="ES2015c.C.argumentstructs.Rutger.8">
      <nite:pointer role="type"  href="ae-types.xml#id(ae_5)"/>
      <nite:child href="ES2015c.C.words.xml#id(ES2015c.C.words66)..id(ES2015c.C.words102)"/>
   </ae>
   <ae nite:id="ES2015c.C.argumentstructs.Rutger.9">
      <nite:pointer role="type"  href="ae-types.xml#id(ae_1)"/>
      <nite:child href="ES2015c.C.words.xml#id(ES2015c.C.words103)..id(ES2015c.C.words104)"/>
   </ae>
   <ae nite:id="ES2015c.C.argumentstructs.Rutger.10">
      <nite:pointer role="type"  href="ae-types.xml#id(ae_5)"/>
      <nite:child href="ES2015c.C.words.xml#id(ES2015c.C.words105)..id(ES2015c.C.words112)"/>
   </ae>
   <ae nite:id="ES2015c.C.argumentstructs.Rutger.11">
      <nite:pointer role="type"  href="ae-types.xml#id(ae_1)"/>
      <nite:child href="ES2015c.C.words.xml#id(ES2015c.C.words113)..id(ES2015c.C.words119)"/>
   </ae>
   <ae nite:id="ES2015c.C.argumentstructs.Rutger.12">
      <nite:pointer role="type"  href="ae-types.xml#id(ae_1)"/>
      <nite:child href="ES2015c.C.words.xml#id(ES2015c.C.words124)..id(ES2015c.C.words125)"/>
   </ae>
   <ae nite:id="ES2015c.C.argumentstructs.Rutger.13">
      <nite:pointer role="type"  href="ae-types.xml#id(ae_1)"/>
      <nite:child href="ES2015c.C.words.xml#id(ES2015c.C.words131)..id(ES2015c.C.words135)"/>
   </ae>
   <ae nite:id="ES2015c.C.argumentstructs.Rutger.14">
      <nite:pointer role="type"  href="ae-types.xml#id(ae_1)"/>
      <nite:child href="ES2015c.C.words.xml#id(ES2015c.C.words136)..id(ES2015c.C.words137)"/>
   </ae>
   <ae nite:id="ES2015c.C.argumentstructs.Rutger.15">
      <nite:pointer role="type"  href="ae-types.xml#id(ae_1)"/>
      <nite:child href="ES2015c.C.words.xml#id(ES2015c.C.words730)..id(ES2015c.C.words731)"/>
   </ae>
   <ae nite:id="ES2015c.C.argumentstructs.Rutger.16">
      <nite:pointer role="type"  href="ae-types.xml#id(ae_1)"/>
      <nite:child href="ES2015c.C.words.xml#id(ES2015c.C.words732)..id(ES2015c.C.words805)"/>
   </ae>
   <ae nite:id="ES2015c.C.argumentstructs.Rutger.17">
      <nite:pointer role="type"  href="ae-types.xml#id(ae_3)"/>
      <nite:child href="ES2015c.C.words.xml#id(ES2015c.C.words806)..id(ES2015c.C.words807)"/>
   </ae>
   <ae nite:id="ES2015c.C.argumentstructs.Rutger.18">
      <nite:pointer role="type"  href="ae-types.xml#id(ae_1)"/>
      <nite:child href="ES2015c.C.words.xml#id(ES2015c.C.words808)..id(ES2015c.C.words830)"/>
   </ae>
   <ae nite:id="ES2015c.C.argumentstructs.Rutger.19">
      <nite:pointer role="type"  href="ae-types.xml#id(ae_1)"/>
      <nite:child href="ES2015c.C.words.xml#id(ES2015c.C.words835)..id(ES2015c.C.words836)"/>
   </ae>
   <ae nite:id="ES2015c.C.argumentstructs.Rutger.20">
      <nite:pointer role="type"  href="ae-types.xml#id(ae_1)"/>
      <nite:child href="ES2015c.C.words.xml#id(ES2015c.C.words837)..id(ES2015c.C.words838)"/>
   </ae>
   <ae nite:id="ES2015c.C.argumentstructs.Rutger.21">
      <nite:pointer role="type"  href="ae-types.xml#id(ae_1)"/>
      <nite:child href="ES2015c.C.words.xml#id(ES2015c.C.words851)..id(ES2015c.C.words852)"/>
   </ae>
   <ae nite:id="ES2015c.C.argumentstructs.Rutger.22">
      <nite:pointer role="type"  href="ae-types.xml#id(ae_1)"/>
      <nite:child href="ES2015c.C.words.xml#id(ES2015c.C.words856)..id(ES2015c.C.words859)"/>
   </ae>
   <ae nite:id="ES2015c.C.argumentstructs.Rutger.23">
      <nite:pointer role="type"  href="ae-types.xml#id(ae_1)"/>
      <nite:child href="ES2015c.C.words.xml#id(ES2015c.C.words865)..id(ES2015c.C.words868)"/>
   </ae>
   <ae nite:id="ES2015c.C.argumentstructs.Rutger.25">
      <nite:pointer role="type"  href="ae-types.xml#id(ae_1)"/>
      <nite:child href="ES2015c.C.words.xml#id(ES2015c.C.words869)..id(ES2015c.C.words871)"/>
   </ae>
   <ae nite:id="ES2015c.C.argumentstructs.Rutger.26">
      <nite:pointer role="type"  href="ae-types.xml#id(ae_3)"/>
      <nite:child href="ES2015c.C.words.xml#id(ES2015c.C.words1066)..id(ES2015c.C.words1074)"/>
   </ae>
   <ae nite:id="ES2015c.C.argumentstructs.Rutger.27">
      <nite:pointer role="type"  href="ae-types.xml#id(ae_1)"/>
      <nite:child href="ES2015c.C.words.xml#id(ES2015c.C.words1075)..id(ES2015c.C.words1084)"/>
   </ae>
   <ae nite:id="ES2015c.C.argumentstructs.Rutger.28">
      <nite:pointer role="type"  href="ae-types.xml#id(ae_1)"/>
      <nite:child href="ES2015c.C.words.xml#id(ES2015c.C.words1085)..id(ES2015c.C.words1086)"/>
   </ae>
   <ae nite:id="ES2015c.C.argumentstructs.Rutger.29">
      <nite:pointer role="type"  href="ae-types.xml#id(ae_1)"/>
      <nite:child href="ES2015c.C.words.xml#id(ES2015c.C.words1087)..id(ES2015c.C.words1090)"/>
   </ae>
   <ae nite:id="ES2015c.C.argumentstructs.Rutger.30">
      <nite:pointer role="type"  href="ae-types.xml#id(ae_1)"/>
      <nite:child href="ES2015c.C.words.xml#id(ES2015c.C.words1092)..id(ES2015c.C.words1099)"/>
   </ae>
   <ae nite:id="ES2015c.C.argumentstructs.Rutger.31">
      <nite:pointer role="type"  href="ae-types.xml#id(ae_1)"/>
      <nite:child href="ES2015c.C.words.xml#id(ES2015c.C.words1100)..id(ES2015c.C.words1101)"/>
   </ae>
   <ae nite:id="ES2015c.C.argumentstructs.Rutger.32">
      <nite:pointer role="type"  href="ae-types.xml#id(ae_1)"/>
      <nite:child href="ES2015c.C.words.xml#id(ES2015c.C.words1102)..id(ES2015c.C.words1103)"/>
   </ae>
   <ae nite:id="ES2015c.C.argumentstructs.Rutger.34">
      <nite:pointer role="type"  href="ae-types.xml#id(ae_1)"/>
      <nite:child href="ES2015c.C.words.xml#id(ES2015c.C.words1105)..id(ES2015c.C.words1129)"/>
   </ae>
   <ae nite:id="ES2015c.C.argumentstructs.Rutger.35">
      <nite:pointer role="type"  href="ae-types.xml#id(ae_1)"/>
      <nite:child href="ES2015c.C.words.xml#id(ES2015c.C.words1133)..id(ES2015c.C.words1134)"/>
   </ae>
   <ae nite:id="ES2015c.C.argumentstructs.Rutger.36">
      <nite:pointer role="type"  href="ae-types.xml#id(ae_1)"/>
      <nite:child href="ES2015c.C.words.xml#id(ES2015c.C.words1135)..id(ES2015c.C.words1141)"/>
   </ae>
   <ae nite:id="ES2015c.C.argumentstructs.Rutger.37">
      <nite:pointer role="type"  href="ae-types.xml#id(ae_1)"/>
      <nite:child href="ES2015c.C.words.xml#id(ES2015c.C.words1142)..id(ES2015c.C.words1144)"/>
   </ae>
   <ae nite:id="ES2015c.C.argumentstructs.38">
      <nite:pointer role="type"  href="ae-types.xml#id(ae_6)"/>
      <nite:child href="ES2015c.C.words.xml#id(ES2015c.C.words9)"/>
   </ae>
   <ae nite:id="ES2015c.C.argumentstructs.39">
      <nite:pointer role="type"  href="ae-types.xml#id(ae_6)"/>
      <nite:child href="ES2015c.C.words.xml#id(ES2015c.C.words49)..id(ES2015c.C.words50)"/>
   </ae>
   <ae nite:id="ES2015c.C.argumentstructs.40">
      <nite:pointer role="type"  href="ae-types.xml#id(ae_6)"/>
      <nite:child href="ES2015c.C.words.xml#id(ES2015c.C.words59)"/>
   </ae>
   <ae nite:id="ES2015c.C.argumentstructs.41">
      <nite:pointer role="type"  href="ae-types.xml#id(ae_6)"/>
      <nite:child href="ES2015c.C.words.xml#id(ES2015c.C.words120)..id(ES2015c.C.words123)"/>
   </ae>
   <ae nite:id="ES2015c.C.argumentstructs.42">
      <nite:pointer role="type"  href="ae-types.xml#id(ae_6)"/>
      <nite:child href="ES2015c.C.words.xml#id(ES2015c.C.words129)..id(ES2015c.C.words130)"/>
   </ae>
   <ae nite:id="ES2015c.C.argumentstructs.43">
      <nite:pointer role="type"  href="ae-types.xml#id(ae_6)"/>
      <nite:child href="ES2015c.C.words.xml#id(ES2015c.C.words725)..id(ES2015c.C.words728)"/>
   </ae>
   <ae nite:id="ES2015c.C.argumentstructs.44">
      <nite:pointer role="type"  href="ae-types.xml#id(ae_6)"/>
      <nite:child href="ES2015c.C.words.xml#id(ES2015c.C.words831)..id(ES2015c.C.words834)"/>
   </ae>
   <ae nite:id="ES2015c.C.argumentstructs.45">
      <nite:pointer role="type"  href="ae-types.xml#id(ae_6)"/>
      <nite:child href="ES2015c.C.words.xml#id(ES2015c.C.words854)..id(ES2015c.C.words855)"/>
   </ae>
   <ae nite:id="ES2015c.C.argumentstructs.46">
      <nite:pointer role="type"  href="ae-types.xml#id(ae_6)"/>
      <nite:child href="ES2015c.C.words.xml#id(ES2015c.C.words860)..id(ES2015c.C.words861)"/>
      <nite:child href="ES2015c.C.words.xml#id(ES2015c.C.words863)..id(ES2015c.C.words864)"/>
   </ae>
   <ae nite:id="ES2015c.C.argumentstructs.47">
      <nite:pointer role="type"  href="ae-types.xml#id(ae_6)"/>
      <nite:child href="ES2015c.C.words.xml#id(ES2015c.C.words1057)..id(ES2015c.C.words1065)"/>
   </ae>
   <ae nite:id="ES2015c.C.argumentstructs.48">
      <nite:pointer role="type"  href="ae-types.xml#id(ae_6)"/>
      <nite:child href="ES2015c.C.words.xml#id(ES2015c.C.words1091)"/>
   </ae>
   <ae nite:id="ES2015c.C.argumentstructs.49">
      <nite:pointer role="type"  href="ae-types.xml#id(ae_6)"/>
      <nite:child href="ES2015c.C.words.xml#id(ES2015c.C.words1130)..id(ES2015c.C.words1131)"/>
   </ae>
</nite:root>