<?xml version="1.0" encoding="ISO-8859-1" standalone="yes"?>
<nite:root nite:id="ES2013b.D.argumentstructs" xmlns:nite="http://nite.sourceforge.net/">
   <ae nite:id="ES2013b.D.argumentstructs.Rutger.1">
      <nite:pointer role="type"  href="ae-types.xml#id(ae_2)"/>
      <nite:child href="ES2013b.D.words.xml#id(ES2013b.D.words1208)..id(ES2013b.D.words1209)"/>
   </ae>
   <ae nite:id="ES2013b.D.argumentstructs.Rutger.2">
      <nite:pointer role="type"  href="ae-types.xml#id(ae_1)"/>
      <nite:child href="ES2013b.D.words.xml#id(ES2013b.D.words1210)..id(ES2013b.D.words1241)"/>
   </ae>
   <ae nite:id="ES2013b.D.argumentstructs.Rutger.3">
      <nite:pointer role="type"  href="ae-types.xml#id(ae_1)"/>
      <nite:child href="ES2013b.D.words.xml#id(ES2013b.D.words1242)..id(ES2013b.D.words1254)"/>
   </ae>
   <ae nite:id="ES2013b.D.argumentstructs.Rutger.4">
      <nite:pointer role="type"  href="ae-types.xml#id(ae_1)"/>
      <nite:child href="ES2013b.D.words.xml#id(ES2013b.D.words1256)..id(ES2013b.D.words1261)"/>
   </ae>
   <ae nite:id="ES2013b.D.argumentstructs.Rutger.5">
      <nite:pointer role="type"  href="ae-types.xml#id(ae_2)"/>
      <nite:child href="ES2013b.D.words.xml#id(ES2013b.D.words1262)..id(ES2013b.D.words1279)"/>
   </ae>
   <ae nite:id="ES2013b.D.argumentstructs.Rutger.6">
      <nite:pointer role="type"  href="ae-types.xml#id(ae_2)"/>
      <nite:child href="ES2013b.D.words.xml#id(ES2013b.D.words1280)..id(ES2013b.D.words1283)"/>
   </ae>
   <ae nite:id="ES2013b.D.argumentstructs.Rutger.7">
      <nite:pointer role="type"  href="ae-types.xml#id(ae_1)"/>
      <nite:child href="ES2013b.D.words.xml#id(ES2013b.D.words1284)..id(ES2013b.D.words1285)"/>
   </ae>
   <ae nite:id="ES2013b.D.argumentstructs.Rutger.8">
      <nite:pointer role="type"  href="ae-types.xml#id(ae_2)"/>
      <nite:child href="ES2013b.D.words.xml#id(ES2013b.D.words1286)"/>
   </ae>
   <ae nite:id="ES2013b.D.argumentstructs.Rutger.9">
      <nite:pointer role="type"  href="ae-types.xml#id(ae_1)"/>
      <nite:child href="ES2013b.D.words.xml#id(ES2013b.D.words1289)..id(ES2013b.D.words1357)"/>
   </ae>
   <ae nite:id="ES2013b.D.argumentstructs.Rutger.10">
      <nite:pointer role="type"  href="ae-types.xml#id(ae_1)"/>
      <nite:child href="ES2013b.D.words.xml#id(ES2013b.D.words1358)..id(ES2013b.D.words1359)"/>
   </ae>
   <ae nite:id="ES2013b.D.argumentstructs.Rutger.11">
      <nite:pointer role="type"  href="ae-types.xml#id(ae_1)"/>
      <nite:child href="ES2013b.D.words.xml#id(ES2013b.D.words1360)..id(ES2013b.D.words1375)"/>
   </ae>
   <ae nite:id="ES2013b.D.argumentstructs.12">
      <nite:pointer role="type"  href="ae-types.xml#id(ae_6)"/>
      <nite:child href="ES2013b.D.words.xml#id(ES2013b.D.words1206)..id(ES2013b.D.words1207)"/>
   </ae>
   <ae nite:id="ES2013b.D.argumentstructs.13">
      <nite:pointer role="type"  href="ae-types.xml#id(ae_6)"/>
      <nite:child href="ES2013b.D.words.xml#id(ES2013b.D.words1287)..id(ES2013b.D.words1288)"/>
   </ae>
</nite:root>