<?xml version="1.0" encoding="ISO-8859-1" standalone="yes"?>
<nite:root nite:id="ES2003c.C.argumentstructs" xmlns:nite="http://nite.sourceforge.net/">
   <ae nite:id="ES2003c.C.argumentstructs.Erik.1">
      <nite:pointer role="type"  href="ae-types.xml#id(ae_1)"/>
      <nite:child href="ES2003c.C.words.xml#id(ES2003c.C.words5)..id(ES2003c.C.words6)"/>
   </ae>
   <ae nite:id="ES2003c.C.argumentstructs.Erik.2">
      <nite:pointer role="type"  href="ae-types.xml#id(ae_1)"/>
      <nite:child href="ES2003c.C.words.xml#id(ES2003c.C.words8)..id(ES2003c.C.words9)"/>
   </ae>
   <ae nite:id="ES2003c.C.argumentstructs.Erik.3">
      <nite:pointer role="type"  href="ae-types.xml#id(ae_1)"/>
      <nite:child href="ES2003c.C.words.xml#id(ES2003c.C.words11)..id(ES2003c.C.words12)"/>
   </ae>
   <ae nite:id="ES2003c.C.argumentstructs.Erik.4">
      <nite:pointer role="type"  href="ae-types.xml#id(ae_3)"/>
      <nite:child href="ES2003c.C.words.xml#id(ES2003c.C.words1212)..id(ES2003c.C.words1263)"/>
   </ae>
   <ae nite:id="ES2003c.C.argumentstructs.Erik.5">
      <nite:pointer role="type"  href="ae-types.xml#id(ae_2)"/>
      <nite:child href="ES2003c.C.words.xml#id(ES2003c.C.words1264)..id(ES2003c.C.words1282)"/>
   </ae>
   <ae nite:id="ES2003c.C.argumentstructs.Erik.6">
      <nite:pointer role="type"  href="ae-types.xml#id(ae_1)"/>
      <nite:child href="ES2003c.C.words.xml#id(ES2003c.C.words1283)..id(ES2003c.C.words1284)"/>
   </ae>
   <ae nite:id="ES2003c.C.argumentstructs.Erik.7">
      <nite:pointer role="type"  href="ae-types.xml#id(ae_1)"/>
      <nite:child href="ES2003c.C.words.xml#id(ES2003c.C.words1289)..id(ES2003c.C.words1310)"/>
   </ae>
   <ae nite:id="ES2003c.C.argumentstructs.Erik.8">
      <nite:pointer role="type"  href="ae-types.xml#id(ae_4)"/>
      <nite:child href="ES2003c.C.words.xml#id(ES2003c.C.words1311)..id(ES2003c.C.words1330)"/>
   </ae>
   <ae nite:id="ES2003c.C.argumentstructs.Erik.9">
      <nite:pointer role="type"  href="ae-types.xml#id(ae_1)"/>
      <nite:child href="ES2003c.C.words.xml#id(ES2003c.C.words1332)..id(ES2003c.C.words1349)"/>
   </ae>
   <ae nite:id="ES2003c.C.argumentstructs.Erik.10">
      <nite:pointer role="type"  href="ae-types.xml#id(ae_2)"/>
      <nite:child href="ES2003c.C.words.xml#id(ES2003c.C.words1350)..id(ES2003c.C.words1378)"/>
   </ae>
   <ae nite:id="ES2003c.C.argumentstructs.Erik.11">
      <nite:pointer role="type"  href="ae-types.xml#id(ae_1)"/>
      <nite:child href="ES2003c.C.words.xml#id(ES2003c.C.words1384)..id(ES2003c.C.words1388)"/>
   </ae>
   <ae nite:id="ES2003c.C.argumentstructs.Erik.12">
      <nite:pointer role="type"  href="ae-types.xml#id(ae_1)"/>
      <nite:child href="ES2003c.C.words.xml#id(ES2003c.C.words1389)..id(ES2003c.C.words1390)"/>
   </ae>
   <ae nite:id="ES2003c.C.argumentstructs.Erik.13">
      <nite:pointer role="type"  href="ae-types.xml#id(ae_1)"/>
      <nite:child href="ES2003c.C.words.xml#id(ES2003c.C.words1477)..id(ES2003c.C.words1481)"/>
   </ae>
   <ae nite:id="ES2003c.C.argumentstructs.Erik.14">
      <nite:pointer role="type"  href="ae-types.xml#id(ae_1)"/>
      <nite:child href="ES2003c.C.words.xml#id(ES2003c.C.words1482)..id(ES2003c.C.words1489)"/>
   </ae>
   <ae nite:id="ES2003c.C.argumentstructs.Erik.15">
      <nite:pointer role="type"  href="ae-types.xml#id(ae_1)"/>
      <nite:child href="ES2003c.C.words.xml#id(ES2003c.C.words1492)..id(ES2003c.C.words1532)"/>
   </ae>
   <ae nite:id="ES2003c.C.argumentstructs.Erik.16">
      <nite:pointer role="type"  href="ae-types.xml#id(ae_1)"/>
      <nite:child href="ES2003c.C.words.xml#id(ES2003c.C.words1533)..id(ES2003c.C.words1534)"/>
   </ae>
   <ae nite:id="ES2003c.C.argumentstructs.Erik.17">
      <nite:pointer role="type"  href="ae-types.xml#id(ae_1)"/>
      <nite:child href="ES2003c.C.words.xml#id(ES2003c.C.words1535)..id(ES2003c.C.words1545)"/>
   </ae>
   <ae nite:id="ES2003c.C.argumentstructs.Erik.18">
      <nite:pointer role="type"  href="ae-types.xml#id(ae_1)"/>
      <nite:child href="ES2003c.C.words.xml#id(ES2003c.C.words1546)..id(ES2003c.C.words1575)"/>
   </ae>
   <ae nite:id="ES2003c.C.argumentstructs.Erik.19">
      <nite:pointer role="type"  href="ae-types.xml#id(ae_1)"/>
      <nite:child href="ES2003c.C.words.xml#id(ES2003c.C.words1576)..id(ES2003c.C.words1583)"/>
   </ae>
   <ae nite:id="ES2003c.C.argumentstructs.Erik.20">
      <nite:pointer role="type"  href="ae-types.xml#id(ae_1)"/>
      <nite:child href="ES2003c.C.words.xml#id(ES2003c.C.words1584)..id(ES2003c.C.words1585)"/>
   </ae>
   <ae nite:id="ES2003c.C.argumentstructs.Erik.21">
      <nite:pointer role="type"  href="ae-types.xml#id(ae_1)"/>
      <nite:child href="ES2003c.C.words.xml#id(ES2003c.C.words1587)..id(ES2003c.C.words1588)"/>
   </ae>
   <ae nite:id="ES2003c.C.argumentstructs.Erik.22">
      <nite:pointer role="type"  href="ae-types.xml#id(ae_1)"/>
      <nite:child href="ES2003c.C.words.xml#id(ES2003c.C.words1589)..id(ES2003c.C.words1593)"/>
   </ae>
   <ae nite:id="ES2003c.C.argumentstructs.Erik.23">
      <nite:pointer role="type"  href="ae-types.xml#id(ae_1)"/>
      <nite:child href="ES2003c.C.words.xml#id(ES2003c.C.words1594)..id(ES2003c.C.words1595)"/>
   </ae>
   <ae nite:id="ES2003c.C.argumentstructs.Erik.24">
      <nite:pointer role="type"  href="ae-types.xml#id(ae_1)"/>
      <nite:child href="ES2003c.C.words.xml#id(ES2003c.C.words1598)..id(ES2003c.C.words1599)"/>
   </ae>
   <ae nite:id="ES2003c.C.argumentstructs.Erik.25">
      <nite:pointer role="type"  href="ae-types.xml#id(ae_1)"/>
      <nite:child href="ES2003c.C.words.xml#id(ES2003c.C.words1602)..id(ES2003c.C.words1603)"/>
   </ae>
   <ae nite:id="ES2003c.C.argumentstructs.Erik.26">
      <nite:pointer role="type"  href="ae-types.xml#id(ae_1)"/>
      <nite:child href="ES2003c.C.words.xml#id(ES2003c.C.words1604)..id(ES2003c.C.words1628)"/>
   </ae>
   <ae nite:id="ES2003c.C.argumentstructs.Erik.27">
      <nite:pointer role="type"  href="ae-types.xml#id(ae_1)"/>
      <nite:child href="ES2003c.C.words.xml#id(ES2003c.C.words1629)..id(ES2003c.C.words1634)"/>
   </ae>
   <ae nite:id="ES2003c.C.argumentstructs.28">
      <nite:pointer role="type"  href="ae-types.xml#id(ae_6)"/>
      <nite:child href="ES2003c.C.words.xml#id(ES2003c.C.words2)..id(ES2003c.C.words3)"/>
   </ae>
   <ae nite:id="ES2003c.C.argumentstructs.29">
      <nite:pointer role="type"  href="ae-types.xml#id(ae_6)"/>
      <nite:child href="ES2003c.C.words.xml#id(ES2003c.C.words1285)..id(ES2003c.C.words1288)"/>
   </ae>
   <ae nite:id="ES2003c.C.argumentstructs.30">
      <nite:pointer role="type"  href="ae-types.xml#id(ae_6)"/>
      <nite:child href="ES2003c.C.words.xml#id(ES2003c.C.words1379)..id(ES2003c.C.words1383)"/>
   </ae>
   <ae nite:id="ES2003c.C.argumentstructs.31">
      <nite:pointer role="type"  href="ae-types.xml#id(ae_6)"/>
      <nite:child href="ES2003c.C.words.xml#id(ES2003c.C.words1391)..id(ES2003c.C.words1392)"/>
   </ae>
   <ae nite:id="ES2003c.C.argumentstructs.32">
      <nite:pointer role="type"  href="ae-types.xml#id(ae_6)"/>
      <nite:child href="ES2003c.C.words.xml#id(ES2003c.C.words1490)..id(ES2003c.C.words1491)"/>
   </ae>
   <ae nite:id="ES2003c.C.argumentstructs.33">
      <nite:pointer role="type"  href="ae-types.xml#id(ae_6)"/>
      <nite:child href="ES2003c.C.words.xml#id(ES2003c.C.words1596)"/>
   </ae>
   <ae nite:id="ES2003c.C.argumentstructs.34">
      <nite:pointer role="type"  href="ae-types.xml#id(ae_6)"/>
      <nite:child href="ES2003c.C.words.xml#id(ES2003c.C.words1600)..id(ES2003c.C.words1601)"/>
   </ae>
</nite:root>