<?xml version="1.0" encoding="ISO-8859-1" standalone="yes"?>
<nite:root nite:id="ES2008a.D.argumentstructs" xmlns:nite="http://nite.sourceforge.net/">
   <ae nite:id="ES2008a.D.argumentstructs.Erik.1">
      <nite:pointer role="type"  href="ae-types.xml#id(ae_1)"/>
      <nite:child href="ES2008a.D.words.xml#id(ES2008a.D.words320)..id(ES2008a.D.words429)"/>
   </ae>
   <ae nite:id="ES2008a.D.argumentstructs.Erik.2">
      <nite:pointer role="type"  href="ae-types.xml#id(ae_1)"/>
      <nite:child href="ES2008a.D.words.xml#id(ES2008a.D.words436)..id(ES2008a.D.words467)"/>
   </ae>
   <ae nite:id="ES2008a.D.argumentstructs.Erik.3">
      <nite:pointer role="type"  href="ae-types.xml#id(ae_1)"/>
      <nite:child href="ES2008a.D.words.xml#id(ES2008a.D.words468)..id(ES2008a.D.words478)"/>
   </ae>
   <ae nite:id="ES2008a.D.argumentstructs.4">
      <nite:pointer role="type"  href="ae-types.xml#id(ae_6)"/>
      <nite:child href="ES2008a.D.words.xml#id(ES2008a.D.words431)..id(ES2008a.D.words432)"/>
   </ae>
   <ae nite:id="ES2008a.D.argumentstructs.5">
      <nite:pointer role="type"  href="ae-types.xml#id(ae_6)"/>
      <nite:child href="ES2008a.D.words.xml#id(ES2008a.D.words433)..id(ES2008a.D.words435)"/>
   </ae>
</nite:root>