<?xml version="1.0" encoding="ISO-8859-1" standalone="yes"?>
<nite:root nite:id="ES2005d.B.argumentstructs" xmlns:nite="http://nite.sourceforge.net/">
   <ae nite:id="ES2005d.B.argumentstructs.Erik.1">
      <nite:pointer role="type"  href="ae-types.xml#id(ae_3)"/>
      <nite:child href="ES2005d.B.words.xml#id(ES2005d.B.words1213)..id(ES2005d.B.words1214)"/>
   </ae>
   <ae nite:id="ES2005d.B.argumentstructs.Erik.2">
      <nite:pointer role="type"  href="ae-types.xml#id(ae_1)"/>
      <nite:child href="ES2005d.B.words.xml#id(ES2005d.B.words1215)..id(ES2005d.B.words1246)"/>
   </ae>
   <ae nite:id="ES2005d.B.argumentstructs.Erik.3">
      <nite:pointer role="type"  href="ae-types.xml#id(ae_1)"/>
      <nite:child href="ES2005d.B.words.xml#id(ES2005d.B.words1250)..id(ES2005d.B.words1253)"/>
   </ae>
   <ae nite:id="ES2005d.B.argumentstructs.Erik.4">
      <nite:pointer role="type"  href="ae-types.xml#id(ae_1)"/>
      <nite:child href="ES2005d.B.words.xml#id(ES2005d.B.words1258)..id(ES2005d.B.words1339)"/>
   </ae>
   <ae nite:id="ES2005d.B.argumentstructs.Erik.5">
      <nite:pointer role="type"  href="ae-types.xml#id(ae_1)"/>
      <nite:child href="ES2005d.B.words.xml#id(ES2005d.B.words1340)..id(ES2005d.B.words1425)"/>
   </ae>
   <ae nite:id="ES2005d.B.argumentstructs.6">
      <nite:pointer role="type"  href="ae-types.xml#id(ae_6)"/>
      <nite:child href="ES2005d.B.words.xml#id(ES2005d.B.words1247)..id(ES2005d.B.words1248)"/>
   </ae>
   <ae nite:id="ES2005d.B.argumentstructs.7">
      <nite:pointer role="type"  href="ae-types.xml#id(ae_6)"/>
      <nite:child href="ES2005d.B.words.xml#id(ES2005d.B.words1254)"/>
   </ae>
   <ae nite:id="ES2005d.B.argumentstructs.8">
      <nite:pointer role="type"  href="ae-types.xml#id(ae_6)"/>
      <nite:child href="ES2005d.B.words.xml#id(ES2005d.B.words1426)..id(ES2005d.B.words1431)"/>
      <nite:child href="ES2005d.B.words.xml#id(ES2005d.B.words1433)..id(ES2005d.B.words1436)"/>
      <nite:child href="ES2005d.B.words.xml#id(ES2005d.B.words1438)..id(ES2005d.B.words1447)"/>
   </ae>
</nite:root>