<?xml version="1.0" encoding="ISO-8859-1" standalone="yes"?>
<nite:root nite:id="ES2013c.A.argumentstructs" xmlns:nite="http://nite.sourceforge.net/">
   <ae nite:id="ES2013c.A.argumentstructs.Rutger.1">
      <nite:pointer role="type"  href="ae-types.xml#id(ae_4)"/>
      <nite:child href="ES2013c.A.words.xml#id(ES2013c.A.words1018)..id(ES2013c.A.words1175)"/>
   </ae>
   <ae nite:id="ES2013c.A.argumentstructs.Rutger.2">
      <nite:pointer role="type"  href="ae-types.xml#id(ae_1)"/>
      <nite:child href="ES2013c.A.words.xml#id(ES2013c.A.words1176)..id(ES2013c.A.words1177)"/>
   </ae>
   <ae nite:id="ES2013c.A.argumentstructs.Rutger.3">
      <nite:pointer role="type"  href="ae-types.xml#id(ae_5)"/>
      <nite:child href="ES2013c.A.words.xml#id(ES2013c.A.words1178)..id(ES2013c.A.words1191)"/>
   </ae>
   <ae nite:id="ES2013c.A.argumentstructs.Rutger.4">
      <nite:pointer role="type"  href="ae-types.xml#id(ae_1)"/>
      <nite:child href="ES2013c.A.words.xml#id(ES2013c.A.words1196)..id(ES2013c.A.words1210)"/>
   </ae>
   <ae nite:id="ES2013c.A.argumentstructs.5">
      <nite:pointer role="type"  href="ae-types.xml#id(ae_6)"/>
      <nite:child href="ES2013c.A.words.xml#id(ES2013c.A.words1192)..id(ES2013c.A.words1195)"/>
   </ae>
   <ae nite:id="ES2013c.A.argumentstructs.6">
      <nite:pointer role="type"  href="ae-types.xml#id(ae_6)"/>
      <nite:child href="ES2013c.A.words.xml#id(ES2013c.A.words1211)..id(ES2013c.A.words1213)"/>
      <nite:child href="ES2013c.A.words.xml#id(ES2013c.A.words1215)..id(ES2013c.A.words1224)"/>
   </ae>
</nite:root>