<?xml version="1.0" encoding="ISO-8859-1" standalone="yes"?>
<nite:root nite:id="ES2014b.B.argumentstructs" xmlns:nite="http://nite.sourceforge.net/">
   <ae nite:id="ES2014b.B.argumentstructs.Rutger.1">
      <nite:pointer role="type"  href="ae-types.xml#id(ae_1)"/>
      <nite:child href="ES2014b.B.words.xml#id(ES2014b.B.words867)..id(ES2014b.B.words888)"/>
   </ae>
   <ae nite:id="ES2014b.B.argumentstructs.Rutger.3">
      <nite:pointer role="type"  href="ae-types.xml#id(ae_1)"/>
      <nite:child href="ES2014b.B.words.xml#id(ES2014b.B.words895)..id(ES2014b.B.words898)"/>
   </ae>
   <ae nite:id="ES2014b.B.argumentstructs.Rutger.4">
      <nite:pointer role="type"  href="ae-types.xml#id(ae_1)"/>
      <nite:child href="ES2014b.B.words.xml#id(ES2014b.B.words899)..id(ES2014b.B.words945)"/>
   </ae>
   <ae nite:id="ES2014b.B.argumentstructs.Rutger.5">
      <nite:pointer role="type"  href="ae-types.xml#id(ae_1)"/>
      <nite:child href="ES2014b.B.words.xml#id(ES2014b.B.words948)..id(ES2014b.B.words961)"/>
   </ae>
   <ae nite:id="ES2014b.B.argumentstructs.Rutger.6">
      <nite:pointer role="type"  href="ae-types.xml#id(ae_1)"/>
      <nite:child href="ES2014b.B.words.xml#id(ES2014b.B.words1072)..id(ES2014b.B.words1094)"/>
   </ae>
   <ae nite:id="ES2014b.B.argumentstructs.Rutger.7">
      <nite:pointer role="type"  href="ae-types.xml#id(ae_5)"/>
      <nite:child href="ES2014b.B.words.xml#id(ES2014b.B.words1095)..id(ES2014b.B.words1101)"/>
   </ae>
   <ae nite:id="ES2014b.B.argumentstructs.Rutger.8">
      <nite:pointer role="type"  href="ae-types.xml#id(ae_1)"/>
      <nite:child href="ES2014b.B.words.xml#id(ES2014b.B.words1102)..id(ES2014b.B.words1186)"/>
   </ae>
   <ae nite:id="ES2014b.B.argumentstructs.Rutger.9">
      <nite:pointer role="type"  href="ae-types.xml#id(ae_1)"/>
      <nite:child href="ES2014b.B.words.xml#id(ES2014b.B.words1193)..id(ES2014b.B.words1194)"/>
   </ae>
   <ae nite:id="ES2014b.B.argumentstructs.Rutger.11">
      <nite:pointer role="type"  href="ae-types.xml#id(ae_5)"/>
      <nite:child href="ES2014b.B.words.xml#id(ES2014b.B.words1218)..id(ES2014b.B.words1221)"/>
   </ae>
   <ae nite:id="ES2014b.B.argumentstructs.Rutger.12">
      <nite:pointer role="type"  href="ae-types.xml#id(ae_1)"/>
      <nite:child href="ES2014b.B.words.xml#id(ES2014b.B.words1224)..id(ES2014b.B.words1242)"/>
   </ae>
   <ae nite:id="ES2014b.B.argumentstructs.Rutger.13">
      <nite:pointer role="type"  href="ae-types.xml#id(ae_1)"/>
      <nite:child href="ES2014b.B.words.xml#id(ES2014b.B.words1261)..id(ES2014b.B.words1281)"/>
   </ae>
   <ae nite:id="ES2014b.B.argumentstructs.Rutger.14">
      <nite:pointer role="type"  href="ae-types.xml#id(ae_1)"/>
      <nite:child href="ES2014b.B.words.xml#id(ES2014b.B.words1284)..id(ES2014b.B.words1285)"/>
   </ae>
   <ae nite:id="ES2014b.B.argumentstructs.Rutger.15">
      <nite:pointer role="type"  href="ae-types.xml#id(ae_1)"/>
      <nite:child href="ES2014b.B.words.xml#id(ES2014b.B.words1296)..id(ES2014b.B.words1323)"/>
   </ae>
   <ae nite:id="ES2014b.B.argumentstructs.16">
      <nite:pointer role="type"  href="ae-types.xml#id(ae_6)"/>
      <nite:child href="ES2014b.B.words.xml#id(ES2014b.B.words890)..id(ES2014b.B.words891)"/>
   </ae>
   <ae nite:id="ES2014b.B.argumentstructs.17">
      <nite:pointer role="type"  href="ae-types.xml#id(ae_6)"/>
      <nite:child href="ES2014b.B.words.xml#id(ES2014b.B.words946)..id(ES2014b.B.words947)"/>
   </ae>
   <ae nite:id="ES2014b.B.argumentstructs.18">
      <nite:pointer role="type"  href="ae-types.xml#id(ae_6)"/>
      <nite:child href="ES2014b.B.words.xml#id(ES2014b.B.words962)..id(ES2014b.B.words963)"/>
   </ae>
   <ae nite:id="ES2014b.B.argumentstructs.19">
      <nite:pointer role="type"  href="ae-types.xml#id(ae_6)"/>
      <nite:child href="ES2014b.B.words.xml#id(ES2014b.B.words1063)..id(ES2014b.B.words1071)"/>
   </ae>
   <ae nite:id="ES2014b.B.argumentstructs.20">
      <nite:pointer role="type"  href="ae-types.xml#id(ae_6)"/>
      <nite:child href="ES2014b.B.words.xml#id(ES2014b.B.words1187)..id(ES2014b.B.words1192)"/>
   </ae>
   <ae nite:id="ES2014b.B.argumentstructs.21">
      <nite:pointer role="type"  href="ae-types.xml#id(ae_6)"/>
      <nite:child href="ES2014b.B.words.xml#id(ES2014b.B.words1195)..id(ES2014b.B.words1206)"/>
      <nite:child href="ES2014b.B.words.xml#id(ES2014b.B.words1208)..id(ES2014b.B.words1217)"/>
   </ae>
   <ae nite:id="ES2014b.B.argumentstructs.22">
      <nite:pointer role="type"  href="ae-types.xml#id(ae_6)"/>
      <nite:child href="ES2014b.B.words.xml#id(ES2014b.B.words1222)..id(ES2014b.B.words1223)"/>
   </ae>
   <ae nite:id="ES2014b.B.argumentstructs.23">
      <nite:pointer role="type"  href="ae-types.xml#id(ae_6)"/>
      <nite:child href="ES2014b.B.words.xml#id(ES2014b.B.words1245)..id(ES2014b.B.words1255)"/>
      <nite:child href="ES2014b.B.words.xml#id(ES2014b.B.words1257)..id(ES2014b.B.words1260)"/>
   </ae>
   <ae nite:id="ES2014b.B.argumentstructs.24">
      <nite:pointer role="type"  href="ae-types.xml#id(ae_6)"/>
      <nite:child href="ES2014b.B.words.xml#id(ES2014b.B.words1282)..id(ES2014b.B.words1283)"/>
   </ae>
   <ae nite:id="ES2014b.B.argumentstructs.25">
      <nite:pointer role="type"  href="ae-types.xml#id(ae_6)"/>
      <nite:child href="ES2014b.B.words.xml#id(ES2014b.B.words1286)..id(ES2014b.B.words1293)"/>
   </ae>
   <ae nite:id="ES2014b.B.argumentstructs.26">
      <nite:pointer role="type"  href="ae-types.xml#id(ae_6)"/>
      <nite:child href="ES2014b.B.words.xml#id(ES2014b.B.words1324)..id(ES2014b.B.words1327)"/>
   </ae>
</nite:root>