<?xml version="1.0" encoding="ISO-8859-1" standalone="yes"?>
<nite:root nite:id="ES2015d.C.argumentstructs" xmlns:nite="http://nite.sourceforge.net/">
   <ae nite:id="ES2015d.C.argumentstructs.Rutger.1">
      <nite:pointer role="type"  href="ae-types.xml#id(ae_1)"/>
      <nite:child href="ES2015d.C.words.xml#id(ES2015d.C.words466)..id(ES2015d.C.words467)"/>
   </ae>
   <ae nite:id="ES2015d.C.argumentstructs.Rutger.2">
      <nite:pointer role="type"  href="ae-types.xml#id(ae_1)"/>
      <nite:child href="ES2015d.C.words.xml#id(ES2015d.C.words468)..id(ES2015d.C.words469)"/>
   </ae>
   <ae nite:id="ES2015d.C.argumentstructs.Rutger.3">
      <nite:pointer role="type"  href="ae-types.xml#id(ae_1)"/>
      <nite:child href="ES2015d.C.words.xml#id(ES2015d.C.words470)..id(ES2015d.C.words477)"/>
   </ae>
   <ae nite:id="ES2015d.C.argumentstructs.Rutger.4">
      <nite:pointer role="type"  href="ae-types.xml#id(ae_1)"/>
      <nite:child href="ES2015d.C.words.xml#id(ES2015d.C.words478)..id(ES2015d.C.words506)"/>
   </ae>
   <ae nite:id="ES2015d.C.argumentstructs.Rutger.5">
      <nite:pointer role="type"  href="ae-types.xml#id(ae_1)"/>
      <nite:child href="ES2015d.C.words.xml#id(ES2015d.C.words507)..id(ES2015d.C.words515)"/>
   </ae>
   <ae nite:id="ES2015d.C.argumentstructs.Rutger.6">
      <nite:pointer role="type"  href="ae-types.xml#id(ae_1)"/>
      <nite:child href="ES2015d.C.words.xml#id(ES2015d.C.words520)..id(ES2015d.C.words521)"/>
   </ae>
   <ae nite:id="ES2015d.C.argumentstructs.Rutger.7">
      <nite:pointer role="type"  href="ae-types.xml#id(ae_1)"/>
      <nite:child href="ES2015d.C.words.xml#id(ES2015d.C.words523)..id(ES2015d.C.words534)"/>
   </ae>
   <ae nite:id="ES2015d.C.argumentstructs.Rutger.8">
      <nite:pointer role="type"  href="ae-types.xml#id(ae_1)"/>
      <nite:child href="ES2015d.C.words.xml#id(ES2015d.C.words535)..id(ES2015d.C.words542)"/>
   </ae>
   <ae nite:id="ES2015d.C.argumentstructs.Rutger.9">
      <nite:pointer role="type"  href="ae-types.xml#id(ae_1)"/>
      <nite:child href="ES2015d.C.words.xml#id(ES2015d.C.words589)..id(ES2015d.C.words592)"/>
   </ae>
   <ae nite:id="ES2015d.C.argumentstructs.Rutger.10">
      <nite:pointer role="type"  href="ae-types.xml#id(ae_1)"/>
      <nite:child href="ES2015d.C.words.xml#id(ES2015d.C.words593)..id(ES2015d.C.words594)"/>
   </ae>
   <ae nite:id="ES2015d.C.argumentstructs.Rutger.11">
      <nite:pointer role="type"  href="ae-types.xml#id(ae_1)"/>
      <nite:child href="ES2015d.C.words.xml#id(ES2015d.C.words598)..id(ES2015d.C.words609)"/>
   </ae>
   <ae nite:id="ES2015d.C.argumentstructs.Rutger.12">
      <nite:pointer role="type"  href="ae-types.xml#id(ae_1)"/>
      <nite:child href="ES2015d.C.words.xml#id(ES2015d.C.words610)..id(ES2015d.C.words612)"/>
   </ae>
   <ae nite:id="ES2015d.C.argumentstructs.Rutger.13">
      <nite:pointer role="type"  href="ae-types.xml#id(ae_5)"/>
      <nite:child href="ES2015d.C.words.xml#id(ES2015d.C.words613)..id(ES2015d.C.words648)"/>
   </ae>
   <ae nite:id="ES2015d.C.argumentstructs.Rutger.14">
      <nite:pointer role="type"  href="ae-types.xml#id(ae_1)"/>
      <nite:child href="ES2015d.C.words.xml#id(ES2015d.C.words649)..id(ES2015d.C.words662)"/>
   </ae>
   <ae nite:id="ES2015d.C.argumentstructs.Rutger.15">
      <nite:pointer role="type"  href="ae-types.xml#id(ae_1)"/>
      <nite:child href="ES2015d.C.words.xml#id(ES2015d.C.words663)..id(ES2015d.C.words665)"/>
   </ae>
   <ae nite:id="ES2015d.C.argumentstructs.Rutger.16">
      <nite:pointer role="type"  href="ae-types.xml#id(ae_1)"/>
      <nite:child href="ES2015d.C.words.xml#id(ES2015d.C.words666)..id(ES2015d.C.words672)"/>
   </ae>
   <ae nite:id="ES2015d.C.argumentstructs.Rutger.17">
      <nite:pointer role="type"  href="ae-types.xml#id(ae_1)"/>
      <nite:child href="ES2015d.C.words.xml#id(ES2015d.C.words673)"/>
   </ae>
   <ae nite:id="ES2015d.C.argumentstructs.Rutger.18">
      <nite:pointer role="type"  href="ae-types.xml#id(ae_1)"/>
      <nite:child href="ES2015d.C.words.xml#id(ES2015d.C.words676)..id(ES2015d.C.words692)"/>
   </ae>
   <ae nite:id="ES2015d.C.argumentstructs.Rutger.19">
      <nite:pointer role="type"  href="ae-types.xml#id(ae_1)"/>
      <nite:child href="ES2015d.C.words.xml#id(ES2015d.C.words693)..id(ES2015d.C.words694)"/>
   </ae>
   <ae nite:id="ES2015d.C.argumentstructs.Rutger.20">
      <nite:pointer role="type"  href="ae-types.xml#id(ae_1)"/>
      <nite:child href="ES2015d.C.words.xml#id(ES2015d.C.words695)..id(ES2015d.C.words696)"/>
   </ae>
   <ae nite:id="ES2015d.C.argumentstructs.Rutger.21">
      <nite:pointer role="type"  href="ae-types.xml#id(ae_1)"/>
      <nite:child href="ES2015d.C.words.xml#id(ES2015d.C.words697)..id(ES2015d.C.words749)"/>
   </ae>
   <ae nite:id="ES2015d.C.argumentstructs.Rutger.22">
      <nite:pointer role="type"  href="ae-types.xml#id(ae_1)"/>
      <nite:child href="ES2015d.C.words.xml#id(ES2015d.C.words750)..id(ES2015d.C.words762)"/>
   </ae>
   <ae nite:id="ES2015d.C.argumentstructs.Rutger.23">
      <nite:pointer role="type"  href="ae-types.xml#id(ae_1)"/>
      <nite:child href="ES2015d.C.words.xml#id(ES2015d.C.words763)..id(ES2015d.C.words780)"/>
   </ae>
   <ae nite:id="ES2015d.C.argumentstructs.Rutger.24">
      <nite:pointer role="type"  href="ae-types.xml#id(ae_5)"/>
      <nite:child href="ES2015d.C.words.xml#id(ES2015d.C.words781)..id(ES2015d.C.words798)"/>
   </ae>
   <ae nite:id="ES2015d.C.argumentstructs.Rutger.25">
      <nite:pointer role="type"  href="ae-types.xml#id(ae_1)"/>
      <nite:child href="ES2015d.C.words.xml#id(ES2015d.C.words799)..id(ES2015d.C.words800)"/>
   </ae>
   <ae nite:id="ES2015d.C.argumentstructs.26">
      <nite:pointer role="type"  href="ae-types.xml#id(ae_6)"/>
      <nite:child href="ES2015d.C.words.xml#id(ES2015d.C.words462)..id(ES2015d.C.words464)"/>
   </ae>
   <ae nite:id="ES2015d.C.argumentstructs.27">
      <nite:pointer role="type"  href="ae-types.xml#id(ae_6)"/>
      <nite:child href="ES2015d.C.words.xml#id(ES2015d.C.words516)..id(ES2015d.C.words518)"/>
   </ae>
   <ae nite:id="ES2015d.C.argumentstructs.28">
      <nite:pointer role="type"  href="ae-types.xml#id(ae_6)"/>
      <nite:child href="ES2015d.C.words.xml#id(ES2015d.C.words543)..id(ES2015d.C.words544)"/>
   </ae>
   <ae nite:id="ES2015d.C.argumentstructs.29">
      <nite:pointer role="type"  href="ae-types.xml#id(ae_6)"/>
      <nite:child href="ES2015d.C.words.xml#id(ES2015d.C.words595)..id(ES2015d.C.words596)"/>
   </ae>
   <ae nite:id="ES2015d.C.argumentstructs.30">
      <nite:pointer role="type"  href="ae-types.xml#id(ae_6)"/>
      <nite:child href="ES2015d.C.words.xml#id(ES2015d.C.words674)"/>
   </ae>
   <ae nite:id="ES2015d.C.argumentstructs.31">
      <nite:pointer role="type"  href="ae-types.xml#id(ae_6)"/>
      <nite:child href="ES2015d.C.words.xml#id(ES2015d.C.words802)..id(ES2015d.C.words814)"/>
      <nite:child href="ES2015d.C.words.xml#id(ES2015d.C.words816)..id(ES2015d.C.words817)"/>
   </ae>
</nite:root>