<?xml version="1.0" encoding="ISO-8859-1" standalone="yes"?>
<nite:root nite:id="ES2009c.D.argumentstructs" xmlns:nite="http://nite.sourceforge.net/">
   <ae nite:id="ES2009c.D.argumentstructs.Erik.1">
      <nite:pointer role="type"  href="ae-types.xml#id(ae_1)"/>
      <nite:child href="ES2009c.D.words.xml#id(ES2009c.D.words646)..id(ES2009c.D.words668)"/>
   </ae>
   <ae nite:id="ES2009c.D.argumentstructs.Erik.2">
      <nite:pointer role="type"  href="ae-types.xml#id(ae_5)"/>
      <nite:child href="ES2009c.D.words.xml#id(ES2009c.D.words669)..id(ES2009c.D.words693)"/>
   </ae>
   <ae nite:id="ES2009c.D.argumentstructs.Erik.3">
      <nite:pointer role="type"  href="ae-types.xml#id(ae_3)"/>
      <nite:child href="ES2009c.D.words.xml#id(ES2009c.D.words694)..id(ES2009c.D.words695)"/>
   </ae>
   <ae nite:id="ES2009c.D.argumentstructs.Erik.4">
      <nite:pointer role="type"  href="ae-types.xml#id(ae_1)"/>
      <nite:child href="ES2009c.D.words.xml#id(ES2009c.D.words696)..id(ES2009c.D.words697)"/>
   </ae>
   <ae nite:id="ES2009c.D.argumentstructs.Erik.5">
      <nite:pointer role="type"  href="ae-types.xml#id(ae_5)"/>
      <nite:child href="ES2009c.D.words.xml#id(ES2009c.D.words701)..id(ES2009c.D.words722)"/>
   </ae>
   <ae nite:id="ES2009c.D.argumentstructs.Erik.6">
      <nite:pointer role="type"  href="ae-types.xml#id(ae_1)"/>
      <nite:child href="ES2009c.D.words.xml#id(ES2009c.D.words723)..id(ES2009c.D.words724)"/>
   </ae>
   <ae nite:id="ES2009c.D.argumentstructs.Erik.7">
      <nite:pointer role="type"  href="ae-types.xml#id(ae_5)"/>
      <nite:child href="ES2009c.D.words.xml#id(ES2009c.D.words725)..id(ES2009c.D.words729)"/>
   </ae>
   <ae nite:id="ES2009c.D.argumentstructs.Erik.8">
      <nite:pointer role="type"  href="ae-types.xml#id(ae_1)"/>
      <nite:child href="ES2009c.D.words.xml#id(ES2009c.D.words734)..id(ES2009c.D.words764)"/>
   </ae>
   <ae nite:id="ES2009c.D.argumentstructs.Erik.9">
      <nite:pointer role="type"  href="ae-types.xml#id(ae_1)"/>
      <nite:child href="ES2009c.D.words.xml#id(ES2009c.D.words765)..id(ES2009c.D.words766)"/>
   </ae>
   <ae nite:id="ES2009c.D.argumentstructs.Erik.10">
      <nite:pointer role="type"  href="ae-types.xml#id(ae_1)"/>
      <nite:child href="ES2009c.D.words.xml#id(ES2009c.D.words767)..id(ES2009c.D.words768)"/>
   </ae>
   <ae nite:id="ES2009c.D.argumentstructs.Erik.11">
      <nite:pointer role="type"  href="ae-types.xml#id(ae_1)"/>
      <nite:child href="ES2009c.D.words.xml#id(ES2009c.D.words769)..id(ES2009c.D.words770)"/>
   </ae>
   <ae nite:id="ES2009c.D.argumentstructs.Erik.12">
      <nite:pointer role="type"  href="ae-types.xml#id(ae_1)"/>
      <nite:child href="ES2009c.D.words.xml#id(ES2009c.D.words771)..id(ES2009c.D.words778)"/>
   </ae>
   <ae nite:id="ES2009c.D.argumentstructs.Erik.13">
      <nite:pointer role="type"  href="ae-types.xml#id(ae_1)"/>
      <nite:child href="ES2009c.D.words.xml#id(ES2009c.D.words779)..id(ES2009c.D.words801)"/>
   </ae>
   <ae nite:id="ES2009c.D.argumentstructs.Erik.14">
      <nite:pointer role="type"  href="ae-types.xml#id(ae_1)"/>
      <nite:child href="ES2009c.D.words.xml#id(ES2009c.D.words802)..id(ES2009c.D.words803)"/>
   </ae>
   <ae nite:id="ES2009c.D.argumentstructs.Erik.15">
      <nite:pointer role="type"  href="ae-types.xml#id(ae_1)"/>
      <nite:child href="ES2009c.D.words.xml#id(ES2009c.D.words814)..id(ES2009c.D.words819)"/>
   </ae>
   <ae nite:id="ES2009c.D.argumentstructs.Erik.16">
      <nite:pointer role="type"  href="ae-types.xml#id(ae_1)"/>
      <nite:child href="ES2009c.D.words.xml#id(ES2009c.D.words820)..id(ES2009c.D.words831)"/>
   </ae>
   <ae nite:id="ES2009c.D.argumentstructs.Erik.17">
      <nite:pointer role="type"  href="ae-types.xml#id(ae_1)"/>
      <nite:child href="ES2009c.D.words.xml#id(ES2009c.D.words832)..id(ES2009c.D.words841)"/>
   </ae>
   <ae nite:id="ES2009c.D.argumentstructs.Erik.18">
      <nite:pointer role="type"  href="ae-types.xml#id(ae_1)"/>
      <nite:child href="ES2009c.D.words.xml#id(ES2009c.D.words842)..id(ES2009c.D.words843)"/>
   </ae>
   <ae nite:id="ES2009c.D.argumentstructs.Erik.19">
      <nite:pointer role="type"  href="ae-types.xml#id(ae_1)"/>
      <nite:child href="ES2009c.D.words.xml#id(ES2009c.D.words844)..id(ES2009c.D.words850)"/>
   </ae>
   <ae nite:id="ES2009c.D.argumentstructs.Erik.20">
      <nite:pointer role="type"  href="ae-types.xml#id(ae_1)"/>
      <nite:child href="ES2009c.D.words.xml#id(ES2009c.D.words851)..id(ES2009c.D.words853)"/>
   </ae>
   <ae nite:id="ES2009c.D.argumentstructs.Erik.21">
      <nite:pointer role="type"  href="ae-types.xml#id(ae_1)"/>
      <nite:child href="ES2009c.D.words.xml#id(ES2009c.D.words906)..id(ES2009c.D.words935)"/>
   </ae>
   <ae nite:id="ES2009c.D.argumentstructs.Erik.22">
      <nite:pointer role="type"  href="ae-types.xml#id(ae_1)"/>
      <nite:child href="ES2009c.D.words.xml#id(ES2009c.D.words937)..id(ES2009c.D.words938)"/>
   </ae>
   <ae nite:id="ES2009c.D.argumentstructs.Erik.23">
      <nite:pointer role="type"  href="ae-types.xml#id(ae_1)"/>
      <nite:child href="ES2009c.D.words.xml#id(ES2009c.D.words939)..id(ES2009c.D.words940)"/>
   </ae>
   <ae nite:id="ES2009c.D.argumentstructs.Erik.24">
      <nite:pointer role="type"  href="ae-types.xml#id(ae_1)"/>
      <nite:child href="ES2009c.D.words.xml#id(ES2009c.D.words953)..id(ES2009c.D.words994)"/>
   </ae>
   <ae nite:id="ES2009c.D.argumentstructs.Erik.25">
      <nite:pointer role="type"  href="ae-types.xml#id(ae_1)"/>
      <nite:child href="ES2009c.D.words.xml#id(ES2009c.D.words997)..id(ES2009c.D.words999)"/>
   </ae>
   <ae nite:id="ES2009c.D.argumentstructs.Erik.26">
      <nite:pointer role="type"  href="ae-types.xml#id(ae_1)"/>
      <nite:child href="ES2009c.D.words.xml#id(ES2009c.D.words1002)..id(ES2009c.D.words1030)"/>
   </ae>
   <ae nite:id="ES2009c.D.argumentstructs.Erik.27">
      <nite:pointer role="type"  href="ae-types.xml#id(ae_1)"/>
      <nite:child href="ES2009c.D.words.xml#id(ES2009c.D.words1031)..id(ES2009c.D.words1037)"/>
   </ae>
   <ae nite:id="ES2009c.D.argumentstructs.Erik.28">
      <nite:pointer role="type"  href="ae-types.xml#id(ae_1)"/>
      <nite:child href="ES2009c.D.words.xml#id(ES2009c.D.words1038)..id(ES2009c.D.words1066)"/>
   </ae>
   <ae nite:id="ES2009c.D.argumentstructs.Erik.29">
      <nite:pointer role="type"  href="ae-types.xml#id(ae_1)"/>
      <nite:child href="ES2009c.D.words.xml#id(ES2009c.D.words1138)..id(ES2009c.D.words1139)"/>
   </ae>
   <ae nite:id="ES2009c.D.argumentstructs.Erik.30">
      <nite:pointer role="type"  href="ae-types.xml#id(ae_1)"/>
      <nite:child href="ES2009c.D.words.xml#id(ES2009c.D.words1140)..id(ES2009c.D.words1159)"/>
   </ae>
   <ae nite:id="ES2009c.D.argumentstructs.Erik.31">
      <nite:pointer role="type"  href="ae-types.xml#id(ae_1)"/>
      <nite:child href="ES2009c.D.words.xml#id(ES2009c.D.words1160)..id(ES2009c.D.words1194)"/>
   </ae>
   <ae nite:id="ES2009c.D.argumentstructs.Erik.32">
      <nite:pointer role="type"  href="ae-types.xml#id(ae_1)"/>
      <nite:child href="ES2009c.D.words.xml#id(ES2009c.D.words1199)..id(ES2009c.D.words1200)"/>
   </ae>
   <ae nite:id="ES2009c.D.argumentstructs.Erik.33">
      <nite:pointer role="type"  href="ae-types.xml#id(ae_1)"/>
      <nite:child href="ES2009c.D.words.xml#id(ES2009c.D.words1208)..id(ES2009c.D.words1209)"/>
   </ae>
   <ae nite:id="ES2009c.D.argumentstructs.Erik.34">
      <nite:pointer role="type"  href="ae-types.xml#id(ae_1)"/>
      <nite:child href="ES2009c.D.words.xml#id(ES2009c.D.words1210)..id(ES2009c.D.words1213)"/>
   </ae>
   <ae nite:id="ES2009c.D.argumentstructs.35">
      <nite:pointer role="type"  href="ae-types.xml#id(ae_6)"/>
      <nite:child href="ES2009c.D.words.xml#id(ES2009c.D.words699)..id(ES2009c.D.words700)"/>
   </ae>
   <ae nite:id="ES2009c.D.argumentstructs.36">
      <nite:pointer role="type"  href="ae-types.xml#id(ae_6)"/>
      <nite:child href="ES2009c.D.words.xml#id(ES2009c.D.words730)..id(ES2009c.D.words731)"/>
   </ae>
   <ae nite:id="ES2009c.D.argumentstructs.37">
      <nite:pointer role="type"  href="ae-types.xml#id(ae_6)"/>
      <nite:child href="ES2009c.D.words.xml#id(ES2009c.D.words854)..id(ES2009c.D.words905)"/>
   </ae>
   <ae nite:id="ES2009c.D.argumentstructs.38">
      <nite:pointer role="type"  href="ae-types.xml#id(ae_6)"/>
      <nite:child href="ES2009c.D.words.xml#id(ES2009c.D.words941)..id(ES2009c.D.words952)"/>
   </ae>
   <ae nite:id="ES2009c.D.argumentstructs.39">
      <nite:pointer role="type"  href="ae-types.xml#id(ae_6)"/>
      <nite:child href="ES2009c.D.words.xml#id(ES2009c.D.words995)..id(ES2009c.D.words996)"/>
   </ae>
   <ae nite:id="ES2009c.D.argumentstructs.40">
      <nite:pointer role="type"  href="ae-types.xml#id(ae_6)"/>
      <nite:child href="ES2009c.D.words.xml#id(ES2009c.D.words1000)..id(ES2009c.D.words1001)"/>
   </ae>
   <ae nite:id="ES2009c.D.argumentstructs.41">
      <nite:pointer role="type"  href="ae-types.xml#id(ae_6)"/>
      <nite:child href="ES2009c.D.words.xml#id(ES2009c.D.words1136)"/>
   </ae>
   <ae nite:id="ES2009c.D.argumentstructs.42">
      <nite:pointer role="type"  href="ae-types.xml#id(ae_6)"/>
      <nite:child href="ES2009c.D.words.xml#id(ES2009c.D.words1195)..id(ES2009c.D.words1198)"/>
   </ae>
   <ae nite:id="ES2009c.D.argumentstructs.43">
      <nite:pointer role="type"  href="ae-types.xml#id(ae_6)"/>
      <nite:child href="ES2009c.D.words.xml#id(ES2009c.D.words1201)..id(ES2009c.D.words1207)"/>
   </ae>
</nite:root>