<?xml version="1.0" encoding="ISO-8859-1" standalone="yes"?>
<nite:root nite:id="ES2006d.B.argumentstructs" xmlns:nite="http://nite.sourceforge.net/">
   <ae nite:id="ES2006d.B.argumentstructs.Erik.1">
      <nite:pointer role="type"  href="ae-types.xml#id(ae_1)"/>
      <nite:child href="ES2006d.B.words.xml#id(ES2006d.B.words759)..id(ES2006d.B.words760)"/>
   </ae>
   <ae nite:id="ES2006d.B.argumentstructs.Erik.2">
      <nite:pointer role="type"  href="ae-types.xml#id(ae_1)"/>
      <nite:child href="ES2006d.B.words.xml#id(ES2006d.B.words761)..id(ES2006d.B.words764)"/>
   </ae>
   <ae nite:id="ES2006d.B.argumentstructs.Erik.3">
      <nite:pointer role="type"  href="ae-types.xml#id(ae_1)"/>
      <nite:child href="ES2006d.B.words.xml#id(ES2006d.B.words765)..id(ES2006d.B.words776)"/>
   </ae>
   <ae nite:id="ES2006d.B.argumentstructs.Erik.4">
      <nite:pointer role="type"  href="ae-types.xml#id(ae_1)"/>
      <nite:child href="ES2006d.B.words.xml#id(ES2006d.B.words777)..id(ES2006d.B.words779)"/>
   </ae>
   <ae nite:id="ES2006d.B.argumentstructs.Erik.5">
      <nite:pointer role="type"  href="ae-types.xml#id(ae_5)"/>
      <nite:child href="ES2006d.B.words.xml#id(ES2006d.B.words780)..id(ES2006d.B.words790)"/>
   </ae>
   <ae nite:id="ES2006d.B.argumentstructs.Erik.6">
      <nite:pointer role="type"  href="ae-types.xml#id(ae_5)"/>
      <nite:child href="ES2006d.B.words.xml#id(ES2006d.B.words793)..id(ES2006d.B.words801)"/>
   </ae>
   <ae nite:id="ES2006d.B.argumentstructs.Erik.7">
      <nite:pointer role="type"  href="ae-types.xml#id(ae_1)"/>
      <nite:child href="ES2006d.B.words.xml#id(ES2006d.B.words802)..id(ES2006d.B.words827)"/>
   </ae>
   <ae nite:id="ES2006d.B.argumentstructs.Erik.8">
      <nite:pointer role="type"  href="ae-types.xml#id(ae_1)"/>
      <nite:child href="ES2006d.B.words.xml#id(ES2006d.B.words1160)..id(ES2006d.B.words1167)"/>
   </ae>
   <ae nite:id="ES2006d.B.argumentstructs.Erik.9">
      <nite:pointer role="type"  href="ae-types.xml#id(ae_1)"/>
      <nite:child href="ES2006d.B.words.xml#id(ES2006d.B.words1168)..id(ES2006d.B.words1184)"/>
   </ae>
   <ae nite:id="ES2006d.B.argumentstructs.Erik.10">
      <nite:pointer role="type"  href="ae-types.xml#id(ae_5)"/>
      <nite:child href="ES2006d.B.words.xml#id(ES2006d.B.words1187)..id(ES2006d.B.words1196)"/>
   </ae>
   <ae nite:id="ES2006d.B.argumentstructs.Erik.11">
      <nite:pointer role="type"  href="ae-types.xml#id(ae_1)"/>
      <nite:child href="ES2006d.B.words.xml#id(ES2006d.B.words1197)..id(ES2006d.B.words1204)"/>
   </ae>
   <ae nite:id="ES2006d.B.argumentstructs.Erik.12">
      <nite:pointer role="type"  href="ae-types.xml#id(ae_5)"/>
      <nite:child href="ES2006d.B.words.xml#id(ES2006d.B.words1205)..id(ES2006d.B.words1233)"/>
   </ae>
   <ae nite:id="ES2006d.B.argumentstructs.Erik.13">
      <nite:pointer role="type"  href="ae-types.xml#id(ae_1)"/>
      <nite:child href="ES2006d.B.words.xml#id(ES2006d.B.words1234)..id(ES2006d.B.words1243)"/>
   </ae>
   <ae nite:id="ES2006d.B.argumentstructs.14">
      <nite:pointer role="type"  href="ae-types.xml#id(ae_6)"/>
      <nite:child href="ES2006d.B.words.xml#id(ES2006d.B.words791)"/>
   </ae>
   <ae nite:id="ES2006d.B.argumentstructs.15">
      <nite:pointer role="type"  href="ae-types.xml#id(ae_6)"/>
      <nite:child href="ES2006d.B.words.xml#id(ES2006d.B.words1186)"/>
   </ae>
</nite:root>