<?xml version="1.0" encoding="ISO-8859-1" standalone="yes"?>
<nite:root nite:id="ES2013c.C.argumentstructs" xmlns:nite="http://nite.sourceforge.net/">
   <ae nite:id="ES2013c.C.argumentstructs.Rutger.1">
      <nite:pointer role="type"  href="ae-types.xml#id(ae_1)"/>
      <nite:child href="ES2013c.C.words.xml#id(ES2013c.C.words1610)..id(ES2013c.C.words1648)"/>
   </ae>
   <ae nite:id="ES2013c.C.argumentstructs.Rutger.2">
      <nite:pointer role="type"  href="ae-types.xml#id(ae_1)"/>
      <nite:child href="ES2013c.C.words.xml#id(ES2013c.C.words1650)..id(ES2013c.C.words1672)"/>
   </ae>
   <ae nite:id="ES2013c.C.argumentstructs.Rutger.3">
      <nite:pointer role="type"  href="ae-types.xml#id(ae_1)"/>
      <nite:child href="ES2013c.C.words.xml#id(ES2013c.C.words1673)..id(ES2013c.C.words1694)"/>
   </ae>
   <ae nite:id="ES2013c.C.argumentstructs.Rutger.5">
      <nite:pointer role="type"  href="ae-types.xml#id(ae_1)"/>
      <nite:child href="ES2013c.C.words.xml#id(ES2013c.C.words1695)..id(ES2013c.C.words1705)"/>
   </ae>
   <ae nite:id="ES2013c.C.argumentstructs.Rutger.6">
      <nite:pointer role="type"  href="ae-types.xml#id(ae_1)"/>
      <nite:child href="ES2013c.C.words.xml#id(ES2013c.C.words1706)..id(ES2013c.C.words1715)"/>
   </ae>
   <ae nite:id="ES2013c.C.argumentstructs.7">
      <nite:pointer role="type"  href="ae-types.xml#id(ae_6)"/>
      <nite:child href="ES2013c.C.words.xml#id(ES2013c.C.words1649)"/>
   </ae>
</nite:root>