<?xml version="1.0" encoding="ISO-8859-1" standalone="yes"?>
<nite:root nite:id="ES2011d.D.argumentstructs" xmlns:nite="http://nite.sourceforge.net/">
   <ae nite:id="ES2011d.D.argumentstructs.Erik.1">
      <nite:pointer role="type"  href="ae-types.xml#id(ae_1)"/>
      <nite:child href="ES2011d.D.words.xml#id(ES2011d.D.words871)..id(ES2011d.D.words877)"/>
   </ae>
   <ae nite:id="ES2011d.D.argumentstructs.Erik.2">
      <nite:pointer role="type"  href="ae-types.xml#id(ae_5)"/>
      <nite:child href="ES2011d.D.words.xml#id(ES2011d.D.words878)..id(ES2011d.D.words888)"/>
   </ae>
   <ae nite:id="ES2011d.D.argumentstructs.Erik.3">
      <nite:pointer role="type"  href="ae-types.xml#id(ae_1)"/>
      <nite:child href="ES2011d.D.words.xml#id(ES2011d.D.words890)..id(ES2011d.D.words902)"/>
   </ae>
   <ae nite:id="ES2011d.D.argumentstructs.Erik.4">
      <nite:pointer role="type"  href="ae-types.xml#id(ae_1)"/>
      <nite:child href="ES2011d.D.words.xml#id(ES2011d.D.words903)..id(ES2011d.D.words904)"/>
   </ae>
</nite:root>