<?xml version="1.0" encoding="ISO-8859-1" standalone="yes"?>
<nite:root nite:id="ES2015c.D.argumentstructs" xmlns:nite="http://nite.sourceforge.net/">
   <ae nite:id="ES2015c.D.argumentstructs.Rutger.1">
      <nite:pointer role="type"  href="ae-types.xml#id(ae_1)"/>
      <nite:child href="ES2015c.D.words.xml#id(ES2015c.D.words14)..id(ES2015c.D.words19)"/>
   </ae>
   <ae nite:id="ES2015c.D.argumentstructs.Rutger.2">
      <nite:pointer role="type"  href="ae-types.xml#id(ae_1)"/>
      <nite:child href="ES2015c.D.words.xml#id(ES2015c.D.words20)..id(ES2015c.D.words21)"/>
   </ae>
   <ae nite:id="ES2015c.D.argumentstructs.Rutger.3">
      <nite:pointer role="type"  href="ae-types.xml#id(ae_1)"/>
      <nite:child href="ES2015c.D.words.xml#id(ES2015c.D.words22)..id(ES2015c.D.words43)"/>
   </ae>
   <ae nite:id="ES2015c.D.argumentstructs.Rutger.4">
      <nite:pointer role="type"  href="ae-types.xml#id(ae_1)"/>
      <nite:child href="ES2015c.D.words.xml#id(ES2015c.D.words44)..id(ES2015c.D.words45)"/>
   </ae>
   <ae nite:id="ES2015c.D.argumentstructs.Rutger.5">
      <nite:pointer role="type"  href="ae-types.xml#id(ae_1)"/>
      <nite:child href="ES2015c.D.words.xml#id(ES2015c.D.words50)..id(ES2015c.D.words62)"/>
   </ae>
   <ae nite:id="ES2015c.D.argumentstructs.Rutger.6">
      <nite:pointer role="type"  href="ae-types.xml#id(ae_1)"/>
      <nite:child href="ES2015c.D.words.xml#id(ES2015c.D.words63)..id(ES2015c.D.words86)"/>
   </ae>
   <ae nite:id="ES2015c.D.argumentstructs.Rutger.7">
      <nite:pointer role="type"  href="ae-types.xml#id(ae_1)"/>
      <nite:child href="ES2015c.D.words.xml#id(ES2015c.D.words87)..id(ES2015c.D.words117)"/>
   </ae>
   <ae nite:id="ES2015c.D.argumentstructs.Rutger.8">
      <nite:pointer role="type"  href="ae-types.xml#id(ae_5)"/>
      <nite:child href="ES2015c.D.words.xml#id(ES2015c.D.words120)..id(ES2015c.D.words128)"/>
   </ae>
   <ae nite:id="ES2015c.D.argumentstructs.Rutger.10">
      <nite:pointer role="type"  href="ae-types.xml#id(ae_2)"/>
      <nite:child href="ES2015c.D.words.xml#id(ES2015c.D.words142)..id(ES2015c.D.words159)"/>
   </ae>
   <ae nite:id="ES2015c.D.argumentstructs.Rutger.11">
      <nite:pointer role="type"  href="ae-types.xml#id(ae_1)"/>
      <nite:child href="ES2015c.D.words.xml#id(ES2015c.D.words160)..id(ES2015c.D.words161)"/>
   </ae>
   <ae nite:id="ES2015c.D.argumentstructs.Rutger.12">
      <nite:pointer role="type"  href="ae-types.xml#id(ae_1)"/>
      <nite:child href="ES2015c.D.words.xml#id(ES2015c.D.words201)..id(ES2015c.D.words257)"/>
   </ae>
   <ae nite:id="ES2015c.D.argumentstructs.Rutger.13">
      <nite:pointer role="type"  href="ae-types.xml#id(ae_5)"/>
      <nite:child href="ES2015c.D.words.xml#id(ES2015c.D.words258)..id(ES2015c.D.words266)"/>
   </ae>
   <ae nite:id="ES2015c.D.argumentstructs.Rutger.14">
      <nite:pointer role="type"  href="ae-types.xml#id(ae_1)"/>
      <nite:child href="ES2015c.D.words.xml#id(ES2015c.D.words276)..id(ES2015c.D.words277)"/>
   </ae>
   <ae nite:id="ES2015c.D.argumentstructs.Rutger.15">
      <nite:pointer role="type"  href="ae-types.xml#id(ae_1)"/>
      <nite:child href="ES2015c.D.words.xml#id(ES2015c.D.words307)..id(ES2015c.D.words320)"/>
   </ae>
   <ae nite:id="ES2015c.D.argumentstructs.Rutger.16">
      <nite:pointer role="type"  href="ae-types.xml#id(ae_1)"/>
      <nite:child href="ES2015c.D.words.xml#id(ES2015c.D.words321)..id(ES2015c.D.words322)"/>
   </ae>
   <ae nite:id="ES2015c.D.argumentstructs.Rutger.17">
      <nite:pointer role="type"  href="ae-types.xml#id(ae_1)"/>
      <nite:child href="ES2015c.D.words.xml#id(ES2015c.D.words323)..id(ES2015c.D.words324)"/>
   </ae>
   <ae nite:id="ES2015c.D.argumentstructs.Rutger.18">
      <nite:pointer role="type"  href="ae-types.xml#id(ae_1)"/>
      <nite:child href="ES2015c.D.words.xml#id(ES2015c.D.words327)..id(ES2015c.D.words337)"/>
   </ae>
   <ae nite:id="ES2015c.D.argumentstructs.Rutger.19">
      <nite:pointer role="type"  href="ae-types.xml#id(ae_2)"/>
      <nite:child href="ES2015c.D.words.xml#id(ES2015c.D.words750)..id(ES2015c.D.words805)"/>
   </ae>
   <ae nite:id="ES2015c.D.argumentstructs.Rutger.20">
      <nite:pointer role="type"  href="ae-types.xml#id(ae_1)"/>
      <nite:child href="ES2015c.D.words.xml#id(ES2015c.D.words806)..id(ES2015c.D.words833)"/>
   </ae>
   <ae nite:id="ES2015c.D.argumentstructs.Rutger.23">
      <nite:pointer role="type"  href="ae-types.xml#id(ae_1)"/>
      <nite:child href="ES2015c.D.words.xml#id(ES2015c.D.words838)..id(ES2015c.D.words867)"/>
   </ae>
   <ae nite:id="ES2015c.D.argumentstructs.Rutger.24">
      <nite:pointer role="type"  href="ae-types.xml#id(ae_1)"/>
      <nite:child href="ES2015c.D.words.xml#id(ES2015c.D.words891)..id(ES2015c.D.words894)"/>
   </ae>
   <ae nite:id="ES2015c.D.argumentstructs.Rutger.25">
      <nite:pointer role="type"  href="ae-types.xml#id(ae_1)"/>
      <nite:child href="ES2015c.D.words.xml#id(ES2015c.D.words895)..id(ES2015c.D.words896)"/>
   </ae>
   <ae nite:id="ES2015c.D.argumentstructs.Rutger.26">
      <nite:pointer role="type"  href="ae-types.xml#id(ae_1)"/>
      <nite:child href="ES2015c.D.words.xml#id(ES2015c.D.words901)..id(ES2015c.D.words907)"/>
   </ae>
   <ae nite:id="ES2015c.D.argumentstructs.Rutger.27">
      <nite:pointer role="type"  href="ae-types.xml#id(ae_2)"/>
      <nite:child href="ES2015c.D.words.xml#id(ES2015c.D.words909)..id(ES2015c.D.words913)"/>
   </ae>
   <ae nite:id="ES2015c.D.argumentstructs.Rutger.28">
      <nite:pointer role="type"  href="ae-types.xml#id(ae_1)"/>
      <nite:child href="ES2015c.D.words.xml#id(ES2015c.D.words914)..id(ES2015c.D.words965)"/>
   </ae>
   <ae nite:id="ES2015c.D.argumentstructs.Rutger.29">
      <nite:pointer role="type"  href="ae-types.xml#id(ae_1)"/>
      <nite:child href="ES2015c.D.words.xml#id(ES2015c.D.words966)..id(ES2015c.D.words999)"/>
   </ae>
   <ae nite:id="ES2015c.D.argumentstructs.Rutger.30">
      <nite:pointer role="type"  href="ae-types.xml#id(ae_5)"/>
      <nite:child href="ES2015c.D.words.xml#id(ES2015c.D.words1086)..id(ES2015c.D.words1108)"/>
   </ae>
   <ae nite:id="ES2015c.D.argumentstructs.Rutger.31">
      <nite:pointer role="type"  href="ae-types.xml#id(ae_5)"/>
      <nite:child href="ES2015c.D.words.xml#id(ES2015c.D.words1110)..id(ES2015c.D.words1118)"/>
   </ae>
   <ae nite:id="ES2015c.D.argumentstructs.Rutger.32">
      <nite:pointer role="type"  href="ae-types.xml#id(ae_1)"/>
      <nite:child href="ES2015c.D.words.xml#id(ES2015c.D.words1119)..id(ES2015c.D.words1171)"/>
   </ae>
   <ae nite:id="ES2015c.D.argumentstructs.Rutger.33">
      <nite:pointer role="type"  href="ae-types.xml#id(ae_1)"/>
      <nite:child href="ES2015c.D.words.xml#id(ES2015c.D.words1174)..id(ES2015c.D.words1242)"/>
   </ae>
   <ae nite:id="ES2015c.D.argumentstructs.Rutger.34">
      <nite:pointer role="type"  href="ae-types.xml#id(ae_1)"/>
      <nite:child href="ES2015c.D.words.xml#id(ES2015c.D.words1254)..id(ES2015c.D.words1301)"/>
   </ae>
   <ae nite:id="ES2015c.D.argumentstructs.Rutger.35">
      <nite:pointer role="type"  href="ae-types.xml#id(ae_1)"/>
      <nite:child href="ES2015c.D.words.xml#id(ES2015c.D.words1302)..id(ES2015c.D.words1303)"/>
   </ae>
   <ae nite:id="ES2015c.D.argumentstructs.Rutger.36">
      <nite:pointer role="type"  href="ae-types.xml#id(ae_1)"/>
      <nite:child href="ES2015c.D.words.xml#id(ES2015c.D.words1304)..id(ES2015c.D.words1305)"/>
   </ae>
   <ae nite:id="ES2015c.D.argumentstructs.37">
      <nite:pointer role="type"  href="ae-types.xml#id(ae_6)"/>
      <nite:child href="ES2015c.D.words.xml#id(ES2015c.D.words10)..id(ES2015c.D.words13)"/>
   </ae>
   <ae nite:id="ES2015c.D.argumentstructs.38">
      <nite:pointer role="type"  href="ae-types.xml#id(ae_6)"/>
      <nite:child href="ES2015c.D.words.xml#id(ES2015c.D.words48)..id(ES2015c.D.words49)"/>
   </ae>
   <ae nite:id="ES2015c.D.argumentstructs.39">
      <nite:pointer role="type"  href="ae-types.xml#id(ae_6)"/>
      <nite:child href="ES2015c.D.words.xml#id(ES2015c.D.words118)..id(ES2015c.D.words119)"/>
   </ae>
   <ae nite:id="ES2015c.D.argumentstructs.40">
      <nite:pointer role="type"  href="ae-types.xml#id(ae_6)"/>
      <nite:child href="ES2015c.D.words.xml#id(ES2015c.D.words129)..id(ES2015c.D.words133)"/>
      <nite:child href="ES2015c.D.words.xml#id(ES2015c.D.words135)..id(ES2015c.D.words138)"/>
      <nite:child href="ES2015c.D.words.xml#id(ES2015c.D.words140)..id(ES2015c.D.words141)"/>
   </ae>
   <ae nite:id="ES2015c.D.argumentstructs.41">
      <nite:pointer role="type"  href="ae-types.xml#id(ae_6)"/>
      <nite:child href="ES2015c.D.words.xml#id(ES2015c.D.words267)..id(ES2015c.D.words275)"/>
   </ae>
   <ae nite:id="ES2015c.D.argumentstructs.42">
      <nite:pointer role="type"  href="ae-types.xml#id(ae_6)"/>
      <nite:child href="ES2015c.D.words.xml#id(ES2015c.D.words278)..id(ES2015c.D.words306)"/>
   </ae>
   <ae nite:id="ES2015c.D.argumentstructs.43">
      <nite:pointer role="type"  href="ae-types.xml#id(ae_6)"/>
      <nite:child href="ES2015c.D.words.xml#id(ES2015c.D.words325)..id(ES2015c.D.words326)"/>
   </ae>
   <ae nite:id="ES2015c.D.argumentstructs.44">
      <nite:pointer role="type"  href="ae-types.xml#id(ae_6)"/>
      <nite:child href="ES2015c.D.words.xml#id(ES2015c.D.words338)..id(ES2015c.D.words340)"/>
   </ae>
   <ae nite:id="ES2015c.D.argumentstructs.45">
      <nite:pointer role="type"  href="ae-types.xml#id(ae_6)"/>
      <nite:child href="ES2015c.D.words.xml#id(ES2015c.D.words723)..id(ES2015c.D.words727)"/>
      <nite:child href="ES2015c.D.words.xml#id(ES2015c.D.words729)..id(ES2015c.D.words749)"/>
   </ae>
   <ae nite:id="ES2015c.D.argumentstructs.46">
      <nite:pointer role="type"  href="ae-types.xml#id(ae_6)"/>
      <nite:child href="ES2015c.D.words.xml#id(ES2015c.D.words834)..id(ES2015c.D.words835)"/>
   </ae>
   <ae nite:id="ES2015c.D.argumentstructs.47">
      <nite:pointer role="type"  href="ae-types.xml#id(ae_6)"/>
      <nite:child href="ES2015c.D.words.xml#id(ES2015c.D.words868)..id(ES2015c.D.words889)"/>
   </ae>
   <ae nite:id="ES2015c.D.argumentstructs.48">
      <nite:pointer role="type"  href="ae-types.xml#id(ae_6)"/>
      <nite:child href="ES2015c.D.words.xml#id(ES2015c.D.words897)..id(ES2015c.D.words899)"/>
   </ae>
   <ae nite:id="ES2015c.D.argumentstructs.49">
      <nite:pointer role="type"  href="ae-types.xml#id(ae_6)"/>
      <nite:child href="ES2015c.D.words.xml#id(ES2015c.D.words1001)..id(ES2015c.D.words1013)"/>
   </ae>
   <ae nite:id="ES2015c.D.argumentstructs.50">
      <nite:pointer role="type"  href="ae-types.xml#id(ae_6)"/>
      <nite:child href="ES2015c.D.words.xml#id(ES2015c.D.words1084)..id(ES2015c.D.words1085)"/>
   </ae>
   <ae nite:id="ES2015c.D.argumentstructs.51">
      <nite:pointer role="type"  href="ae-types.xml#id(ae_6)"/>
      <nite:child href="ES2015c.D.words.xml#id(ES2015c.D.words1172)..id(ES2015c.D.words1173)"/>
   </ae>
   <ae nite:id="ES2015c.D.argumentstructs.52">
      <nite:pointer role="type"  href="ae-types.xml#id(ae_6)"/>
      <nite:child href="ES2015c.D.words.xml#id(ES2015c.D.words1244)..id(ES2015c.D.words1253)"/>
   </ae>
</nite:root>