<?xml version="1.0" encoding="ISO-8859-1" standalone="yes"?>
<nite:root nite:id="ES2005d.D.argumentstructs" xmlns:nite="http://nite.sourceforge.net/">
   <ae nite:id="ES2005d.D.argumentstructs.Erik.1">
      <nite:pointer role="type"  href="ae-types.xml#id(ae_1)"/>
      <nite:child href="ES2005d.D.words.xml#id(ES2005d.D.words1049)..id(ES2005d.D.words1052)"/>
   </ae>
   <ae nite:id="ES2005d.D.argumentstructs.Erik.2">
      <nite:pointer role="type"  href="ae-types.xml#id(ae_1)"/>
      <nite:child href="ES2005d.D.words.xml#id(ES2005d.D.words1055)..id(ES2005d.D.words1128)"/>
   </ae>
   <ae nite:id="ES2005d.D.argumentstructs.Erik.3">
      <nite:pointer role="type"  href="ae-types.xml#id(ae_2)"/>
      <nite:child href="ES2005d.D.words.xml#id(ES2005d.D.words1129)..id(ES2005d.D.words1146)"/>
   </ae>
   <ae nite:id="ES2005d.D.argumentstructs.4">
      <nite:pointer role="type"  href="ae-types.xml#id(ae_6)"/>
      <nite:child href="ES2005d.D.words.xml#id(ES2005d.D.words1053)..id(ES2005d.D.words1054)"/>
   </ae>
   <ae nite:id="ES2005d.D.argumentstructs.5">
      <nite:pointer role="type"  href="ae-types.xml#id(ae_6)"/>
      <nite:child href="ES2005d.D.words.xml#id(ES2005d.D.words1147)..id(ES2005d.D.words1148)"/>
      <nite:child href="ES2005d.D.words.xml#id(ES2005d.D.words1150)..id(ES2005d.D.words1153)"/>
   </ae>
</nite:root>