<?xml version="1.0" encoding="ISO-8859-1" standalone="yes"?>
<nite:root nite:id="ES2008d.C.argumentstructs" xmlns:nite="http://nite.sourceforge.net/">
   <ae nite:id="ES2008d.C.argumentstructs.Erik.1">
      <nite:pointer role="type"  href="ae-types.xml#id(ae_1)"/>
      <nite:child href="ES2008d.C.words.xml#id(ES2008d.C.words517)..id(ES2008d.C.words518)"/>
   </ae>
   <ae nite:id="ES2008d.C.argumentstructs.Erik.2">
      <nite:pointer role="type"  href="ae-types.xml#id(ae_1)"/>
      <nite:child href="ES2008d.C.words.xml#id(ES2008d.C.words519)..id(ES2008d.C.words520)"/>
   </ae>
   <ae nite:id="ES2008d.C.argumentstructs.Erik.3">
      <nite:pointer role="type"  href="ae-types.xml#id(ae_1)"/>
      <nite:child href="ES2008d.C.words.xml#id(ES2008d.C.words521)..id(ES2008d.C.words561)"/>
   </ae>
   <ae nite:id="ES2008d.C.argumentstructs.Erik.4">
      <nite:pointer role="type"  href="ae-types.xml#id(ae_1)"/>
      <nite:child href="ES2008d.C.words.xml#id(ES2008d.C.words564)..id(ES2008d.C.words579)"/>
   </ae>
   <ae nite:id="ES2008d.C.argumentstructs.Erik.5">
      <nite:pointer role="type"  href="ae-types.xml#id(ae_1)"/>
      <nite:child href="ES2008d.C.words.xml#id(ES2008d.C.words605)..id(ES2008d.C.words634)"/>
   </ae>
   <ae nite:id="ES2008d.C.argumentstructs.Erik.6">
      <nite:pointer role="type"  href="ae-types.xml#id(ae_1)"/>
      <nite:child href="ES2008d.C.words.xml#id(ES2008d.C.words665)..id(ES2008d.C.words666)"/>
   </ae>
   <ae nite:id="ES2008d.C.argumentstructs.Erik.7">
      <nite:pointer role="type"  href="ae-types.xml#id(ae_1)"/>
      <nite:child href="ES2008d.C.words.xml#id(ES2008d.C.words668)"/>
   </ae>
   <ae nite:id="ES2008d.C.argumentstructs.Erik.8">
      <nite:pointer role="type"  href="ae-types.xml#id(ae_1)"/>
      <nite:child href="ES2008d.C.words.xml#id(ES2008d.C.words672)..id(ES2008d.C.words673)"/>
   </ae>
   <ae nite:id="ES2008d.C.argumentstructs.Erik.9">
      <nite:pointer role="type"  href="ae-types.xml#id(ae_1)"/>
      <nite:child href="ES2008d.C.words.xml#id(ES2008d.C.words674)..id(ES2008d.C.words684)"/>
   </ae>
   <ae nite:id="ES2008d.C.argumentstructs.Erik.10">
      <nite:pointer role="type"  href="ae-types.xml#id(ae_1)"/>
      <nite:child href="ES2008d.C.words.xml#id(ES2008d.C.words685)..id(ES2008d.C.words687)"/>
   </ae>
   <ae nite:id="ES2008d.C.argumentstructs.11">
      <nite:pointer role="type"  href="ae-types.xml#id(ae_6)"/>
      <nite:child href="ES2008d.C.words.xml#id(ES2008d.C.words562)..id(ES2008d.C.words563)"/>
   </ae>
   <ae nite:id="ES2008d.C.argumentstructs.12">
      <nite:pointer role="type"  href="ae-types.xml#id(ae_6)"/>
      <nite:child href="ES2008d.C.words.xml#id(ES2008d.C.words661)..id(ES2008d.C.words662)"/>
      <nite:child href="ES2008d.C.words.xml#id(ES2008d.C.words664)"/>
   </ae>
   <ae nite:id="ES2008d.C.argumentstructs.13">
      <nite:pointer role="type"  href="ae-types.xml#id(ae_6)"/>
      <nite:child href="ES2008d.C.words.xml#id(ES2008d.C.words669)"/>
   </ae>
</nite:root>