<?xml version="1.0" encoding="ISO-8859-1" standalone="yes"?>
<nite:root nite:id="ES2012c.C.argumentstructs" xmlns:nite="http://nite.sourceforge.net/">
   <ae nite:id="ES2012c.C.argumentstructs.Rutger.1">
      <nite:pointer role="type"  href="ae-types.xml#id(ae_4)"/>
      <nite:child href="ES2012c.C.words.xml#id(ES2012c.C.words4)..id(ES2012c.C.words88)"/>
   </ae>
   <ae nite:id="ES2012c.C.argumentstructs.Rutger.3">
      <nite:pointer role="type"  href="ae-types.xml#id(ae_1)"/>
      <nite:child href="ES2012c.C.words.xml#id(ES2012c.C.words102)..id(ES2012c.C.words122)"/>
   </ae>
   <ae nite:id="ES2012c.C.argumentstructs.Rutger.4">
      <nite:pointer role="type"  href="ae-types.xml#id(ae_1)"/>
      <nite:child href="ES2012c.C.words.xml#id(ES2012c.C.words123)..id(ES2012c.C.words133)"/>
   </ae>
   <ae nite:id="ES2012c.C.argumentstructs.Rutger.5">
      <nite:pointer role="type"  href="ae-types.xml#id(ae_1)"/>
      <nite:child href="ES2012c.C.words.xml#id(ES2012c.C.words134)..id(ES2012c.C.words135)"/>
   </ae>
   <ae nite:id="ES2012c.C.argumentstructs.Rutger.6">
      <nite:pointer role="type"  href="ae-types.xml#id(ae_1)"/>
      <nite:child href="ES2012c.C.words.xml#id(ES2012c.C.words137)"/>
   </ae>
   <ae nite:id="ES2012c.C.argumentstructs.Rutger.7">
      <nite:pointer role="type"  href="ae-types.xml#id(ae_1)"/>
      <nite:child href="ES2012c.C.words.xml#id(ES2012c.C.words152)..id(ES2012c.C.words154)"/>
   </ae>
   <ae nite:id="ES2012c.C.argumentstructs.Rutger.8">
      <nite:pointer role="type"  href="ae-types.xml#id(ae_1)"/>
      <nite:child href="ES2012c.C.words.xml#id(ES2012c.C.words158)..id(ES2012c.C.words185)"/>
   </ae>
   <ae nite:id="ES2012c.C.argumentstructs.Rutger.9">
      <nite:pointer role="type"  href="ae-types.xml#id(ae_1)"/>
      <nite:child href="ES2012c.C.words.xml#id(ES2012c.C.words186)..id(ES2012c.C.words195)"/>
   </ae>
   <ae nite:id="ES2012c.C.argumentstructs.Rutger.10">
      <nite:pointer role="type"  href="ae-types.xml#id(ae_1)"/>
      <nite:child href="ES2012c.C.words.xml#id(ES2012c.C.words213)..id(ES2012c.C.words214)"/>
   </ae>
   <ae nite:id="ES2012c.C.argumentstructs.Rutger.11">
      <nite:pointer role="type"  href="ae-types.xml#id(ae_1)"/>
      <nite:child href="ES2012c.C.words.xml#id(ES2012c.C.words196)..id(ES2012c.C.words212)"/>
   </ae>
   <ae nite:id="ES2012c.C.argumentstructs.Rutger.12">
      <nite:pointer role="type"  href="ae-types.xml#id(ae_1)"/>
      <nite:child href="ES2012c.C.words.xml#id(ES2012c.C.words458)..id(ES2012c.C.words515)"/>
   </ae>
   <ae nite:id="ES2012c.C.argumentstructs.Rutger.13">
      <nite:pointer role="type"  href="ae-types.xml#id(ae_1)"/>
      <nite:child href="ES2012c.C.words.xml#id(ES2012c.C.words516)..id(ES2012c.C.words520)"/>
   </ae>
   <ae nite:id="ES2012c.C.argumentstructs.Rutger.14">
      <nite:pointer role="type"  href="ae-types.xml#id(ae_1)"/>
      <nite:child href="ES2012c.C.words.xml#id(ES2012c.C.words522)..id(ES2012c.C.words523)"/>
   </ae>
   <ae nite:id="ES2012c.C.argumentstructs.Rutger.15">
      <nite:pointer role="type"  href="ae-types.xml#id(ae_1)"/>
      <nite:child href="ES2012c.C.words.xml#id(ES2012c.C.words524)..id(ES2012c.C.words585)"/>
   </ae>
   <ae nite:id="ES2012c.C.argumentstructs.Rutger.16">
      <nite:pointer role="type"  href="ae-types.xml#id(ae_1)"/>
      <nite:child href="ES2012c.C.words.xml#id(ES2012c.C.words586)"/>
   </ae>
   <ae nite:id="ES2012c.C.argumentstructs.Rutger.17">
      <nite:pointer role="type"  href="ae-types.xml#id(ae_1)"/>
      <nite:child href="ES2012c.C.words.xml#id(ES2012c.C.words591)..id(ES2012c.C.words592)"/>
   </ae>
   <ae nite:id="ES2012c.C.argumentstructs.Rutger.18">
      <nite:pointer role="type"  href="ae-types.xml#id(ae_4)"/>
      <nite:child href="ES2012c.C.words.xml#id(ES2012c.C.words593)..id(ES2012c.C.words612)"/>
   </ae>
   <ae nite:id="ES2012c.C.argumentstructs.Rutger.19">
      <nite:pointer role="type"  href="ae-types.xml#id(ae_1)"/>
      <nite:child href="ES2012c.C.words.xml#id(ES2012c.C.words617)..id(ES2012c.C.words620)"/>
   </ae>
   <ae nite:id="ES2012c.C.argumentstructs.Rutger.20">
      <nite:pointer role="type"  href="ae-types.xml#id(ae_1)"/>
      <nite:child href="ES2012c.C.words.xml#id(ES2012c.C.words622)..id(ES2012c.C.words623)"/>
   </ae>
   <ae nite:id="ES2012c.C.argumentstructs.Rutger.21">
      <nite:pointer role="type"  href="ae-types.xml#id(ae_1)"/>
      <nite:child href="ES2012c.C.words.xml#id(ES2012c.C.words671)..id(ES2012c.C.words672)"/>
   </ae>
   <ae nite:id="ES2012c.C.argumentstructs.Rutger.22">
      <nite:pointer role="type"  href="ae-types.xml#id(ae_1)"/>
      <nite:child href="ES2012c.C.words.xml#id(ES2012c.C.words675)..id(ES2012c.C.words684)"/>
   </ae>
   <ae nite:id="ES2012c.C.argumentstructs.Rutger.23">
      <nite:pointer role="type"  href="ae-types.xml#id(ae_5)"/>
      <nite:child href="ES2012c.C.words.xml#id(ES2012c.C.words689)..id(ES2012c.C.words703)"/>
   </ae>
   <ae nite:id="ES2012c.C.argumentstructs.Rutger.24">
      <nite:pointer role="type"  href="ae-types.xml#id(ae_1)"/>
      <nite:child href="ES2012c.C.words.xml#id(ES2012c.C.words711)..id(ES2012c.C.words712)"/>
   </ae>
   <ae nite:id="ES2012c.C.argumentstructs.Rutger.25">
      <nite:pointer role="type"  href="ae-types.xml#id(ae_1)"/>
      <nite:child href="ES2012c.C.words.xml#id(ES2012c.C.words713)..id(ES2012c.C.words717)"/>
   </ae>
   <ae nite:id="ES2012c.C.argumentstructs.Rutger.26">
      <nite:pointer role="type"  href="ae-types.xml#id(ae_1)"/>
      <nite:child href="ES2012c.C.words.xml#id(ES2012c.C.words724)..id(ES2012c.C.words725)"/>
   </ae>
   <ae nite:id="ES2012c.C.argumentstructs.Rutger.27">
      <nite:pointer role="type"  href="ae-types.xml#id(ae_1)"/>
      <nite:child href="ES2012c.C.words.xml#id(ES2012c.C.words726)..id(ES2012c.C.words734)"/>
   </ae>
   <ae nite:id="ES2012c.C.argumentstructs.Rutger.28">
      <nite:pointer role="type"  href="ae-types.xml#id(ae_1)"/>
      <nite:child href="ES2012c.C.words.xml#id(ES2012c.C.words735)..id(ES2012c.C.words736)"/>
   </ae>
   <ae nite:id="ES2012c.C.argumentstructs.Rutger.29">
      <nite:pointer role="type"  href="ae-types.xml#id(ae_1)"/>
      <nite:child href="ES2012c.C.words.xml#id(ES2012c.C.words739)..id(ES2012c.C.words760)"/>
   </ae>
   <ae nite:id="ES2012c.C.argumentstructs.Rutger.30">
      <nite:pointer role="type"  href="ae-types.xml#id(ae_1)"/>
      <nite:child href="ES2012c.C.words.xml#id(ES2012c.C.words985)..id(ES2012c.C.words991)"/>
   </ae>
   <ae nite:id="ES2012c.C.argumentstructs.Rutger.31">
      <nite:pointer role="type"  href="ae-types.xml#id(ae_1)"/>
      <nite:child href="ES2012c.C.words.xml#id(ES2012c.C.words992)..id(ES2012c.C.words993)"/>
   </ae>
   <ae nite:id="ES2012c.C.argumentstructs.Rutger.32">
      <nite:pointer role="type"  href="ae-types.xml#id(ae_1)"/>
      <nite:child href="ES2012c.C.words.xml#id(ES2012c.C.words996)..id(ES2012c.C.words1001)"/>
   </ae>
   <ae nite:id="ES2012c.C.argumentstructs.Rutger.33">
      <nite:pointer role="type"  href="ae-types.xml#id(ae_1)"/>
      <nite:child href="ES2012c.C.words.xml#id(ES2012c.C.words1002)..id(ES2012c.C.words1007)"/>
   </ae>
   <ae nite:id="ES2012c.C.argumentstructs.Rutger.34">
      <nite:pointer role="type"  href="ae-types.xml#id(ae_1)"/>
      <nite:child href="ES2012c.C.words.xml#id(ES2012c.C.words1008)..id(ES2012c.C.words1052)"/>
   </ae>
   <ae nite:id="ES2012c.C.argumentstructs.35">
      <nite:pointer role="type"  href="ae-types.xml#id(ae_6)"/>
      <nite:child href="ES2012c.C.words.xml#id(ES2012c.C.words2)"/>
   </ae>
   <ae nite:id="ES2012c.C.argumentstructs.36">
      <nite:pointer role="type"  href="ae-types.xml#id(ae_6)"/>
      <nite:child href="ES2012c.C.words.xml#id(ES2012c.C.words89)..id(ES2012c.C.words101)"/>
   </ae>
   <ae nite:id="ES2012c.C.argumentstructs.37">
      <nite:pointer role="type"  href="ae-types.xml#id(ae_6)"/>
      <nite:child href="ES2012c.C.words.xml#id(ES2012c.C.words138)..id(ES2012c.C.words143)"/>
      <nite:child href="ES2012c.C.words.xml#id(ES2012c.C.words145)..id(ES2012c.C.words151)"/>
   </ae>
   <ae nite:id="ES2012c.C.argumentstructs.38">
      <nite:pointer role="type"  href="ae-types.xml#id(ae_6)"/>
      <nite:child href="ES2012c.C.words.xml#id(ES2012c.C.words156)..id(ES2012c.C.words157)"/>
   </ae>
   <ae nite:id="ES2012c.C.argumentstructs.39">
      <nite:pointer role="type"  href="ae-types.xml#id(ae_6)"/>
      <nite:child href="ES2012c.C.words.xml#id(ES2012c.C.words587)..id(ES2012c.C.words589)"/>
   </ae>
   <ae nite:id="ES2012c.C.argumentstructs.40">
      <nite:pointer role="type"  href="ae-types.xml#id(ae_6)"/>
      <nite:child href="ES2012c.C.words.xml#id(ES2012c.C.words613)..id(ES2012c.C.words614)"/>
   </ae>
   <ae nite:id="ES2012c.C.argumentstructs.41">
      <nite:pointer role="type"  href="ae-types.xml#id(ae_6)"/>
      <nite:child href="ES2012c.C.words.xml#id(ES2012c.C.words621)"/>
   </ae>
   <ae nite:id="ES2012c.C.argumentstructs.42">
      <nite:pointer role="type"  href="ae-types.xml#id(ae_6)"/>
      <nite:child href="ES2012c.C.words.xml#id(ES2012c.C.words624)..id(ES2012c.C.words636)"/>
   </ae>
   <ae nite:id="ES2012c.C.argumentstructs.43">
      <nite:pointer role="type"  href="ae-types.xml#id(ae_6)"/>
      <nite:child href="ES2012c.C.words.xml#id(ES2012c.C.words674)"/>
   </ae>
   <ae nite:id="ES2012c.C.argumentstructs.44">
      <nite:pointer role="type"  href="ae-types.xml#id(ae_6)"/>
      <nite:child href="ES2012c.C.words.xml#id(ES2012c.C.words685)..id(ES2012c.C.words687)"/>
   </ae>
   <ae nite:id="ES2012c.C.argumentstructs.45">
      <nite:pointer role="type"  href="ae-types.xml#id(ae_6)"/>
      <nite:child href="ES2012c.C.words.xml#id(ES2012c.C.words704)..id(ES2012c.C.words710)"/>
   </ae>
   <ae nite:id="ES2012c.C.argumentstructs.46">
      <nite:pointer role="type"  href="ae-types.xml#id(ae_6)"/>
      <nite:child href="ES2012c.C.words.xml#id(ES2012c.C.words718)..id(ES2012c.C.words723)"/>
   </ae>
   <ae nite:id="ES2012c.C.argumentstructs.47">
      <nite:pointer role="type"  href="ae-types.xml#id(ae_6)"/>
      <nite:child href="ES2012c.C.words.xml#id(ES2012c.C.words737)..id(ES2012c.C.words738)"/>
   </ae>
   <ae nite:id="ES2012c.C.argumentstructs.48">
      <nite:pointer role="type"  href="ae-types.xml#id(ae_6)"/>
      <nite:child href="ES2012c.C.words.xml#id(ES2012c.C.words981)..id(ES2012c.C.words983)"/>
   </ae>
   <ae nite:id="ES2012c.C.argumentstructs.49">
      <nite:pointer role="type"  href="ae-types.xml#id(ae_6)"/>
      <nite:child href="ES2012c.C.words.xml#id(ES2012c.C.words994)..id(ES2012c.C.words995)"/>
   </ae>
</nite:root>