<?xml version="1.0" encoding="ISO-8859-1" standalone="yes"?>
<nite:root nite:id="ES2009d.A.argumentstructs" xmlns:nite="http://nite.sourceforge.net/">
   <ae nite:id="ES2009d.A.argumentstructs.Erik.1">
      <nite:pointer role="type"  href="ae-types.xml#id(ae_1)"/>
      <nite:child href="ES2009d.A.words.xml#id(ES2009d.A.words453)..id(ES2009d.A.words459)"/>
   </ae>
   <ae nite:id="ES2009d.A.argumentstructs.Erik.2">
      <nite:pointer role="type"  href="ae-types.xml#id(ae_1)"/>
      <nite:child href="ES2009d.A.words.xml#id(ES2009d.A.words462)..id(ES2009d.A.words479)"/>
   </ae>
   <ae nite:id="ES2009d.A.argumentstructs.Erik.3">
      <nite:pointer role="type"  href="ae-types.xml#id(ae_1)"/>
      <nite:child href="ES2009d.A.words.xml#id(ES2009d.A.words751)..id(ES2009d.A.words778)"/>
   </ae>
   <ae nite:id="ES2009d.A.argumentstructs.Erik.4">
      <nite:pointer role="type"  href="ae-types.xml#id(ae_1)"/>
      <nite:child href="ES2009d.A.words.xml#id(ES2009d.A.words788)..id(ES2009d.A.words854)"/>
   </ae>
   <ae nite:id="ES2009d.A.argumentstructs.5">
      <nite:pointer role="type"  href="ae-types.xml#id(ae_6)"/>
      <nite:child href="ES2009d.A.words.xml#id(ES2009d.A.words779)"/>
      <nite:child href="ES2009d.A.words.xml#id(ES2009d.A.words781)..id(ES2009d.A.words786)"/>
   </ae>
</nite:root>