<?xml version="1.0" encoding="ISO-8859-1" standalone="yes"?>
<nite:root nite:id="ES2003c.D.argumentstructs" xmlns:nite="http://nite.sourceforge.net/">
   <ae nite:id="ES2003c.D.argumentstructs.Erik.1">
      <nite:pointer role="type"  href="ae-types.xml#id(ae_4)"/>
      <nite:child href="ES2003c.D.words.xml#id(ES2003c.D.words175)..id(ES2003c.D.words210)"/>
   </ae>
   <ae nite:id="ES2003c.D.argumentstructs.Erik.2">
      <nite:pointer role="type"  href="ae-types.xml#id(ae_1)"/>
      <nite:child href="ES2003c.D.words.xml#id(ES2003c.D.words214)..id(ES2003c.D.words215)"/>
   </ae>
   <ae nite:id="ES2003c.D.argumentstructs.Erik.3">
      <nite:pointer role="type"  href="ae-types.xml#id(ae_2)"/>
      <nite:child href="ES2003c.D.words.xml#id(ES2003c.D.words218)..id(ES2003c.D.words225)"/>
   </ae>
   <ae nite:id="ES2003c.D.argumentstructs.Erik.4">
      <nite:pointer role="type"  href="ae-types.xml#id(ae_2)"/>
      <nite:child href="ES2003c.D.words.xml#id(ES2003c.D.words228)..id(ES2003c.D.words236)"/>
   </ae>
   <ae nite:id="ES2003c.D.argumentstructs.Erik.5">
      <nite:pointer role="type"  href="ae-types.xml#id(ae_2)"/>
      <nite:child href="ES2003c.D.words.xml#id(ES2003c.D.words239)..id(ES2003c.D.words246)"/>
   </ae>
   <ae nite:id="ES2003c.D.argumentstructs.Erik.6">
      <nite:pointer role="type"  href="ae-types.xml#id(ae_1)"/>
      <nite:child href="ES2003c.D.words.xml#id(ES2003c.D.words249)..id(ES2003c.D.words255)"/>
   </ae>
   <ae nite:id="ES2003c.D.argumentstructs.Erik.7">
      <nite:pointer role="type"  href="ae-types.xml#id(ae_1)"/>
      <nite:child href="ES2003c.D.words.xml#id(ES2003c.D.words258)..id(ES2003c.D.words259)"/>
   </ae>
   <ae nite:id="ES2003c.D.argumentstructs.Erik.8">
      <nite:pointer role="type"  href="ae-types.xml#id(ae_3)"/>
      <nite:child href="ES2003c.D.words.xml#id(ES2003c.D.words1000)..id(ES2003c.D.words1004)"/>
   </ae>
   <ae nite:id="ES2003c.D.argumentstructs.Erik.9">
      <nite:pointer role="type"  href="ae-types.xml#id(ae_1)"/>
      <nite:child href="ES2003c.D.words.xml#id(ES2003c.D.words1005)..id(ES2003c.D.words1009)"/>
   </ae>
   <ae nite:id="ES2003c.D.argumentstructs.Erik.10">
      <nite:pointer role="type"  href="ae-types.xml#id(ae_4)"/>
      <nite:child href="ES2003c.D.words.xml#id(ES2003c.D.words1010)..id(ES2003c.D.words1024)"/>
   </ae>
   <ae nite:id="ES2003c.D.argumentstructs.Erik.11">
      <nite:pointer role="type"  href="ae-types.xml#id(ae_1)"/>
      <nite:child href="ES2003c.D.words.xml#id(ES2003c.D.words1025)..id(ES2003c.D.words1028)"/>
   </ae>
   <ae nite:id="ES2003c.D.argumentstructs.Erik.12">
      <nite:pointer role="type"  href="ae-types.xml#id(ae_1)"/>
      <nite:child href="ES2003c.D.words.xml#id(ES2003c.D.words1030)..id(ES2003c.D.words1045)"/>
   </ae>
   <ae nite:id="ES2003c.D.argumentstructs.13">
      <nite:pointer role="type"  href="ae-types.xml#id(ae_6)"/>
      <nite:child href="ES2003c.D.words.xml#id(ES2003c.D.words211)..id(ES2003c.D.words212)"/>
   </ae>
   <ae nite:id="ES2003c.D.argumentstructs.14">
      <nite:pointer role="type"  href="ae-types.xml#id(ae_6)"/>
      <nite:child href="ES2003c.D.words.xml#id(ES2003c.D.words216)..id(ES2003c.D.words217)"/>
   </ae>
   <ae nite:id="ES2003c.D.argumentstructs.15">
      <nite:pointer role="type"  href="ae-types.xml#id(ae_6)"/>
      <nite:child href="ES2003c.D.words.xml#id(ES2003c.D.words226)..id(ES2003c.D.words227)"/>
   </ae>
   <ae nite:id="ES2003c.D.argumentstructs.16">
      <nite:pointer role="type"  href="ae-types.xml#id(ae_6)"/>
      <nite:child href="ES2003c.D.words.xml#id(ES2003c.D.words237)..id(ES2003c.D.words238)"/>
   </ae>
   <ae nite:id="ES2003c.D.argumentstructs.17">
      <nite:pointer role="type"  href="ae-types.xml#id(ae_6)"/>
      <nite:child href="ES2003c.D.words.xml#id(ES2003c.D.words247)..id(ES2003c.D.words248)"/>
   </ae>
   <ae nite:id="ES2003c.D.argumentstructs.18">
      <nite:pointer role="type"  href="ae-types.xml#id(ae_6)"/>
      <nite:child href="ES2003c.D.words.xml#id(ES2003c.D.words256)..id(ES2003c.D.words257)"/>
   </ae>
</nite:root>