<?xml version="1.0" encoding="ISO-8859-1" standalone="yes"?>
<nite:root nite:id="ES2008a.B.argumentstructs" xmlns:nite="http://nite.sourceforge.net/">
   <ae nite:id="ES2008a.B.argumentstructs.Erik.1">
      <nite:pointer role="type"  href="ae-types.xml#id(ae_5)"/>
      <nite:child href="ES2008a.B.words.xml#id(ES2008a.B.words516)..id(ES2008a.B.words518)"/>
   </ae>
   <ae nite:id="ES2008a.B.argumentstructs.Erik.2">
      <nite:pointer role="type"  href="ae-types.xml#id(ae_1)"/>
      <nite:child href="ES2008a.B.words.xml#id(ES2008a.B.words519)..id(ES2008a.B.words520)"/>
   </ae>
   <ae nite:id="ES2008a.B.argumentstructs.Erik.3">
      <nite:pointer role="type"  href="ae-types.xml#id(ae_1)"/>
      <nite:child href="ES2008a.B.words.xml#id(ES2008a.B.words528)..id(ES2008a.B.words552)"/>
   </ae>
   <ae nite:id="ES2008a.B.argumentstructs.Erik.4">
      <nite:pointer role="type"  href="ae-types.xml#id(ae_1)"/>
      <nite:child href="ES2008a.B.words.xml#id(ES2008a.B.words555)..id(ES2008a.B.words556)"/>
   </ae>
   <ae nite:id="ES2008a.B.argumentstructs.Erik.5">
      <nite:pointer role="type"  href="ae-types.xml#id(ae_1)"/>
      <nite:child href="ES2008a.B.words.xml#id(ES2008a.B.words559)..id(ES2008a.B.words560)"/>
   </ae>
   <ae nite:id="ES2008a.B.argumentstructs.Erik.6">
      <nite:pointer role="type"  href="ae-types.xml#id(ae_1)"/>
      <nite:child href="ES2008a.B.words.xml#id(ES2008a.B.words563)..id(ES2008a.B.words565)"/>
   </ae>
   <ae nite:id="ES2008a.B.argumentstructs.Erik.7">
      <nite:pointer role="type"  href="ae-types.xml#id(ae_1)"/>
      <nite:child href="ES2008a.B.words.xml#id(ES2008a.B.words567)..id(ES2008a.B.words606)"/>
   </ae>
   <ae nite:id="ES2008a.B.argumentstructs.8">
      <nite:pointer role="type"  href="ae-types.xml#id(ae_6)"/>
      <nite:child href="ES2008a.B.words.xml#id(ES2008a.B.words457)..id(ES2008a.B.words465)"/>
      <nite:child href="ES2008a.B.words.xml#id(ES2008a.B.words467)..id(ES2008a.B.words500)"/>
      <nite:child href="ES2008a.B.words.xml#id(ES2008a.B.words502)..id(ES2008a.B.words515)"/>
   </ae>
   <ae nite:id="ES2008a.B.argumentstructs.9">
      <nite:pointer role="type"  href="ae-types.xml#id(ae_6)"/>
      <nite:child href="ES2008a.B.words.xml#id(ES2008a.B.words521)..id(ES2008a.B.words523)"/>
      <nite:child href="ES2008a.B.words.xml#id(ES2008a.B.words525)..id(ES2008a.B.words526)"/>
   </ae>
   <ae nite:id="ES2008a.B.argumentstructs.10">
      <nite:pointer role="type"  href="ae-types.xml#id(ae_6)"/>
      <nite:child href="ES2008a.B.words.xml#id(ES2008a.B.words553)..id(ES2008a.B.words554)"/>
   </ae>
   <ae nite:id="ES2008a.B.argumentstructs.11">
      <nite:pointer role="type"  href="ae-types.xml#id(ae_6)"/>
      <nite:child href="ES2008a.B.words.xml#id(ES2008a.B.words557)..id(ES2008a.B.words558)"/>
   </ae>
   <ae nite:id="ES2008a.B.argumentstructs.12">
      <nite:pointer role="type"  href="ae-types.xml#id(ae_6)"/>
      <nite:child href="ES2008a.B.words.xml#id(ES2008a.B.words561)..id(ES2008a.B.words562)"/>
   </ae>
</nite:root>