<?xml version="1.0" encoding="ISO-8859-1" standalone="yes"?>
<nite:root nite:id="ES2012b.A.argumentstructs" xmlns:nite="http://nite.sourceforge.net/">
   <ae nite:id="ES2012b.A.argumentstructs.Erik.1">
      <nite:pointer role="type"  href="ae-types.xml#id(ae_1)"/>
      <nite:child href="ES2012b.A.words.xml#id(ES2012b.A.words2179)..id(ES2012b.A.words2314)"/>
   </ae>
   <ae nite:id="ES2012b.A.argumentstructs.Erik.2">
      <nite:pointer role="type"  href="ae-types.xml#id(ae_1)"/>
      <nite:child href="ES2012b.A.words.xml#id(ES2012b.A.words2315)..id(ES2012b.A.words2339)"/>
   </ae>
   <ae nite:id="ES2012b.A.argumentstructs.Erik.3">
      <nite:pointer role="type"  href="ae-types.xml#id(ae_1)"/>
      <nite:child href="ES2012b.A.words.xml#id(ES2012b.A.words2340)..id(ES2012b.A.words2373)"/>
   </ae>
   <ae nite:id="ES2012b.A.argumentstructs.Erik.4">
      <nite:pointer role="type"  href="ae-types.xml#id(ae_1)"/>
      <nite:child href="ES2012b.A.words.xml#id(ES2012b.A.words2374)..id(ES2012b.A.words2479)"/>
   </ae>
   <ae nite:id="ES2012b.A.argumentstructs.Erik.5">
      <nite:pointer role="type"  href="ae-types.xml#id(ae_5)"/>
      <nite:child href="ES2012b.A.words.xml#id(ES2012b.A.words2480)..id(ES2012b.A.words2493)"/>
   </ae>
   <ae nite:id="ES2012b.A.argumentstructs.Erik.6">
      <nite:pointer role="type"  href="ae-types.xml#id(ae_1)"/>
      <nite:child href="ES2012b.A.words.xml#id(ES2012b.A.words2500)..id(ES2012b.A.words2552)"/>
   </ae>
   <ae nite:id="ES2012b.A.argumentstructs.Erik.7">
      <nite:pointer role="type"  href="ae-types.xml#id(ae_1)"/>
      <nite:child href="ES2012b.A.words.xml#id(ES2012b.A.words2553)..id(ES2012b.A.words2571)"/>
   </ae>
   <ae nite:id="ES2012b.A.argumentstructs.Erik.8">
      <nite:pointer role="type"  href="ae-types.xml#id(ae_3)"/>
      <nite:child href="ES2012b.A.words.xml#id(ES2012b.A.words2573)..id(ES2012b.A.words2592)"/>
   </ae>
   <ae nite:id="ES2012b.A.argumentstructs.9">
      <nite:pointer role="type"  href="ae-types.xml#id(ae_6)"/>
      <nite:child href="ES2012b.A.words.xml#id(ES2012b.A.words2494)..id(ES2012b.A.words2498)"/>
   </ae>
</nite:root>