<?xml version="1.0" encoding="ISO-8859-1" standalone="yes"?>
<nite:root nite:id="ES2006d.C.argumentstructs" xmlns:nite="http://nite.sourceforge.net/">
   <ae nite:id="ES2006d.C.argumentstructs.Erik.1">
      <nite:pointer role="type"  href="ae-types.xml#id(ae_1)"/>
      <nite:child href="ES2006d.C.words.xml#id(ES2006d.C.words637)..id(ES2006d.C.words638)"/>
   </ae>
   <ae nite:id="ES2006d.C.argumentstructs.Erik.2">
      <nite:pointer role="type"  href="ae-types.xml#id(ae_1)"/>
      <nite:child href="ES2006d.C.words.xml#id(ES2006d.C.words639)..id(ES2006d.C.words644)"/>
   </ae>
   <ae nite:id="ES2006d.C.argumentstructs.Erik.3">
      <nite:pointer role="type"  href="ae-types.xml#id(ae_1)"/>
      <nite:child href="ES2006d.C.words.xml#id(ES2006d.C.words819)..id(ES2006d.C.words822)"/>
   </ae>
   <ae nite:id="ES2006d.C.argumentstructs.Erik.4">
      <nite:pointer role="type"  href="ae-types.xml#id(ae_1)"/>
      <nite:child href="ES2006d.C.words.xml#id(ES2006d.C.words824)..id(ES2006d.C.words838)"/>
   </ae>
   <ae nite:id="ES2006d.C.argumentstructs.Erik.5">
      <nite:pointer role="type"  href="ae-types.xml#id(ae_1)"/>
      <nite:child href="ES2006d.C.words.xml#id(ES2006d.C.words839)..id(ES2006d.C.words840)"/>
   </ae>
   <ae nite:id="ES2006d.C.argumentstructs.Erik.6">
      <nite:pointer role="type"  href="ae-types.xml#id(ae_1)"/>
      <nite:child href="ES2006d.C.words.xml#id(ES2006d.C.words841)..id(ES2006d.C.words859)"/>
   </ae>
   <ae nite:id="ES2006d.C.argumentstructs.Erik.7">
      <nite:pointer role="type"  href="ae-types.xml#id(ae_4)"/>
      <nite:child href="ES2006d.C.words.xml#id(ES2006d.C.words860)..id(ES2006d.C.words870)"/>
   </ae>
   <ae nite:id="ES2006d.C.argumentstructs.Erik.8">
      <nite:pointer role="type"  href="ae-types.xml#id(ae_1)"/>
      <nite:child href="ES2006d.C.words.xml#id(ES2006d.C.words872)..id(ES2006d.C.words873)"/>
   </ae>
   <ae nite:id="ES2006d.C.argumentstructs.Erik.9">
      <nite:pointer role="type"  href="ae-types.xml#id(ae_1)"/>
      <nite:child href="ES2006d.C.words.xml#id(ES2006d.C.words875)..id(ES2006d.C.words877)"/>
   </ae>
   <ae nite:id="ES2006d.C.argumentstructs.10">
      <nite:pointer role="type"  href="ae-types.xml#id(ae_6)"/>
      <nite:child href="ES2006d.C.words.xml#id(ES2006d.C.words633)"/>
      <nite:child href="ES2006d.C.words.xml#id(ES2006d.C.words635)..id(ES2006d.C.words636)"/>
   </ae>
   <ae nite:id="ES2006d.C.argumentstructs.11">
      <nite:pointer role="type"  href="ae-types.xml#id(ae_6)"/>
      <nite:child href="ES2006d.C.words.xml#id(ES2006d.C.words645)..id(ES2006d.C.words646)"/>
   </ae>
</nite:root>