<?xml version="1.0" encoding="ISO-8859-1" standalone="yes"?>
<nite:root nite:id="ES2007d.B.argumentstructs" xmlns:nite="http://nite.sourceforge.net/">
   <ae nite:id="ES2007d.B.argumentstructs.Erik.1">
      <nite:pointer role="type"  href="ae-types.xml#id(ae_1)"/>
      <nite:child href="ES2007d.B.words.xml#id(ES2007d.B.words24)..id(ES2007d.B.words28)"/>
   </ae>
   <ae nite:id="ES2007d.B.argumentstructs.Erik.2">
      <nite:pointer role="type"  href="ae-types.xml#id(ae_1)"/>
      <nite:child href="ES2007d.B.words.xml#id(ES2007d.B.words29)..id(ES2007d.B.words74)"/>
   </ae>
   <ae nite:id="ES2007d.B.argumentstructs.Erik.3">
      <nite:pointer role="type"  href="ae-types.xml#id(ae_5)"/>
      <nite:child href="ES2007d.B.words.xml#id(ES2007d.B.words75)..id(ES2007d.B.words81)"/>
   </ae>
   <ae nite:id="ES2007d.B.argumentstructs.Erik.4">
      <nite:pointer role="type"  href="ae-types.xml#id(ae_1)"/>
      <nite:child href="ES2007d.B.words.xml#id(ES2007d.B.words82)..id(ES2007d.B.words96)"/>
   </ae>
   <ae nite:id="ES2007d.B.argumentstructs.Erik.5">
      <nite:pointer role="type"  href="ae-types.xml#id(ae_1)"/>
      <nite:child href="ES2007d.B.words.xml#id(ES2007d.B.words97)..id(ES2007d.B.words103)"/>
   </ae>
   <ae nite:id="ES2007d.B.argumentstructs.Erik.6">
      <nite:pointer role="type"  href="ae-types.xml#id(ae_1)"/>
      <nite:child href="ES2007d.B.words.xml#id(ES2007d.B.words104)..id(ES2007d.B.words105)"/>
   </ae>
   <ae nite:id="ES2007d.B.argumentstructs.Erik.7">
      <nite:pointer role="type"  href="ae-types.xml#id(ae_1)"/>
      <nite:child href="ES2007d.B.words.xml#id(ES2007d.B.words147)..id(ES2007d.B.words154)"/>
   </ae>
   <ae nite:id="ES2007d.B.argumentstructs.Erik.8">
      <nite:pointer role="type"  href="ae-types.xml#id(ae_1)"/>
      <nite:child href="ES2007d.B.words.xml#id(ES2007d.B.words160)..id(ES2007d.B.words161)"/>
   </ae>
   <ae nite:id="ES2007d.B.argumentstructs.Erik.9">
      <nite:pointer role="type"  href="ae-types.xml#id(ae_1)"/>
      <nite:child href="ES2007d.B.words.xml#id(ES2007d.B.words162)..id(ES2007d.B.words167)"/>
   </ae>
   <ae nite:id="ES2007d.B.argumentstructs.Erik.10">
      <nite:pointer role="type"  href="ae-types.xml#id(ae_1)"/>
      <nite:child href="ES2007d.B.words.xml#id(ES2007d.B.words168)..id(ES2007d.B.words169)"/>
   </ae>
   <ae nite:id="ES2007d.B.argumentstructs.Erik.11">
      <nite:pointer role="type"  href="ae-types.xml#id(ae_1)"/>
      <nite:child href="ES2007d.B.words.xml#id(ES2007d.B.words170)..id(ES2007d.B.words171)"/>
   </ae>
   <ae nite:id="ES2007d.B.argumentstructs.Erik.12">
      <nite:pointer role="type"  href="ae-types.xml#id(ae_1)"/>
      <nite:child href="ES2007d.B.words.xml#id(ES2007d.B.words183)..id(ES2007d.B.words185)"/>
   </ae>
   <ae nite:id="ES2007d.B.argumentstructs.13">
      <nite:pointer role="type"  href="ae-types.xml#id(ae_6)"/>
      <nite:child href="ES2007d.B.words.xml#id(ES2007d.B.words155)..id(ES2007d.B.words158)"/>
   </ae>
   <ae nite:id="ES2007d.B.argumentstructs.14">
      <nite:pointer role="type"  href="ae-types.xml#id(ae_6)"/>
      <nite:child href="ES2007d.B.words.xml#id(ES2007d.B.words179)..id(ES2007d.B.words182)"/>
   </ae>
   <ae nite:id="ES2007d.B.argumentstructs.15">
      <nite:pointer role="type"  href="ae-types.xml#id(ae_6)"/>
      <nite:child href="ES2007d.B.words.xml#id(ES2007d.B.words187)..id(ES2007d.B.words193)"/>
   </ae>
</nite:root>