<?xml version="1.0" encoding="ISO-8859-1" standalone="yes"?>
<nite:root nite:id="ES2015d.A.argumentstructs" xmlns:nite="http://nite.sourceforge.net/">
   <ae nite:id="ES2015d.A.argumentstructs.Rutger.1">
      <nite:pointer role="type"  href="ae-types.xml#id(ae_1)"/>
      <nite:child href="ES2015d.A.words.xml#id(ES2015d.A.words544)..id(ES2015d.A.words552)"/>
   </ae>
   <ae nite:id="ES2015d.A.argumentstructs.Rutger.2">
      <nite:pointer role="type"  href="ae-types.xml#id(ae_1)"/>
      <nite:child href="ES2015d.A.words.xml#id(ES2015d.A.words553)..id(ES2015d.A.words557)"/>
   </ae>
   <ae nite:id="ES2015d.A.argumentstructs.Rutger.3">
      <nite:pointer role="type"  href="ae-types.xml#id(ae_5)"/>
      <nite:child href="ES2015d.A.words.xml#id(ES2015d.A.words558)..id(ES2015d.A.words566)"/>
   </ae>
   <ae nite:id="ES2015d.A.argumentstructs.Rutger.4">
      <nite:pointer role="type"  href="ae-types.xml#id(ae_1)"/>
      <nite:child href="ES2015d.A.words.xml#id(ES2015d.A.words567)..id(ES2015d.A.words568)"/>
   </ae>
   <ae nite:id="ES2015d.A.argumentstructs.Rutger.5">
      <nite:pointer role="type"  href="ae-types.xml#id(ae_1)"/>
      <nite:child href="ES2015d.A.words.xml#id(ES2015d.A.words570)..id(ES2015d.A.words571)"/>
   </ae>
   <ae nite:id="ES2015d.A.argumentstructs.Rutger.6">
      <nite:pointer role="type"  href="ae-types.xml#id(ae_1)"/>
      <nite:child href="ES2015d.A.words.xml#id(ES2015d.A.words572)..id(ES2015d.A.words573)"/>
   </ae>
   <ae nite:id="ES2015d.A.argumentstructs.Rutger.7">
      <nite:pointer role="type"  href="ae-types.xml#id(ae_1)"/>
      <nite:child href="ES2015d.A.words.xml#id(ES2015d.A.words574)..id(ES2015d.A.words575)"/>
   </ae>
   <ae nite:id="ES2015d.A.argumentstructs.Rutger.8">
      <nite:pointer role="type"  href="ae-types.xml#id(ae_1)"/>
      <nite:child href="ES2015d.A.words.xml#id(ES2015d.A.words576)..id(ES2015d.A.words577)"/>
   </ae>
   <ae nite:id="ES2015d.A.argumentstructs.Rutger.9">
      <nite:pointer role="type"  href="ae-types.xml#id(ae_1)"/>
      <nite:child href="ES2015d.A.words.xml#id(ES2015d.A.words578)..id(ES2015d.A.words585)"/>
   </ae>
   <ae nite:id="ES2015d.A.argumentstructs.Rutger.10">
      <nite:pointer role="type"  href="ae-types.xml#id(ae_1)"/>
      <nite:child href="ES2015d.A.words.xml#id(ES2015d.A.words587)..id(ES2015d.A.words595)"/>
   </ae>
   <ae nite:id="ES2015d.A.argumentstructs.Rutger.11">
      <nite:pointer role="type"  href="ae-types.xml#id(ae_1)"/>
      <nite:child href="ES2015d.A.words.xml#id(ES2015d.A.words635)..id(ES2015d.A.words642)"/>
   </ae>
   <ae nite:id="ES2015d.A.argumentstructs.Rutger.12">
      <nite:pointer role="type"  href="ae-types.xml#id(ae_1)"/>
      <nite:child href="ES2015d.A.words.xml#id(ES2015d.A.words643)..id(ES2015d.A.words651)"/>
   </ae>
   <ae nite:id="ES2015d.A.argumentstructs.Rutger.13">
      <nite:pointer role="type"  href="ae-types.xml#id(ae_2)"/>
      <nite:child href="ES2015d.A.words.xml#id(ES2015d.A.words652)..id(ES2015d.A.words668)"/>
   </ae>
   <ae nite:id="ES2015d.A.argumentstructs.Rutger.14">
      <nite:pointer role="type"  href="ae-types.xml#id(ae_2)"/>
      <nite:child href="ES2015d.A.words.xml#id(ES2015d.A.words669)..id(ES2015d.A.words679)"/>
   </ae>
   <ae nite:id="ES2015d.A.argumentstructs.Rutger.15">
      <nite:pointer role="type"  href="ae-types.xml#id(ae_1)"/>
      <nite:child href="ES2015d.A.words.xml#id(ES2015d.A.words681)..id(ES2015d.A.words695)"/>
   </ae>
   <ae nite:id="ES2015d.A.argumentstructs.Rutger.17">
      <nite:pointer role="type"  href="ae-types.xml#id(ae_2)"/>
      <nite:child href="ES2015d.A.words.xml#id(ES2015d.A.words712)"/>
   </ae>
   <ae nite:id="ES2015d.A.argumentstructs.Rutger.18">
      <nite:pointer role="type"  href="ae-types.xml#id(ae_1)"/>
      <nite:child href="ES2015d.A.words.xml#id(ES2015d.A.words714)..id(ES2015d.A.words730)"/>
   </ae>
   <ae nite:id="ES2015d.A.argumentstructs.Rutger.19">
      <nite:pointer role="type"  href="ae-types.xml#id(ae_1)"/>
      <nite:child href="ES2015d.A.words.xml#id(ES2015d.A.words731)..id(ES2015d.A.words743)"/>
   </ae>
   <ae nite:id="ES2015d.A.argumentstructs.Rutger.20">
      <nite:pointer role="type"  href="ae-types.xml#id(ae_1)"/>
      <nite:child href="ES2015d.A.words.xml#id(ES2015d.A.words755)..id(ES2015d.A.words778)"/>
   </ae>
   <ae nite:id="ES2015d.A.argumentstructs.Rutger.21">
      <nite:pointer role="type"  href="ae-types.xml#id(ae_1)"/>
      <nite:child href="ES2015d.A.words.xml#id(ES2015d.A.words779)..id(ES2015d.A.words780)"/>
   </ae>
   <ae nite:id="ES2015d.A.argumentstructs.Rutger.22">
      <nite:pointer role="type"  href="ae-types.xml#id(ae_1)"/>
      <nite:child href="ES2015d.A.words.xml#id(ES2015d.A.words781)..id(ES2015d.A.words782)"/>
   </ae>
   <ae nite:id="ES2015d.A.argumentstructs.Rutger.23">
      <nite:pointer role="type"  href="ae-types.xml#id(ae_1)"/>
      <nite:child href="ES2015d.A.words.xml#id(ES2015d.A.words783)..id(ES2015d.A.words784)"/>
   </ae>
   <ae nite:id="ES2015d.A.argumentstructs.Rutger.24">
      <nite:pointer role="type"  href="ae-types.xml#id(ae_1)"/>
      <nite:child href="ES2015d.A.words.xml#id(ES2015d.A.words785)..id(ES2015d.A.words788)"/>
   </ae>
   <ae nite:id="ES2015d.A.argumentstructs.Rutger.25">
      <nite:pointer role="type"  href="ae-types.xml#id(ae_1)"/>
      <nite:child href="ES2015d.A.words.xml#id(ES2015d.A.words789)..id(ES2015d.A.words795)"/>
   </ae>
   <ae nite:id="ES2015d.A.argumentstructs.Rutger.26">
      <nite:pointer role="type"  href="ae-types.xml#id(ae_1)"/>
      <nite:child href="ES2015d.A.words.xml#id(ES2015d.A.words796)..id(ES2015d.A.words801)"/>
   </ae>
   <ae nite:id="ES2015d.A.argumentstructs.Rutger.27">
      <nite:pointer role="type"  href="ae-types.xml#id(ae_1)"/>
      <nite:child href="ES2015d.A.words.xml#id(ES2015d.A.words802)..id(ES2015d.A.words812)"/>
   </ae>
   <ae nite:id="ES2015d.A.argumentstructs.28">
      <nite:pointer role="type"  href="ae-types.xml#id(ae_6)"/>
      <nite:child href="ES2015d.A.words.xml#id(ES2015d.A.words542)..id(ES2015d.A.words543)"/>
   </ae>
   <ae nite:id="ES2015d.A.argumentstructs.29">
      <nite:pointer role="type"  href="ae-types.xml#id(ae_6)"/>
      <nite:child href="ES2015d.A.words.xml#id(ES2015d.A.words569)"/>
   </ae>
   <ae nite:id="ES2015d.A.argumentstructs.30">
      <nite:pointer role="type"  href="ae-types.xml#id(ae_6)"/>
      <nite:child href="ES2015d.A.words.xml#id(ES2015d.A.words596)..id(ES2015d.A.words597)"/>
   </ae>
   <ae nite:id="ES2015d.A.argumentstructs.31">
      <nite:pointer role="type"  href="ae-types.xml#id(ae_6)"/>
      <nite:child href="ES2015d.A.words.xml#id(ES2015d.A.words696)..id(ES2015d.A.words711)"/>
   </ae>
   <ae nite:id="ES2015d.A.argumentstructs.32">
      <nite:pointer role="type"  href="ae-types.xml#id(ae_6)"/>
      <nite:child href="ES2015d.A.words.xml#id(ES2015d.A.words713)"/>
   </ae>
   <ae nite:id="ES2015d.A.argumentstructs.33">
      <nite:pointer role="type"  href="ae-types.xml#id(ae_6)"/>
      <nite:child href="ES2015d.A.words.xml#id(ES2015d.A.words746)..id(ES2015d.A.words750)"/>
      <nite:child href="ES2015d.A.words.xml#id(ES2015d.A.words752)..id(ES2015d.A.words754)"/>
   </ae>
   <ae nite:id="ES2015d.A.argumentstructs.34">
      <nite:pointer role="type"  href="ae-types.xml#id(ae_6)"/>
      <nite:child href="ES2015d.A.words.xml#id(ES2015d.A.words813)..id(ES2015d.A.words821)"/>
   </ae>
</nite:root>