<?xml version="1.0" encoding="ISO-8859-1" standalone="yes"?>
<nite:root nite:id="ES2007c.A.argumentstructs" xmlns:nite="http://nite.sourceforge.net/">
   <ae nite:id="ES2007c.A.argumentstructs.Erik.1">
      <nite:pointer role="type"  href="ae-types.xml#id(ae_2)"/>
      <nite:child href="ES2007c.A.words.xml#id(ES2007c.A.words385)..id(ES2007c.A.words405)"/>
   </ae>
   <ae nite:id="ES2007c.A.argumentstructs.Erik.2">
      <nite:pointer role="type"  href="ae-types.xml#id(ae_1)"/>
      <nite:child href="ES2007c.A.words.xml#id(ES2007c.A.words407)..id(ES2007c.A.words447)"/>
   </ae>
   <ae nite:id="ES2007c.A.argumentstructs.Erik.3">
      <nite:pointer role="type"  href="ae-types.xml#id(ae_5)"/>
      <nite:child href="ES2007c.A.words.xml#id(ES2007c.A.words448)..id(ES2007c.A.words468)"/>
   </ae>
   <ae nite:id="ES2007c.A.argumentstructs.Erik.4">
      <nite:pointer role="type"  href="ae-types.xml#id(ae_1)"/>
      <nite:child href="ES2007c.A.words.xml#id(ES2007c.A.words469)..id(ES2007c.A.words476)"/>
   </ae>
   <ae nite:id="ES2007c.A.argumentstructs.Erik.5">
      <nite:pointer role="type"  href="ae-types.xml#id(ae_1)"/>
      <nite:child href="ES2007c.A.words.xml#id(ES2007c.A.words480)..id(ES2007c.A.words499)"/>
   </ae>
   <ae nite:id="ES2007c.A.argumentstructs.Erik.6">
      <nite:pointer role="type"  href="ae-types.xml#id(ae_5)"/>
      <nite:child href="ES2007c.A.words.xml#id(ES2007c.A.words501)..id(ES2007c.A.words507)"/>
   </ae>
   <ae nite:id="ES2007c.A.argumentstructs.Erik.7">
      <nite:pointer role="type"  href="ae-types.xml#id(ae_1)"/>
      <nite:child href="ES2007c.A.words.xml#id(ES2007c.A.words523)..id(ES2007c.A.words530)"/>
   </ae>
   <ae nite:id="ES2007c.A.argumentstructs.Erik.8">
      <nite:pointer role="type"  href="ae-types.xml#id(ae_3)"/>
      <nite:child href="ES2007c.A.words.xml#id(ES2007c.A.words695)..id(ES2007c.A.words698)"/>
   </ae>
   <ae nite:id="ES2007c.A.argumentstructs.Erik.9">
      <nite:pointer role="type"  href="ae-types.xml#id(ae_3)"/>
      <nite:child href="ES2007c.A.words.xml#id(ES2007c.A.words699)..id(ES2007c.A.words713)"/>
   </ae>
   <ae nite:id="ES2007c.A.argumentstructs.Erik.10">
      <nite:pointer role="type"  href="ae-types.xml#id(ae_1)"/>
      <nite:child href="ES2007c.A.words.xml#id(ES2007c.A.words715)..id(ES2007c.A.words729)"/>
   </ae>
   <ae nite:id="ES2007c.A.argumentstructs.Erik.11">
      <nite:pointer role="type"  href="ae-types.xml#id(ae_1)"/>
      <nite:child href="ES2007c.A.words.xml#id(ES2007c.A.words730)..id(ES2007c.A.words731)"/>
   </ae>
   <ae nite:id="ES2007c.A.argumentstructs.Erik.12">
      <nite:pointer role="type"  href="ae-types.xml#id(ae_1)"/>
      <nite:child href="ES2007c.A.words.xml#id(ES2007c.A.words733)..id(ES2007c.A.words734)"/>
   </ae>
   <ae nite:id="ES2007c.A.argumentstructs.Erik.13">
      <nite:pointer role="type"  href="ae-types.xml#id(ae_1)"/>
      <nite:child href="ES2007c.A.words.xml#id(ES2007c.A.words738)..id(ES2007c.A.words739)"/>
   </ae>
   <ae nite:id="ES2007c.A.argumentstructs.Erik.14">
      <nite:pointer role="type"  href="ae-types.xml#id(ae_1)"/>
      <nite:child href="ES2007c.A.words.xml#id(ES2007c.A.words1252)..id(ES2007c.A.words1287)"/>
   </ae>
   <ae nite:id="ES2007c.A.argumentstructs.Erik.15">
      <nite:pointer role="type"  href="ae-types.xml#id(ae_3)"/>
      <nite:child href="ES2007c.A.words.xml#id(ES2007c.A.words1288)..id(ES2007c.A.words1299)"/>
   </ae>
   <ae nite:id="ES2007c.A.argumentstructs.Erik.16">
      <nite:pointer role="type"  href="ae-types.xml#id(ae_1)"/>
      <nite:child href="ES2007c.A.words.xml#id(ES2007c.A.words1300)..id(ES2007c.A.words1308)"/>
   </ae>
   <ae nite:id="ES2007c.A.argumentstructs.Erik.17">
      <nite:pointer role="type"  href="ae-types.xml#id(ae_1)"/>
      <nite:child href="ES2007c.A.words.xml#id(ES2007c.A.words1309)..id(ES2007c.A.words1329)"/>
   </ae>
   <ae nite:id="ES2007c.A.argumentstructs.Erik.18">
      <nite:pointer role="type"  href="ae-types.xml#id(ae_5)"/>
      <nite:child href="ES2007c.A.words.xml#id(ES2007c.A.words1330)..id(ES2007c.A.words1354)"/>
   </ae>
   <ae nite:id="ES2007c.A.argumentstructs.Erik.19">
      <nite:pointer role="type"  href="ae-types.xml#id(ae_1)"/>
      <nite:child href="ES2007c.A.words.xml#id(ES2007c.A.words1355)..id(ES2007c.A.words1366)"/>
   </ae>
   <ae nite:id="ES2007c.A.argumentstructs.Erik.20">
      <nite:pointer role="type"  href="ae-types.xml#id(ae_1)"/>
      <nite:child href="ES2007c.A.words.xml#id(ES2007c.A.words1367)..id(ES2007c.A.words1379)"/>
   </ae>
   <ae nite:id="ES2007c.A.argumentstructs.Erik.21">
      <nite:pointer role="type"  href="ae-types.xml#id(ae_1)"/>
      <nite:child href="ES2007c.A.words.xml#id(ES2007c.A.words1385)..id(ES2007c.A.words1411)"/>
   </ae>
   <ae nite:id="ES2007c.A.argumentstructs.Erik.22">
      <nite:pointer role="type"  href="ae-types.xml#id(ae_1)"/>
      <nite:child href="ES2007c.A.words.xml#id(ES2007c.A.words1412)..id(ES2007c.A.words1413)"/>
   </ae>
   <ae nite:id="ES2007c.A.argumentstructs.Erik.23">
      <nite:pointer role="type"  href="ae-types.xml#id(ae_1)"/>
      <nite:child href="ES2007c.A.words.xml#id(ES2007c.A.words1716)..id(ES2007c.A.words1722)"/>
   </ae>
   <ae nite:id="ES2007c.A.argumentstructs.Erik.24">
      <nite:pointer role="type"  href="ae-types.xml#id(ae_5)"/>
      <nite:child href="ES2007c.A.words.xml#id(ES2007c.A.words1724)..id(ES2007c.A.words1756)"/>
   </ae>
   <ae nite:id="ES2007c.A.argumentstructs.Erik.25">
      <nite:pointer role="type"  href="ae-types.xml#id(ae_1)"/>
      <nite:child href="ES2007c.A.words.xml#id(ES2007c.A.words1762)..id(ES2007c.A.words1763)"/>
   </ae>
   <ae nite:id="ES2007c.A.argumentstructs.Erik.26">
      <nite:pointer role="type"  href="ae-types.xml#id(ae_1)"/>
      <nite:child href="ES2007c.A.words.xml#id(ES2007c.A.words1765)..id(ES2007c.A.words1774)"/>
   </ae>
   <ae nite:id="ES2007c.A.argumentstructs.Erik.27">
      <nite:pointer role="type"  href="ae-types.xml#id(ae_1)"/>
      <nite:child href="ES2007c.A.words.xml#id(ES2007c.A.words1787)..id(ES2007c.A.words1788)"/>
   </ae>
   <ae nite:id="ES2007c.A.argumentstructs.Erik.28">
      <nite:pointer role="type"  href="ae-types.xml#id(ae_1)"/>
      <nite:child href="ES2007c.A.words.xml#id(ES2007c.A.words1789)..id(ES2007c.A.words1797)"/>
   </ae>
   <ae nite:id="ES2007c.A.argumentstructs.Erik.29">
      <nite:pointer role="type"  href="ae-types.xml#id(ae_5)"/>
      <nite:child href="ES2007c.A.words.xml#id(ES2007c.A.words1801)..id(ES2007c.A.words1837)"/>
   </ae>
   <ae nite:id="ES2007c.A.argumentstructs.Erik.30">
      <nite:pointer role="type"  href="ae-types.xml#id(ae_1)"/>
      <nite:child href="ES2007c.A.words.xml#id(ES2007c.A.words1840)..id(ES2007c.A.words1866)"/>
   </ae>
   <ae nite:id="ES2007c.A.argumentstructs.31">
      <nite:pointer role="type"  href="ae-types.xml#id(ae_6)"/>
      <nite:child href="ES2007c.A.words.xml#id(ES2007c.A.words478)..id(ES2007c.A.words479)"/>
   </ae>
   <ae nite:id="ES2007c.A.argumentstructs.32">
      <nite:pointer role="type"  href="ae-types.xml#id(ae_6)"/>
      <nite:child href="ES2007c.A.words.xml#id(ES2007c.A.words509)..id(ES2007c.A.words512)"/>
      <nite:child href="ES2007c.A.words.xml#id(ES2007c.A.words514)..id(ES2007c.A.words521)"/>
   </ae>
   <ae nite:id="ES2007c.A.argumentstructs.33">
      <nite:pointer role="type"  href="ae-types.xml#id(ae_6)"/>
      <nite:child href="ES2007c.A.words.xml#id(ES2007c.A.words714)"/>
   </ae>
   <ae nite:id="ES2007c.A.argumentstructs.34">
      <nite:pointer role="type"  href="ae-types.xml#id(ae_6)"/>
      <nite:child href="ES2007c.A.words.xml#id(ES2007c.A.words735)..id(ES2007c.A.words736)"/>
   </ae>
   <ae nite:id="ES2007c.A.argumentstructs.35">
      <nite:pointer role="type"  href="ae-types.xml#id(ae_6)"/>
      <nite:child href="ES2007c.A.words.xml#id(ES2007c.A.words740)..id(ES2007c.A.words745)"/>
   </ae>
   <ae nite:id="ES2007c.A.argumentstructs.36">
      <nite:pointer role="type"  href="ae-types.xml#id(ae_6)"/>
      <nite:child href="ES2007c.A.words.xml#id(ES2007c.A.words1381)..id(ES2007c.A.words1384)"/>
   </ae>
   <ae nite:id="ES2007c.A.argumentstructs.37">
      <nite:pointer role="type"  href="ae-types.xml#id(ae_6)"/>
      <nite:child href="ES2007c.A.words.xml#id(ES2007c.A.words1757)..id(ES2007c.A.words1759)"/>
      <nite:child href="ES2007c.A.words.xml#id(ES2007c.A.words1761)"/>
   </ae>
   <ae nite:id="ES2007c.A.argumentstructs.38">
      <nite:pointer role="type"  href="ae-types.xml#id(ae_6)"/>
      <nite:child href="ES2007c.A.words.xml#id(ES2007c.A.words1764)"/>
   </ae>
   <ae nite:id="ES2007c.A.argumentstructs.39">
      <nite:pointer role="type"  href="ae-types.xml#id(ae_6)"/>
      <nite:child href="ES2007c.A.words.xml#id(ES2007c.A.words1775)..id(ES2007c.A.words1776)"/>
      <nite:child href="ES2007c.A.words.xml#id(ES2007c.A.words1778)..id(ES2007c.A.words1784)"/>
   </ae>
   <ae nite:id="ES2007c.A.argumentstructs.40">
      <nite:pointer role="type"  href="ae-types.xml#id(ae_6)"/>
      <nite:child href="ES2007c.A.words.xml#id(ES2007c.A.words1838)..id(ES2007c.A.words1839)"/>
   </ae>
</nite:root>