<?xml version="1.0" encoding="ISO-8859-1" standalone="yes"?>
<nite:root nite:id="ES2010a.B.argumentstructs" xmlns:nite="http://nite.sourceforge.net/">
   <ae nite:id="ES2010a.B.argumentstructs.Erik.1">
      <nite:pointer role="type"  href="ae-types.xml#id(ae_3)"/>
      <nite:child href="ES2010a.B.words.xml#id(ES2010a.B.words170)..id(ES2010a.B.words178)"/>
   </ae>
   <ae nite:id="ES2010a.B.argumentstructs.Erik.2">
      <nite:pointer role="type"  href="ae-types.xml#id(ae_1)"/>
      <nite:child href="ES2010a.B.words.xml#id(ES2010a.B.words187)..id(ES2010a.B.words188)"/>
   </ae>
   <ae nite:id="ES2010a.B.argumentstructs.3">
      <nite:pointer role="type"  href="ae-types.xml#id(ae_6)"/>
      <nite:child href="ES2010a.B.words.xml#id(ES2010a.B.words179)..id(ES2010a.B.words183)"/>
      <nite:child href="ES2010a.B.words.xml#id(ES2010a.B.words185)..id(ES2010a.B.words186)"/>
   </ae>
</nite:root>