<?xml version="1.0" encoding="ISO-8859-1" standalone="yes"?>
<nite:root nite:id="ES2011c.A.argumentstructs" xmlns:nite="http://nite.sourceforge.net/">
   <ae nite:id="ES2011c.A.argumentstructs.Erik.1">
      <nite:pointer role="type"  href="ae-types.xml#id(ae_3)"/>
      <nite:child href="ES2011c.A.words.xml#id(ES2011c.A.words260)..id(ES2011c.A.words286)"/>
   </ae>
   <ae nite:id="ES2011c.A.argumentstructs.Erik.2">
      <nite:pointer role="type"  href="ae-types.xml#id(ae_1)"/>
      <nite:child href="ES2011c.A.words.xml#id(ES2011c.A.words287)..id(ES2011c.A.words289)"/>
   </ae>
   <ae nite:id="ES2011c.A.argumentstructs.Erik.3">
      <nite:pointer role="type"  href="ae-types.xml#id(ae_1)"/>
      <nite:child href="ES2011c.A.words.xml#id(ES2011c.A.words290)..id(ES2011c.A.words291)"/>
   </ae>
   <ae nite:id="ES2011c.A.argumentstructs.Erik.4">
      <nite:pointer role="type"  href="ae-types.xml#id(ae_1)"/>
      <nite:child href="ES2011c.A.words.xml#id(ES2011c.A.words292)..id(ES2011c.A.words293)"/>
   </ae>
   <ae nite:id="ES2011c.A.argumentstructs.Erik.5">
      <nite:pointer role="type"  href="ae-types.xml#id(ae_1)"/>
      <nite:child href="ES2011c.A.words.xml#id(ES2011c.A.words294)"/>
   </ae>
   <ae nite:id="ES2011c.A.argumentstructs.Erik.6">
      <nite:pointer role="type"  href="ae-types.xml#id(ae_1)"/>
      <nite:child href="ES2011c.A.words.xml#id(ES2011c.A.words295)..id(ES2011c.A.words326)"/>
   </ae>
   <ae nite:id="ES2011c.A.argumentstructs.Erik.7">
      <nite:pointer role="type"  href="ae-types.xml#id(ae_1)"/>
      <nite:child href="ES2011c.A.words.xml#id(ES2011c.A.words327)..id(ES2011c.A.words328)"/>
   </ae>
   <ae nite:id="ES2011c.A.argumentstructs.Erik.8">
      <nite:pointer role="type"  href="ae-types.xml#id(ae_5)"/>
      <nite:child href="ES2011c.A.words.xml#id(ES2011c.A.words1160)..id(ES2011c.A.words1167)"/>
   </ae>
   <ae nite:id="ES2011c.A.argumentstructs.Erik.9">
      <nite:pointer role="type"  href="ae-types.xml#id(ae_1)"/>
      <nite:child href="ES2011c.A.words.xml#id(ES2011c.A.words1172)..id(ES2011c.A.words1177)"/>
   </ae>
   <ae nite:id="ES2011c.A.argumentstructs.Erik.10">
      <nite:pointer role="type"  href="ae-types.xml#id(ae_3)"/>
      <nite:child href="ES2011c.A.words.xml#id(ES2011c.A.words1178)..id(ES2011c.A.words1183)"/>
   </ae>
   <ae nite:id="ES2011c.A.argumentstructs.Erik.11">
      <nite:pointer role="type"  href="ae-types.xml#id(ae_3)"/>
      <nite:child href="ES2011c.A.words.xml#id(ES2011c.A.words1185)..id(ES2011c.A.words1189)"/>
   </ae>
   <ae nite:id="ES2011c.A.argumentstructs.Erik.12">
      <nite:pointer role="type"  href="ae-types.xml#id(ae_1)"/>
      <nite:child href="ES2011c.A.words.xml#id(ES2011c.A.words1190)..id(ES2011c.A.words1191)"/>
   </ae>
   <ae nite:id="ES2011c.A.argumentstructs.13">
      <nite:pointer role="type"  href="ae-types.xml#id(ae_6)"/>
      <nite:child href="ES2011c.A.words.xml#id(ES2011c.A.words254)..id(ES2011c.A.words259)"/>
   </ae>
   <ae nite:id="ES2011c.A.argumentstructs.14">
      <nite:pointer role="type"  href="ae-types.xml#id(ae_6)"/>
      <nite:child href="ES2011c.A.words.xml#id(ES2011c.A.words329)..id(ES2011c.A.words332)"/>
   </ae>
   <ae nite:id="ES2011c.A.argumentstructs.15">
      <nite:pointer role="type"  href="ae-types.xml#id(ae_6)"/>
      <nite:child href="ES2011c.A.words.xml#id(ES2011c.A.words1158)..id(ES2011c.A.words1159)"/>
   </ae>
   <ae nite:id="ES2011c.A.argumentstructs.16">
      <nite:pointer role="type"  href="ae-types.xml#id(ae_6)"/>
      <nite:child href="ES2011c.A.words.xml#id(ES2011c.A.words1168)"/>
   </ae>
</nite:root>