<?xml version="1.0" encoding="ISO-8859-1" standalone="yes"?>
<nite:root nite:id="ES2003b.B.argumentstructs" xmlns:nite="http://nite.sourceforge.net/">
   <ae nite:id="ES2003b.B.argumentstructs.Erik.1">
      <nite:pointer role="type"  href="ae-types.xml#id(ae_1)"/>
      <nite:child href="ES2003b.B.words.xml#id(ES2003b.B.words913)..id(ES2003b.B.words918)"/>
   </ae>
   <ae nite:id="ES2003b.B.argumentstructs.Erik.2">
      <nite:pointer role="type"  href="ae-types.xml#id(ae_1)"/>
      <nite:child href="ES2003b.B.words.xml#id(ES2003b.B.words919)..id(ES2003b.B.words954)"/>
   </ae>
   <ae nite:id="ES2003b.B.argumentstructs.Erik.3">
      <nite:pointer role="type"  href="ae-types.xml#id(ae_2)"/>
      <nite:child href="ES2003b.B.words.xml#id(ES2003b.B.words956)..id(ES2003b.B.words1034)"/>
   </ae>
   <ae nite:id="ES2003b.B.argumentstructs.Erik.4">
      <nite:pointer role="type"  href="ae-types.xml#id(ae_2)"/>
      <nite:child href="ES2003b.B.words.xml#id(ES2003b.B.words1035)..id(ES2003b.B.words1235)"/>
   </ae>
   <ae nite:id="ES2003b.B.argumentstructs.Erik.5">
      <nite:pointer role="type"  href="ae-types.xml#id(ae_1)"/>
      <nite:child href="ES2003b.B.words.xml#id(ES2003b.B.words1236)..id(ES2003b.B.words1237)"/>
   </ae>
   <ae nite:id="ES2003b.B.argumentstructs.Erik.6">
      <nite:pointer role="type"  href="ae-types.xml#id(ae_1)"/>
      <nite:child href="ES2003b.B.words.xml#id(ES2003b.B.words1722)..id(ES2003b.B.words1780)"/>
   </ae>
   <ae nite:id="ES2003b.B.argumentstructs.Erik.7">
      <nite:pointer role="type"  href="ae-types.xml#id(ae_3)"/>
      <nite:child href="ES2003b.B.words.xml#id(ES2003b.B.words1781)..id(ES2003b.B.words1839)"/>
   </ae>
   <ae nite:id="ES2003b.B.argumentstructs.Erik.8">
      <nite:pointer role="type"  href="ae-types.xml#id(ae_1)"/>
      <nite:child href="ES2003b.B.words.xml#id(ES2003b.B.words1840)..id(ES2003b.B.words1858)"/>
   </ae>
   <ae nite:id="ES2003b.B.argumentstructs.Erik.9">
      <nite:pointer role="type"  href="ae-types.xml#id(ae_1)"/>
      <nite:child href="ES2003b.B.words.xml#id(ES2003b.B.words1861)..id(ES2003b.B.words1862)"/>
   </ae>
   <ae nite:id="ES2003b.B.argumentstructs.Erik.10">
      <nite:pointer role="type"  href="ae-types.xml#id(ae_1)"/>
      <nite:child href="ES2003b.B.words.xml#id(ES2003b.B.words1866)..id(ES2003b.B.words1871)"/>
   </ae>
   <ae nite:id="ES2003b.B.argumentstructs.Erik.11">
      <nite:pointer role="type"  href="ae-types.xml#id(ae_1)"/>
      <nite:child href="ES2003b.B.words.xml#id(ES2003b.B.words1872)..id(ES2003b.B.words1890)"/>
   </ae>
   <ae nite:id="ES2003b.B.argumentstructs.Erik.12">
      <nite:pointer role="type"  href="ae-types.xml#id(ae_5)"/>
      <nite:child href="ES2003b.B.words.xml#id(ES2003b.B.words1891)..id(ES2003b.B.words1946)"/>
   </ae>
   <ae nite:id="ES2003b.B.argumentstructs.Erik.13">
      <nite:pointer role="type"  href="ae-types.xml#id(ae_1)"/>
      <nite:child href="ES2003b.B.words.xml#id(ES2003b.B.words1947)..id(ES2003b.B.words1964)"/>
   </ae>
   <ae nite:id="ES2003b.B.argumentstructs.Erik.14">
      <nite:pointer role="type"  href="ae-types.xml#id(ae_1)"/>
      <nite:child href="ES2003b.B.words.xml#id(ES2003b.B.words1965)..id(ES2003b.B.words1966)"/>
   </ae>
   <ae nite:id="ES2003b.B.argumentstructs.Erik.16">
      <nite:pointer role="type"  href="ae-types.xml#id(ae_1)"/>
      <nite:child href="ES2003b.B.words.xml#id(ES2003b.B.words1972)..id(ES2003b.B.words1984)"/>
   </ae>
   <ae nite:id="ES2003b.B.argumentstructs.Erik.17">
      <nite:pointer role="type"  href="ae-types.xml#id(ae_5)"/>
      <nite:child href="ES2003b.B.words.xml#id(ES2003b.B.words1985)..id(ES2003b.B.words2003)"/>
   </ae>
   <ae nite:id="ES2003b.B.argumentstructs.Erik.18">
      <nite:pointer role="type"  href="ae-types.xml#id(ae_5)"/>
      <nite:child href="ES2003b.B.words.xml#id(ES2003b.B.words2005)..id(ES2003b.B.words2010)"/>
   </ae>
   <ae nite:id="ES2003b.B.argumentstructs.Erik.19">
      <nite:pointer role="type"  href="ae-types.xml#id(ae_1)"/>
      <nite:child href="ES2003b.B.words.xml#id(ES2003b.B.words2011)..id(ES2003b.B.words2060)"/>
   </ae>
   <ae nite:id="ES2003b.B.argumentstructs.Erik.20">
      <nite:pointer role="type"  href="ae-types.xml#id(ae_1)"/>
      <nite:child href="ES2003b.B.words.xml#id(ES2003b.B.words2064)..id(ES2003b.B.words2070)"/>
   </ae>
   <ae nite:id="ES2003b.B.argumentstructs.Erik.21">
      <nite:pointer role="type"  href="ae-types.xml#id(ae_2)"/>
      <nite:child href="ES2003b.B.words.xml#id(ES2003b.B.words2074)..id(ES2003b.B.words2083)"/>
   </ae>
   <ae nite:id="ES2003b.B.argumentstructs.Erik.22">
      <nite:pointer role="type"  href="ae-types.xml#id(ae_1)"/>
      <nite:child href="ES2003b.B.words.xml#id(ES2003b.B.words2089)..id(ES2003b.B.words2116)"/>
   </ae>
   <ae nite:id="ES2003b.B.argumentstructs.Erik.23">
      <nite:pointer role="type"  href="ae-types.xml#id(ae_1)"/>
      <nite:child href="ES2003b.B.words.xml#id(ES2003b.B.words2120)..id(ES2003b.B.words2235)"/>
   </ae>
   <ae nite:id="ES2003b.B.argumentstructs.Erik.24">
      <nite:pointer role="type"  href="ae-types.xml#id(ae_1)"/>
      <nite:child href="ES2003b.B.words.xml#id(ES2003b.B.words2243)..id(ES2003b.B.words2313)"/>
   </ae>
   <ae nite:id="ES2003b.B.argumentstructs.25">
      <nite:pointer role="type"  href="ae-types.xml#id(ae_6)"/>
      <nite:child href="ES2003b.B.words.xml#id(ES2003b.B.words910)"/>
   </ae>
   <ae nite:id="ES2003b.B.argumentstructs.26">
      <nite:pointer role="type"  href="ae-types.xml#id(ae_6)"/>
      <nite:child href="ES2003b.B.words.xml#id(ES2003b.B.words1859)"/>
   </ae>
   <ae nite:id="ES2003b.B.argumentstructs.27">
      <nite:pointer role="type"  href="ae-types.xml#id(ae_6)"/>
      <nite:child href="ES2003b.B.words.xml#id(ES2003b.B.words1863)..id(ES2003b.B.words1865)"/>
   </ae>
   <ae nite:id="ES2003b.B.argumentstructs.28">
      <nite:pointer role="type"  href="ae-types.xml#id(ae_6)"/>
      <nite:child href="ES2003b.B.words.xml#id(ES2003b.B.words1967)..id(ES2003b.B.words1968)"/>
      <nite:child href="ES2003b.B.words.xml#id(ES2003b.B.words1970)"/>
   </ae>
   <ae nite:id="ES2003b.B.argumentstructs.29">
      <nite:pointer role="type"  href="ae-types.xml#id(ae_6)"/>
      <nite:child href="ES2003b.B.words.xml#id(ES2003b.B.words2061)..id(ES2003b.B.words2063)"/>
   </ae>
   <ae nite:id="ES2003b.B.argumentstructs.30">
      <nite:pointer role="type"  href="ae-types.xml#id(ae_6)"/>
      <nite:child href="ES2003b.B.words.xml#id(ES2003b.B.words2071)"/>
   </ae>
   <ae nite:id="ES2003b.B.argumentstructs.31">
      <nite:pointer role="type"  href="ae-types.xml#id(ae_6)"/>
      <nite:child href="ES2003b.B.words.xml#id(ES2003b.B.words2085)..id(ES2003b.B.words2088)"/>
   </ae>
   <ae nite:id="ES2003b.B.argumentstructs.32">
      <nite:pointer role="type"  href="ae-types.xml#id(ae_6)"/>
      <nite:child href="ES2003b.B.words.xml#id(ES2003b.B.words2117)..id(ES2003b.B.words2118)"/>
   </ae>
   <ae nite:id="ES2003b.B.argumentstructs.33">
      <nite:pointer role="type"  href="ae-types.xml#id(ae_6)"/>
      <nite:child href="ES2003b.B.words.xml#id(ES2003b.B.words2236)..id(ES2003b.B.words2241)"/>
   </ae>
</nite:root>