<?xml version="1.0" encoding="ISO-8859-1" standalone="yes"?>
<nite:root nite:id="ES2005b.A.argumentstructs" xmlns:nite="http://nite.sourceforge.net/">
   <ae nite:id="ES2005b.A.argumentstructs.Erik.1">
      <nite:pointer role="type"  href="ae-types.xml#id(ae_1)"/>
      <nite:child href="ES2005b.A.words.xml#id(ES2005b.A.words1225)..id(ES2005b.A.words1226)"/>
   </ae>
   <ae nite:id="ES2005b.A.argumentstructs.Erik.2">
      <nite:pointer role="type"  href="ae-types.xml#id(ae_1)"/>
      <nite:child href="ES2005b.A.words.xml#id(ES2005b.A.words1227)..id(ES2005b.A.words1307)"/>
   </ae>
   <ae nite:id="ES2005b.A.argumentstructs.Erik.3">
      <nite:pointer role="type"  href="ae-types.xml#id(ae_1)"/>
      <nite:child href="ES2005b.A.words.xml#id(ES2005b.A.words1308)..id(ES2005b.A.words1323)"/>
   </ae>
   <ae nite:id="ES2005b.A.argumentstructs.Erik.4">
      <nite:pointer role="type"  href="ae-types.xml#id(ae_1)"/>
      <nite:child href="ES2005b.A.words.xml#id(ES2005b.A.words1326)..id(ES2005b.A.words1342)"/>
   </ae>
   <ae nite:id="ES2005b.A.argumentstructs.Erik.5">
      <nite:pointer role="type"  href="ae-types.xml#id(ae_1)"/>
      <nite:child href="ES2005b.A.words.xml#id(ES2005b.A.words1343)..id(ES2005b.A.words1346)"/>
   </ae>
   <ae nite:id="ES2005b.A.argumentstructs.Erik.6">
      <nite:pointer role="type"  href="ae-types.xml#id(ae_1)"/>
      <nite:child href="ES2005b.A.words.xml#id(ES2005b.A.words1347)..id(ES2005b.A.words1358)"/>
   </ae>
   <ae nite:id="ES2005b.A.argumentstructs.Erik.7">
      <nite:pointer role="type"  href="ae-types.xml#id(ae_1)"/>
      <nite:child href="ES2005b.A.words.xml#id(ES2005b.A.words1360)..id(ES2005b.A.words1476)"/>
   </ae>
   <ae nite:id="ES2005b.A.argumentstructs.Erik.8">
      <nite:pointer role="type"  href="ae-types.xml#id(ae_1)"/>
      <nite:child href="ES2005b.A.words.xml#id(ES2005b.A.words1477)..id(ES2005b.A.words1487)"/>
   </ae>
   <ae nite:id="ES2005b.A.argumentstructs.9">
      <nite:pointer role="type"  href="ae-types.xml#id(ae_6)"/>
      <nite:child href="ES2005b.A.words.xml#id(ES2005b.A.words1324)"/>
   </ae>
   <ae nite:id="ES2005b.A.argumentstructs.10">
      <nite:pointer role="type"  href="ae-types.xml#id(ae_6)"/>
      <nite:child href="ES2005b.A.words.xml#id(ES2005b.A.words1359)"/>
   </ae>
</nite:root>