<?xml version="1.0" encoding="ISO-8859-1" standalone="yes"?>
<nite:root nite:id="ES2006a.D.argumentstructs" xmlns:nite="http://nite.sourceforge.net/">
   <ae nite:id="ES2006a.D.argumentstructs.Erik.1">
      <nite:pointer role="type"  href="ae-types.xml#id(ae_1)"/>
      <nite:child href="ES2006a.D.words.xml#id(ES2006a.D.words470)..id(ES2006a.D.words502)"/>
   </ae>
   <ae nite:id="ES2006a.D.argumentstructs.2">
      <nite:pointer role="type"  href="ae-types.xml#id(ae_6)"/>
      <nite:child href="ES2006a.D.words.xml#id(ES2006a.D.words503)..id(ES2006a.D.words504)"/>
   </ae>
</nite:root>