<?xml version="1.0" encoding="ISO-8859-1" standalone="yes"?>
<nite:root nite:id="ES2004a.A.argumentstructs" xmlns:nite="http://nite.sourceforge.net/">
   <ae nite:id="ES2004a.A.argumentstructs.Erik.1">
      <nite:pointer role="type"  href="ae-types.xml#id(ae_1)"/>
      <nite:child href="ES2004a.A.words.xml#id(ES2004a.A.words345)..id(ES2004a.A.words346)"/>
   </ae>
   <ae nite:id="ES2004a.A.argumentstructs.2">
      <nite:pointer role="type"  href="ae-types.xml#id(ae_6)"/>
      <nite:child href="ES2004a.A.words.xml#id(ES2004a.A.words333)..id(ES2004a.A.words344)"/>
   </ae>
</nite:root>