<?xml version="1.0" encoding="ISO-8859-1" standalone="yes"?>
<nite:root nite:id="ES2002a.A.argumentstructs" xmlns:nite="http://nite.sourceforge.net/">
   <ae nite:id="ES2002a.A.argumentstructs.Erik.1">
      <nite:pointer role="type"  href="ae-types.xml#id(ae_1)"/>
      <nite:child href="ES2002a.A.words.xml#id(ES2002a.A.words177)..id(ES2002a.A.words203)"/>
   </ae>
   <ae nite:id="ES2002a.A.argumentstructs.Erik.2">
      <nite:pointer role="type"  href="ae-types.xml#id(ae_1)"/>
      <nite:child href="ES2002a.A.words.xml#id(ES2002a.A.words261)..id(ES2002a.A.words269)"/>
   </ae>
   <ae nite:id="ES2002a.A.argumentstructs.Erik.3">
      <nite:pointer role="type"  href="ae-types.xml#id(ae_1)"/>
      <nite:child href="ES2002a.A.words.xml#id(ES2002a.A.words270)..id(ES2002a.A.words288)"/>
   </ae>
   <ae nite:id="ES2002a.A.argumentstructs.Erik.4">
      <nite:pointer role="type"  href="ae-types.xml#id(ae_1)"/>
      <nite:child href="ES2002a.A.words.xml#id(ES2002a.A.words291)..id(ES2002a.A.words298)"/>
   </ae>
   <ae nite:id="ES2002a.A.argumentstructs.Erik.5">
      <nite:pointer role="type"  href="ae-types.xml#id(ae_1)"/>
      <nite:child href="ES2002a.A.words.xml#id(ES2002a.A.words210)..id(ES2002a.A.words211)"/>
   </ae>
   <ae nite:id="ES2002a.A.argumentstructs.Erik.6">
      <nite:pointer role="type"  href="ae-types.xml#id(ae_1)"/>
      <nite:child href="ES2002a.A.words.xml#id(ES2002a.A.words212)..id(ES2002a.A.words217)"/>
   </ae>
   <ae nite:id="ES2002a.A.argumentstructs.Erik.7">
      <nite:pointer role="type"  href="ae-types.xml#id(ae_1)"/>
      <nite:child href="ES2002a.A.words.xml#id(ES2002a.A.words218)..id(ES2002a.A.words253)"/>
   </ae>
   <ae nite:id="ES2002a.A.argumentstructs.8">
      <nite:pointer role="type"  href="ae-types.xml#id(ae_6)"/>
      <nite:child href="ES2002a.A.words.xml#id(ES2002a.A.words175)..id(ES2002a.A.words176)"/>
   </ae>
   <ae nite:id="ES2002a.A.argumentstructs.9">
      <nite:pointer role="type"  href="ae-types.xml#id(ae_6)"/>
      <nite:child href="ES2002a.A.words.xml#id(ES2002a.A.words289)..id(ES2002a.A.words290)"/>
   </ae>
   <ae nite:id="ES2002a.A.argumentstructs.10">
      <nite:pointer role="type"  href="ae-types.xml#id(ae_6)"/>
      <nite:child href="ES2002a.A.words.xml#id(ES2002a.A.words254)..id(ES2002a.A.words256)"/>
   </ae>
</nite:root>