<?xml version="1.0" encoding="ISO-8859-1" standalone="yes"?>
<nite:root nite:id="ES2004a.B.argumentstructs" xmlns:nite="http://nite.sourceforge.net/">
   <ae nite:id="ES2004a.B.argumentstructs.Erik.1">
      <nite:pointer role="type"  href="ae-types.xml#id(ae_3)"/>
      <nite:child href="ES2004a.B.words.xml#id(ES2004a.B.words940)..id(ES2004a.B.words951)"/>
   </ae>
   <ae nite:id="ES2004a.B.argumentstructs.Erik.2">
      <nite:pointer role="type"  href="ae-types.xml#id(ae_1)"/>
      <nite:child href="ES2004a.B.words.xml#id(ES2004a.B.words952)..id(ES2004a.B.words973)"/>
   </ae>
   <ae nite:id="ES2004a.B.argumentstructs.Erik.3">
      <nite:pointer role="type"  href="ae-types.xml#id(ae_1)"/>
      <nite:child href="ES2004a.B.words.xml#id(ES2004a.B.words974)..id(ES2004a.B.words986)"/>
   </ae>
   <ae nite:id="ES2004a.B.argumentstructs.Erik.4">
      <nite:pointer role="type"  href="ae-types.xml#id(ae_1)"/>
      <nite:child href="ES2004a.B.words.xml#id(ES2004a.B.words987)..id(ES2004a.B.words994)"/>
   </ae>
   <ae nite:id="ES2004a.B.argumentstructs.Erik.5">
      <nite:pointer role="type"  href="ae-types.xml#id(ae_1)"/>
      <nite:child href="ES2004a.B.words.xml#id(ES2004a.B.words997)..id(ES2004a.B.words1022)"/>
   </ae>
   <ae nite:id="ES2004a.B.argumentstructs.Erik.6">
      <nite:pointer role="type"  href="ae-types.xml#id(ae_1)"/>
      <nite:child href="ES2004a.B.words.xml#id(ES2004a.B.words1023)..id(ES2004a.B.words1074)"/>
   </ae>
   <ae nite:id="ES2004a.B.argumentstructs.Erik.7">
      <nite:pointer role="type"  href="ae-types.xml#id(ae_1)"/>
      <nite:child href="ES2004a.B.words.xml#id(ES2004a.B.words1075)..id(ES2004a.B.words1076)"/>
   </ae>
   <ae nite:id="ES2004a.B.argumentstructs.Erik.8">
      <nite:pointer role="type"  href="ae-types.xml#id(ae_1)"/>
      <nite:child href="ES2004a.B.words.xml#id(ES2004a.B.words1077)..id(ES2004a.B.words1084)"/>
   </ae>
   <ae nite:id="ES2004a.B.argumentstructs.Erik.9">
      <nite:pointer role="type"  href="ae-types.xml#id(ae_1)"/>
      <nite:child href="ES2004a.B.words.xml#id(ES2004a.B.words1085)..id(ES2004a.B.words1086)"/>
   </ae>
   <ae nite:id="ES2004a.B.argumentstructs.10">
      <nite:pointer role="type"  href="ae-types.xml#id(ae_6)"/>
      <nite:child href="ES2004a.B.words.xml#id(ES2004a.B.words995)..id(ES2004a.B.words996)"/>
   </ae>
</nite:root>