<?xml version="1.0" encoding="ISO-8859-1" standalone="yes"?>
<nite:root nite:id="ES2012a.B.argumentstructs" xmlns:nite="http://nite.sourceforge.net/">
   <ae nite:id="ES2012a.B.argumentstructs.Erik.1">
      <nite:pointer role="type"  href="ae-types.xml#id(ae_1)"/>
      <nite:child href="ES2012a.B.words.xml#id(ES2012a.B.words49)..id(ES2012a.B.words102)"/>
   </ae>
   <ae nite:id="ES2012a.B.argumentstructs.Erik.2">
      <nite:pointer role="type"  href="ae-types.xml#id(ae_1)"/>
      <nite:child href="ES2012a.B.words.xml#id(ES2012a.B.words119)..id(ES2012a.B.words124)"/>
   </ae>
   <ae nite:id="ES2012a.B.argumentstructs.3">
      <nite:pointer role="type"  href="ae-types.xml#id(ae_6)"/>
      <nite:child href="ES2012a.B.words.xml#id(ES2012a.B.words46)"/>
   </ae>
   <ae nite:id="ES2012a.B.argumentstructs.4">
      <nite:pointer role="type"  href="ae-types.xml#id(ae_6)"/>
      <nite:child href="ES2012a.B.words.xml#id(ES2012a.B.words103)..id(ES2012a.B.words106)"/>
   </ae>
   <ae nite:id="ES2012a.B.argumentstructs.5">
      <nite:pointer role="type"  href="ae-types.xml#id(ae_6)"/>
      <nite:child href="ES2012a.B.words.xml#id(ES2012a.B.words108)..id(ES2012a.B.words113)"/>
      <nite:child href="ES2012a.B.words.xml#id(ES2012a.B.words115)..id(ES2012a.B.words118)"/>
   </ae>
   <ae nite:id="ES2012a.B.argumentstructs.6">
      <nite:pointer role="type"  href="ae-types.xml#id(ae_6)"/>
      <nite:child href="ES2012a.B.words.xml#id(ES2012a.B.words125)..id(ES2012a.B.words128)"/>
   </ae>
</nite:root>