<?xml version="1.0" encoding="ISO-8859-1" standalone="yes"?>
<nite:root nite:id="ES2009c.A.argumentstructs" xmlns:nite="http://nite.sourceforge.net/">
   <ae nite:id="ES2009c.A.argumentstructs.Erik.1">
      <nite:pointer role="type"  href="ae-types.xml#id(ae_3)"/>
      <nite:child href="ES2009c.A.words.xml#id(ES2009c.A.words604)..id(ES2009c.A.words638)"/>
   </ae>
   <ae nite:id="ES2009c.A.argumentstructs.Erik.2">
      <nite:pointer role="type"  href="ae-types.xml#id(ae_1)"/>
      <nite:child href="ES2009c.A.words.xml#id(ES2009c.A.words639)..id(ES2009c.A.words640)"/>
   </ae>
   <ae nite:id="ES2009c.A.argumentstructs.Erik.3">
      <nite:pointer role="type"  href="ae-types.xml#id(ae_1)"/>
      <nite:child href="ES2009c.A.words.xml#id(ES2009c.A.words645)..id(ES2009c.A.words649)"/>
   </ae>
   <ae nite:id="ES2009c.A.argumentstructs.Erik.4">
      <nite:pointer role="type"  href="ae-types.xml#id(ae_1)"/>
      <nite:child href="ES2009c.A.words.xml#id(ES2009c.A.words657)..id(ES2009c.A.words727)"/>
   </ae>
   <ae nite:id="ES2009c.A.argumentstructs.Erik.5">
      <nite:pointer role="type"  href="ae-types.xml#id(ae_1)"/>
      <nite:child href="ES2009c.A.words.xml#id(ES2009c.A.words732)..id(ES2009c.A.words740)"/>
   </ae>
   <ae nite:id="ES2009c.A.argumentstructs.Erik.6">
      <nite:pointer role="type"  href="ae-types.xml#id(ae_1)"/>
      <nite:child href="ES2009c.A.words.xml#id(ES2009c.A.words741)..id(ES2009c.A.words746)"/>
   </ae>
   <ae nite:id="ES2009c.A.argumentstructs.Erik.7">
      <nite:pointer role="type"  href="ae-types.xml#id(ae_3)"/>
      <nite:child href="ES2009c.A.words.xml#id(ES2009c.A.words804)..id(ES2009c.A.words859)"/>
   </ae>
   <ae nite:id="ES2009c.A.argumentstructs.Erik.8">
      <nite:pointer role="type"  href="ae-types.xml#id(ae_1)"/>
      <nite:child href="ES2009c.A.words.xml#id(ES2009c.A.words941)..id(ES2009c.A.words984)"/>
   </ae>
   <ae nite:id="ES2009c.A.argumentstructs.Erik.9">
      <nite:pointer role="type"  href="ae-types.xml#id(ae_1)"/>
      <nite:child href="ES2009c.A.words.xml#id(ES2009c.A.words985)..id(ES2009c.A.words986)"/>
   </ae>
   <ae nite:id="ES2009c.A.argumentstructs.Erik.10">
      <nite:pointer role="type"  href="ae-types.xml#id(ae_3)"/>
      <nite:child href="ES2009c.A.words.xml#id(ES2009c.A.words990)..id(ES2009c.A.words1002)"/>
   </ae>
   <ae nite:id="ES2009c.A.argumentstructs.Erik.11">
      <nite:pointer role="type"  href="ae-types.xml#id(ae_1)"/>
      <nite:child href="ES2009c.A.words.xml#id(ES2009c.A.words1005)..id(ES2009c.A.words1006)"/>
   </ae>
   <ae nite:id="ES2009c.A.argumentstructs.Erik.12">
      <nite:pointer role="type"  href="ae-types.xml#id(ae_1)"/>
      <nite:child href="ES2009c.A.words.xml#id(ES2009c.A.words1008)..id(ES2009c.A.words1062)"/>
   </ae>
   <ae nite:id="ES2009c.A.argumentstructs.Erik.13">
      <nite:pointer role="type"  href="ae-types.xml#id(ae_1)"/>
      <nite:child href="ES2009c.A.words.xml#id(ES2009c.A.words1063)..id(ES2009c.A.words1083)"/>
   </ae>
   <ae nite:id="ES2009c.A.argumentstructs.Erik.14">
      <nite:pointer role="type"  href="ae-types.xml#id(ae_4)"/>
      <nite:child href="ES2009c.A.words.xml#id(ES2009c.A.words1084)..id(ES2009c.A.words1114)"/>
   </ae>
   <ae nite:id="ES2009c.A.argumentstructs.Erik.15">
      <nite:pointer role="type"  href="ae-types.xml#id(ae_1)"/>
      <nite:child href="ES2009c.A.words.xml#id(ES2009c.A.words1115)..id(ES2009c.A.words1116)"/>
   </ae>
   <ae nite:id="ES2009c.A.argumentstructs.Erik.16">
      <nite:pointer role="type"  href="ae-types.xml#id(ae_4)"/>
      <nite:child href="ES2009c.A.words.xml#id(ES2009c.A.words1117)..id(ES2009c.A.words1139)"/>
   </ae>
   <ae nite:id="ES2009c.A.argumentstructs.Erik.17">
      <nite:pointer role="type"  href="ae-types.xml#id(ae_1)"/>
      <nite:child href="ES2009c.A.words.xml#id(ES2009c.A.words1144)..id(ES2009c.A.words1145)"/>
   </ae>
   <ae nite:id="ES2009c.A.argumentstructs.Erik.18">
      <nite:pointer role="type"  href="ae-types.xml#id(ae_1)"/>
      <nite:child href="ES2009c.A.words.xml#id(ES2009c.A.words1149)..id(ES2009c.A.words1182)"/>
   </ae>
   <ae nite:id="ES2009c.A.argumentstructs.Erik.19">
      <nite:pointer role="type"  href="ae-types.xml#id(ae_1)"/>
      <nite:child href="ES2009c.A.words.xml#id(ES2009c.A.words1183)..id(ES2009c.A.words1198)"/>
   </ae>
   <ae nite:id="ES2009c.A.argumentstructs.Erik.20">
      <nite:pointer role="type"  href="ae-types.xml#id(ae_1)"/>
      <nite:child href="ES2009c.A.words.xml#id(ES2009c.A.words1307)..id(ES2009c.A.words1308)"/>
   </ae>
   <ae nite:id="ES2009c.A.argumentstructs.Erik.21">
      <nite:pointer role="type"  href="ae-types.xml#id(ae_1)"/>
      <nite:child href="ES2009c.A.words.xml#id(ES2009c.A.words1312)..id(ES2009c.A.words1313)"/>
   </ae>
   <ae nite:id="ES2009c.A.argumentstructs.Erik.22">
      <nite:pointer role="type"  href="ae-types.xml#id(ae_1)"/>
      <nite:child href="ES2009c.A.words.xml#id(ES2009c.A.words1314)..id(ES2009c.A.words1428)"/>
   </ae>
   <ae nite:id="ES2009c.A.argumentstructs.Erik.23">
      <nite:pointer role="type"  href="ae-types.xml#id(ae_1)"/>
      <nite:child href="ES2009c.A.words.xml#id(ES2009c.A.words1429)..id(ES2009c.A.words1468)"/>
   </ae>
   <ae nite:id="ES2009c.A.argumentstructs.Erik.24">
      <nite:pointer role="type"  href="ae-types.xml#id(ae_1)"/>
      <nite:child href="ES2009c.A.words.xml#id(ES2009c.A.words1469)..id(ES2009c.A.words1470)"/>
   </ae>
   <ae nite:id="ES2009c.A.argumentstructs.25">
      <nite:pointer role="type"  href="ae-types.xml#id(ae_6)"/>
      <nite:child href="ES2009c.A.words.xml#id(ES2009c.A.words641)..id(ES2009c.A.words644)"/>
   </ae>
   <ae nite:id="ES2009c.A.argumentstructs.26">
      <nite:pointer role="type"  href="ae-types.xml#id(ae_6)"/>
      <nite:child href="ES2009c.A.words.xml#id(ES2009c.A.words650)..id(ES2009c.A.words651)"/>
      <nite:child href="ES2009c.A.words.xml#id(ES2009c.A.words653)..id(ES2009c.A.words656)"/>
   </ae>
   <ae nite:id="ES2009c.A.argumentstructs.27">
      <nite:pointer role="type"  href="ae-types.xml#id(ae_6)"/>
      <nite:child href="ES2009c.A.words.xml#id(ES2009c.A.words728)"/>
   </ae>
   <ae nite:id="ES2009c.A.argumentstructs.28">
      <nite:pointer role="type"  href="ae-types.xml#id(ae_6)"/>
      <nite:child href="ES2009c.A.words.xml#id(ES2009c.A.words748)..id(ES2009c.A.words749)"/>
      <nite:child href="ES2009c.A.words.xml#id(ES2009c.A.words751)..id(ES2009c.A.words761)"/>
      <nite:child href="ES2009c.A.words.xml#id(ES2009c.A.words763)..id(ES2009c.A.words778)"/>
      <nite:child href="ES2009c.A.words.xml#id(ES2009c.A.words780)..id(ES2009c.A.words803)"/>
   </ae>
   <ae nite:id="ES2009c.A.argumentstructs.29">
      <nite:pointer role="type"  href="ae-types.xml#id(ae_6)"/>
      <nite:child href="ES2009c.A.words.xml#id(ES2009c.A.words861)..id(ES2009c.A.words862)"/>
   </ae>
   <ae nite:id="ES2009c.A.argumentstructs.30">
      <nite:pointer role="type"  href="ae-types.xml#id(ae_6)"/>
      <nite:child href="ES2009c.A.words.xml#id(ES2009c.A.words988)..id(ES2009c.A.words989)"/>
   </ae>
   <ae nite:id="ES2009c.A.argumentstructs.31">
      <nite:pointer role="type"  href="ae-types.xml#id(ae_6)"/>
      <nite:child href="ES2009c.A.words.xml#id(ES2009c.A.words1003)..id(ES2009c.A.words1004)"/>
   </ae>
   <ae nite:id="ES2009c.A.argumentstructs.32">
      <nite:pointer role="type"  href="ae-types.xml#id(ae_6)"/>
      <nite:child href="ES2009c.A.words.xml#id(ES2009c.A.words1140)..id(ES2009c.A.words1143)"/>
   </ae>
   <ae nite:id="ES2009c.A.argumentstructs.33">
      <nite:pointer role="type"  href="ae-types.xml#id(ae_6)"/>
      <nite:child href="ES2009c.A.words.xml#id(ES2009c.A.words1147)..id(ES2009c.A.words1148)"/>
   </ae>
   <ae nite:id="ES2009c.A.argumentstructs.34">
      <nite:pointer role="type"  href="ae-types.xml#id(ae_6)"/>
      <nite:child href="ES2009c.A.words.xml#id(ES2009c.A.words1309)..id(ES2009c.A.words1310)"/>
   </ae>
</nite:root>