<?xml version="1.0" encoding="ISO-8859-1" standalone="yes"?>
<nite:root nite:id="ES2016a.A.argumentstructs" xmlns:nite="http://nite.sourceforge.net/">
   <ae nite:id="ES2016a.A.argumentstructs.Rutger.1">
      <nite:pointer role="type"  href="ae-types.xml#id(ae_5)"/>
      <nite:child href="ES2016a.A.words.xml#id(ES2016a.A.words945)..id(ES2016a.A.words967)"/>
   </ae>
   <ae nite:id="ES2016a.A.argumentstructs.Rutger.3">
      <nite:pointer role="type"  href="ae-types.xml#id(ae_2)"/>
      <nite:child href="ES2016a.A.words.xml#id(ES2016a.A.words968)..id(ES2016a.A.words1002)"/>
   </ae>
   <ae nite:id="ES2016a.A.argumentstructs.Rutger.4">
      <nite:pointer role="type"  href="ae-types.xml#id(ae_1)"/>
      <nite:child href="ES2016a.A.words.xml#id(ES2016a.A.words1003)..id(ES2016a.A.words1032)"/>
   </ae>
   <ae nite:id="ES2016a.A.argumentstructs.Rutger.5">
      <nite:pointer role="type"  href="ae-types.xml#id(ae_1)"/>
      <nite:child href="ES2016a.A.words.xml#id(ES2016a.A.words1033)..id(ES2016a.A.words1037)"/>
   </ae>
   <ae nite:id="ES2016a.A.argumentstructs.Rutger.6">
      <nite:pointer role="type"  href="ae-types.xml#id(ae_1)"/>
      <nite:child href="ES2016a.A.words.xml#id(ES2016a.A.words1038)..id(ES2016a.A.words1045)"/>
   </ae>
   <ae nite:id="ES2016a.A.argumentstructs.Rutger.9">
      <nite:pointer role="type"  href="ae-types.xml#id(ae_1)"/>
      <nite:child href="ES2016a.A.words.xml#id(ES2016a.A.words1046)..id(ES2016a.A.words1063)"/>
   </ae>
   <ae nite:id="ES2016a.A.argumentstructs.Rutger.10">
      <nite:pointer role="type"  href="ae-types.xml#id(ae_1)"/>
      <nite:child href="ES2016a.A.words.xml#id(ES2016a.A.words1064)..id(ES2016a.A.words1091)"/>
   </ae>
   <ae nite:id="ES2016a.A.argumentstructs.Rutger.11">
      <nite:pointer role="type"  href="ae-types.xml#id(ae_1)"/>
      <nite:child href="ES2016a.A.words.xml#id(ES2016a.A.words1092)..id(ES2016a.A.words1101)"/>
   </ae>
   <ae nite:id="ES2016a.A.argumentstructs.Rutger.12">
      <nite:pointer role="type"  href="ae-types.xml#id(ae_1)"/>
      <nite:child href="ES2016a.A.words.xml#id(ES2016a.A.words1102)..id(ES2016a.A.words1121)"/>
   </ae>
   <ae nite:id="ES2016a.A.argumentstructs.Rutger.14">
      <nite:pointer role="type"  href="ae-types.xml#id(ae_1)"/>
      <nite:child href="ES2016a.A.words.xml#id(ES2016a.A.words1122)..id(ES2016a.A.words1126)"/>
   </ae>
   <ae nite:id="ES2016a.A.argumentstructs.Rutger.16">
      <nite:pointer role="type"  href="ae-types.xml#id(ae_1)"/>
      <nite:child href="ES2016a.A.words.xml#id(ES2016a.A.words1127)..id(ES2016a.A.words1140)"/>
   </ae>
   <ae nite:id="ES2016a.A.argumentstructs.Rutger.17">
      <nite:pointer role="type"  href="ae-types.xml#id(ae_1)"/>
      <nite:child href="ES2016a.A.words.xml#id(ES2016a.A.words1141)..id(ES2016a.A.words1164)"/>
   </ae>
   <ae nite:id="ES2016a.A.argumentstructs.18">
      <nite:pointer role="type"  href="ae-types.xml#id(ae_6)"/>
      <nite:child href="ES2016a.A.words.xml#id(ES2016a.A.words1165)..id(ES2016a.A.words1186)"/>
   </ae>
</nite:root>