<?xml version="1.0" encoding="ISO-8859-1" standalone="yes"?>
<nite:root nite:id="ES2002c.C.argumentstructs" xmlns:nite="http://nite.sourceforge.net/">
   <ae nite:id="ES2002c.C.argumentstructs.Erik.1">
      <nite:pointer role="type"  href="ae-types.xml#id(ae_1)"/>
      <nite:child href="ES2002c.C.words.xml#id(ES2002c.C.words769)..id(ES2002c.C.words779)"/>
   </ae>
   <ae nite:id="ES2002c.C.argumentstructs.Erik.2">
      <nite:pointer role="type"  href="ae-types.xml#id(ae_1)"/>
      <nite:child href="ES2002c.C.words.xml#id(ES2002c.C.words780)..id(ES2002c.C.words810)"/>
   </ae>
   <ae nite:id="ES2002c.C.argumentstructs.Erik.3">
      <nite:pointer role="type"  href="ae-types.xml#id(ae_1)"/>
      <nite:child href="ES2002c.C.words.xml#id(ES2002c.C.words812)..id(ES2002c.C.words843)"/>
   </ae>
   <ae nite:id="ES2002c.C.argumentstructs.4">
      <nite:pointer role="type"  href="ae-types.xml#id(ae_6)"/>
      <nite:child href="ES2002c.C.words.xml#id(ES2002c.C.words766)..id(ES2002c.C.words767)"/>
   </ae>
   <ae nite:id="ES2002c.C.argumentstructs.5">
      <nite:pointer role="type"  href="ae-types.xml#id(ae_6)"/>
      <nite:child href="ES2002c.C.words.xml#id(ES2002c.C.words903)"/>
   </ae>
</nite:root>