<?xml version="1.0" encoding="ISO-8859-1" standalone="yes"?>
<nite:root nite:id="ES2002c.D.argumentstructs" xmlns:nite="http://nite.sourceforge.net/">
   <ae nite:id="ES2002c.D.argumentstructs.Erik.1">
      <nite:pointer role="type"  href="ae-types.xml#id(ae_5)"/>
      <nite:child href="ES2002c.D.words.xml#id(ES2002c.D.words1777)..id(ES2002c.D.words1797)"/>
   </ae>
   <ae nite:id="ES2002c.D.argumentstructs.Erik.2">
      <nite:pointer role="type"  href="ae-types.xml#id(ae_1)"/>
      <nite:child href="ES2002c.D.words.xml#id(ES2002c.D.words1798)..id(ES2002c.D.words1799)"/>
   </ae>
   <ae nite:id="ES2002c.D.argumentstructs.Erik.3">
      <nite:pointer role="type"  href="ae-types.xml#id(ae_1)"/>
      <nite:child href="ES2002c.D.words.xml#id(ES2002c.D.words1800)..id(ES2002c.D.words1817)"/>
   </ae>
   <ae nite:id="ES2002c.D.argumentstructs.Erik.4">
      <nite:pointer role="type"  href="ae-types.xml#id(ae_5)"/>
      <nite:child href="ES2002c.D.words.xml#id(ES2002c.D.words1828)..id(ES2002c.D.words1882)"/>
   </ae>
   <ae nite:id="ES2002c.D.argumentstructs.Erik.5">
      <nite:pointer role="type"  href="ae-types.xml#id(ae_1)"/>
      <nite:child href="ES2002c.D.words.xml#id(ES2002c.D.words1883)..id(ES2002c.D.words1890)"/>
   </ae>
   <ae nite:id="ES2002c.D.argumentstructs.Erik.6">
      <nite:pointer role="type"  href="ae-types.xml#id(ae_1)"/>
      <nite:child href="ES2002c.D.words.xml#id(ES2002c.D.words1891)..id(ES2002c.D.words1959)"/>
   </ae>
   <ae nite:id="ES2002c.D.argumentstructs.Erik.7">
      <nite:pointer role="type"  href="ae-types.xml#id(ae_1)"/>
      <nite:child href="ES2002c.D.words.xml#id(ES2002c.D.words1960)..id(ES2002c.D.words1966)"/>
   </ae>
   <ae nite:id="ES2002c.D.argumentstructs.Erik.8">
      <nite:pointer role="type"  href="ae-types.xml#id(ae_1)"/>
      <nite:child href="ES2002c.D.words.xml#id(ES2002c.D.words1967)..id(ES2002c.D.words2001)"/>
   </ae>
   <ae nite:id="ES2002c.D.argumentstructs.Erik.9">
      <nite:pointer role="type"  href="ae-types.xml#id(ae_5)"/>
      <nite:child href="ES2002c.D.words.xml#id(ES2002c.D.words2002)..id(ES2002c.D.words2011)"/>
   </ae>
   <ae nite:id="ES2002c.D.argumentstructs.Erik.10">
      <nite:pointer role="type"  href="ae-types.xml#id(ae_1)"/>
      <nite:child href="ES2002c.D.words.xml#id(ES2002c.D.words2012)..id(ES2002c.D.words2013)"/>
   </ae>
   <ae nite:id="ES2002c.D.argumentstructs.Erik.11">
      <nite:pointer role="type"  href="ae-types.xml#id(ae_1)"/>
      <nite:child href="ES2002c.D.words.xml#id(ES2002c.D.words2236)..id(ES2002c.D.words2237)"/>
   </ae>
   <ae nite:id="ES2002c.D.argumentstructs.Erik.12">
      <nite:pointer role="type"  href="ae-types.xml#id(ae_1)"/>
      <nite:child href="ES2002c.D.words.xml#id(ES2002c.D.words2238)..id(ES2002c.D.words2239)"/>
   </ae>
   <ae nite:id="ES2002c.D.argumentstructs.Erik.13">
      <nite:pointer role="type"  href="ae-types.xml#id(ae_5)"/>
      <nite:child href="ES2002c.D.words.xml#id(ES2002c.D.words2257)..id(ES2002c.D.words2285)"/>
   </ae>
   <ae nite:id="ES2002c.D.argumentstructs.Erik.14">
      <nite:pointer role="type"  href="ae-types.xml#id(ae_1)"/>
      <nite:child href="ES2002c.D.words.xml#id(ES2002c.D.words2287)..id(ES2002c.D.words2290)"/>
   </ae>
   <ae nite:id="ES2002c.D.argumentstructs.Erik.15">
      <nite:pointer role="type"  href="ae-types.xml#id(ae_1)"/>
      <nite:child href="ES2002c.D.words.xml#id(ES2002c.D.words2307)..id(ES2002c.D.words2318)"/>
   </ae>
   <ae nite:id="ES2002c.D.argumentstructs.Erik.16">
      <nite:pointer role="type"  href="ae-types.xml#id(ae_1)"/>
      <nite:child href="ES2002c.D.words.xml#id(ES2002c.D.words2319)..id(ES2002c.D.words2320)"/>
   </ae>
   <ae nite:id="ES2002c.D.argumentstructs.Erik.17">
      <nite:pointer role="type"  href="ae-types.xml#id(ae_3)"/>
      <nite:child href="ES2002c.D.words.xml#id(ES2002c.D.words2328)..id(ES2002c.D.words2332)"/>
   </ae>
   <ae nite:id="ES2002c.D.argumentstructs.Erik.18">
      <nite:pointer role="type"  href="ae-types.xml#id(ae_1)"/>
      <nite:child href="ES2002c.D.words.xml#id(ES2002c.D.words2335)..id(ES2002c.D.words2411)"/>
   </ae>
   <ae nite:id="ES2002c.D.argumentstructs.Erik.19">
      <nite:pointer role="type"  href="ae-types.xml#id(ae_1)"/>
      <nite:child href="ES2002c.D.words.xml#id(ES2002c.D.words2412)..id(ES2002c.D.words2414)"/>
   </ae>
   <ae nite:id="ES2002c.D.argumentstructs.Erik.20">
      <nite:pointer role="type"  href="ae-types.xml#id(ae_3)"/>
      <nite:child href="ES2002c.D.words.xml#id(ES2002c.D.words2639)..id(ES2002c.D.words2736)"/>
   </ae>
   <ae nite:id="ES2002c.D.argumentstructs.Erik.21">
      <nite:pointer role="type"  href="ae-types.xml#id(ae_1)"/>
      <nite:child href="ES2002c.D.words.xml#id(ES2002c.D.words2737)..id(ES2002c.D.words2746)"/>
   </ae>
   <ae nite:id="ES2002c.D.argumentstructs.Erik.22">
      <nite:pointer role="type"  href="ae-types.xml#id(ae_1)"/>
      <nite:child href="ES2002c.D.words.xml#id(ES2002c.D.words2747)..id(ES2002c.D.words2752)"/>
   </ae>
   <ae nite:id="ES2002c.D.argumentstructs.Erik.23">
      <nite:pointer role="type"  href="ae-types.xml#id(ae_1)"/>
      <nite:child href="ES2002c.D.words.xml#id(ES2002c.D.words2753)..id(ES2002c.D.words2754)"/>
   </ae>
   <ae nite:id="ES2002c.D.argumentstructs.Erik.24">
      <nite:pointer role="type"  href="ae-types.xml#id(ae_1)"/>
      <nite:child href="ES2002c.D.words.xml#id(ES2002c.D.words2758)..id(ES2002c.D.words2763)"/>
   </ae>
   <ae nite:id="ES2002c.D.argumentstructs.Erik.25">
      <nite:pointer role="type"  href="ae-types.xml#id(ae_1)"/>
      <nite:child href="ES2002c.D.words.xml#id(ES2002c.D.words2766)..id(ES2002c.D.words2767)"/>
   </ae>
   <ae nite:id="ES2002c.D.argumentstructs.Erik.26">
      <nite:pointer role="type"  href="ae-types.xml#id(ae_1)"/>
      <nite:child href="ES2002c.D.words.xml#id(ES2002c.D.words2776)..id(ES2002c.D.words2784)"/>
   </ae>
   <ae nite:id="ES2002c.D.argumentstructs.Erik.27">
      <nite:pointer role="type"  href="ae-types.xml#id(ae_1)"/>
      <nite:child href="ES2002c.D.words.xml#id(ES2002c.D.words2785)..id(ES2002c.D.words2786)"/>
   </ae>
   <ae nite:id="ES2002c.D.argumentstructs.28">
      <nite:pointer role="type"  href="ae-types.xml#id(ae_6)"/>
      <nite:child href="ES2002c.D.words.xml#id(ES2002c.D.words1818)"/>
      <nite:child href="ES2002c.D.words.xml#id(ES2002c.D.words1820)..id(ES2002c.D.words1826)"/>
   </ae>
   <ae nite:id="ES2002c.D.argumentstructs.29">
      <nite:pointer role="type"  href="ae-types.xml#id(ae_6)"/>
      <nite:child href="ES2002c.D.words.xml#id(ES2002c.D.words2014)..id(ES2002c.D.words2021)"/>
   </ae>
   <ae nite:id="ES2002c.D.argumentstructs.30">
      <nite:pointer role="type"  href="ae-types.xml#id(ae_6)"/>
      <nite:child href="ES2002c.D.words.xml#id(ES2002c.D.words2240)..id(ES2002c.D.words2256)"/>
   </ae>
   <ae nite:id="ES2002c.D.argumentstructs.31">
      <nite:pointer role="type"  href="ae-types.xml#id(ae_6)"/>
      <nite:child href="ES2002c.D.words.xml#id(ES2002c.D.words2291)..id(ES2002c.D.words2305)"/>
   </ae>
   <ae nite:id="ES2002c.D.argumentstructs.32">
      <nite:pointer role="type"  href="ae-types.xml#id(ae_6)"/>
      <nite:child href="ES2002c.D.words.xml#id(ES2002c.D.words2321)..id(ES2002c.D.words2324)"/>
   </ae>
   <ae nite:id="ES2002c.D.argumentstructs.33">
      <nite:pointer role="type"  href="ae-types.xml#id(ae_6)"/>
      <nite:child href="ES2002c.D.words.xml#id(ES2002c.D.words2333)"/>
   </ae>
   <ae nite:id="ES2002c.D.argumentstructs.34">
      <nite:pointer role="type"  href="ae-types.xml#id(ae_6)"/>
      <nite:child href="ES2002c.D.words.xml#id(ES2002c.D.words2415)..id(ES2002c.D.words2419)"/>
   </ae>
   <ae nite:id="ES2002c.D.argumentstructs.35">
      <nite:pointer role="type"  href="ae-types.xml#id(ae_6)"/>
      <nite:child href="ES2002c.D.words.xml#id(ES2002c.D.words2755)..id(ES2002c.D.words2757)"/>
   </ae>
   <ae nite:id="ES2002c.D.argumentstructs.36">
      <nite:pointer role="type"  href="ae-types.xml#id(ae_6)"/>
      <nite:child href="ES2002c.D.words.xml#id(ES2002c.D.words2764)..id(ES2002c.D.words2765)"/>
   </ae>
   <ae nite:id="ES2002c.D.argumentstructs.37">
      <nite:pointer role="type"  href="ae-types.xml#id(ae_6)"/>
      <nite:child href="ES2002c.D.words.xml#id(ES2002c.D.words2768)..id(ES2002c.D.words2775)"/>
   </ae>
</nite:root>