<?xml version="1.0" encoding="ISO-8859-1" standalone="yes"?>
<nite:root nite:id="ES2005b.D.argumentstructs" xmlns:nite="http://nite.sourceforge.net/">
   <ae nite:id="ES2005b.D.argumentstructs.Erik.1">
      <nite:pointer role="type"  href="ae-types.xml#id(ae_3)"/>
      <nite:child href="ES2005b.D.words.xml#id(ES2005b.D.words1125)..id(ES2005b.D.words1183)"/>
   </ae>
   <ae nite:id="ES2005b.D.argumentstructs.Erik.2">
      <nite:pointer role="type"  href="ae-types.xml#id(ae_1)"/>
      <nite:child href="ES2005b.D.words.xml#id(ES2005b.D.words1192)..id(ES2005b.D.words1201)"/>
   </ae>
   <ae nite:id="ES2005b.D.argumentstructs.Erik.3">
      <nite:pointer role="type"  href="ae-types.xml#id(ae_1)"/>
      <nite:child href="ES2005b.D.words.xml#id(ES2005b.D.words1202)..id(ES2005b.D.words1210)"/>
   </ae>
   <ae nite:id="ES2005b.D.argumentstructs.Erik.4">
      <nite:pointer role="type"  href="ae-types.xml#id(ae_1)"/>
      <nite:child href="ES2005b.D.words.xml#id(ES2005b.D.words1213)..id(ES2005b.D.words1232)"/>
   </ae>
   <ae nite:id="ES2005b.D.argumentstructs.Erik.5">
      <nite:pointer role="type"  href="ae-types.xml#id(ae_1)"/>
      <nite:child href="ES2005b.D.words.xml#id(ES2005b.D.words1233)..id(ES2005b.D.words1236)"/>
   </ae>
   <ae nite:id="ES2005b.D.argumentstructs.6">
      <nite:pointer role="type"  href="ae-types.xml#id(ae_6)"/>
      <nite:child href="ES2005b.D.words.xml#id(ES2005b.D.words1184)..id(ES2005b.D.words1191)"/>
   </ae>
   <ae nite:id="ES2005b.D.argumentstructs.7">
      <nite:pointer role="type"  href="ae-types.xml#id(ae_6)"/>
      <nite:child href="ES2005b.D.words.xml#id(ES2005b.D.words1211)..id(ES2005b.D.words1212)"/>
   </ae>
</nite:root>