<?xml version="1.0" encoding="ISO-8859-1" standalone="yes"?>
<nite:root nite:id="ES2015d.D.argumentstructs" xmlns:nite="http://nite.sourceforge.net/">
   <ae nite:id="ES2015d.D.argumentstructs.Rutger.1">
      <nite:pointer role="type"  href="ae-types.xml#id(ae_5)"/>
      <nite:child href="ES2015d.D.words.xml#id(ES2015d.D.words439)..id(ES2015d.D.words450)"/>
   </ae>
   <ae nite:id="ES2015d.D.argumentstructs.Rutger.2">
      <nite:pointer role="type"  href="ae-types.xml#id(ae_2)"/>
      <nite:child href="ES2015d.D.words.xml#id(ES2015d.D.words451)..id(ES2015d.D.words460)"/>
   </ae>
   <ae nite:id="ES2015d.D.argumentstructs.Rutger.3">
      <nite:pointer role="type"  href="ae-types.xml#id(ae_1)"/>
      <nite:child href="ES2015d.D.words.xml#id(ES2015d.D.words462)..id(ES2015d.D.words472)"/>
   </ae>
   <ae nite:id="ES2015d.D.argumentstructs.Rutger.4">
      <nite:pointer role="type"  href="ae-types.xml#id(ae_1)"/>
      <nite:child href="ES2015d.D.words.xml#id(ES2015d.D.words476)"/>
   </ae>
   <ae nite:id="ES2015d.D.argumentstructs.Rutger.5">
      <nite:pointer role="type"  href="ae-types.xml#id(ae_1)"/>
      <nite:child href="ES2015d.D.words.xml#id(ES2015d.D.words480)..id(ES2015d.D.words518)"/>
   </ae>
   <ae nite:id="ES2015d.D.argumentstructs.Rutger.6">
      <nite:pointer role="type"  href="ae-types.xml#id(ae_1)"/>
      <nite:child href="ES2015d.D.words.xml#id(ES2015d.D.words519)..id(ES2015d.D.words529)"/>
   </ae>
   <ae nite:id="ES2015d.D.argumentstructs.Rutger.7">
      <nite:pointer role="type"  href="ae-types.xml#id(ae_5)"/>
      <nite:child href="ES2015d.D.words.xml#id(ES2015d.D.words530)..id(ES2015d.D.words533)"/>
   </ae>
   <ae nite:id="ES2015d.D.argumentstructs.Rutger.8">
      <nite:pointer role="type"  href="ae-types.xml#id(ae_1)"/>
      <nite:child href="ES2015d.D.words.xml#id(ES2015d.D.words534)..id(ES2015d.D.words537)"/>
   </ae>
   <ae nite:id="ES2015d.D.argumentstructs.Rutger.9">
      <nite:pointer role="type"  href="ae-types.xml#id(ae_5)"/>
      <nite:child href="ES2015d.D.words.xml#id(ES2015d.D.words728)..id(ES2015d.D.words736)"/>
   </ae>
   <ae nite:id="ES2015d.D.argumentstructs.Rutger.10">
      <nite:pointer role="type"  href="ae-types.xml#id(ae_1)"/>
      <nite:child href="ES2015d.D.words.xml#id(ES2015d.D.words737)..id(ES2015d.D.words749)"/>
   </ae>
   <ae nite:id="ES2015d.D.argumentstructs.Rutger.11">
      <nite:pointer role="type"  href="ae-types.xml#id(ae_1)"/>
      <nite:child href="ES2015d.D.words.xml#id(ES2015d.D.words755)..id(ES2015d.D.words769)"/>
   </ae>
   <ae nite:id="ES2015d.D.argumentstructs.Rutger.12">
      <nite:pointer role="type"  href="ae-types.xml#id(ae_5)"/>
      <nite:child href="ES2015d.D.words.xml#id(ES2015d.D.words770)..id(ES2015d.D.words781)"/>
   </ae>
   <ae nite:id="ES2015d.D.argumentstructs.Rutger.13">
      <nite:pointer role="type"  href="ae-types.xml#id(ae_1)"/>
      <nite:child href="ES2015d.D.words.xml#id(ES2015d.D.words786)..id(ES2015d.D.words796)"/>
   </ae>
   <ae nite:id="ES2015d.D.argumentstructs.Rutger.14">
      <nite:pointer role="type"  href="ae-types.xml#id(ae_1)"/>
      <nite:child href="ES2015d.D.words.xml#id(ES2015d.D.words797)..id(ES2015d.D.words801)"/>
   </ae>
   <ae nite:id="ES2015d.D.argumentstructs.Rutger.15">
      <nite:pointer role="type"  href="ae-types.xml#id(ae_2)"/>
      <nite:child href="ES2015d.D.words.xml#id(ES2015d.D.words802)..id(ES2015d.D.words831)"/>
   </ae>
   <ae nite:id="ES2015d.D.argumentstructs.Rutger.16">
      <nite:pointer role="type"  href="ae-types.xml#id(ae_2)"/>
      <nite:child href="ES2015d.D.words.xml#id(ES2015d.D.words834)..id(ES2015d.D.words838)"/>
   </ae>
   <ae nite:id="ES2015d.D.argumentstructs.Rutger.17">
      <nite:pointer role="type"  href="ae-types.xml#id(ae_5)"/>
      <nite:child href="ES2015d.D.words.xml#id(ES2015d.D.words839)..id(ES2015d.D.words866)"/>
   </ae>
   <ae nite:id="ES2015d.D.argumentstructs.Rutger.18">
      <nite:pointer role="type"  href="ae-types.xml#id(ae_1)"/>
      <nite:child href="ES2015d.D.words.xml#id(ES2015d.D.words867)..id(ES2015d.D.words868)"/>
   </ae>
   <ae nite:id="ES2015d.D.argumentstructs.Rutger.19">
      <nite:pointer role="type"  href="ae-types.xml#id(ae_1)"/>
      <nite:child href="ES2015d.D.words.xml#id(ES2015d.D.words871)..id(ES2015d.D.words882)"/>
   </ae>
   <ae nite:id="ES2015d.D.argumentstructs.Rutger.20">
      <nite:pointer role="type"  href="ae-types.xml#id(ae_1)"/>
      <nite:child href="ES2015d.D.words.xml#id(ES2015d.D.words883)..id(ES2015d.D.words884)"/>
   </ae>
   <ae nite:id="ES2015d.D.argumentstructs.Rutger.21">
      <nite:pointer role="type"  href="ae-types.xml#id(ae_5)"/>
      <nite:child href="ES2015d.D.words.xml#id(ES2015d.D.words885)..id(ES2015d.D.words896)"/>
   </ae>
   <ae nite:id="ES2015d.D.argumentstructs.Rutger.22">
      <nite:pointer role="type"  href="ae-types.xml#id(ae_5)"/>
      <nite:child href="ES2015d.D.words.xml#id(ES2015d.D.words897)..id(ES2015d.D.words920)"/>
   </ae>
   <ae nite:id="ES2015d.D.argumentstructs.Rutger.23">
      <nite:pointer role="type"  href="ae-types.xml#id(ae_1)"/>
      <nite:child href="ES2015d.D.words.xml#id(ES2015d.D.words921)..id(ES2015d.D.words939)"/>
   </ae>
   <ae nite:id="ES2015d.D.argumentstructs.Rutger.24">
      <nite:pointer role="type"  href="ae-types.xml#id(ae_1)"/>
      <nite:child href="ES2015d.D.words.xml#id(ES2015d.D.words942)..id(ES2015d.D.words955)"/>
   </ae>
   <ae nite:id="ES2015d.D.argumentstructs.Rutger.25">
      <nite:pointer role="type"  href="ae-types.xml#id(ae_1)"/>
      <nite:child href="ES2015d.D.words.xml#id(ES2015d.D.words956)..id(ES2015d.D.words965)"/>
   </ae>
   <ae nite:id="ES2015d.D.argumentstructs.Rutger.27">
      <nite:pointer role="type"  href="ae-types.xml#id(ae_2)"/>
      <nite:child href="ES2015d.D.words.xml#id(ES2015d.D.words966)..id(ES2015d.D.words970)"/>
   </ae>
   <ae nite:id="ES2015d.D.argumentstructs.Rutger.29">
      <nite:pointer role="type"  href="ae-types.xml#id(ae_4)"/>
      <nite:child href="ES2015d.D.words.xml#id(ES2015d.D.words971)..id(ES2015d.D.words987)"/>
   </ae>
   <ae nite:id="ES2015d.D.argumentstructs.Rutger.30">
      <nite:pointer role="type"  href="ae-types.xml#id(ae_1)"/>
      <nite:child href="ES2015d.D.words.xml#id(ES2015d.D.words988)..id(ES2015d.D.words997)"/>
   </ae>
   <ae nite:id="ES2015d.D.argumentstructs.Rutger.31">
      <nite:pointer role="type"  href="ae-types.xml#id(ae_1)"/>
      <nite:child href="ES2015d.D.words.xml#id(ES2015d.D.words998)..id(ES2015d.D.words1025)"/>
   </ae>
   <ae nite:id="ES2015d.D.argumentstructs.Rutger.32">
      <nite:pointer role="type"  href="ae-types.xml#id(ae_1)"/>
      <nite:child href="ES2015d.D.words.xml#id(ES2015d.D.words1026)..id(ES2015d.D.words1042)"/>
   </ae>
   <ae nite:id="ES2015d.D.argumentstructs.33">
      <nite:pointer role="type"  href="ae-types.xml#id(ae_6)"/>
      <nite:child href="ES2015d.D.words.xml#id(ES2015d.D.words461)"/>
   </ae>
   <ae nite:id="ES2015d.D.argumentstructs.34">
      <nite:pointer role="type"  href="ae-types.xml#id(ae_6)"/>
      <nite:child href="ES2015d.D.words.xml#id(ES2015d.D.words473)..id(ES2015d.D.words475)"/>
   </ae>
   <ae nite:id="ES2015d.D.argumentstructs.35">
      <nite:pointer role="type"  href="ae-types.xml#id(ae_6)"/>
      <nite:child href="ES2015d.D.words.xml#id(ES2015d.D.words477)..id(ES2015d.D.words479)"/>
   </ae>
   <ae nite:id="ES2015d.D.argumentstructs.36">
      <nite:pointer role="type"  href="ae-types.xml#id(ae_6)"/>
      <nite:child href="ES2015d.D.words.xml#id(ES2015d.D.words538)..id(ES2015d.D.words542)"/>
      <nite:child href="ES2015d.D.words.xml#id(ES2015d.D.words544)..id(ES2015d.D.words564)"/>
      <nite:child href="ES2015d.D.words.xml#id(ES2015d.D.words566)..id(ES2015d.D.words584)"/>
   </ae>
   <ae nite:id="ES2015d.D.argumentstructs.37">
      <nite:pointer role="type"  href="ae-types.xml#id(ae_6)"/>
      <nite:child href="ES2015d.D.words.xml#id(ES2015d.D.words750)"/>
      <nite:child href="ES2015d.D.words.xml#id(ES2015d.D.words752)..id(ES2015d.D.words754)"/>
   </ae>
   <ae nite:id="ES2015d.D.argumentstructs.38">
      <nite:pointer role="type"  href="ae-types.xml#id(ae_6)"/>
      <nite:child href="ES2015d.D.words.xml#id(ES2015d.D.words782)"/>
      <nite:child href="ES2015d.D.words.xml#id(ES2015d.D.words784)"/>
   </ae>
   <ae nite:id="ES2015d.D.argumentstructs.39">
      <nite:pointer role="type"  href="ae-types.xml#id(ae_6)"/>
      <nite:child href="ES2015d.D.words.xml#id(ES2015d.D.words832)..id(ES2015d.D.words833)"/>
   </ae>
   <ae nite:id="ES2015d.D.argumentstructs.40">
      <nite:pointer role="type"  href="ae-types.xml#id(ae_6)"/>
      <nite:child href="ES2015d.D.words.xml#id(ES2015d.D.words869)..id(ES2015d.D.words870)"/>
   </ae>
   <ae nite:id="ES2015d.D.argumentstructs.41">
      <nite:pointer role="type"  href="ae-types.xml#id(ae_6)"/>
      <nite:child href="ES2015d.D.words.xml#id(ES2015d.D.words940)..id(ES2015d.D.words941)"/>
   </ae>
   <ae nite:id="ES2015d.D.argumentstructs.42">
      <nite:pointer role="type"  href="ae-types.xml#id(ae_6)"/>
      <nite:child href="ES2015d.D.words.xml#id(ES2015d.D.words1043)..id(ES2015d.D.words1055)"/>
      <nite:child href="ES2015d.D.words.xml#id(ES2015d.D.words1057)..id(ES2015d.D.words1066)"/>
      <nite:child href="ES2015d.D.words.xml#id(ES2015d.D.words1068)..id(ES2015d.D.words1069)"/>
      <nite:child href="ES2015d.D.words.xml#id(ES2015d.D.words1071)..id(ES2015d.D.words1072)"/>
      <nite:child href="ES2015d.D.words.xml#id(ES2015d.D.words1074)..id(ES2015d.D.words1077)"/>
      <nite:child href="ES2015d.D.words.xml#id(ES2015d.D.words1079)..id(ES2015d.D.words1156)"/>
      <nite:child href="ES2015d.D.words.xml#id(ES2015d.D.words1158)..id(ES2015d.D.words1162)"/>
      <nite:child href="ES2015d.D.words.xml#id(ES2015d.D.words1164)..id(ES2015d.D.words1167)"/>
   </ae>
</nite:root>