<?xml version="1.0" encoding="ISO-8859-1" standalone="yes"?>
<nite:root nite:id="ES2002b.C.argumentstructs" xmlns:nite="http://nite.sourceforge.net/">
   <ae nite:id="ES2002b.C.argumentstructs.Erik.1">
      <nite:pointer role="type"  href="ae-types.xml#id(ae_3)"/>
      <nite:child href="ES2002b.C.words.xml#id(ES2002b.C.words498)..id(ES2002b.C.words512)"/>
   </ae>
   <ae nite:id="ES2002b.C.argumentstructs.Erik.2">
      <nite:pointer role="type"  href="ae-types.xml#id(ae_1)"/>
      <nite:child href="ES2002b.C.words.xml#id(ES2002b.C.words513)..id(ES2002b.C.words553)"/>
   </ae>
   <ae nite:id="ES2002b.C.argumentstructs.Erik.3">
      <nite:pointer role="type"  href="ae-types.xml#id(ae_5)"/>
      <nite:child href="ES2002b.C.words.xml#id(ES2002b.C.words554)..id(ES2002b.C.words584)"/>
   </ae>
   <ae nite:id="ES2002b.C.argumentstructs.Erik.4">
      <nite:pointer role="type"  href="ae-types.xml#id(ae_1)"/>
      <nite:child href="ES2002b.C.words.xml#id(ES2002b.C.words586)..id(ES2002b.C.words589)"/>
   </ae>
   <ae nite:id="ES2002b.C.argumentstructs.Erik.5">
      <nite:pointer role="type"  href="ae-types.xml#id(ae_1)"/>
      <nite:child href="ES2002b.C.words.xml#id(ES2002b.C.words592)..id(ES2002b.C.words627)"/>
   </ae>
   <ae nite:id="ES2002b.C.argumentstructs.Erik.6">
      <nite:pointer role="type"  href="ae-types.xml#id(ae_1)"/>
      <nite:child href="ES2002b.C.words.xml#id(ES2002b.C.words628)..id(ES2002b.C.words647)"/>
   </ae>
   <ae nite:id="ES2002b.C.argumentstructs.Erik.7">
      <nite:pointer role="type"  href="ae-types.xml#id(ae_5)"/>
      <nite:child href="ES2002b.C.words.xml#id(ES2002b.C.words675)..id(ES2002b.C.words701)"/>
   </ae>
   <ae nite:id="ES2002b.C.argumentstructs.8">
      <nite:pointer role="type"  href="ae-types.xml#id(ae_6)"/>
      <nite:child href="ES2002b.C.words.xml#id(ES2002b.C.words590)"/>
   </ae>
   <ae nite:id="ES2002b.C.argumentstructs.9">
      <nite:pointer role="type"  href="ae-types.xml#id(ae_6)"/>
      <nite:child href="ES2002b.C.words.xml#id(ES2002b.C.words673)"/>
   </ae>
   <ae nite:id="ES2002b.C.argumentstructs.10">
      <nite:pointer role="type"  href="ae-types.xml#id(ae_6)"/>
      <nite:child href="ES2002b.C.words.xml#id(ES2002b.C.words702)..id(ES2002b.C.words703)"/>
   </ae>
</nite:root>