<?xml version="1.0" encoding="ISO-8859-1" standalone="yes"?>
<nite:root nite:id="ES2016d.C.argumentstructs" xmlns:nite="http://nite.sourceforge.net/">
   <ae nite:id="ES2016d.C.argumentstructs.Rutger.1">
      <nite:pointer role="type"  href="ae-types.xml#id(ae_1)"/>
      <nite:child href="ES2016d.C.words.xml#id(ES2016d.C.words354)..id(ES2016d.C.words355)"/>
   </ae>
   <ae nite:id="ES2016d.C.argumentstructs.Rutger.2">
      <nite:pointer role="type"  href="ae-types.xml#id(ae_1)"/>
      <nite:child href="ES2016d.C.words.xml#id(ES2016d.C.words360)..id(ES2016d.C.words364)"/>
   </ae>
   <ae nite:id="ES2016d.C.argumentstructs.Rutger.3">
      <nite:pointer role="type"  href="ae-types.xml#id(ae_1)"/>
      <nite:child href="ES2016d.C.words.xml#id(ES2016d.C.words374)..id(ES2016d.C.words377)"/>
   </ae>
   <ae nite:id="ES2016d.C.argumentstructs.Rutger.4">
      <nite:pointer role="type"  href="ae-types.xml#id(ae_1)"/>
      <nite:child href="ES2016d.C.words.xml#id(ES2016d.C.words378)..id(ES2016d.C.words385)"/>
   </ae>
   <ae nite:id="ES2016d.C.argumentstructs.Rutger.5">
      <nite:pointer role="type"  href="ae-types.xml#id(ae_1)"/>
      <nite:child href="ES2016d.C.words.xml#id(ES2016d.C.words388)..id(ES2016d.C.words389)"/>
   </ae>
   <ae nite:id="ES2016d.C.argumentstructs.Rutger.6">
      <nite:pointer role="type"  href="ae-types.xml#id(ae_1)"/>
      <nite:child href="ES2016d.C.words.xml#id(ES2016d.C.words390)..id(ES2016d.C.words391)"/>
   </ae>
   <ae nite:id="ES2016d.C.argumentstructs.Rutger.7">
      <nite:pointer role="type"  href="ae-types.xml#id(ae_1)"/>
      <nite:child href="ES2016d.C.words.xml#id(ES2016d.C.words454)..id(ES2016d.C.words465)"/>
   </ae>
   <ae nite:id="ES2016d.C.argumentstructs.Rutger.8">
      <nite:pointer role="type"  href="ae-types.xml#id(ae_1)"/>
      <nite:child href="ES2016d.C.words.xml#id(ES2016d.C.words466)..id(ES2016d.C.words504)"/>
   </ae>
   <ae nite:id="ES2016d.C.argumentstructs.Rutger.9">
      <nite:pointer role="type"  href="ae-types.xml#id(ae_1)"/>
      <nite:child href="ES2016d.C.words.xml#id(ES2016d.C.words505)..id(ES2016d.C.words516)"/>
   </ae>
   <ae nite:id="ES2016d.C.argumentstructs.Rutger.10">
      <nite:pointer role="type"  href="ae-types.xml#id(ae_1)"/>
      <nite:child href="ES2016d.C.words.xml#id(ES2016d.C.words517)..id(ES2016d.C.words534)"/>
   </ae>
   <ae nite:id="ES2016d.C.argumentstructs.Rutger.11">
      <nite:pointer role="type"  href="ae-types.xml#id(ae_1)"/>
      <nite:child href="ES2016d.C.words.xml#id(ES2016d.C.words535)..id(ES2016d.C.words557)"/>
   </ae>
   <ae nite:id="ES2016d.C.argumentstructs.Rutger.12">
      <nite:pointer role="type"  href="ae-types.xml#id(ae_4)"/>
      <nite:child href="ES2016d.C.words.xml#id(ES2016d.C.words558)..id(ES2016d.C.words571)"/>
   </ae>
   <ae nite:id="ES2016d.C.argumentstructs.Rutger.13">
      <nite:pointer role="type"  href="ae-types.xml#id(ae_1)"/>
      <nite:child href="ES2016d.C.words.xml#id(ES2016d.C.words572)..id(ES2016d.C.words611)"/>
   </ae>
   <ae nite:id="ES2016d.C.argumentstructs.Rutger.14">
      <nite:pointer role="type"  href="ae-types.xml#id(ae_1)"/>
      <nite:child href="ES2016d.C.words.xml#id(ES2016d.C.words612)..id(ES2016d.C.words613)"/>
   </ae>
   <ae nite:id="ES2016d.C.argumentstructs.Rutger.15">
      <nite:pointer role="type"  href="ae-types.xml#id(ae_1)"/>
      <nite:child href="ES2016d.C.words.xml#id(ES2016d.C.words614)..id(ES2016d.C.words615)"/>
   </ae>
   <ae nite:id="ES2016d.C.argumentstructs.Rutger.16">
      <nite:pointer role="type"  href="ae-types.xml#id(ae_1)"/>
      <nite:child href="ES2016d.C.words.xml#id(ES2016d.C.words616)..id(ES2016d.C.words617)"/>
   </ae>
   <ae nite:id="ES2016d.C.argumentstructs.Rutger.17">
      <nite:pointer role="type"  href="ae-types.xml#id(ae_1)"/>
      <nite:child href="ES2016d.C.words.xml#id(ES2016d.C.words618)..id(ES2016d.C.words619)"/>
   </ae>
   <ae nite:id="ES2016d.C.argumentstructs.Rutger.18">
      <nite:pointer role="type"  href="ae-types.xml#id(ae_1)"/>
      <nite:child href="ES2016d.C.words.xml#id(ES2016d.C.words620)..id(ES2016d.C.words644)"/>
   </ae>
   <ae nite:id="ES2016d.C.argumentstructs.Rutger.19">
      <nite:pointer role="type"  href="ae-types.xml#id(ae_1)"/>
      <nite:child href="ES2016d.C.words.xml#id(ES2016d.C.words649)..id(ES2016d.C.words650)"/>
   </ae>
   <ae nite:id="ES2016d.C.argumentstructs.Rutger.20">
      <nite:pointer role="type"  href="ae-types.xml#id(ae_1)"/>
      <nite:child href="ES2016d.C.words.xml#id(ES2016d.C.words651)..id(ES2016d.C.words658)"/>
   </ae>
   <ae nite:id="ES2016d.C.argumentstructs.Rutger.21">
      <nite:pointer role="type"  href="ae-types.xml#id(ae_1)"/>
      <nite:child href="ES2016d.C.words.xml#id(ES2016d.C.words660)..id(ES2016d.C.words662)"/>
   </ae>
   <ae nite:id="ES2016d.C.argumentstructs.Rutger.22">
      <nite:pointer role="type"  href="ae-types.xml#id(ae_1)"/>
      <nite:child href="ES2016d.C.words.xml#id(ES2016d.C.words663)..id(ES2016d.C.words664)"/>
   </ae>
   <ae nite:id="ES2016d.C.argumentstructs.Rutger.24">
      <nite:pointer role="type"  href="ae-types.xml#id(ae_1)"/>
      <nite:child href="ES2016d.C.words.xml#id(ES2016d.C.words665)..id(ES2016d.C.words680)"/>
   </ae>
   <ae nite:id="ES2016d.C.argumentstructs.Rutger.25">
      <nite:pointer role="type"  href="ae-types.xml#id(ae_1)"/>
      <nite:child href="ES2016d.C.words.xml#id(ES2016d.C.words681)..id(ES2016d.C.words690)"/>
   </ae>
   <ae nite:id="ES2016d.C.argumentstructs.Rutger.26">
      <nite:pointer role="type"  href="ae-types.xml#id(ae_2)"/>
      <nite:child href="ES2016d.C.words.xml#id(ES2016d.C.words692)..id(ES2016d.C.words700)"/>
   </ae>
   <ae nite:id="ES2016d.C.argumentstructs.Rutger.27">
      <nite:pointer role="type"  href="ae-types.xml#id(ae_1)"/>
      <nite:child href="ES2016d.C.words.xml#id(ES2016d.C.words704)..id(ES2016d.C.words713)"/>
   </ae>
   <ae nite:id="ES2016d.C.argumentstructs.Rutger.28">
      <nite:pointer role="type"  href="ae-types.xml#id(ae_1)"/>
      <nite:child href="ES2016d.C.words.xml#id(ES2016d.C.words714)..id(ES2016d.C.words715)"/>
   </ae>
   <ae nite:id="ES2016d.C.argumentstructs.29">
      <nite:pointer role="type"  href="ae-types.xml#id(ae_6)"/>
      <nite:child href="ES2016d.C.words.xml#id(ES2016d.C.words356)..id(ES2016d.C.words357)"/>
      <nite:child href="ES2016d.C.words.xml#id(ES2016d.C.words359)"/>
   </ae>
   <ae nite:id="ES2016d.C.argumentstructs.30">
      <nite:pointer role="type"  href="ae-types.xml#id(ae_6)"/>
      <nite:child href="ES2016d.C.words.xml#id(ES2016d.C.words365)..id(ES2016d.C.words369)"/>
      <nite:child href="ES2016d.C.words.xml#id(ES2016d.C.words371)..id(ES2016d.C.words373)"/>
   </ae>
   <ae nite:id="ES2016d.C.argumentstructs.31">
      <nite:pointer role="type"  href="ae-types.xml#id(ae_6)"/>
      <nite:child href="ES2016d.C.words.xml#id(ES2016d.C.words386)..id(ES2016d.C.words387)"/>
   </ae>
   <ae nite:id="ES2016d.C.argumentstructs.32">
      <nite:pointer role="type"  href="ae-types.xml#id(ae_6)"/>
      <nite:child href="ES2016d.C.words.xml#id(ES2016d.C.words645)..id(ES2016d.C.words648)"/>
   </ae>
   <ae nite:id="ES2016d.C.argumentstructs.33">
      <nite:pointer role="type"  href="ae-types.xml#id(ae_6)"/>
      <nite:child href="ES2016d.C.words.xml#id(ES2016d.C.words691)"/>
   </ae>
   <ae nite:id="ES2016d.C.argumentstructs.34">
      <nite:pointer role="type"  href="ae-types.xml#id(ae_6)"/>
      <nite:child href="ES2016d.C.words.xml#id(ES2016d.C.words716)..id(ES2016d.C.words719)"/>
      <nite:child href="ES2016d.C.words.xml#id(ES2016d.C.words721)..id(ES2016d.C.words722)"/>
      <nite:child href="ES2016d.C.words.xml#id(ES2016d.C.words724)..id(ES2016d.C.words738)"/>
   </ae>
</nite:root>