<?xml version="1.0" encoding="ISO-8859-1" standalone="yes"?>
<nite:root nite:id="ES2010d.B.argumentstructs" xmlns:nite="http://nite.sourceforge.net/">
   <ae nite:id="ES2010d.B.argumentstructs.Erik.1">
      <nite:pointer role="type"  href="ae-types.xml#id(ae_1)"/>
      <nite:child href="ES2010d.B.words.xml#id(ES2010d.B.words231)..id(ES2010d.B.words263)"/>
   </ae>
   <ae nite:id="ES2010d.B.argumentstructs.Erik.2">
      <nite:pointer role="type"  href="ae-types.xml#id(ae_1)"/>
      <nite:child href="ES2010d.B.words.xml#id(ES2010d.B.words266)..id(ES2010d.B.words267)"/>
   </ae>
   <ae nite:id="ES2010d.B.argumentstructs.Erik.3">
      <nite:pointer role="type"  href="ae-types.xml#id(ae_1)"/>
      <nite:child href="ES2010d.B.words.xml#id(ES2010d.B.words268)..id(ES2010d.B.words272)"/>
   </ae>
   <ae nite:id="ES2010d.B.argumentstructs.Erik.4">
      <nite:pointer role="type"  href="ae-types.xml#id(ae_1)"/>
      <nite:child href="ES2010d.B.words.xml#id(ES2010d.B.words318)..id(ES2010d.B.words327)"/>
   </ae>
   <ae nite:id="ES2010d.B.argumentstructs.Erik.5">
      <nite:pointer role="type"  href="ae-types.xml#id(ae_1)"/>
      <nite:child href="ES2010d.B.words.xml#id(ES2010d.B.words328)..id(ES2010d.B.words339)"/>
   </ae>
   <ae nite:id="ES2010d.B.argumentstructs.Erik.6">
      <nite:pointer role="type"  href="ae-types.xml#id(ae_1)"/>
      <nite:child href="ES2010d.B.words.xml#id(ES2010d.B.words340)..id(ES2010d.B.words366)"/>
   </ae>
   <ae nite:id="ES2010d.B.argumentstructs.Erik.7">
      <nite:pointer role="type"  href="ae-types.xml#id(ae_1)"/>
      <nite:child href="ES2010d.B.words.xml#id(ES2010d.B.words367)..id(ES2010d.B.words373)"/>
   </ae>
   <ae nite:id="ES2010d.B.argumentstructs.Erik.8">
      <nite:pointer role="type"  href="ae-types.xml#id(ae_1)"/>
      <nite:child href="ES2010d.B.words.xml#id(ES2010d.B.words374)..id(ES2010d.B.words377)"/>
   </ae>
   <ae nite:id="ES2010d.B.argumentstructs.Erik.9">
      <nite:pointer role="type"  href="ae-types.xml#id(ae_1)"/>
      <nite:child href="ES2010d.B.words.xml#id(ES2010d.B.words382)..id(ES2010d.B.words383)"/>
   </ae>
   <ae nite:id="ES2010d.B.argumentstructs.10">
      <nite:pointer role="type"  href="ae-types.xml#id(ae_6)"/>
      <nite:child href="ES2010d.B.words.xml#id(ES2010d.B.words264)"/>
   </ae>
   <ae nite:id="ES2010d.B.argumentstructs.11">
      <nite:pointer role="type"  href="ae-types.xml#id(ae_6)"/>
      <nite:child href="ES2010d.B.words.xml#id(ES2010d.B.words378)..id(ES2010d.B.words381)"/>
   </ae>
</nite:root>