<?xml version="1.0" encoding="ISO-8859-1" standalone="yes"?>
<nite:root nite:id="ES2014b.A.argumentstructs" xmlns:nite="http://nite.sourceforge.net/">
   <ae nite:id="ES2014b.A.argumentstructs.Rutger.1">
      <nite:pointer role="type"  href="ae-types.xml#id(ae_1)"/>
      <nite:child href="ES2014b.A.words.xml#id(ES2014b.A.words460)..id(ES2014b.A.words502)"/>
   </ae>
   <ae nite:id="ES2014b.A.argumentstructs.Rutger.2">
      <nite:pointer role="type"  href="ae-types.xml#id(ae_1)"/>
      <nite:child href="ES2014b.A.words.xml#id(ES2014b.A.words568)..id(ES2014b.A.words627)"/>
   </ae>
   <ae nite:id="ES2014b.A.argumentstructs.Rutger.3">
      <nite:pointer role="type"  href="ae-types.xml#id(ae_2)"/>
      <nite:child href="ES2014b.A.words.xml#id(ES2014b.A.words628)..id(ES2014b.A.words707)"/>
   </ae>
   <ae nite:id="ES2014b.A.argumentstructs.Rutger.4">
      <nite:pointer role="type"  href="ae-types.xml#id(ae_1)"/>
      <nite:child href="ES2014b.A.words.xml#id(ES2014b.A.words710)..id(ES2014b.A.words787)"/>
   </ae>
   <ae nite:id="ES2014b.A.argumentstructs.Rutger.5">
      <nite:pointer role="type"  href="ae-types.xml#id(ae_1)"/>
      <nite:child href="ES2014b.A.words.xml#id(ES2014b.A.words789)..id(ES2014b.A.words804)"/>
   </ae>
   <ae nite:id="ES2014b.A.argumentstructs.Rutger.6">
      <nite:pointer role="type"  href="ae-types.xml#id(ae_1)"/>
      <nite:child href="ES2014b.A.words.xml#id(ES2014b.A.words807)..id(ES2014b.A.words829)"/>
   </ae>
   <ae nite:id="ES2014b.A.argumentstructs.Rutger.7">
      <nite:pointer role="type"  href="ae-types.xml#id(ae_1)"/>
      <nite:child href="ES2014b.A.words.xml#id(ES2014b.A.words830)..id(ES2014b.A.words831)"/>
   </ae>
   <ae nite:id="ES2014b.A.argumentstructs.Rutger.8">
      <nite:pointer role="type"  href="ae-types.xml#id(ae_1)"/>
      <nite:child href="ES2014b.A.words.xml#id(ES2014b.A.words963)..id(ES2014b.A.words991)"/>
   </ae>
   <ae nite:id="ES2014b.A.argumentstructs.Rutger.9">
      <nite:pointer role="type"  href="ae-types.xml#id(ae_1)"/>
      <nite:child href="ES2014b.A.words.xml#id(ES2014b.A.words992)..id(ES2014b.A.words995)"/>
   </ae>
   <ae nite:id="ES2014b.A.argumentstructs.Rutger.10">
      <nite:pointer role="type"  href="ae-types.xml#id(ae_1)"/>
      <nite:child href="ES2014b.A.words.xml#id(ES2014b.A.words996)..id(ES2014b.A.words998)"/>
   </ae>
   <ae nite:id="ES2014b.A.argumentstructs.Rutger.11">
      <nite:pointer role="type"  href="ae-types.xml#id(ae_1)"/>
      <nite:child href="ES2014b.A.words.xml#id(ES2014b.A.words1075)..id(ES2014b.A.words1089)"/>
   </ae>
   <ae nite:id="ES2014b.A.argumentstructs.Rutger.12">
      <nite:pointer role="type"  href="ae-types.xml#id(ae_1)"/>
      <nite:child href="ES2014b.A.words.xml#id(ES2014b.A.words1090)..id(ES2014b.A.words1153)"/>
   </ae>
   <ae nite:id="ES2014b.A.argumentstructs.Rutger.13">
      <nite:pointer role="type"  href="ae-types.xml#id(ae_3)"/>
      <nite:child href="ES2014b.A.words.xml#id(ES2014b.A.words1154)..id(ES2014b.A.words1165)"/>
   </ae>
   <ae nite:id="ES2014b.A.argumentstructs.Rutger.14">
      <nite:pointer role="type"  href="ae-types.xml#id(ae_1)"/>
      <nite:child href="ES2014b.A.words.xml#id(ES2014b.A.words1193)..id(ES2014b.A.words1278)"/>
   </ae>
   <ae nite:id="ES2014b.A.argumentstructs.Rutger.15">
      <nite:pointer role="type"  href="ae-types.xml#id(ae_1)"/>
      <nite:child href="ES2014b.A.words.xml#id(ES2014b.A.words1279)..id(ES2014b.A.words1370)"/>
   </ae>
   <ae nite:id="ES2014b.A.argumentstructs.Rutger.16">
      <nite:pointer role="type"  href="ae-types.xml#id(ae_1)"/>
      <nite:child href="ES2014b.A.words.xml#id(ES2014b.A.words1383)..id(ES2014b.A.words1459)"/>
   </ae>
   <ae nite:id="ES2014b.A.argumentstructs.17">
      <nite:pointer role="type"  href="ae-types.xml#id(ae_6)"/>
      <nite:child href="ES2014b.A.words.xml#id(ES2014b.A.words456)..id(ES2014b.A.words459)"/>
   </ae>
   <ae nite:id="ES2014b.A.argumentstructs.18">
      <nite:pointer role="type"  href="ae-types.xml#id(ae_6)"/>
      <nite:child href="ES2014b.A.words.xml#id(ES2014b.A.words503)..id(ES2014b.A.words540)"/>
      <nite:child href="ES2014b.A.words.xml#id(ES2014b.A.words542)..id(ES2014b.A.words549)"/>
      <nite:child href="ES2014b.A.words.xml#id(ES2014b.A.words551)..id(ES2014b.A.words567)"/>
   </ae>
   <ae nite:id="ES2014b.A.argumentstructs.19">
      <nite:pointer role="type"  href="ae-types.xml#id(ae_6)"/>
      <nite:child href="ES2014b.A.words.xml#id(ES2014b.A.words708)..id(ES2014b.A.words709)"/>
   </ae>
   <ae nite:id="ES2014b.A.argumentstructs.20">
      <nite:pointer role="type"  href="ae-types.xml#id(ae_6)"/>
      <nite:child href="ES2014b.A.words.xml#id(ES2014b.A.words805)..id(ES2014b.A.words806)"/>
   </ae>
   <ae nite:id="ES2014b.A.argumentstructs.21">
      <nite:pointer role="type"  href="ae-types.xml#id(ae_6)"/>
      <nite:child href="ES2014b.A.words.xml#id(ES2014b.A.words832)..id(ES2014b.A.words833)"/>
   </ae>
   <ae nite:id="ES2014b.A.argumentstructs.22">
      <nite:pointer role="type"  href="ae-types.xml#id(ae_6)"/>
      <nite:child href="ES2014b.A.words.xml#id(ES2014b.A.words999)..id(ES2014b.A.words1003)"/>
      <nite:child href="ES2014b.A.words.xml#id(ES2014b.A.words1005)..id(ES2014b.A.words1052)"/>
      <nite:child href="ES2014b.A.words.xml#id(ES2014b.A.words1054)..id(ES2014b.A.words1074)"/>
   </ae>
   <ae nite:id="ES2014b.A.argumentstructs.23">
      <nite:pointer role="type"  href="ae-types.xml#id(ae_6)"/>
      <nite:child href="ES2014b.A.words.xml#id(ES2014b.A.words1166)..id(ES2014b.A.words1173)"/>
      <nite:child href="ES2014b.A.words.xml#id(ES2014b.A.words1175)..id(ES2014b.A.words1192)"/>
   </ae>
   <ae nite:id="ES2014b.A.argumentstructs.24">
      <nite:pointer role="type"  href="ae-types.xml#id(ae_6)"/>
      <nite:child href="ES2014b.A.words.xml#id(ES2014b.A.words1371)..id(ES2014b.A.words1382)"/>
   </ae>
</nite:root>