<?xml version="1.0" encoding="ISO-8859-1" standalone="yes"?>
<nite:root nite:id="ES2002a.B.argumentstructs" xmlns:nite="http://nite.sourceforge.net/">
   <ae nite:id="ES2002a.B.argumentstructs.Erik.1">
      <nite:pointer role="type"  href="ae-types.xml#id(ae_2)"/>
      <nite:child href="ES2002a.B.words.xml#id(ES2002a.B.words805)..id(ES2002a.B.words829)"/>
   </ae>
   <ae nite:id="ES2002a.B.argumentstructs.Erik.2">
      <nite:pointer role="type"  href="ae-types.xml#id(ae_1)"/>
      <nite:child href="ES2002a.B.words.xml#id(ES2002a.B.words830)..id(ES2002a.B.words835)"/>
   </ae>
   <ae nite:id="ES2002a.B.argumentstructs.Erik.3">
      <nite:pointer role="type"  href="ae-types.xml#id(ae_1)"/>
      <nite:child href="ES2002a.B.words.xml#id(ES2002a.B.words790)..id(ES2002a.B.words802)"/>
   </ae>
   <ae nite:id="ES2002a.B.argumentstructs.Erik.4">
      <nite:pointer role="type"  href="ae-types.xml#id(ae_2)"/>
      <nite:child href="ES2002a.B.words.xml#id(ES2002a.B.words1525)..id(ES2002a.B.words1551)"/>
   </ae>
   <ae nite:id="ES2002a.B.argumentstructs.Erik.5">
      <nite:pointer role="type"  href="ae-types.xml#id(ae_1)"/>
      <nite:child href="ES2002a.B.words.xml#id(ES2002a.B.words1553)..id(ES2002a.B.words1554)"/>
   </ae>
   <ae nite:id="ES2002a.B.argumentstructs.Erik.7">
      <nite:pointer role="type"  href="ae-types.xml#id(ae_1)"/>
      <nite:child href="ES2002a.B.words.xml#id(ES2002a.B.words1559)..id(ES2002a.B.words1575)"/>
   </ae>
   <ae nite:id="ES2002a.B.argumentstructs.Erik.8">
      <nite:pointer role="type"  href="ae-types.xml#id(ae_1)"/>
      <nite:child href="ES2002a.B.words.xml#id(ES2002a.B.words1053)..id(ES2002a.B.words1056)"/>
   </ae>
   <ae nite:id="ES2002a.B.argumentstructs.Erik.9">
      <nite:pointer role="type"  href="ae-types.xml#id(ae_1)"/>
      <nite:child href="ES2002a.B.words.xml#id(ES2002a.B.words1075)..id(ES2002a.B.words1076)"/>
   </ae>
   <ae nite:id="ES2002a.B.argumentstructs.Erik.10">
      <nite:pointer role="type"  href="ae-types.xml#id(ae_5)"/>
      <nite:child href="ES2002a.B.words.xml#id(ES2002a.B.words1077)..id(ES2002a.B.words1112)"/>
   </ae>
   <ae nite:id="ES2002a.B.argumentstructs.Erik.11">
      <nite:pointer role="type"  href="ae-types.xml#id(ae_1)"/>
      <nite:child href="ES2002a.B.words.xml#id(ES2002a.B.words1116)..id(ES2002a.B.words1117)"/>
   </ae>
   <ae nite:id="ES2002a.B.argumentstructs.Erik.12">
      <nite:pointer role="type"  href="ae-types.xml#id(ae_1)"/>
      <nite:child href="ES2002a.B.words.xml#id(ES2002a.B.words1118)..id(ES2002a.B.words1159)"/>
   </ae>
   <ae nite:id="ES2002a.B.argumentstructs.Erik.13">
      <nite:pointer role="type"  href="ae-types.xml#id(ae_3)"/>
      <nite:child href="ES2002a.B.words.xml#id(ES2002a.B.words1193)..id(ES2002a.B.words1228)"/>
   </ae>
   <ae nite:id="ES2002a.B.argumentstructs.Erik.14">
      <nite:pointer role="type"  href="ae-types.xml#id(ae_1)"/>
      <nite:child href="ES2002a.B.words.xml#id(ES2002a.B.words1229)..id(ES2002a.B.words1235)"/>
   </ae>
   <ae nite:id="ES2002a.B.argumentstructs.Erik.15">
      <nite:pointer role="type"  href="ae-types.xml#id(ae_5)"/>
      <nite:child href="ES2002a.B.words.xml#id(ES2002a.B.words1236)..id(ES2002a.B.words1277)"/>
   </ae>
   <ae nite:id="ES2002a.B.argumentstructs.Erik.16">
      <nite:pointer role="type"  href="ae-types.xml#id(ae_2)"/>
      <nite:child href="ES2002a.B.words.xml#id(ES2002a.B.words1278)..id(ES2002a.B.words1282)"/>
   </ae>
   <ae nite:id="ES2002a.B.argumentstructs.Erik.17">
      <nite:pointer role="type"  href="ae-types.xml#id(ae_5)"/>
      <nite:child href="ES2002a.B.words.xml#id(ES2002a.B.words1293)..id(ES2002a.B.words1300)"/>
   </ae>
   <ae nite:id="ES2002a.B.argumentstructs.Erik.18">
      <nite:pointer role="type"  href="ae-types.xml#id(ae_1)"/>
      <nite:child href="ES2002a.B.words.xml#id(ES2002a.B.words1303)..id(ES2002a.B.words1316)"/>
   </ae>
   <ae nite:id="ES2002a.B.argumentstructs.Erik.19">
      <nite:pointer role="type"  href="ae-types.xml#id(ae_1)"/>
      <nite:child href="ES2002a.B.words.xml#id(ES2002a.B.words1317)..id(ES2002a.B.words1320)"/>
   </ae>
   <ae nite:id="ES2002a.B.argumentstructs.Erik.20">
      <nite:pointer role="type"  href="ae-types.xml#id(ae_1)"/>
      <nite:child href="ES2002a.B.words.xml#id(ES2002a.B.words1321)..id(ES2002a.B.words1322)"/>
   </ae>
   <ae nite:id="ES2002a.B.argumentstructs.21">
      <nite:pointer role="type"  href="ae-types.xml#id(ae_6)"/>
      <nite:child href="ES2002a.B.words.xml#id(ES2002a.B.words803)..id(ES2002a.B.words804)"/>
   </ae>
   <ae nite:id="ES2002a.B.argumentstructs.22">
      <nite:pointer role="type"  href="ae-types.xml#id(ae_6)"/>
      <nite:child href="ES2002a.B.words.xml#id(ES2002a.B.words1509)..id(ES2002a.B.words1517)"/>
      <nite:child href="ES2002a.B.words.xml#id(ES2002a.B.words1519)..id(ES2002a.B.words1524)"/>
   </ae>
   <ae nite:id="ES2002a.B.argumentstructs.23">
      <nite:pointer role="type"  href="ae-types.xml#id(ae_6)"/>
      <nite:child href="ES2002a.B.words.xml#id(ES2002a.B.words1555)..id(ES2002a.B.words1558)"/>
   </ae>
   <ae nite:id="ES2002a.B.argumentstructs.24">
      <nite:pointer role="type"  href="ae-types.xml#id(ae_6)"/>
      <nite:child href="ES2002a.B.words.xml#id(ES2002a.B.words1576)..id(ES2002a.B.words1577)"/>
   </ae>
   <ae nite:id="ES2002a.B.argumentstructs.25">
      <nite:pointer role="type"  href="ae-types.xml#id(ae_6)"/>
      <nite:child href="ES2002a.B.words.xml#id(ES2002a.B.words1057)..id(ES2002a.B.words1074)"/>
   </ae>
   <ae nite:id="ES2002a.B.argumentstructs.26">
      <nite:pointer role="type"  href="ae-types.xml#id(ae_6)"/>
      <nite:child href="ES2002a.B.words.xml#id(ES2002a.B.words1113)..id(ES2002a.B.words1114)"/>
   </ae>
   <ae nite:id="ES2002a.B.argumentstructs.27">
      <nite:pointer role="type"  href="ae-types.xml#id(ae_6)"/>
      <nite:child href="ES2002a.B.words.xml#id(ES2002a.B.words1160)..id(ES2002a.B.words1192)"/>
   </ae>
   <ae nite:id="ES2002a.B.argumentstructs.28">
      <nite:pointer role="type"  href="ae-types.xml#id(ae_6)"/>
      <nite:child href="ES2002a.B.words.xml#id(ES2002a.B.words1285)..id(ES2002a.B.words1292)"/>
   </ae>
   <ae nite:id="ES2002a.B.argumentstructs.29">
      <nite:pointer role="type"  href="ae-types.xml#id(ae_6)"/>
      <nite:child href="ES2002a.B.words.xml#id(ES2002a.B.words1301)..id(ES2002a.B.words1302)"/>
   </ae>
   <ae nite:id="ES2002a.B.argumentstructs.30">
      <nite:pointer role="type"  href="ae-types.xml#id(ae_6)"/>
      <nite:child href="ES2002a.B.words.xml#id(ES2002a.B.words1323)..id(ES2002a.B.words1326)"/>
   </ae>
</nite:root>