<?xml version="1.0" encoding="ISO-8859-1" standalone="yes"?>
<nite:root nite:id="ES2011c.B.argumentstructs" xmlns:nite="http://nite.sourceforge.net/">
   <ae nite:id="ES2011c.B.argumentstructs.Erik.1">
      <nite:pointer role="type"  href="ae-types.xml#id(ae_1)"/>
      <nite:child href="ES2011c.B.words.xml#id(ES2011c.B.words416)..id(ES2011c.B.words417)"/>
   </ae>
   <ae nite:id="ES2011c.B.argumentstructs.Erik.2">
      <nite:pointer role="type"  href="ae-types.xml#id(ae_1)"/>
      <nite:child href="ES2011c.B.words.xml#id(ES2011c.B.words418)..id(ES2011c.B.words435)"/>
   </ae>
   <ae nite:id="ES2011c.B.argumentstructs.Erik.3">
      <nite:pointer role="type"  href="ae-types.xml#id(ae_1)"/>
      <nite:child href="ES2011c.B.words.xml#id(ES2011c.B.words438)..id(ES2011c.B.words462)"/>
   </ae>
   <ae nite:id="ES2011c.B.argumentstructs.Erik.4">
      <nite:pointer role="type"  href="ae-types.xml#id(ae_1)"/>
      <nite:child href="ES2011c.B.words.xml#id(ES2011c.B.words463)..id(ES2011c.B.words505)"/>
   </ae>
   <ae nite:id="ES2011c.B.argumentstructs.Erik.5">
      <nite:pointer role="type"  href="ae-types.xml#id(ae_1)"/>
      <nite:child href="ES2011c.B.words.xml#id(ES2011c.B.words984)..id(ES2011c.B.words1016)"/>
   </ae>
   <ae nite:id="ES2011c.B.argumentstructs.Erik.6">
      <nite:pointer role="type"  href="ae-types.xml#id(ae_1)"/>
      <nite:child href="ES2011c.B.words.xml#id(ES2011c.B.words1017)..id(ES2011c.B.words1019)"/>
   </ae>
   <ae nite:id="ES2011c.B.argumentstructs.Erik.7">
      <nite:pointer role="type"  href="ae-types.xml#id(ae_1)"/>
      <nite:child href="ES2011c.B.words.xml#id(ES2011c.B.words1020)..id(ES2011c.B.words1078)"/>
   </ae>
   <ae nite:id="ES2011c.B.argumentstructs.Erik.8">
      <nite:pointer role="type"  href="ae-types.xml#id(ae_1)"/>
      <nite:child href="ES2011c.B.words.xml#id(ES2011c.B.words1092)..id(ES2011c.B.words1098)"/>
   </ae>
   <ae nite:id="ES2011c.B.argumentstructs.Erik.9">
      <nite:pointer role="type"  href="ae-types.xml#id(ae_1)"/>
      <nite:child href="ES2011c.B.words.xml#id(ES2011c.B.words1099)..id(ES2011c.B.words1128)"/>
   </ae>
   <ae nite:id="ES2011c.B.argumentstructs.Erik.10">
      <nite:pointer role="type"  href="ae-types.xml#id(ae_1)"/>
      <nite:child href="ES2011c.B.words.xml#id(ES2011c.B.words1129)..id(ES2011c.B.words1151)"/>
   </ae>
   <ae nite:id="ES2011c.B.argumentstructs.11">
      <nite:pointer role="type"  href="ae-types.xml#id(ae_6)"/>
      <nite:child href="ES2011c.B.words.xml#id(ES2011c.B.words436)"/>
   </ae>
   <ae nite:id="ES2011c.B.argumentstructs.12">
      <nite:pointer role="type"  href="ae-types.xml#id(ae_6)"/>
      <nite:child href="ES2011c.B.words.xml#id(ES2011c.B.words1079)"/>
      <nite:child href="ES2011c.B.words.xml#id(ES2011c.B.words1081)..id(ES2011c.B.words1091)"/>
   </ae>
</nite:root>