<?xml version="1.0" encoding="ISO-8859-1" standalone="yes"?>
<nite:root nite:id="ES2008a.A.argumentstructs" xmlns:nite="http://nite.sourceforge.net/">
   <ae nite:id="ES2008a.A.argumentstructs.Erik.1">
      <nite:pointer role="type"  href="ae-types.xml#id(ae_3)"/>
      <nite:child href="ES2008a.A.words.xml#id(ES2008a.A.words746)..id(ES2008a.A.words809)"/>
   </ae>
   <ae nite:id="ES2008a.A.argumentstructs.Erik.2">
      <nite:pointer role="type"  href="ae-types.xml#id(ae_1)"/>
      <nite:child href="ES2008a.A.words.xml#id(ES2008a.A.words816)..id(ES2008a.A.words898)"/>
   </ae>
   <ae nite:id="ES2008a.A.argumentstructs.Erik.3">
      <nite:pointer role="type"  href="ae-types.xml#id(ae_1)"/>
      <nite:child href="ES2008a.A.words.xml#id(ES2008a.A.words904)..id(ES2008a.A.words909)"/>
   </ae>
   <ae nite:id="ES2008a.A.argumentstructs.4">
      <nite:pointer role="type"  href="ae-types.xml#id(ae_6)"/>
      <nite:child href="ES2008a.A.words.xml#id(ES2008a.A.words744)..id(ES2008a.A.words745)"/>
   </ae>
   <ae nite:id="ES2008a.A.argumentstructs.5">
      <nite:pointer role="type"  href="ae-types.xml#id(ae_6)"/>
      <nite:child href="ES2008a.A.words.xml#id(ES2008a.A.words810)..id(ES2008a.A.words815)"/>
   </ae>
   <ae nite:id="ES2008a.A.argumentstructs.6">
      <nite:pointer role="type"  href="ae-types.xml#id(ae_6)"/>
      <nite:child href="ES2008a.A.words.xml#id(ES2008a.A.words900)..id(ES2008a.A.words902)"/>
   </ae>
   <ae nite:id="ES2008a.A.argumentstructs.7">
      <nite:pointer role="type"  href="ae-types.xml#id(ae_6)"/>
      <nite:child href="ES2008a.A.words.xml#id(ES2008a.A.words910)..id(ES2008a.A.words916)"/>
      <nite:child href="ES2008a.A.words.xml#id(ES2008a.A.words918)..id(ES2008a.A.words928)"/>
   </ae>
</nite:root>