<?xml version="1.0" encoding="ISO-8859-1" standalone="yes"?>
<nite:root nite:id="ES2016d.B.argumentstructs" xmlns:nite="http://nite.sourceforge.net/">
   <ae nite:id="ES2016d.B.argumentstructs.Rutger.1">
      <nite:pointer role="type"  href="ae-types.xml#id(ae_1)"/>
      <nite:child href="ES2016d.B.words.xml#id(ES2016d.B.words174)..id(ES2016d.B.words197)"/>
   </ae>
   <ae nite:id="ES2016d.B.argumentstructs.Rutger.2">
      <nite:pointer role="type"  href="ae-types.xml#id(ae_1)"/>
      <nite:child href="ES2016d.B.words.xml#id(ES2016d.B.words198)..id(ES2016d.B.words209)"/>
   </ae>
   <ae nite:id="ES2016d.B.argumentstructs.Rutger.3">
      <nite:pointer role="type"  href="ae-types.xml#id(ae_1)"/>
      <nite:child href="ES2016d.B.words.xml#id(ES2016d.B.words210)..id(ES2016d.B.words223)"/>
   </ae>
   <ae nite:id="ES2016d.B.argumentstructs.Rutger.4">
      <nite:pointer role="type"  href="ae-types.xml#id(ae_1)"/>
      <nite:child href="ES2016d.B.words.xml#id(ES2016d.B.words224)..id(ES2016d.B.words278)"/>
   </ae>
   <ae nite:id="ES2016d.B.argumentstructs.Rutger.5">
      <nite:pointer role="type"  href="ae-types.xml#id(ae_1)"/>
      <nite:child href="ES2016d.B.words.xml#id(ES2016d.B.words279)..id(ES2016d.B.words280)"/>
   </ae>
   <ae nite:id="ES2016d.B.argumentstructs.Rutger.6">
      <nite:pointer role="type"  href="ae-types.xml#id(ae_1)"/>
      <nite:child href="ES2016d.B.words.xml#id(ES2016d.B.words291)..id(ES2016d.B.words313)"/>
   </ae>
   <ae nite:id="ES2016d.B.argumentstructs.Rutger.7">
      <nite:pointer role="type"  href="ae-types.xml#id(ae_1)"/>
      <nite:child href="ES2016d.B.words.xml#id(ES2016d.B.words314)..id(ES2016d.B.words315)"/>
   </ae>
   <ae nite:id="ES2016d.B.argumentstructs.Rutger.8">
      <nite:pointer role="type"  href="ae-types.xml#id(ae_1)"/>
      <nite:child href="ES2016d.B.words.xml#id(ES2016d.B.words317)..id(ES2016d.B.words319)"/>
   </ae>
   <ae nite:id="ES2016d.B.argumentstructs.Rutger.9">
      <nite:pointer role="type"  href="ae-types.xml#id(ae_1)"/>
      <nite:child href="ES2016d.B.words.xml#id(ES2016d.B.words344)..id(ES2016d.B.words355)"/>
   </ae>
   <ae nite:id="ES2016d.B.argumentstructs.Rutger.10">
      <nite:pointer role="type"  href="ae-types.xml#id(ae_1)"/>
      <nite:child href="ES2016d.B.words.xml#id(ES2016d.B.words367)..id(ES2016d.B.words372)"/>
   </ae>
   <ae nite:id="ES2016d.B.argumentstructs.Rutger.11">
      <nite:pointer role="type"  href="ae-types.xml#id(ae_1)"/>
      <nite:child href="ES2016d.B.words.xml#id(ES2016d.B.words401)..id(ES2016d.B.words413)"/>
   </ae>
   <ae nite:id="ES2016d.B.argumentstructs.Rutger.12">
      <nite:pointer role="type"  href="ae-types.xml#id(ae_1)"/>
      <nite:child href="ES2016d.B.words.xml#id(ES2016d.B.words415)..id(ES2016d.B.words416)"/>
   </ae>
   <ae nite:id="ES2016d.B.argumentstructs.Rutger.13">
      <nite:pointer role="type"  href="ae-types.xml#id(ae_1)"/>
      <nite:child href="ES2016d.B.words.xml#id(ES2016d.B.words420)..id(ES2016d.B.words456)"/>
   </ae>
   <ae nite:id="ES2016d.B.argumentstructs.Rutger.14">
      <nite:pointer role="type"  href="ae-types.xml#id(ae_1)"/>
      <nite:child href="ES2016d.B.words.xml#id(ES2016d.B.words457)..id(ES2016d.B.words496)"/>
   </ae>
   <ae nite:id="ES2016d.B.argumentstructs.Rutger.15">
      <nite:pointer role="type"  href="ae-types.xml#id(ae_1)"/>
      <nite:child href="ES2016d.B.words.xml#id(ES2016d.B.words497)..id(ES2016d.B.words503)"/>
   </ae>
   <ae nite:id="ES2016d.B.argumentstructs.Rutger.16">
      <nite:pointer role="type"  href="ae-types.xml#id(ae_1)"/>
      <nite:child href="ES2016d.B.words.xml#id(ES2016d.B.words505)..id(ES2016d.B.words532)"/>
   </ae>
   <ae nite:id="ES2016d.B.argumentstructs.Rutger.18">
      <nite:pointer role="type"  href="ae-types.xml#id(ae_1)"/>
      <nite:child href="ES2016d.B.words.xml#id(ES2016d.B.words534)..id(ES2016d.B.words544)"/>
   </ae>
   <ae nite:id="ES2016d.B.argumentstructs.Rutger.19">
      <nite:pointer role="type"  href="ae-types.xml#id(ae_1)"/>
      <nite:child href="ES2016d.B.words.xml#id(ES2016d.B.words545)..id(ES2016d.B.words546)"/>
   </ae>
   <ae nite:id="ES2016d.B.argumentstructs.Rutger.20">
      <nite:pointer role="type"  href="ae-types.xml#id(ae_1)"/>
      <nite:child href="ES2016d.B.words.xml#id(ES2016d.B.words549)..id(ES2016d.B.words571)"/>
   </ae>
   <ae nite:id="ES2016d.B.argumentstructs.Rutger.21">
      <nite:pointer role="type"  href="ae-types.xml#id(ae_1)"/>
      <nite:child href="ES2016d.B.words.xml#id(ES2016d.B.words572)..id(ES2016d.B.words575)"/>
   </ae>
   <ae nite:id="ES2016d.B.argumentstructs.Rutger.22">
      <nite:pointer role="type"  href="ae-types.xml#id(ae_1)"/>
      <nite:child href="ES2016d.B.words.xml#id(ES2016d.B.words578)..id(ES2016d.B.words579)"/>
   </ae>
   <ae nite:id="ES2016d.B.argumentstructs.Rutger.23">
      <nite:pointer role="type"  href="ae-types.xml#id(ae_1)"/>
      <nite:child href="ES2016d.B.words.xml#id(ES2016d.B.words580)..id(ES2016d.B.words591)"/>
   </ae>
   <ae nite:id="ES2016d.B.argumentstructs.Rutger.24">
      <nite:pointer role="type"  href="ae-types.xml#id(ae_1)"/>
      <nite:child href="ES2016d.B.words.xml#id(ES2016d.B.words592)..id(ES2016d.B.words603)"/>
   </ae>
   <ae nite:id="ES2016d.B.argumentstructs.Rutger.25">
      <nite:pointer role="type"  href="ae-types.xml#id(ae_1)"/>
      <nite:child href="ES2016d.B.words.xml#id(ES2016d.B.words604)..id(ES2016d.B.words610)"/>
   </ae>
   <ae nite:id="ES2016d.B.argumentstructs.Rutger.26">
      <nite:pointer role="type"  href="ae-types.xml#id(ae_1)"/>
      <nite:child href="ES2016d.B.words.xml#id(ES2016d.B.words611)..id(ES2016d.B.words617)"/>
   </ae>
   <ae nite:id="ES2016d.B.argumentstructs.27">
      <nite:pointer role="type"  href="ae-types.xml#id(ae_6)"/>
      <nite:child href="ES2016d.B.words.xml#id(ES2016d.B.words172)"/>
   </ae>
   <ae nite:id="ES2016d.B.argumentstructs.28">
      <nite:pointer role="type"  href="ae-types.xml#id(ae_6)"/>
      <nite:child href="ES2016d.B.words.xml#id(ES2016d.B.words281)..id(ES2016d.B.words290)"/>
   </ae>
   <ae nite:id="ES2016d.B.argumentstructs.29">
      <nite:pointer role="type"  href="ae-types.xml#id(ae_6)"/>
      <nite:child href="ES2016d.B.words.xml#id(ES2016d.B.words357)..id(ES2016d.B.words362)"/>
      <nite:child href="ES2016d.B.words.xml#id(ES2016d.B.words364)..id(ES2016d.B.words366)"/>
   </ae>
   <ae nite:id="ES2016d.B.argumentstructs.30">
      <nite:pointer role="type"  href="ae-types.xml#id(ae_6)"/>
      <nite:child href="ES2016d.B.words.xml#id(ES2016d.B.words373)..id(ES2016d.B.words374)"/>
      <nite:child href="ES2016d.B.words.xml#id(ES2016d.B.words376)..id(ES2016d.B.words400)"/>
   </ae>
   <ae nite:id="ES2016d.B.argumentstructs.31">
      <nite:pointer role="type"  href="ae-types.xml#id(ae_6)"/>
      <nite:child href="ES2016d.B.words.xml#id(ES2016d.B.words414)"/>
   </ae>
   <ae nite:id="ES2016d.B.argumentstructs.32">
      <nite:pointer role="type"  href="ae-types.xml#id(ae_6)"/>
      <nite:child href="ES2016d.B.words.xml#id(ES2016d.B.words417)..id(ES2016d.B.words418)"/>
   </ae>
   <ae nite:id="ES2016d.B.argumentstructs.33">
      <nite:pointer role="type"  href="ae-types.xml#id(ae_6)"/>
      <nite:child href="ES2016d.B.words.xml#id(ES2016d.B.words533)"/>
   </ae>
   <ae nite:id="ES2016d.B.argumentstructs.34">
      <nite:pointer role="type"  href="ae-types.xml#id(ae_6)"/>
      <nite:child href="ES2016d.B.words.xml#id(ES2016d.B.words547)"/>
   </ae>
   <ae nite:id="ES2016d.B.argumentstructs.35">
      <nite:pointer role="type"  href="ae-types.xml#id(ae_6)"/>
      <nite:child href="ES2016d.B.words.xml#id(ES2016d.B.words618)..id(ES2016d.B.words621)"/>
      <nite:child href="ES2016d.B.words.xml#id(ES2016d.B.words625)..id(ES2016d.B.words653)"/>
      <nite:child href="ES2016d.B.words.xml#id(ES2016d.B.words656)"/>
   </ae>
</nite:root>