<?xml version="1.0" encoding="ISO-8859-1" standalone="yes"?>
<nite:root nite:id="ES2014c.B.argumentstructs" xmlns:nite="http://nite.sourceforge.net/">
   <ae nite:id="ES2014c.B.argumentstructs.Rutger.1">
      <nite:pointer role="type"  href="ae-types.xml#id(ae_1)"/>
      <nite:child href="ES2014c.B.words.xml#id(ES2014c.B.words1265)..id(ES2014c.B.words1266)"/>
   </ae>
   <ae nite:id="ES2014c.B.argumentstructs.Rutger.2">
      <nite:pointer role="type"  href="ae-types.xml#id(ae_5)"/>
      <nite:child href="ES2014c.B.words.xml#id(ES2014c.B.words1267)..id(ES2014c.B.words1283)"/>
   </ae>
   <ae nite:id="ES2014c.B.argumentstructs.Rutger.3">
      <nite:pointer role="type"  href="ae-types.xml#id(ae_1)"/>
      <nite:child href="ES2014c.B.words.xml#id(ES2014c.B.words1284)..id(ES2014c.B.words1287)"/>
   </ae>
   <ae nite:id="ES2014c.B.argumentstructs.Rutger.5">
      <nite:pointer role="type"  href="ae-types.xml#id(ae_1)"/>
      <nite:child href="ES2014c.B.words.xml#id(ES2014c.B.words1288)..id(ES2014c.B.words1296)"/>
   </ae>
   <ae nite:id="ES2014c.B.argumentstructs.Rutger.6">
      <nite:pointer role="type"  href="ae-types.xml#id(ae_2)"/>
      <nite:child href="ES2014c.B.words.xml#id(ES2014c.B.words1297)..id(ES2014c.B.words1304)"/>
   </ae>
   <ae nite:id="ES2014c.B.argumentstructs.Rutger.7">
      <nite:pointer role="type"  href="ae-types.xml#id(ae_2)"/>
      <nite:child href="ES2014c.B.words.xml#id(ES2014c.B.words1305)..id(ES2014c.B.words1314)"/>
   </ae>
   <ae nite:id="ES2014c.B.argumentstructs.Rutger.8">
      <nite:pointer role="type"  href="ae-types.xml#id(ae_1)"/>
      <nite:child href="ES2014c.B.words.xml#id(ES2014c.B.words1315)..id(ES2014c.B.words1324)"/>
   </ae>
   <ae nite:id="ES2014c.B.argumentstructs.Rutger.10">
      <nite:pointer role="type"  href="ae-types.xml#id(ae_2)"/>
      <nite:child href="ES2014c.B.words.xml#id(ES2014c.B.words1336)..id(ES2014c.B.words1341)"/>
   </ae>
   <ae nite:id="ES2014c.B.argumentstructs.Rutger.11">
      <nite:pointer role="type"  href="ae-types.xml#id(ae_5)"/>
      <nite:child href="ES2014c.B.words.xml#id(ES2014c.B.words1345)..id(ES2014c.B.words1361)"/>
   </ae>
   <ae nite:id="ES2014c.B.argumentstructs.Rutger.12">
      <nite:pointer role="type"  href="ae-types.xml#id(ae_1)"/>
      <nite:child href="ES2014c.B.words.xml#id(ES2014c.B.words1611)..id(ES2014c.B.words1640)"/>
   </ae>
   <ae nite:id="ES2014c.B.argumentstructs.Rutger.13">
      <nite:pointer role="type"  href="ae-types.xml#id(ae_1)"/>
      <nite:child href="ES2014c.B.words.xml#id(ES2014c.B.words1660)..id(ES2014c.B.words1674)"/>
   </ae>
   <ae nite:id="ES2014c.B.argumentstructs.Rutger.14">
      <nite:pointer role="type"  href="ae-types.xml#id(ae_1)"/>
      <nite:child href="ES2014c.B.words.xml#id(ES2014c.B.words1675)..id(ES2014c.B.words1684)"/>
   </ae>
   <ae nite:id="ES2014c.B.argumentstructs.Rutger.15">
      <nite:pointer role="type"  href="ae-types.xml#id(ae_2)"/>
      <nite:child href="ES2014c.B.words.xml#id(ES2014c.B.words1698)..id(ES2014c.B.words1706)"/>
   </ae>
   <ae nite:id="ES2014c.B.argumentstructs.Rutger.16">
      <nite:pointer role="type"  href="ae-types.xml#id(ae_1)"/>
      <nite:child href="ES2014c.B.words.xml#id(ES2014c.B.words1709)..id(ES2014c.B.words1730)"/>
   </ae>
   <ae nite:id="ES2014c.B.argumentstructs.Rutger.17">
      <nite:pointer role="type"  href="ae-types.xml#id(ae_1)"/>
      <nite:child href="ES2014c.B.words.xml#id(ES2014c.B.words1778)..id(ES2014c.B.words1781)"/>
   </ae>
   <ae nite:id="ES2014c.B.argumentstructs.Rutger.18">
      <nite:pointer role="type"  href="ae-types.xml#id(ae_2)"/>
      <nite:child href="ES2014c.B.words.xml#id(ES2014c.B.words1786)..id(ES2014c.B.words1811)"/>
   </ae>
   <ae nite:id="ES2014c.B.argumentstructs.Rutger.19">
      <nite:pointer role="type"  href="ae-types.xml#id(ae_1)"/>
      <nite:child href="ES2014c.B.words.xml#id(ES2014c.B.words1812)"/>
   </ae>
   <ae nite:id="ES2014c.B.argumentstructs.Rutger.20">
      <nite:pointer role="type"  href="ae-types.xml#id(ae_2)"/>
      <nite:child href="ES2014c.B.words.xml#id(ES2014c.B.words1817)..id(ES2014c.B.words1843)"/>
   </ae>
   <ae nite:id="ES2014c.B.argumentstructs.Rutger.21">
      <nite:pointer role="type"  href="ae-types.xml#id(ae_1)"/>
      <nite:child href="ES2014c.B.words.xml#id(ES2014c.B.words1844)..id(ES2014c.B.words1868)"/>
   </ae>
   <ae nite:id="ES2014c.B.argumentstructs.Rutger.22">
      <nite:pointer role="type"  href="ae-types.xml#id(ae_1)"/>
      <nite:child href="ES2014c.B.words.xml#id(ES2014c.B.words1869)..id(ES2014c.B.words1913)"/>
   </ae>
   <ae nite:id="ES2014c.B.argumentstructs.Rutger.23">
      <nite:pointer role="type"  href="ae-types.xml#id(ae_1)"/>
      <nite:child href="ES2014c.B.words.xml#id(ES2014c.B.words1914)..id(ES2014c.B.words1918)"/>
   </ae>
   <ae nite:id="ES2014c.B.argumentstructs.Rutger.24">
      <nite:pointer role="type"  href="ae-types.xml#id(ae_1)"/>
      <nite:child href="ES2014c.B.words.xml#id(ES2014c.B.words1919)..id(ES2014c.B.words1920)"/>
   </ae>
   <ae nite:id="ES2014c.B.argumentstructs.Rutger.25">
      <nite:pointer role="type"  href="ae-types.xml#id(ae_1)"/>
      <nite:child href="ES2014c.B.words.xml#id(ES2014c.B.words1921)..id(ES2014c.B.words1927)"/>
   </ae>
   <ae nite:id="ES2014c.B.argumentstructs.Rutger.26">
      <nite:pointer role="type"  href="ae-types.xml#id(ae_1)"/>
      <nite:child href="ES2014c.B.words.xml#id(ES2014c.B.words1929)..id(ES2014c.B.words1934)"/>
   </ae>
   <ae nite:id="ES2014c.B.argumentstructs.Rutger.27">
      <nite:pointer role="type"  href="ae-types.xml#id(ae_1)"/>
      <nite:child href="ES2014c.B.words.xml#id(ES2014c.B.words1939)..id(ES2014c.B.words1940)"/>
   </ae>
   <ae nite:id="ES2014c.B.argumentstructs.Rutger.28">
      <nite:pointer role="type"  href="ae-types.xml#id(ae_1)"/>
      <nite:child href="ES2014c.B.words.xml#id(ES2014c.B.words1961)..id(ES2014c.B.words1966)"/>
   </ae>
   <ae nite:id="ES2014c.B.argumentstructs.Rutger.29">
      <nite:pointer role="type"  href="ae-types.xml#id(ae_1)"/>
      <nite:child href="ES2014c.B.words.xml#id(ES2014c.B.words1967)..id(ES2014c.B.words1968)"/>
   </ae>
   <ae nite:id="ES2014c.B.argumentstructs.Rutger.30">
      <nite:pointer role="type"  href="ae-types.xml#id(ae_1)"/>
      <nite:child href="ES2014c.B.words.xml#id(ES2014c.B.words1969)..id(ES2014c.B.words1987)"/>
   </ae>
   <ae nite:id="ES2014c.B.argumentstructs.Rutger.31">
      <nite:pointer role="type"  href="ae-types.xml#id(ae_1)"/>
      <nite:child href="ES2014c.B.words.xml#id(ES2014c.B.words2001)"/>
   </ae>
   <ae nite:id="ES2014c.B.argumentstructs.Rutger.32">
      <nite:pointer role="type"  href="ae-types.xml#id(ae_1)"/>
      <nite:child href="ES2014c.B.words.xml#id(ES2014c.B.words2003)..id(ES2014c.B.words2030)"/>
   </ae>
   <ae nite:id="ES2014c.B.argumentstructs.Rutger.33">
      <nite:pointer role="type"  href="ae-types.xml#id(ae_2)"/>
      <nite:child href="ES2014c.B.words.xml#id(ES2014c.B.words2036)..id(ES2014c.B.words2046)"/>
   </ae>
   <ae nite:id="ES2014c.B.argumentstructs.Rutger.34">
      <nite:pointer role="type"  href="ae-types.xml#id(ae_1)"/>
      <nite:child href="ES2014c.B.words.xml#id(ES2014c.B.words2047)..id(ES2014c.B.words2061)"/>
   </ae>
   <ae nite:id="ES2014c.B.argumentstructs.Rutger.35">
      <nite:pointer role="type"  href="ae-types.xml#id(ae_5)"/>
      <nite:child href="ES2014c.B.words.xml#id(ES2014c.B.words2065)..id(ES2014c.B.words2089)"/>
   </ae>
   <ae nite:id="ES2014c.B.argumentstructs.Rutger.36">
      <nite:pointer role="type"  href="ae-types.xml#id(ae_1)"/>
      <nite:child href="ES2014c.B.words.xml#id(ES2014c.B.words2091)..id(ES2014c.B.words2097)"/>
   </ae>
   <ae nite:id="ES2014c.B.argumentstructs.Rutger.37">
      <nite:pointer role="type"  href="ae-types.xml#id(ae_1)"/>
      <nite:child href="ES2014c.B.words.xml#id(ES2014c.B.words2098)..id(ES2014c.B.words2108)"/>
   </ae>
   <ae nite:id="ES2014c.B.argumentstructs.38">
      <nite:pointer role="type"  href="ae-types.xml#id(ae_6)"/>
      <nite:child href="ES2014c.B.words.xml#id(ES2014c.B.words1325)..id(ES2014c.B.words1335)"/>
   </ae>
   <ae nite:id="ES2014c.B.argumentstructs.39">
      <nite:pointer role="type"  href="ae-types.xml#id(ae_6)"/>
      <nite:child href="ES2014c.B.words.xml#id(ES2014c.B.words1342)..id(ES2014c.B.words1343)"/>
   </ae>
   <ae nite:id="ES2014c.B.argumentstructs.40">
      <nite:pointer role="type"  href="ae-types.xml#id(ae_6)"/>
      <nite:child href="ES2014c.B.words.xml#id(ES2014c.B.words1362)"/>
   </ae>
   <ae nite:id="ES2014c.B.argumentstructs.41">
      <nite:pointer role="type"  href="ae-types.xml#id(ae_6)"/>
      <nite:child href="ES2014c.B.words.xml#id(ES2014c.B.words1641)..id(ES2014c.B.words1659)"/>
   </ae>
   <ae nite:id="ES2014c.B.argumentstructs.42">
      <nite:pointer role="type"  href="ae-types.xml#id(ae_6)"/>
      <nite:child href="ES2014c.B.words.xml#id(ES2014c.B.words1685)..id(ES2014c.B.words1697)"/>
   </ae>
   <ae nite:id="ES2014c.B.argumentstructs.43">
      <nite:pointer role="type"  href="ae-types.xml#id(ae_6)"/>
      <nite:child href="ES2014c.B.words.xml#id(ES2014c.B.words1707)..id(ES2014c.B.words1708)"/>
   </ae>
   <ae nite:id="ES2014c.B.argumentstructs.44">
      <nite:pointer role="type"  href="ae-types.xml#id(ae_6)"/>
      <nite:child href="ES2014c.B.words.xml#id(ES2014c.B.words1731)..id(ES2014c.B.words1777)"/>
   </ae>
   <ae nite:id="ES2014c.B.argumentstructs.45">
      <nite:pointer role="type"  href="ae-types.xml#id(ae_6)"/>
      <nite:child href="ES2014c.B.words.xml#id(ES2014c.B.words1782)..id(ES2014c.B.words1785)"/>
   </ae>
   <ae nite:id="ES2014c.B.argumentstructs.46">
      <nite:pointer role="type"  href="ae-types.xml#id(ae_6)"/>
      <nite:child href="ES2014c.B.words.xml#id(ES2014c.B.words1813)..id(ES2014c.B.words1816)"/>
   </ae>
   <ae nite:id="ES2014c.B.argumentstructs.47">
      <nite:pointer role="type"  href="ae-types.xml#id(ae_6)"/>
      <nite:child href="ES2014c.B.words.xml#id(ES2014c.B.words1928)"/>
   </ae>
   <ae nite:id="ES2014c.B.argumentstructs.48">
      <nite:pointer role="type"  href="ae-types.xml#id(ae_6)"/>
      <nite:child href="ES2014c.B.words.xml#id(ES2014c.B.words1935)..id(ES2014c.B.words1938)"/>
   </ae>
   <ae nite:id="ES2014c.B.argumentstructs.49">
      <nite:pointer role="type"  href="ae-types.xml#id(ae_6)"/>
      <nite:child href="ES2014c.B.words.xml#id(ES2014c.B.words1941)..id(ES2014c.B.words1960)"/>
   </ae>
   <ae nite:id="ES2014c.B.argumentstructs.50">
      <nite:pointer role="type"  href="ae-types.xml#id(ae_6)"/>
      <nite:child href="ES2014c.B.words.xml#id(ES2014c.B.words1988)..id(ES2014c.B.words1992)"/>
      <nite:child href="ES2014c.B.words.xml#id(ES2014c.B.words1994)..id(ES2014c.B.words1999)"/>
   </ae>
   <ae nite:id="ES2014c.B.argumentstructs.51">
      <nite:pointer role="type"  href="ae-types.xml#id(ae_6)"/>
      <nite:child href="ES2014c.B.words.xml#id(ES2014c.B.words2002)"/>
   </ae>
   <ae nite:id="ES2014c.B.argumentstructs.52">
      <nite:pointer role="type"  href="ae-types.xml#id(ae_6)"/>
      <nite:child href="ES2014c.B.words.xml#id(ES2014c.B.words2033)..id(ES2014c.B.words2035)"/>
   </ae>
   <ae nite:id="ES2014c.B.argumentstructs.53">
      <nite:pointer role="type"  href="ae-types.xml#id(ae_6)"/>
      <nite:child href="ES2014c.B.words.xml#id(ES2014c.B.words2063)..id(ES2014c.B.words2064)"/>
   </ae>
</nite:root>