<?xml version="1.0" encoding="ISO-8859-1" standalone="yes"?>
<nite:root nite:id="ES2008b.D.argumentstructs" xmlns:nite="http://nite.sourceforge.net/">
   <ae nite:id="ES2008b.D.argumentstructs.Erik.1">
      <nite:pointer role="type"  href="ae-types.xml#id(ae_5)"/>
      <nite:child href="ES2008b.D.words.xml#id(ES2008b.D.words929)..id(ES2008b.D.words947)"/>
   </ae>
   <ae nite:id="ES2008b.D.argumentstructs.Erik.2">
      <nite:pointer role="type"  href="ae-types.xml#id(ae_1)"/>
      <nite:child href="ES2008b.D.words.xml#id(ES2008b.D.words948)..id(ES2008b.D.words1043)"/>
   </ae>
   <ae nite:id="ES2008b.D.argumentstructs.Erik.3">
      <nite:pointer role="type"  href="ae-types.xml#id(ae_5)"/>
      <nite:child href="ES2008b.D.words.xml#id(ES2008b.D.words1143)..id(ES2008b.D.words1222)"/>
   </ae>
   <ae nite:id="ES2008b.D.argumentstructs.Erik.4">
      <nite:pointer role="type"  href="ae-types.xml#id(ae_1)"/>
      <nite:child href="ES2008b.D.words.xml#id(ES2008b.D.words1301)..id(ES2008b.D.words1311)"/>
   </ae>
   <ae nite:id="ES2008b.D.argumentstructs.Erik.5">
      <nite:pointer role="type"  href="ae-types.xml#id(ae_1)"/>
      <nite:child href="ES2008b.D.words.xml#id(ES2008b.D.words1312)..id(ES2008b.D.words1313)"/>
   </ae>
   <ae nite:id="ES2008b.D.argumentstructs.Erik.6">
      <nite:pointer role="type"  href="ae-types.xml#id(ae_1)"/>
      <nite:child href="ES2008b.D.words.xml#id(ES2008b.D.words1689)..id(ES2008b.D.words1690)"/>
   </ae>
   <ae nite:id="ES2008b.D.argumentstructs.Erik.7">
      <nite:pointer role="type"  href="ae-types.xml#id(ae_1)"/>
      <nite:child href="ES2008b.D.words.xml#id(ES2008b.D.words1691)..id(ES2008b.D.words1699)"/>
   </ae>
   <ae nite:id="ES2008b.D.argumentstructs.8">
      <nite:pointer role="type"  href="ae-types.xml#id(ae_6)"/>
      <nite:child href="ES2008b.D.words.xml#id(ES2008b.D.words924)..id(ES2008b.D.words927)"/>
   </ae>
   <ae nite:id="ES2008b.D.argumentstructs.9">
      <nite:pointer role="type"  href="ae-types.xml#id(ae_6)"/>
      <nite:child href="ES2008b.D.words.xml#id(ES2008b.D.words1223)..id(ES2008b.D.words1300)"/>
   </ae>
   <ae nite:id="ES2008b.D.argumentstructs.10">
      <nite:pointer role="type"  href="ae-types.xml#id(ae_6)"/>
      <nite:child href="ES2008b.D.words.xml#id(ES2008b.D.words1700)..id(ES2008b.D.words1701)"/>
   </ae>
</nite:root>