<?xml version="1.0" encoding="ISO-8859-1" standalone="yes"?>
<nite:root nite:id="ES2007d.A.argumentstructs" xmlns:nite="http://nite.sourceforge.net/">
   <ae nite:id="ES2007d.A.argumentstructs.Erik.1">
      <nite:pointer role="type"  href="ae-types.xml#id(ae_1)"/>
      <nite:child href="ES2007d.A.words.xml#id(ES2007d.A.words76)..id(ES2007d.A.words103)"/>
   </ae>
   <ae nite:id="ES2007d.A.argumentstructs.Erik.2">
      <nite:pointer role="type"  href="ae-types.xml#id(ae_1)"/>
      <nite:child href="ES2007d.A.words.xml#id(ES2007d.A.words104)..id(ES2007d.A.words114)"/>
   </ae>
   <ae nite:id="ES2007d.A.argumentstructs.Erik.3">
      <nite:pointer role="type"  href="ae-types.xml#id(ae_1)"/>
      <nite:child href="ES2007d.A.words.xml#id(ES2007d.A.words115)..id(ES2007d.A.words125)"/>
   </ae>
   <ae nite:id="ES2007d.A.argumentstructs.Erik.4">
      <nite:pointer role="type"  href="ae-types.xml#id(ae_1)"/>
      <nite:child href="ES2007d.A.words.xml#id(ES2007d.A.words127)..id(ES2007d.A.words128)"/>
   </ae>
   <ae nite:id="ES2007d.A.argumentstructs.Erik.5">
      <nite:pointer role="type"  href="ae-types.xml#id(ae_1)"/>
      <nite:child href="ES2007d.A.words.xml#id(ES2007d.A.words129)..id(ES2007d.A.words134)"/>
   </ae>
   <ae nite:id="ES2007d.A.argumentstructs.Erik.6">
      <nite:pointer role="type"  href="ae-types.xml#id(ae_1)"/>
      <nite:child href="ES2007d.A.words.xml#id(ES2007d.A.words135)..id(ES2007d.A.words136)"/>
   </ae>
   <ae nite:id="ES2007d.A.argumentstructs.Erik.7">
      <nite:pointer role="type"  href="ae-types.xml#id(ae_1)"/>
      <nite:child href="ES2007d.A.words.xml#id(ES2007d.A.words137)..id(ES2007d.A.words138)"/>
   </ae>
   <ae nite:id="ES2007d.A.argumentstructs.Erik.8">
      <nite:pointer role="type"  href="ae-types.xml#id(ae_1)"/>
      <nite:child href="ES2007d.A.words.xml#id(ES2007d.A.words631)..id(ES2007d.A.words632)"/>
   </ae>
   <ae nite:id="ES2007d.A.argumentstructs.Erik.9">
      <nite:pointer role="type"  href="ae-types.xml#id(ae_1)"/>
      <nite:child href="ES2007d.A.words.xml#id(ES2007d.A.words635)..id(ES2007d.A.words662)"/>
   </ae>
   <ae nite:id="ES2007d.A.argumentstructs.Erik.10">
      <nite:pointer role="type"  href="ae-types.xml#id(ae_1)"/>
      <nite:child href="ES2007d.A.words.xml#id(ES2007d.A.words753)..id(ES2007d.A.words761)"/>
   </ae>
   <ae nite:id="ES2007d.A.argumentstructs.Erik.11">
      <nite:pointer role="type"  href="ae-types.xml#id(ae_1)"/>
      <nite:child href="ES2007d.A.words.xml#id(ES2007d.A.words769)..id(ES2007d.A.words787)"/>
   </ae>
   <ae nite:id="ES2007d.A.argumentstructs.Erik.12">
      <nite:pointer role="type"  href="ae-types.xml#id(ae_1)"/>
      <nite:child href="ES2007d.A.words.xml#id(ES2007d.A.words788)..id(ES2007d.A.words789)"/>
   </ae>
   <ae nite:id="ES2007d.A.argumentstructs.13">
      <nite:pointer role="type"  href="ae-types.xml#id(ae_6)"/>
      <nite:child href="ES2007d.A.words.xml#id(ES2007d.A.words634)"/>
   </ae>
   <ae nite:id="ES2007d.A.argumentstructs.14">
      <nite:pointer role="type"  href="ae-types.xml#id(ae_6)"/>
      <nite:child href="ES2007d.A.words.xml#id(ES2007d.A.words749)..id(ES2007d.A.words752)"/>
   </ae>
   <ae nite:id="ES2007d.A.argumentstructs.15">
      <nite:pointer role="type"  href="ae-types.xml#id(ae_6)"/>
      <nite:child href="ES2007d.A.words.xml#id(ES2007d.A.words763)..id(ES2007d.A.words767)"/>
   </ae>
</nite:root>