<?xml version="1.0" encoding="ISO-8859-1" standalone="yes"?>
<nite:root nite:id="ES2003d.A.argumentstructs" xmlns:nite="http://nite.sourceforge.net/">
   <ae nite:id="ES2003d.A.argumentstructs.Erik.1">
      <nite:pointer role="type"  href="ae-types.xml#id(ae_1)"/>
      <nite:child href="ES2003d.A.words.xml#id(ES2003d.A.words507)..id(ES2003d.A.words515)"/>
   </ae>
   <ae nite:id="ES2003d.A.argumentstructs.Erik.2">
      <nite:pointer role="type"  href="ae-types.xml#id(ae_1)"/>
      <nite:child href="ES2003d.A.words.xml#id(ES2003d.A.words518)..id(ES2003d.A.words538)"/>
   </ae>
   <ae nite:id="ES2003d.A.argumentstructs.Erik.3">
      <nite:pointer role="type"  href="ae-types.xml#id(ae_1)"/>
      <nite:child href="ES2003d.A.words.xml#id(ES2003d.A.words542)..id(ES2003d.A.words546)"/>
   </ae>
   <ae nite:id="ES2003d.A.argumentstructs.Erik.4">
      <nite:pointer role="type"  href="ae-types.xml#id(ae_2)"/>
      <nite:child href="ES2003d.A.words.xml#id(ES2003d.A.words547)..id(ES2003d.A.words600)"/>
   </ae>
   <ae nite:id="ES2003d.A.argumentstructs.Erik.5">
      <nite:pointer role="type"  href="ae-types.xml#id(ae_1)"/>
      <nite:child href="ES2003d.A.words.xml#id(ES2003d.A.words602)..id(ES2003d.A.words603)"/>
   </ae>
   <ae nite:id="ES2003d.A.argumentstructs.Erik.6">
      <nite:pointer role="type"  href="ae-types.xml#id(ae_2)"/>
      <nite:child href="ES2003d.A.words.xml#id(ES2003d.A.words604)..id(ES2003d.A.words648)"/>
   </ae>
   <ae nite:id="ES2003d.A.argumentstructs.Erik.7">
      <nite:pointer role="type"  href="ae-types.xml#id(ae_1)"/>
      <nite:child href="ES2003d.A.words.xml#id(ES2003d.A.words649)..id(ES2003d.A.words650)"/>
   </ae>
   <ae nite:id="ES2003d.A.argumentstructs.Erik.8">
      <nite:pointer role="type"  href="ae-types.xml#id(ae_1)"/>
      <nite:child href="ES2003d.A.words.xml#id(ES2003d.A.words651)..id(ES2003d.A.words655)"/>
   </ae>
   <ae nite:id="ES2003d.A.argumentstructs.Erik.9">
      <nite:pointer role="type"  href="ae-types.xml#id(ae_1)"/>
      <nite:child href="ES2003d.A.words.xml#id(ES2003d.A.words658)..id(ES2003d.A.words696)"/>
   </ae>
   <ae nite:id="ES2003d.A.argumentstructs.Erik.10">
      <nite:pointer role="type"  href="ae-types.xml#id(ae_1)"/>
      <nite:child href="ES2003d.A.words.xml#id(ES2003d.A.words697)..id(ES2003d.A.words700)"/>
   </ae>
   <ae nite:id="ES2003d.A.argumentstructs.Erik.11">
      <nite:pointer role="type"  href="ae-types.xml#id(ae_3)"/>
      <nite:child href="ES2003d.A.words.xml#id(ES2003d.A.words702)..id(ES2003d.A.words728)"/>
   </ae>
   <ae nite:id="ES2003d.A.argumentstructs.Erik.12">
      <nite:pointer role="type"  href="ae-types.xml#id(ae_1)"/>
      <nite:child href="ES2003d.A.words.xml#id(ES2003d.A.words735)..id(ES2003d.A.words752)"/>
   </ae>
   <ae nite:id="ES2003d.A.argumentstructs.Erik.13">
      <nite:pointer role="type"  href="ae-types.xml#id(ae_1)"/>
      <nite:child href="ES2003d.A.words.xml#id(ES2003d.A.words754)..id(ES2003d.A.words785)"/>
   </ae>
   <ae nite:id="ES2003d.A.argumentstructs.Erik.14">
      <nite:pointer role="type"  href="ae-types.xml#id(ae_1)"/>
      <nite:child href="ES2003d.A.words.xml#id(ES2003d.A.words788)..id(ES2003d.A.words892)"/>
   </ae>
   <ae nite:id="ES2003d.A.argumentstructs.Erik.15">
      <nite:pointer role="type"  href="ae-types.xml#id(ae_1)"/>
      <nite:child href="ES2003d.A.words.xml#id(ES2003d.A.words895)..id(ES2003d.A.words917)"/>
   </ae>
   <ae nite:id="ES2003d.A.argumentstructs.Erik.16">
      <nite:pointer role="type"  href="ae-types.xml#id(ae_1)"/>
      <nite:child href="ES2003d.A.words.xml#id(ES2003d.A.words918)..id(ES2003d.A.words919)"/>
   </ae>
   <ae nite:id="ES2003d.A.argumentstructs.Erik.17">
      <nite:pointer role="type"  href="ae-types.xml#id(ae_1)"/>
      <nite:child href="ES2003d.A.words.xml#id(ES2003d.A.words920)..id(ES2003d.A.words961)"/>
   </ae>
   <ae nite:id="ES2003d.A.argumentstructs.Erik.18">
      <nite:pointer role="type"  href="ae-types.xml#id(ae_1)"/>
      <nite:child href="ES2003d.A.words.xml#id(ES2003d.A.words965)..id(ES2003d.A.words966)"/>
   </ae>
   <ae nite:id="ES2003d.A.argumentstructs.Erik.19">
      <nite:pointer role="type"  href="ae-types.xml#id(ae_1)"/>
      <nite:child href="ES2003d.A.words.xml#id(ES2003d.A.words1097)..id(ES2003d.A.words1109)"/>
   </ae>
   <ae nite:id="ES2003d.A.argumentstructs.Erik.20">
      <nite:pointer role="type"  href="ae-types.xml#id(ae_1)"/>
      <nite:child href="ES2003d.A.words.xml#id(ES2003d.A.words1110)..id(ES2003d.A.words1140)"/>
   </ae>
   <ae nite:id="ES2003d.A.argumentstructs.Erik.21">
      <nite:pointer role="type"  href="ae-types.xml#id(ae_1)"/>
      <nite:child href="ES2003d.A.words.xml#id(ES2003d.A.words1141)..id(ES2003d.A.words1142)"/>
   </ae>
   <ae nite:id="ES2003d.A.argumentstructs.Erik.22">
      <nite:pointer role="type"  href="ae-types.xml#id(ae_1)"/>
      <nite:child href="ES2003d.A.words.xml#id(ES2003d.A.words1143)..id(ES2003d.A.words1148)"/>
   </ae>
   <ae nite:id="ES2003d.A.argumentstructs.Erik.23">
      <nite:pointer role="type"  href="ae-types.xml#id(ae_1)"/>
      <nite:child href="ES2003d.A.words.xml#id(ES2003d.A.words1164)..id(ES2003d.A.words1181)"/>
   </ae>
   <ae nite:id="ES2003d.A.argumentstructs.Erik.24">
      <nite:pointer role="type"  href="ae-types.xml#id(ae_1)"/>
      <nite:child href="ES2003d.A.words.xml#id(ES2003d.A.words1182)..id(ES2003d.A.words1198)"/>
   </ae>
   <ae nite:id="ES2003d.A.argumentstructs.Erik.25">
      <nite:pointer role="type"  href="ae-types.xml#id(ae_1)"/>
      <nite:child href="ES2003d.A.words.xml#id(ES2003d.A.words1199)..id(ES2003d.A.words1209)"/>
   </ae>
   <ae nite:id="ES2003d.A.argumentstructs.Erik.26">
      <nite:pointer role="type"  href="ae-types.xml#id(ae_1)"/>
      <nite:child href="ES2003d.A.words.xml#id(ES2003d.A.words1210)..id(ES2003d.A.words1215)"/>
   </ae>
   <ae nite:id="ES2003d.A.argumentstructs.Erik.27">
      <nite:pointer role="type"  href="ae-types.xml#id(ae_1)"/>
      <nite:child href="ES2003d.A.words.xml#id(ES2003d.A.words1216)..id(ES2003d.A.words1228)"/>
   </ae>
   <ae nite:id="ES2003d.A.argumentstructs.Erik.28">
      <nite:pointer role="type"  href="ae-types.xml#id(ae_2)"/>
      <nite:child href="ES2003d.A.words.xml#id(ES2003d.A.words1229)..id(ES2003d.A.words1244)"/>
   </ae>
   <ae nite:id="ES2003d.A.argumentstructs.Erik.29">
      <nite:pointer role="type"  href="ae-types.xml#id(ae_1)"/>
      <nite:child href="ES2003d.A.words.xml#id(ES2003d.A.words1248)..id(ES2003d.A.words1297)"/>
   </ae>
   <ae nite:id="ES2003d.A.argumentstructs.30">
      <nite:pointer role="type"  href="ae-types.xml#id(ae_6)"/>
      <nite:child href="ES2003d.A.words.xml#id(ES2003d.A.words516)..id(ES2003d.A.words517)"/>
   </ae>
   <ae nite:id="ES2003d.A.argumentstructs.31">
      <nite:pointer role="type"  href="ae-types.xml#id(ae_6)"/>
      <nite:child href="ES2003d.A.words.xml#id(ES2003d.A.words540)..id(ES2003d.A.words541)"/>
   </ae>
   <ae nite:id="ES2003d.A.argumentstructs.32">
      <nite:pointer role="type"  href="ae-types.xml#id(ae_6)"/>
      <nite:child href="ES2003d.A.words.xml#id(ES2003d.A.words601)"/>
   </ae>
   <ae nite:id="ES2003d.A.argumentstructs.33">
      <nite:pointer role="type"  href="ae-types.xml#id(ae_6)"/>
      <nite:child href="ES2003d.A.words.xml#id(ES2003d.A.words656)..id(ES2003d.A.words657)"/>
   </ae>
   <ae nite:id="ES2003d.A.argumentstructs.34">
      <nite:pointer role="type"  href="ae-types.xml#id(ae_6)"/>
      <nite:child href="ES2003d.A.words.xml#id(ES2003d.A.words729)..id(ES2003d.A.words734)"/>
   </ae>
   <ae nite:id="ES2003d.A.argumentstructs.35">
      <nite:pointer role="type"  href="ae-types.xml#id(ae_6)"/>
      <nite:child href="ES2003d.A.words.xml#id(ES2003d.A.words753)"/>
   </ae>
   <ae nite:id="ES2003d.A.argumentstructs.36">
      <nite:pointer role="type"  href="ae-types.xml#id(ae_6)"/>
      <nite:child href="ES2003d.A.words.xml#id(ES2003d.A.words786)..id(ES2003d.A.words787)"/>
   </ae>
   <ae nite:id="ES2003d.A.argumentstructs.37">
      <nite:pointer role="type"  href="ae-types.xml#id(ae_6)"/>
      <nite:child href="ES2003d.A.words.xml#id(ES2003d.A.words893)..id(ES2003d.A.words894)"/>
   </ae>
   <ae nite:id="ES2003d.A.argumentstructs.38">
      <nite:pointer role="type"  href="ae-types.xml#id(ae_6)"/>
      <nite:child href="ES2003d.A.words.xml#id(ES2003d.A.words963)..id(ES2003d.A.words964)"/>
   </ae>
   <ae nite:id="ES2003d.A.argumentstructs.39">
      <nite:pointer role="type"  href="ae-types.xml#id(ae_6)"/>
      <nite:child href="ES2003d.A.words.xml#id(ES2003d.A.words1245)..id(ES2003d.A.words1246)"/>
   </ae>
</nite:root>