<?xml version="1.0" encoding="ISO-8859-1" standalone="yes"?>
<nite:root nite:id="ES2012c.B.argumentstructs" xmlns:nite="http://nite.sourceforge.net/">
   <ae nite:id="ES2012c.B.argumentstructs.Rutger.1">
      <nite:pointer role="type"  href="ae-types.xml#id(ae_1)"/>
      <nite:child href="ES2012c.B.words.xml#id(ES2012c.B.words683)..id(ES2012c.B.words744)"/>
   </ae>
   <ae nite:id="ES2012c.B.argumentstructs.Rutger.2">
      <nite:pointer role="type"  href="ae-types.xml#id(ae_1)"/>
      <nite:child href="ES2012c.B.words.xml#id(ES2012c.B.words745)..id(ES2012c.B.words751)"/>
   </ae>
   <ae nite:id="ES2012c.B.argumentstructs.Rutger.3">
      <nite:pointer role="type"  href="ae-types.xml#id(ae_1)"/>
      <nite:child href="ES2012c.B.words.xml#id(ES2012c.B.words752)..id(ES2012c.B.words756)"/>
   </ae>
   <ae nite:id="ES2012c.B.argumentstructs.Rutger.4">
      <nite:pointer role="type"  href="ae-types.xml#id(ae_1)"/>
      <nite:child href="ES2012c.B.words.xml#id(ES2012c.B.words760)..id(ES2012c.B.words796)"/>
   </ae>
   <ae nite:id="ES2012c.B.argumentstructs.Rutger.5">
      <nite:pointer role="type"  href="ae-types.xml#id(ae_1)"/>
      <nite:child href="ES2012c.B.words.xml#id(ES2012c.B.words797)..id(ES2012c.B.words815)"/>
   </ae>
   <ae nite:id="ES2012c.B.argumentstructs.Rutger.6">
      <nite:pointer role="type"  href="ae-types.xml#id(ae_1)"/>
      <nite:child href="ES2012c.B.words.xml#id(ES2012c.B.words835)..id(ES2012c.B.words842)"/>
   </ae>
   <ae nite:id="ES2012c.B.argumentstructs.Rutger.7">
      <nite:pointer role="type"  href="ae-types.xml#id(ae_1)"/>
      <nite:child href="ES2012c.B.words.xml#id(ES2012c.B.words889)..id(ES2012c.B.words937)"/>
   </ae>
   <ae nite:id="ES2012c.B.argumentstructs.Rutger.8">
      <nite:pointer role="type"  href="ae-types.xml#id(ae_1)"/>
      <nite:child href="ES2012c.B.words.xml#id(ES2012c.B.words944)..id(ES2012c.B.words990)"/>
   </ae>
   <ae nite:id="ES2012c.B.argumentstructs.Rutger.9">
      <nite:pointer role="type"  href="ae-types.xml#id(ae_2)"/>
      <nite:child href="ES2012c.B.words.xml#id(ES2012c.B.words993)..id(ES2012c.B.words994)"/>
   </ae>
   <ae nite:id="ES2012c.B.argumentstructs.Rutger.10">
      <nite:pointer role="type"  href="ae-types.xml#id(ae_1)"/>
      <nite:child href="ES2012c.B.words.xml#id(ES2012c.B.words997)..id(ES2012c.B.words1027)"/>
   </ae>
   <ae nite:id="ES2012c.B.argumentstructs.Rutger.11">
      <nite:pointer role="type"  href="ae-types.xml#id(ae_1)"/>
      <nite:child href="ES2012c.B.words.xml#id(ES2012c.B.words1028)..id(ES2012c.B.words1034)"/>
   </ae>
   <ae nite:id="ES2012c.B.argumentstructs.Rutger.12">
      <nite:pointer role="type"  href="ae-types.xml#id(ae_1)"/>
      <nite:child href="ES2012c.B.words.xml#id(ES2012c.B.words1125)..id(ES2012c.B.words1158)"/>
   </ae>
   <ae nite:id="ES2012c.B.argumentstructs.Rutger.13">
      <nite:pointer role="type"  href="ae-types.xml#id(ae_1)"/>
      <nite:child href="ES2012c.B.words.xml#id(ES2012c.B.words1159)..id(ES2012c.B.words1160)"/>
   </ae>
   <ae nite:id="ES2012c.B.argumentstructs.Rutger.14">
      <nite:pointer role="type"  href="ae-types.xml#id(ae_1)"/>
      <nite:child href="ES2012c.B.words.xml#id(ES2012c.B.words1169)..id(ES2012c.B.words1191)"/>
   </ae>
   <ae nite:id="ES2012c.B.argumentstructs.Rutger.15">
      <nite:pointer role="type"  href="ae-types.xml#id(ae_1)"/>
      <nite:child href="ES2012c.B.words.xml#id(ES2012c.B.words1194)..id(ES2012c.B.words1196)"/>
   </ae>
   <ae nite:id="ES2012c.B.argumentstructs.Rutger.16">
      <nite:pointer role="type"  href="ae-types.xml#id(ae_1)"/>
      <nite:child href="ES2012c.B.words.xml#id(ES2012c.B.words1205)..id(ES2012c.B.words1247)"/>
   </ae>
   <ae nite:id="ES2012c.B.argumentstructs.Rutger.17">
      <nite:pointer role="type"  href="ae-types.xml#id(ae_1)"/>
      <nite:child href="ES2012c.B.words.xml#id(ES2012c.B.words1248)..id(ES2012c.B.words1249)"/>
   </ae>
   <ae nite:id="ES2012c.B.argumentstructs.Rutger.18">
      <nite:pointer role="type"  href="ae-types.xml#id(ae_1)"/>
      <nite:child href="ES2012c.B.words.xml#id(ES2012c.B.words1252)..id(ES2012c.B.words1255)"/>
   </ae>
   <ae nite:id="ES2012c.B.argumentstructs.Rutger.19">
      <nite:pointer role="type"  href="ae-types.xml#id(ae_1)"/>
      <nite:child href="ES2012c.B.words.xml#id(ES2012c.B.words1258)..id(ES2012c.B.words1293)"/>
   </ae>
   <ae nite:id="ES2012c.B.argumentstructs.Rutger.20">
      <nite:pointer role="type"  href="ae-types.xml#id(ae_1)"/>
      <nite:child href="ES2012c.B.words.xml#id(ES2012c.B.words1294)..id(ES2012c.B.words1295)"/>
   </ae>
   <ae nite:id="ES2012c.B.argumentstructs.Rutger.21">
      <nite:pointer role="type"  href="ae-types.xml#id(ae_1)"/>
      <nite:child href="ES2012c.B.words.xml#id(ES2012c.B.words1500)..id(ES2012c.B.words1501)"/>
   </ae>
   <ae nite:id="ES2012c.B.argumentstructs.Rutger.22">
      <nite:pointer role="type"  href="ae-types.xml#id(ae_1)"/>
      <nite:child href="ES2012c.B.words.xml#id(ES2012c.B.words1502)..id(ES2012c.B.words1505)"/>
   </ae>
   <ae nite:id="ES2012c.B.argumentstructs.Rutger.23">
      <nite:pointer role="type"  href="ae-types.xml#id(ae_1)"/>
      <nite:child href="ES2012c.B.words.xml#id(ES2012c.B.words1506)..id(ES2012c.B.words1550)"/>
   </ae>
   <ae nite:id="ES2012c.B.argumentstructs.Rutger.24">
      <nite:pointer role="type"  href="ae-types.xml#id(ae_1)"/>
      <nite:child href="ES2012c.B.words.xml#id(ES2012c.B.words1551)..id(ES2012c.B.words1552)"/>
   </ae>
   <ae nite:id="ES2012c.B.argumentstructs.Rutger.25">
      <nite:pointer role="type"  href="ae-types.xml#id(ae_1)"/>
      <nite:child href="ES2012c.B.words.xml#id(ES2012c.B.words1556)..id(ES2012c.B.words1641)"/>
   </ae>
   <ae nite:id="ES2012c.B.argumentstructs.Rutger.26">
      <nite:pointer role="type"  href="ae-types.xml#id(ae_1)"/>
      <nite:child href="ES2012c.B.words.xml#id(ES2012c.B.words1642)..id(ES2012c.B.words1643)"/>
   </ae>
   <ae nite:id="ES2012c.B.argumentstructs.Rutger.27">
      <nite:pointer role="type"  href="ae-types.xml#id(ae_1)"/>
      <nite:child href="ES2012c.B.words.xml#id(ES2012c.B.words1644)..id(ES2012c.B.words1645)"/>
   </ae>
   <ae nite:id="ES2012c.B.argumentstructs.28">
      <nite:pointer role="type"  href="ae-types.xml#id(ae_6)"/>
      <nite:child href="ES2012c.B.words.xml#id(ES2012c.B.words681)..id(ES2012c.B.words682)"/>
   </ae>
   <ae nite:id="ES2012c.B.argumentstructs.29">
      <nite:pointer role="type"  href="ae-types.xml#id(ae_6)"/>
      <nite:child href="ES2012c.B.words.xml#id(ES2012c.B.words758)..id(ES2012c.B.words759)"/>
   </ae>
   <ae nite:id="ES2012c.B.argumentstructs.30">
      <nite:pointer role="type"  href="ae-types.xml#id(ae_6)"/>
      <nite:child href="ES2012c.B.words.xml#id(ES2012c.B.words816)..id(ES2012c.B.words821)"/>
      <nite:child href="ES2012c.B.words.xml#id(ES2012c.B.words824)..id(ES2012c.B.words825)"/>
      <nite:child href="ES2012c.B.words.xml#id(ES2012c.B.words827)..id(ES2012c.B.words834)"/>
   </ae>
   <ae nite:id="ES2012c.B.argumentstructs.31">
      <nite:pointer role="type"  href="ae-types.xml#id(ae_6)"/>
      <nite:child href="ES2012c.B.words.xml#id(ES2012c.B.words884)..id(ES2012c.B.words886)"/>
   </ae>
   <ae nite:id="ES2012c.B.argumentstructs.32">
      <nite:pointer role="type"  href="ae-types.xml#id(ae_6)"/>
      <nite:child href="ES2012c.B.words.xml#id(ES2012c.B.words939)..id(ES2012c.B.words940)"/>
      <nite:child href="ES2012c.B.words.xml#id(ES2012c.B.words942)..id(ES2012c.B.words943)"/>
   </ae>
   <ae nite:id="ES2012c.B.argumentstructs.33">
      <nite:pointer role="type"  href="ae-types.xml#id(ae_6)"/>
      <nite:child href="ES2012c.B.words.xml#id(ES2012c.B.words991)..id(ES2012c.B.words992)"/>
   </ae>
   <ae nite:id="ES2012c.B.argumentstructs.34">
      <nite:pointer role="type"  href="ae-types.xml#id(ae_6)"/>
      <nite:child href="ES2012c.B.words.xml#id(ES2012c.B.words995)..id(ES2012c.B.words996)"/>
   </ae>
   <ae nite:id="ES2012c.B.argumentstructs.35">
      <nite:pointer role="type"  href="ae-types.xml#id(ae_6)"/>
      <nite:child href="ES2012c.B.words.xml#id(ES2012c.B.words1119)..id(ES2012c.B.words1123)"/>
   </ae>
   <ae nite:id="ES2012c.B.argumentstructs.36">
      <nite:pointer role="type"  href="ae-types.xml#id(ae_6)"/>
      <nite:child href="ES2012c.B.words.xml#id(ES2012c.B.words1161)..id(ES2012c.B.words1168)"/>
   </ae>
   <ae nite:id="ES2012c.B.argumentstructs.37">
      <nite:pointer role="type"  href="ae-types.xml#id(ae_6)"/>
      <nite:child href="ES2012c.B.words.xml#id(ES2012c.B.words1192)..id(ES2012c.B.words1193)"/>
   </ae>
   <ae nite:id="ES2012c.B.argumentstructs.38">
      <nite:pointer role="type"  href="ae-types.xml#id(ae_6)"/>
      <nite:child href="ES2012c.B.words.xml#id(ES2012c.B.words1197)..id(ES2012c.B.words1204)"/>
   </ae>
   <ae nite:id="ES2012c.B.argumentstructs.39">
      <nite:pointer role="type"  href="ae-types.xml#id(ae_6)"/>
      <nite:child href="ES2012c.B.words.xml#id(ES2012c.B.words1250)..id(ES2012c.B.words1251)"/>
   </ae>
   <ae nite:id="ES2012c.B.argumentstructs.40">
      <nite:pointer role="type"  href="ae-types.xml#id(ae_6)"/>
      <nite:child href="ES2012c.B.words.xml#id(ES2012c.B.words1256)..id(ES2012c.B.words1257)"/>
   </ae>
   <ae nite:id="ES2012c.B.argumentstructs.41">
      <nite:pointer role="type"  href="ae-types.xml#id(ae_6)"/>
      <nite:child href="ES2012c.B.words.xml#id(ES2012c.B.words1497)..id(ES2012c.B.words1498)"/>
   </ae>
   <ae nite:id="ES2012c.B.argumentstructs.42">
      <nite:pointer role="type"  href="ae-types.xml#id(ae_6)"/>
      <nite:child href="ES2012c.B.words.xml#id(ES2012c.B.words1553)..id(ES2012c.B.words1555)"/>
   </ae>
</nite:root>