<?xml version="1.0" encoding="ISO-8859-1" standalone="yes"?>
<nite:root nite:id="ES2010c.B.argumentstructs" xmlns:nite="http://nite.sourceforge.net/">
   <ae nite:id="ES2010c.B.argumentstructs.Erik.1">
      <nite:pointer role="type"  href="ae-types.xml#id(ae_1)"/>
      <nite:child href="ES2010c.B.words.xml#id(ES2010c.B.words1000)..id(ES2010c.B.words1016)"/>
   </ae>
   <ae nite:id="ES2010c.B.argumentstructs.Erik.2">
      <nite:pointer role="type"  href="ae-types.xml#id(ae_1)"/>
      <nite:child href="ES2010c.B.words.xml#id(ES2010c.B.words1017)..id(ES2010c.B.words1061)"/>
   </ae>
   <ae nite:id="ES2010c.B.argumentstructs.Erik.3">
      <nite:pointer role="type"  href="ae-types.xml#id(ae_1)"/>
      <nite:child href="ES2010c.B.words.xml#id(ES2010c.B.words1062)..id(ES2010c.B.words1063)"/>
   </ae>
   <ae nite:id="ES2010c.B.argumentstructs.Erik.4">
      <nite:pointer role="type"  href="ae-types.xml#id(ae_1)"/>
      <nite:child href="ES2010c.B.words.xml#id(ES2010c.B.words1068)..id(ES2010c.B.words1069)"/>
   </ae>
   <ae nite:id="ES2010c.B.argumentstructs.Erik.5">
      <nite:pointer role="type"  href="ae-types.xml#id(ae_1)"/>
      <nite:child href="ES2010c.B.words.xml#id(ES2010c.B.words1070)..id(ES2010c.B.words1074)"/>
   </ae>
   <ae nite:id="ES2010c.B.argumentstructs.Erik.6">
      <nite:pointer role="type"  href="ae-types.xml#id(ae_1)"/>
      <nite:child href="ES2010c.B.words.xml#id(ES2010c.B.words1075)..id(ES2010c.B.words1172)"/>
   </ae>
   <ae nite:id="ES2010c.B.argumentstructs.Erik.7">
      <nite:pointer role="type"  href="ae-types.xml#id(ae_1)"/>
      <nite:child href="ES2010c.B.words.xml#id(ES2010c.B.words1173)..id(ES2010c.B.words1207)"/>
   </ae>
   <ae nite:id="ES2010c.B.argumentstructs.Erik.8">
      <nite:pointer role="type"  href="ae-types.xml#id(ae_5)"/>
      <nite:child href="ES2010c.B.words.xml#id(ES2010c.B.words1208)..id(ES2010c.B.words1219)"/>
   </ae>
   <ae nite:id="ES2010c.B.argumentstructs.Erik.9">
      <nite:pointer role="type"  href="ae-types.xml#id(ae_1)"/>
      <nite:child href="ES2010c.B.words.xml#id(ES2010c.B.words1220)..id(ES2010c.B.words1235)"/>
   </ae>
   <ae nite:id="ES2010c.B.argumentstructs.Erik.10">
      <nite:pointer role="type"  href="ae-types.xml#id(ae_1)"/>
      <nite:child href="ES2010c.B.words.xml#id(ES2010c.B.words1236)..id(ES2010c.B.words1244)"/>
   </ae>
   <ae nite:id="ES2010c.B.argumentstructs.Erik.11">
      <nite:pointer role="type"  href="ae-types.xml#id(ae_1)"/>
      <nite:child href="ES2010c.B.words.xml#id(ES2010c.B.words1245)..id(ES2010c.B.words1254)"/>
   </ae>
   <ae nite:id="ES2010c.B.argumentstructs.Erik.12">
      <nite:pointer role="type"  href="ae-types.xml#id(ae_1)"/>
      <nite:child href="ES2010c.B.words.xml#id(ES2010c.B.words1255)..id(ES2010c.B.words1256)"/>
   </ae>
   <ae nite:id="ES2010c.B.argumentstructs.Erik.13">
      <nite:pointer role="type"  href="ae-types.xml#id(ae_1)"/>
      <nite:child href="ES2010c.B.words.xml#id(ES2010c.B.words1303)..id(ES2010c.B.words1313)"/>
   </ae>
   <ae nite:id="ES2010c.B.argumentstructs.Erik.14">
      <nite:pointer role="type"  href="ae-types.xml#id(ae_1)"/>
      <nite:child href="ES2010c.B.words.xml#id(ES2010c.B.words1314)..id(ES2010c.B.words1370)"/>
   </ae>
   <ae nite:id="ES2010c.B.argumentstructs.Erik.15">
      <nite:pointer role="type"  href="ae-types.xml#id(ae_1)"/>
      <nite:child href="ES2010c.B.words.xml#id(ES2010c.B.words1371)..id(ES2010c.B.words1401)"/>
   </ae>
   <ae nite:id="ES2010c.B.argumentstructs.Erik.16">
      <nite:pointer role="type"  href="ae-types.xml#id(ae_1)"/>
      <nite:child href="ES2010c.B.words.xml#id(ES2010c.B.words1402)..id(ES2010c.B.words1452)"/>
   </ae>
   <ae nite:id="ES2010c.B.argumentstructs.Erik.17">
      <nite:pointer role="type"  href="ae-types.xml#id(ae_1)"/>
      <nite:child href="ES2010c.B.words.xml#id(ES2010c.B.words1453)..id(ES2010c.B.words1461)"/>
   </ae>
   <ae nite:id="ES2010c.B.argumentstructs.Erik.18">
      <nite:pointer role="type"  href="ae-types.xml#id(ae_1)"/>
      <nite:child href="ES2010c.B.words.xml#id(ES2010c.B.words1462)..id(ES2010c.B.words1470)"/>
   </ae>
   <ae nite:id="ES2010c.B.argumentstructs.Erik.19">
      <nite:pointer role="type"  href="ae-types.xml#id(ae_1)"/>
      <nite:child href="ES2010c.B.words.xml#id(ES2010c.B.words1471)..id(ES2010c.B.words1506)"/>
   </ae>
   <ae nite:id="ES2010c.B.argumentstructs.Erik.20">
      <nite:pointer role="type"  href="ae-types.xml#id(ae_1)"/>
      <nite:child href="ES2010c.B.words.xml#id(ES2010c.B.words1507)..id(ES2010c.B.words1508)"/>
   </ae>
   <ae nite:id="ES2010c.B.argumentstructs.21">
      <nite:pointer role="type"  href="ae-types.xml#id(ae_6)"/>
      <nite:child href="ES2010c.B.words.xml#id(ES2010c.B.words997)..id(ES2010c.B.words999)"/>
   </ae>
   <ae nite:id="ES2010c.B.argumentstructs.22">
      <nite:pointer role="type"  href="ae-types.xml#id(ae_6)"/>
      <nite:child href="ES2010c.B.words.xml#id(ES2010c.B.words1064)..id(ES2010c.B.words1066)"/>
   </ae>
</nite:root>