<?xml version="1.0" encoding="ISO-8859-1" standalone="yes"?>
<nite:root nite:id="ES2006b.C.argumentstructs" xmlns:nite="http://nite.sourceforge.net/">
   <ae nite:id="ES2006b.C.argumentstructs.Erik.1">
      <nite:pointer role="type"  href="ae-types.xml#id(ae_1)"/>
      <nite:child href="ES2006b.C.words.xml#id(ES2006b.C.words1041)..id(ES2006b.C.words1042)"/>
   </ae>
   <ae nite:id="ES2006b.C.argumentstructs.Erik.2">
      <nite:pointer role="type"  href="ae-types.xml#id(ae_1)"/>
      <nite:child href="ES2006b.C.words.xml#id(ES2006b.C.words1045)..id(ES2006b.C.words1076)"/>
   </ae>
   <ae nite:id="ES2006b.C.argumentstructs.Erik.3">
      <nite:pointer role="type"  href="ae-types.xml#id(ae_1)"/>
      <nite:child href="ES2006b.C.words.xml#id(ES2006b.C.words1077)..id(ES2006b.C.words1120)"/>
   </ae>
   <ae nite:id="ES2006b.C.argumentstructs.Erik.4">
      <nite:pointer role="type"  href="ae-types.xml#id(ae_1)"/>
      <nite:child href="ES2006b.C.words.xml#id(ES2006b.C.words1150)..id(ES2006b.C.words1159)"/>
   </ae>
   <ae nite:id="ES2006b.C.argumentstructs.Erik.5">
      <nite:pointer role="type"  href="ae-types.xml#id(ae_1)"/>
      <nite:child href="ES2006b.C.words.xml#id(ES2006b.C.words1165)..id(ES2006b.C.words1188)"/>
   </ae>
   <ae nite:id="ES2006b.C.argumentstructs.Erik.6">
      <nite:pointer role="type"  href="ae-types.xml#id(ae_1)"/>
      <nite:child href="ES2006b.C.words.xml#id(ES2006b.C.words1189)..id(ES2006b.C.words1190)"/>
   </ae>
   <ae nite:id="ES2006b.C.argumentstructs.Erik.7">
      <nite:pointer role="type"  href="ae-types.xml#id(ae_5)"/>
      <nite:child href="ES2006b.C.words.xml#id(ES2006b.C.words1237)..id(ES2006b.C.words1276)"/>
   </ae>
   <ae nite:id="ES2006b.C.argumentstructs.Erik.8">
      <nite:pointer role="type"  href="ae-types.xml#id(ae_1)"/>
      <nite:child href="ES2006b.C.words.xml#id(ES2006b.C.words1279)..id(ES2006b.C.words1280)"/>
   </ae>
   <ae nite:id="ES2006b.C.argumentstructs.Erik.9">
      <nite:pointer role="type"  href="ae-types.xml#id(ae_1)"/>
      <nite:child href="ES2006b.C.words.xml#id(ES2006b.C.words1313)..id(ES2006b.C.words1321)"/>
   </ae>
   <ae nite:id="ES2006b.C.argumentstructs.Erik.10">
      <nite:pointer role="type"  href="ae-types.xml#id(ae_1)"/>
      <nite:child href="ES2006b.C.words.xml#id(ES2006b.C.words1324)..id(ES2006b.C.words1325)"/>
   </ae>
   <ae nite:id="ES2006b.C.argumentstructs.Erik.11">
      <nite:pointer role="type"  href="ae-types.xml#id(ae_1)"/>
      <nite:child href="ES2006b.C.words.xml#id(ES2006b.C.words1399)..id(ES2006b.C.words1406)"/>
   </ae>
   <ae nite:id="ES2006b.C.argumentstructs.Erik.12">
      <nite:pointer role="type"  href="ae-types.xml#id(ae_1)"/>
      <nite:child href="ES2006b.C.words.xml#id(ES2006b.C.words1407)..id(ES2006b.C.words1408)"/>
   </ae>
   <ae nite:id="ES2006b.C.argumentstructs.Erik.13">
      <nite:pointer role="type"  href="ae-types.xml#id(ae_1)"/>
      <nite:child href="ES2006b.C.words.xml#id(ES2006b.C.words1415)..id(ES2006b.C.words1430)"/>
   </ae>
   <ae nite:id="ES2006b.C.argumentstructs.Erik.14">
      <nite:pointer role="type"  href="ae-types.xml#id(ae_1)"/>
      <nite:child href="ES2006b.C.words.xml#id(ES2006b.C.words1431)..id(ES2006b.C.words1432)"/>
   </ae>
   <ae nite:id="ES2006b.C.argumentstructs.Erik.15">
      <nite:pointer role="type"  href="ae-types.xml#id(ae_1)"/>
      <nite:child href="ES2006b.C.words.xml#id(ES2006b.C.words1436)..id(ES2006b.C.words1441)"/>
   </ae>
   <ae nite:id="ES2006b.C.argumentstructs.Erik.16">
      <nite:pointer role="type"  href="ae-types.xml#id(ae_1)"/>
      <nite:child href="ES2006b.C.words.xml#id(ES2006b.C.words1444)..id(ES2006b.C.words1449)"/>
   </ae>
   <ae nite:id="ES2006b.C.argumentstructs.17">
      <nite:pointer role="type"  href="ae-types.xml#id(ae_6)"/>
      <nite:child href="ES2006b.C.words.xml#id(ES2006b.C.words1039)..id(ES2006b.C.words1040)"/>
   </ae>
   <ae nite:id="ES2006b.C.argumentstructs.18">
      <nite:pointer role="type"  href="ae-types.xml#id(ae_6)"/>
      <nite:child href="ES2006b.C.words.xml#id(ES2006b.C.words1043)..id(ES2006b.C.words1044)"/>
   </ae>
   <ae nite:id="ES2006b.C.argumentstructs.19">
      <nite:pointer role="type"  href="ae-types.xml#id(ae_6)"/>
      <nite:child href="ES2006b.C.words.xml#id(ES2006b.C.words1121)..id(ES2006b.C.words1124)"/>
      <nite:child href="ES2006b.C.words.xml#id(ES2006b.C.words1126)..id(ES2006b.C.words1135)"/>
      <nite:child href="ES2006b.C.words.xml#id(ES2006b.C.words1137)..id(ES2006b.C.words1149)"/>
   </ae>
   <ae nite:id="ES2006b.C.argumentstructs.20">
      <nite:pointer role="type"  href="ae-types.xml#id(ae_6)"/>
      <nite:child href="ES2006b.C.words.xml#id(ES2006b.C.words1160)..id(ES2006b.C.words1163)"/>
   </ae>
   <ae nite:id="ES2006b.C.argumentstructs.21">
      <nite:pointer role="type"  href="ae-types.xml#id(ae_6)"/>
      <nite:child href="ES2006b.C.words.xml#id(ES2006b.C.words1277)..id(ES2006b.C.words1278)"/>
   </ae>
   <ae nite:id="ES2006b.C.argumentstructs.22">
      <nite:pointer role="type"  href="ae-types.xml#id(ae_6)"/>
      <nite:child href="ES2006b.C.words.xml#id(ES2006b.C.words1281)..id(ES2006b.C.words1284)"/>
      <nite:child href="ES2006b.C.words.xml#id(ES2006b.C.words1286)..id(ES2006b.C.words1312)"/>
   </ae>
   <ae nite:id="ES2006b.C.argumentstructs.23">
      <nite:pointer role="type"  href="ae-types.xml#id(ae_6)"/>
      <nite:child href="ES2006b.C.words.xml#id(ES2006b.C.words1322)..id(ES2006b.C.words1323)"/>
   </ae>
   <ae nite:id="ES2006b.C.argumentstructs.24">
      <nite:pointer role="type"  href="ae-types.xml#id(ae_6)"/>
      <nite:child href="ES2006b.C.words.xml#id(ES2006b.C.words1327)..id(ES2006b.C.words1328)"/>
   </ae>
   <ae nite:id="ES2006b.C.argumentstructs.25">
      <nite:pointer role="type"  href="ae-types.xml#id(ae_6)"/>
      <nite:child href="ES2006b.C.words.xml#id(ES2006b.C.words1409)..id(ES2006b.C.words1414)"/>
   </ae>
   <ae nite:id="ES2006b.C.argumentstructs.26">
      <nite:pointer role="type"  href="ae-types.xml#id(ae_6)"/>
      <nite:child href="ES2006b.C.words.xml#id(ES2006b.C.words1433)..id(ES2006b.C.words1434)"/>
   </ae>
   <ae nite:id="ES2006b.C.argumentstructs.27">
      <nite:pointer role="type"  href="ae-types.xml#id(ae_6)"/>
      <nite:child href="ES2006b.C.words.xml#id(ES2006b.C.words1442)..id(ES2006b.C.words1443)"/>
   </ae>
</nite:root>