<?xml version="1.0" encoding="ISO-8859-1" standalone="yes"?>
<nite:root nite:id="ES2011b.D.argumentstructs" xmlns:nite="http://nite.sourceforge.net/">
   <ae nite:id="ES2011b.D.argumentstructs.Erik.1">
      <nite:pointer role="type"  href="ae-types.xml#id(ae_1)"/>
      <nite:child href="ES2011b.D.words.xml#id(ES2011b.D.words912)..id(ES2011b.D.words960)"/>
   </ae>
   <ae nite:id="ES2011b.D.argumentstructs.Erik.2">
      <nite:pointer role="type"  href="ae-types.xml#id(ae_1)"/>
      <nite:child href="ES2011b.D.words.xml#id(ES2011b.D.words961)..id(ES2011b.D.words965)"/>
   </ae>
   <ae nite:id="ES2011b.D.argumentstructs.Erik.3">
      <nite:pointer role="type"  href="ae-types.xml#id(ae_1)"/>
      <nite:child href="ES2011b.D.words.xml#id(ES2011b.D.words966)..id(ES2011b.D.words967)"/>
   </ae>
   <ae nite:id="ES2011b.D.argumentstructs.Erik.4">
      <nite:pointer role="type"  href="ae-types.xml#id(ae_1)"/>
      <nite:child href="ES2011b.D.words.xml#id(ES2011b.D.words968)..id(ES2011b.D.words1036)"/>
   </ae>
   <ae nite:id="ES2011b.D.argumentstructs.Erik.5">
      <nite:pointer role="type"  href="ae-types.xml#id(ae_1)"/>
      <nite:child href="ES2011b.D.words.xml#id(ES2011b.D.words1037)..id(ES2011b.D.words1046)"/>
   </ae>
   <ae nite:id="ES2011b.D.argumentstructs.Erik.6">
      <nite:pointer role="type"  href="ae-types.xml#id(ae_1)"/>
      <nite:child href="ES2011b.D.words.xml#id(ES2011b.D.words1047)..id(ES2011b.D.words1060)"/>
   </ae>
</nite:root>