<?xml version="1.0" encoding="ISO-8859-1" standalone="yes"?>
<nite:root nite:id="ES2010b.D.argumentstructs" xmlns:nite="http://nite.sourceforge.net/">
   <ae nite:id="ES2010b.D.argumentstructs.Erik.1">
      <nite:pointer role="type"  href="ae-types.xml#id(ae_1)"/>
      <nite:child href="ES2010b.D.words.xml#id(ES2010b.D.words903)..id(ES2010b.D.words928)"/>
   </ae>
   <ae nite:id="ES2010b.D.argumentstructs.Erik.2">
      <nite:pointer role="type"  href="ae-types.xml#id(ae_1)"/>
      <nite:child href="ES2010b.D.words.xml#id(ES2010b.D.words929)..id(ES2010b.D.words937)"/>
   </ae>
   <ae nite:id="ES2010b.D.argumentstructs.Erik.3">
      <nite:pointer role="type"  href="ae-types.xml#id(ae_1)"/>
      <nite:child href="ES2010b.D.words.xml#id(ES2010b.D.words938)..id(ES2010b.D.words950)"/>
   </ae>
   <ae nite:id="ES2010b.D.argumentstructs.Erik.4">
      <nite:pointer role="type"  href="ae-types.xml#id(ae_1)"/>
      <nite:child href="ES2010b.D.words.xml#id(ES2010b.D.words951)..id(ES2010b.D.words952)"/>
   </ae>
   <ae nite:id="ES2010b.D.argumentstructs.Erik.5">
      <nite:pointer role="type"  href="ae-types.xml#id(ae_1)"/>
      <nite:child href="ES2010b.D.words.xml#id(ES2010b.D.words1187)..id(ES2010b.D.words1188)"/>
   </ae>
   <ae nite:id="ES2010b.D.argumentstructs.Erik.6">
      <nite:pointer role="type"  href="ae-types.xml#id(ae_5)"/>
      <nite:child href="ES2010b.D.words.xml#id(ES2010b.D.words1191)..id(ES2010b.D.words1231)"/>
   </ae>
   <ae nite:id="ES2010b.D.argumentstructs.Erik.7">
      <nite:pointer role="type"  href="ae-types.xml#id(ae_1)"/>
      <nite:child href="ES2010b.D.words.xml#id(ES2010b.D.words1232)..id(ES2010b.D.words1291)"/>
   </ae>
   <ae nite:id="ES2010b.D.argumentstructs.Erik.8">
      <nite:pointer role="type"  href="ae-types.xml#id(ae_1)"/>
      <nite:child href="ES2010b.D.words.xml#id(ES2010b.D.words1292)..id(ES2010b.D.words1302)"/>
   </ae>
   <ae nite:id="ES2010b.D.argumentstructs.Erik.9">
      <nite:pointer role="type"  href="ae-types.xml#id(ae_1)"/>
      <nite:child href="ES2010b.D.words.xml#id(ES2010b.D.words1303)..id(ES2010b.D.words1306)"/>
   </ae>
   <ae nite:id="ES2010b.D.argumentstructs.Erik.10">
      <nite:pointer role="type"  href="ae-types.xml#id(ae_1)"/>
      <nite:child href="ES2010b.D.words.xml#id(ES2010b.D.words1307)..id(ES2010b.D.words1310)"/>
   </ae>
   <ae nite:id="ES2010b.D.argumentstructs.Erik.11">
      <nite:pointer role="type"  href="ae-types.xml#id(ae_1)"/>
      <nite:child href="ES2010b.D.words.xml#id(ES2010b.D.words1311)..id(ES2010b.D.words1329)"/>
   </ae>
   <ae nite:id="ES2010b.D.argumentstructs.12">
      <nite:pointer role="type"  href="ae-types.xml#id(ae_6)"/>
      <nite:child href="ES2010b.D.words.xml#id(ES2010b.D.words1189)..id(ES2010b.D.words1190)"/>
   </ae>
</nite:root>