<?xml version="1.0" encoding="ISO-8859-1" standalone="yes"?>
<nite:root nite:id="ES2009b.C.argumentstructs" xmlns:nite="http://nite.sourceforge.net/">
   <ae nite:id="ES2009b.C.argumentstructs.Erik.1">
      <nite:pointer role="type"  href="ae-types.xml#id(ae_1)"/>
      <nite:child href="ES2009b.C.words.xml#id(ES2009b.C.words367)..id(ES2009b.C.words369)"/>
   </ae>
   <ae nite:id="ES2009b.C.argumentstructs.Erik.2">
      <nite:pointer role="type"  href="ae-types.xml#id(ae_1)"/>
      <nite:child href="ES2009b.C.words.xml#id(ES2009b.C.words394)..id(ES2009b.C.words396)"/>
   </ae>
   <ae nite:id="ES2009b.C.argumentstructs.Erik.3">
      <nite:pointer role="type"  href="ae-types.xml#id(ae_1)"/>
      <nite:child href="ES2009b.C.words.xml#id(ES2009b.C.words647)..id(ES2009b.C.words649)"/>
   </ae>
   <ae nite:id="ES2009b.C.argumentstructs.Erik.4">
      <nite:pointer role="type"  href="ae-types.xml#id(ae_1)"/>
      <nite:child href="ES2009b.C.words.xml#id(ES2009b.C.words650)..id(ES2009b.C.words655)"/>
   </ae>
   <ae nite:id="ES2009b.C.argumentstructs.Erik.5">
      <nite:pointer role="type"  href="ae-types.xml#id(ae_1)"/>
      <nite:child href="ES2009b.C.words.xml#id(ES2009b.C.words656)..id(ES2009b.C.words682)"/>
   </ae>
   <ae nite:id="ES2009b.C.argumentstructs.Erik.6">
      <nite:pointer role="type"  href="ae-types.xml#id(ae_1)"/>
      <nite:child href="ES2009b.C.words.xml#id(ES2009b.C.words685)..id(ES2009b.C.words698)"/>
   </ae>
   <ae nite:id="ES2009b.C.argumentstructs.Erik.7">
      <nite:pointer role="type"  href="ae-types.xml#id(ae_1)"/>
      <nite:child href="ES2009b.C.words.xml#id(ES2009b.C.words704)..id(ES2009b.C.words727)"/>
   </ae>
   <ae nite:id="ES2009b.C.argumentstructs.8">
      <nite:pointer role="type"  href="ae-types.xml#id(ae_6)"/>
      <nite:child href="ES2009b.C.words.xml#id(ES2009b.C.words370)..id(ES2009b.C.words388)"/>
      <nite:child href="ES2009b.C.words.xml#id(ES2009b.C.words390)..id(ES2009b.C.words393)"/>
   </ae>
   <ae nite:id="ES2009b.C.argumentstructs.9">
      <nite:pointer role="type"  href="ae-types.xml#id(ae_6)"/>
      <nite:child href="ES2009b.C.words.xml#id(ES2009b.C.words701)..id(ES2009b.C.words702)"/>
   </ae>
</nite:root>