<?xml version="1.0" encoding="ISO-8859-1" standalone="yes"?>
<nite:root nite:id="ES2003c.A.argumentstructs" xmlns:nite="http://nite.sourceforge.net/">
   <ae nite:id="ES2003c.A.argumentstructs.Erik.1">
      <nite:pointer role="type"  href="ae-types.xml#id(ae_1)"/>
      <nite:child href="ES2003c.A.words.xml#id(ES2003c.A.words7)..id(ES2003c.A.words17)"/>
   </ae>
   <ae nite:id="ES2003c.A.argumentstructs.Erik.2">
      <nite:pointer role="type"  href="ae-types.xml#id(ae_1)"/>
      <nite:child href="ES2003c.A.words.xml#id(ES2003c.A.words1429)..id(ES2003c.A.words1471)"/>
   </ae>
   <ae nite:id="ES2003c.A.argumentstructs.Erik.4">
      <nite:pointer role="type"  href="ae-types.xml#id(ae_1)"/>
      <nite:child href="ES2003c.A.words.xml#id(ES2003c.A.words1475)..id(ES2003c.A.words1538)"/>
   </ae>
   <ae nite:id="ES2003c.A.argumentstructs.Erik.5">
      <nite:pointer role="type"  href="ae-types.xml#id(ae_1)"/>
      <nite:child href="ES2003c.A.words.xml#id(ES2003c.A.words1541)..id(ES2003c.A.words1545)"/>
   </ae>
   <ae nite:id="ES2003c.A.argumentstructs.Erik.7">
      <nite:pointer role="type"  href="ae-types.xml#id(ae_1)"/>
      <nite:child href="ES2003c.A.words.xml#id(ES2003c.A.words1546)..id(ES2003c.A.words1590)"/>
   </ae>
   <ae nite:id="ES2003c.A.argumentstructs.Erik.8">
      <nite:pointer role="type"  href="ae-types.xml#id(ae_1)"/>
      <nite:child href="ES2003c.A.words.xml#id(ES2003c.A.words1591)"/>
   </ae>
   <ae nite:id="ES2003c.A.argumentstructs.Erik.9">
      <nite:pointer role="type"  href="ae-types.xml#id(ae_1)"/>
      <nite:child href="ES2003c.A.words.xml#id(ES2003c.A.words1595)..id(ES2003c.A.words1601)"/>
   </ae>
   <ae nite:id="ES2003c.A.argumentstructs.Erik.10">
      <nite:pointer role="type"  href="ae-types.xml#id(ae_1)"/>
      <nite:child href="ES2003c.A.words.xml#id(ES2003c.A.words1602)..id(ES2003c.A.words1603)"/>
   </ae>
   <ae nite:id="ES2003c.A.argumentstructs.Erik.11">
      <nite:pointer role="type"  href="ae-types.xml#id(ae_1)"/>
      <nite:child href="ES2003c.A.words.xml#id(ES2003c.A.words1604)..id(ES2003c.A.words1676)"/>
   </ae>
   <ae nite:id="ES2003c.A.argumentstructs.Erik.12">
      <nite:pointer role="type"  href="ae-types.xml#id(ae_1)"/>
      <nite:child href="ES2003c.A.words.xml#id(ES2003c.A.words1781)..id(ES2003c.A.words1782)"/>
   </ae>
   <ae nite:id="ES2003c.A.argumentstructs.Erik.13">
      <nite:pointer role="type"  href="ae-types.xml#id(ae_1)"/>
      <nite:child href="ES2003c.A.words.xml#id(ES2003c.A.words1789)..id(ES2003c.A.words1790)"/>
   </ae>
   <ae nite:id="ES2003c.A.argumentstructs.Erik.14">
      <nite:pointer role="type"  href="ae-types.xml#id(ae_1)"/>
      <nite:child href="ES2003c.A.words.xml#id(ES2003c.A.words1791)..id(ES2003c.A.words1876)"/>
   </ae>
   <ae nite:id="ES2003c.A.argumentstructs.Erik.15">
      <nite:pointer role="type"  href="ae-types.xml#id(ae_1)"/>
      <nite:child href="ES2003c.A.words.xml#id(ES2003c.A.words1877)..id(ES2003c.A.words1878)"/>
   </ae>
   <ae nite:id="ES2003c.A.argumentstructs.Erik.16">
      <nite:pointer role="type"  href="ae-types.xml#id(ae_5)"/>
      <nite:child href="ES2003c.A.words.xml#id(ES2003c.A.words1879)..id(ES2003c.A.words1908)"/>
   </ae>
   <ae nite:id="ES2003c.A.argumentstructs.Erik.17">
      <nite:pointer role="type"  href="ae-types.xml#id(ae_1)"/>
      <nite:child href="ES2003c.A.words.xml#id(ES2003c.A.words1909)..id(ES2003c.A.words1910)"/>
   </ae>
   <ae nite:id="ES2003c.A.argumentstructs.Erik.18">
      <nite:pointer role="type"  href="ae-types.xml#id(ae_1)"/>
      <nite:child href="ES2003c.A.words.xml#id(ES2003c.A.words1933)..id(ES2003c.A.words1934)"/>
   </ae>
   <ae nite:id="ES2003c.A.argumentstructs.Erik.19">
      <nite:pointer role="type"  href="ae-types.xml#id(ae_1)"/>
      <nite:child href="ES2003c.A.words.xml#id(ES2003c.A.words1935)..id(ES2003c.A.words1936)"/>
   </ae>
   <ae nite:id="ES2003c.A.argumentstructs.Erik.20">
      <nite:pointer role="type"  href="ae-types.xml#id(ae_2)"/>
      <nite:child href="ES2003c.A.words.xml#id(ES2003c.A.words1938)..id(ES2003c.A.words1959)"/>
   </ae>
   <ae nite:id="ES2003c.A.argumentstructs.Erik.21">
      <nite:pointer role="type"  href="ae-types.xml#id(ae_1)"/>
      <nite:child href="ES2003c.A.words.xml#id(ES2003c.A.words1960)..id(ES2003c.A.words1976)"/>
   </ae>
   <ae nite:id="ES2003c.A.argumentstructs.Erik.22">
      <nite:pointer role="type"  href="ae-types.xml#id(ae_2)"/>
      <nite:child href="ES2003c.A.words.xml#id(ES2003c.A.words1978)..id(ES2003c.A.words2008)"/>
   </ae>
   <ae nite:id="ES2003c.A.argumentstructs.Erik.23">
      <nite:pointer role="type"  href="ae-types.xml#id(ae_1)"/>
      <nite:child href="ES2003c.A.words.xml#id(ES2003c.A.words2011)..id(ES2003c.A.words2022)"/>
   </ae>
   <ae nite:id="ES2003c.A.argumentstructs.Erik.24">
      <nite:pointer role="type"  href="ae-types.xml#id(ae_1)"/>
      <nite:child href="ES2003c.A.words.xml#id(ES2003c.A.words2023)..id(ES2003c.A.words2024)"/>
   </ae>
   <ae nite:id="ES2003c.A.argumentstructs.Erik.25">
      <nite:pointer role="type"  href="ae-types.xml#id(ae_1)"/>
      <nite:child href="ES2003c.A.words.xml#id(ES2003c.A.words2025)..id(ES2003c.A.words2026)"/>
   </ae>
   <ae nite:id="ES2003c.A.argumentstructs.Erik.26">
      <nite:pointer role="type"  href="ae-types.xml#id(ae_1)"/>
      <nite:child href="ES2003c.A.words.xml#id(ES2003c.A.words2027)..id(ES2003c.A.words2053)"/>
   </ae>
   <ae nite:id="ES2003c.A.argumentstructs.27">
      <nite:pointer role="type"  href="ae-types.xml#id(ae_6)"/>
      <nite:child href="ES2003c.A.words.xml#id(ES2003c.A.words5)..id(ES2003c.A.words6)"/>
   </ae>
   <ae nite:id="ES2003c.A.argumentstructs.28">
      <nite:pointer role="type"  href="ae-types.xml#id(ae_6)"/>
      <nite:child href="ES2003c.A.words.xml#id(ES2003c.A.words1427)..id(ES2003c.A.words1428)"/>
   </ae>
   <ae nite:id="ES2003c.A.argumentstructs.29">
      <nite:pointer role="type"  href="ae-types.xml#id(ae_6)"/>
      <nite:child href="ES2003c.A.words.xml#id(ES2003c.A.words1472)..id(ES2003c.A.words1473)"/>
   </ae>
   <ae nite:id="ES2003c.A.argumentstructs.30">
      <nite:pointer role="type"  href="ae-types.xml#id(ae_6)"/>
      <nite:child href="ES2003c.A.words.xml#id(ES2003c.A.words1539)"/>
   </ae>
   <ae nite:id="ES2003c.A.argumentstructs.31">
      <nite:pointer role="type"  href="ae-types.xml#id(ae_6)"/>
      <nite:child href="ES2003c.A.words.xml#id(ES2003c.A.words1592)..id(ES2003c.A.words1594)"/>
   </ae>
   <ae nite:id="ES2003c.A.argumentstructs.32">
      <nite:pointer role="type"  href="ae-types.xml#id(ae_6)"/>
      <nite:child href="ES2003c.A.words.xml#id(ES2003c.A.words1783)..id(ES2003c.A.words1787)"/>
   </ae>
</nite:root>