<?xml version="1.0" encoding="ISO-8859-1" standalone="yes"?>
<nite:root nite:id="ES2007d.D.argumentstructs" xmlns:nite="http://nite.sourceforge.net/">
   <ae nite:id="ES2007d.D.argumentstructs.Erik.1">
      <nite:pointer role="type"  href="ae-types.xml#id(ae_5)"/>
      <nite:child href="ES2007d.D.words.xml#id(ES2007d.D.words78)..id(ES2007d.D.words108)"/>
   </ae>
   <ae nite:id="ES2007d.D.argumentstructs.Erik.2">
      <nite:pointer role="type"  href="ae-types.xml#id(ae_1)"/>
      <nite:child href="ES2007d.D.words.xml#id(ES2007d.D.words109)..id(ES2007d.D.words117)"/>
   </ae>
   <ae nite:id="ES2007d.D.argumentstructs.Erik.3">
      <nite:pointer role="type"  href="ae-types.xml#id(ae_1)"/>
      <nite:child href="ES2007d.D.words.xml#id(ES2007d.D.words118)..id(ES2007d.D.words151)"/>
   </ae>
   <ae nite:id="ES2007d.D.argumentstructs.Erik.4">
      <nite:pointer role="type"  href="ae-types.xml#id(ae_1)"/>
      <nite:child href="ES2007d.D.words.xml#id(ES2007d.D.words152)..id(ES2007d.D.words156)"/>
   </ae>
   <ae nite:id="ES2007d.D.argumentstructs.Erik.5">
      <nite:pointer role="type"  href="ae-types.xml#id(ae_1)"/>
      <nite:child href="ES2007d.D.words.xml#id(ES2007d.D.words157)..id(ES2007d.D.words158)"/>
   </ae>
   <ae nite:id="ES2007d.D.argumentstructs.Erik.6">
      <nite:pointer role="type"  href="ae-types.xml#id(ae_1)"/>
      <nite:child href="ES2007d.D.words.xml#id(ES2007d.D.words159)..id(ES2007d.D.words163)"/>
   </ae>
   <ae nite:id="ES2007d.D.argumentstructs.Erik.7">
      <nite:pointer role="type"  href="ae-types.xml#id(ae_5)"/>
      <nite:child href="ES2007d.D.words.xml#id(ES2007d.D.words501)..id(ES2007d.D.words519)"/>
   </ae>
   <ae nite:id="ES2007d.D.argumentstructs.Erik.8">
      <nite:pointer role="type"  href="ae-types.xml#id(ae_3)"/>
      <nite:child href="ES2007d.D.words.xml#id(ES2007d.D.words524)..id(ES2007d.D.words529)"/>
   </ae>
   <ae nite:id="ES2007d.D.argumentstructs.Erik.9">
      <nite:pointer role="type"  href="ae-types.xml#id(ae_1)"/>
      <nite:child href="ES2007d.D.words.xml#id(ES2007d.D.words531)..id(ES2007d.D.words532)"/>
   </ae>
   <ae nite:id="ES2007d.D.argumentstructs.Erik.10">
      <nite:pointer role="type"  href="ae-types.xml#id(ae_2)"/>
      <nite:child href="ES2007d.D.words.xml#id(ES2007d.D.words533)..id(ES2007d.D.words544)"/>
   </ae>
   <ae nite:id="ES2007d.D.argumentstructs.Erik.11">
      <nite:pointer role="type"  href="ae-types.xml#id(ae_1)"/>
      <nite:child href="ES2007d.D.words.xml#id(ES2007d.D.words545)..id(ES2007d.D.words547)"/>
   </ae>
   <ae nite:id="ES2007d.D.argumentstructs.Erik.12">
      <nite:pointer role="type"  href="ae-types.xml#id(ae_5)"/>
      <nite:child href="ES2007d.D.words.xml#id(ES2007d.D.words641)..id(ES2007d.D.words662)"/>
   </ae>
   <ae nite:id="ES2007d.D.argumentstructs.Erik.13">
      <nite:pointer role="type"  href="ae-types.xml#id(ae_5)"/>
      <nite:child href="ES2007d.D.words.xml#id(ES2007d.D.words663)..id(ES2007d.D.words664)"/>
   </ae>
   <ae nite:id="ES2007d.D.argumentstructs.Erik.14">
      <nite:pointer role="type"  href="ae-types.xml#id(ae_1)"/>
      <nite:child href="ES2007d.D.words.xml#id(ES2007d.D.words665)..id(ES2007d.D.words669)"/>
   </ae>
   <ae nite:id="ES2007d.D.argumentstructs.Erik.15">
      <nite:pointer role="type"  href="ae-types.xml#id(ae_2)"/>
      <nite:child href="ES2007d.D.words.xml#id(ES2007d.D.words670)..id(ES2007d.D.words684)"/>
   </ae>
   <ae nite:id="ES2007d.D.argumentstructs.Erik.16">
      <nite:pointer role="type"  href="ae-types.xml#id(ae_1)"/>
      <nite:child href="ES2007d.D.words.xml#id(ES2007d.D.words685)..id(ES2007d.D.words712)"/>
   </ae>
   <ae nite:id="ES2007d.D.argumentstructs.Erik.17">
      <nite:pointer role="type"  href="ae-types.xml#id(ae_1)"/>
      <nite:child href="ES2007d.D.words.xml#id(ES2007d.D.words713)..id(ES2007d.D.words714)"/>
   </ae>
   <ae nite:id="ES2007d.D.argumentstructs.Erik.18">
      <nite:pointer role="type"  href="ae-types.xml#id(ae_1)"/>
      <nite:child href="ES2007d.D.words.xml#id(ES2007d.D.words715)..id(ES2007d.D.words722)"/>
   </ae>
   <ae nite:id="ES2007d.D.argumentstructs.Erik.19">
      <nite:pointer role="type"  href="ae-types.xml#id(ae_1)"/>
      <nite:child href="ES2007d.D.words.xml#id(ES2007d.D.words723)..id(ES2007d.D.words735)"/>
   </ae>
   <ae nite:id="ES2007d.D.argumentstructs.Erik.20">
      <nite:pointer role="type"  href="ae-types.xml#id(ae_1)"/>
      <nite:child href="ES2007d.D.words.xml#id(ES2007d.D.words736)..id(ES2007d.D.words742)"/>
   </ae>
   <ae nite:id="ES2007d.D.argumentstructs.21">
      <nite:pointer role="type"  href="ae-types.xml#id(ae_6)"/>
      <nite:child href="ES2007d.D.words.xml#id(ES2007d.D.words74)..id(ES2007d.D.words77)"/>
   </ae>
   <ae nite:id="ES2007d.D.argumentstructs.22">
      <nite:pointer role="type"  href="ae-types.xml#id(ae_6)"/>
      <nite:child href="ES2007d.D.words.xml#id(ES2007d.D.words485)..id(ES2007d.D.words500)"/>
   </ae>
   <ae nite:id="ES2007d.D.argumentstructs.23">
      <nite:pointer role="type"  href="ae-types.xml#id(ae_6)"/>
      <nite:child href="ES2007d.D.words.xml#id(ES2007d.D.words520)..id(ES2007d.D.words521)"/>
      <nite:child href="ES2007d.D.words.xml#id(ES2007d.D.words523)"/>
   </ae>
   <ae nite:id="ES2007d.D.argumentstructs.24">
      <nite:pointer role="type"  href="ae-types.xml#id(ae_6)"/>
      <nite:child href="ES2007d.D.words.xml#id(ES2007d.D.words623)..id(ES2007d.D.words640)"/>
   </ae>
</nite:root>