<?xml version="1.0" encoding="ISO-8859-1" standalone="yes"?>
<nite:root nite:id="ES2005c.D.argumentstructs" xmlns:nite="http://nite.sourceforge.net/">
   <ae nite:id="ES2005c.D.argumentstructs.Erik.1">
      <nite:pointer role="type"  href="ae-types.xml#id(ae_5)"/>
      <nite:child href="ES2005c.D.words.xml#id(ES2005c.D.words1077)..id(ES2005c.D.words1122)"/>
   </ae>
   <ae nite:id="ES2005c.D.argumentstructs.Erik.2">
      <nite:pointer role="type"  href="ae-types.xml#id(ae_1)"/>
      <nite:child href="ES2005c.D.words.xml#id(ES2005c.D.words1123)..id(ES2005c.D.words1124)"/>
   </ae>
   <ae nite:id="ES2005c.D.argumentstructs.Erik.3">
      <nite:pointer role="type"  href="ae-types.xml#id(ae_5)"/>
      <nite:child href="ES2005c.D.words.xml#id(ES2005c.D.words1125)..id(ES2005c.D.words1143)"/>
   </ae>
   <ae nite:id="ES2005c.D.argumentstructs.Erik.4">
      <nite:pointer role="type"  href="ae-types.xml#id(ae_1)"/>
      <nite:child href="ES2005c.D.words.xml#id(ES2005c.D.words1146)..id(ES2005c.D.words1155)"/>
   </ae>
   <ae nite:id="ES2005c.D.argumentstructs.Erik.5">
      <nite:pointer role="type"  href="ae-types.xml#id(ae_1)"/>
      <nite:child href="ES2005c.D.words.xml#id(ES2005c.D.words1158)..id(ES2005c.D.words1159)"/>
   </ae>
   <ae nite:id="ES2005c.D.argumentstructs.Erik.6">
      <nite:pointer role="type"  href="ae-types.xml#id(ae_1)"/>
      <nite:child href="ES2005c.D.words.xml#id(ES2005c.D.words1160)..id(ES2005c.D.words1183)"/>
   </ae>
   <ae nite:id="ES2005c.D.argumentstructs.Erik.7">
      <nite:pointer role="type"  href="ae-types.xml#id(ae_1)"/>
      <nite:child href="ES2005c.D.words.xml#id(ES2005c.D.words1187)..id(ES2005c.D.words1188)"/>
   </ae>
   <ae nite:id="ES2005c.D.argumentstructs.Erik.8">
      <nite:pointer role="type"  href="ae-types.xml#id(ae_1)"/>
      <nite:child href="ES2005c.D.words.xml#id(ES2005c.D.words1191)..id(ES2005c.D.words1192)"/>
   </ae>
   <ae nite:id="ES2005c.D.argumentstructs.Erik.9">
      <nite:pointer role="type"  href="ae-types.xml#id(ae_1)"/>
      <nite:child href="ES2005c.D.words.xml#id(ES2005c.D.words1206)..id(ES2005c.D.words1210)"/>
   </ae>
   <ae nite:id="ES2005c.D.argumentstructs.Erik.10">
      <nite:pointer role="type"  href="ae-types.xml#id(ae_1)"/>
      <nite:child href="ES2005c.D.words.xml#id(ES2005c.D.words1211)..id(ES2005c.D.words1275)"/>
   </ae>
   <ae nite:id="ES2005c.D.argumentstructs.Erik.11">
      <nite:pointer role="type"  href="ae-types.xml#id(ae_1)"/>
      <nite:child href="ES2005c.D.words.xml#id(ES2005c.D.words1483)..id(ES2005c.D.words1491)"/>
   </ae>
   <ae nite:id="ES2005c.D.argumentstructs.Erik.12">
      <nite:pointer role="type"  href="ae-types.xml#id(ae_1)"/>
      <nite:child href="ES2005c.D.words.xml#id(ES2005c.D.words1492)..id(ES2005c.D.words1493)"/>
   </ae>
   <ae nite:id="ES2005c.D.argumentstructs.Erik.13">
      <nite:pointer role="type"  href="ae-types.xml#id(ae_1)"/>
      <nite:child href="ES2005c.D.words.xml#id(ES2005c.D.words1496)..id(ES2005c.D.words1525)"/>
   </ae>
   <ae nite:id="ES2005c.D.argumentstructs.Erik.14">
      <nite:pointer role="type"  href="ae-types.xml#id(ae_1)"/>
      <nite:child href="ES2005c.D.words.xml#id(ES2005c.D.words1526)..id(ES2005c.D.words1527)"/>
   </ae>
   <ae nite:id="ES2005c.D.argumentstructs.Erik.15">
      <nite:pointer role="type"  href="ae-types.xml#id(ae_1)"/>
      <nite:child href="ES2005c.D.words.xml#id(ES2005c.D.words1528)..id(ES2005c.D.words1539)"/>
   </ae>
   <ae nite:id="ES2005c.D.argumentstructs.Erik.16">
      <nite:pointer role="type"  href="ae-types.xml#id(ae_1)"/>
      <nite:child href="ES2005c.D.words.xml#id(ES2005c.D.words1540)..id(ES2005c.D.words1548)"/>
   </ae>
   <ae nite:id="ES2005c.D.argumentstructs.Erik.17">
      <nite:pointer role="type"  href="ae-types.xml#id(ae_1)"/>
      <nite:child href="ES2005c.D.words.xml#id(ES2005c.D.words1554)..id(ES2005c.D.words1591)"/>
   </ae>
   <ae nite:id="ES2005c.D.argumentstructs.Erik.18">
      <nite:pointer role="type"  href="ae-types.xml#id(ae_1)"/>
      <nite:child href="ES2005c.D.words.xml#id(ES2005c.D.words1594)..id(ES2005c.D.words1595)"/>
   </ae>
   <ae nite:id="ES2005c.D.argumentstructs.Erik.19">
      <nite:pointer role="type"  href="ae-types.xml#id(ae_1)"/>
      <nite:child href="ES2005c.D.words.xml#id(ES2005c.D.words1596)..id(ES2005c.D.words1620)"/>
   </ae>
   <ae nite:id="ES2005c.D.argumentstructs.Erik.20">
      <nite:pointer role="type"  href="ae-types.xml#id(ae_1)"/>
      <nite:child href="ES2005c.D.words.xml#id(ES2005c.D.words1622)..id(ES2005c.D.words1627)"/>
   </ae>
   <ae nite:id="ES2005c.D.argumentstructs.Erik.21">
      <nite:pointer role="type"  href="ae-types.xml#id(ae_1)"/>
      <nite:child href="ES2005c.D.words.xml#id(ES2005c.D.words1628)..id(ES2005c.D.words1641)"/>
   </ae>
   <ae nite:id="ES2005c.D.argumentstructs.Erik.22">
      <nite:pointer role="type"  href="ae-types.xml#id(ae_5)"/>
      <nite:child href="ES2005c.D.words.xml#id(ES2005c.D.words2103)..id(ES2005c.D.words2113)"/>
   </ae>
   <ae nite:id="ES2005c.D.argumentstructs.Erik.23">
      <nite:pointer role="type"  href="ae-types.xml#id(ae_1)"/>
      <nite:child href="ES2005c.D.words.xml#id(ES2005c.D.words2114)..id(ES2005c.D.words2133)"/>
   </ae>
   <ae nite:id="ES2005c.D.argumentstructs.Erik.24">
      <nite:pointer role="type"  href="ae-types.xml#id(ae_1)"/>
      <nite:child href="ES2005c.D.words.xml#id(ES2005c.D.words2134)..id(ES2005c.D.words2135)"/>
   </ae>
   <ae nite:id="ES2005c.D.argumentstructs.Erik.25">
      <nite:pointer role="type"  href="ae-types.xml#id(ae_1)"/>
      <nite:child href="ES2005c.D.words.xml#id(ES2005c.D.words2136)..id(ES2005c.D.words2137)"/>
   </ae>
   <ae nite:id="ES2005c.D.argumentstructs.Erik.26">
      <nite:pointer role="type"  href="ae-types.xml#id(ae_5)"/>
      <nite:child href="ES2005c.D.words.xml#id(ES2005c.D.words2140)..id(ES2005c.D.words2155)"/>
   </ae>
   <ae nite:id="ES2005c.D.argumentstructs.Erik.27">
      <nite:pointer role="type"  href="ae-types.xml#id(ae_1)"/>
      <nite:child href="ES2005c.D.words.xml#id(ES2005c.D.words2157)..id(ES2005c.D.words2167)"/>
   </ae>
   <ae nite:id="ES2005c.D.argumentstructs.Erik.28">
      <nite:pointer role="type"  href="ae-types.xml#id(ae_1)"/>
      <nite:child href="ES2005c.D.words.xml#id(ES2005c.D.words2168)..id(ES2005c.D.words2179)"/>
   </ae>
   <ae nite:id="ES2005c.D.argumentstructs.Erik.29">
      <nite:pointer role="type"  href="ae-types.xml#id(ae_1)"/>
      <nite:child href="ES2005c.D.words.xml#id(ES2005c.D.words2190)..id(ES2005c.D.words2191)"/>
   </ae>
   <ae nite:id="ES2005c.D.argumentstructs.Erik.30">
      <nite:pointer role="type"  href="ae-types.xml#id(ae_5)"/>
      <nite:child href="ES2005c.D.words.xml#id(ES2005c.D.words2381)..id(ES2005c.D.words2387)"/>
   </ae>
   <ae nite:id="ES2005c.D.argumentstructs.Erik.31">
      <nite:pointer role="type"  href="ae-types.xml#id(ae_1)"/>
      <nite:child href="ES2005c.D.words.xml#id(ES2005c.D.words2388)..id(ES2005c.D.words2389)"/>
   </ae>
   <ae nite:id="ES2005c.D.argumentstructs.Erik.32">
      <nite:pointer role="type"  href="ae-types.xml#id(ae_1)"/>
      <nite:child href="ES2005c.D.words.xml#id(ES2005c.D.words2390)..id(ES2005c.D.words2406)"/>
   </ae>
   <ae nite:id="ES2005c.D.argumentstructs.Erik.33">
      <nite:pointer role="type"  href="ae-types.xml#id(ae_1)"/>
      <nite:child href="ES2005c.D.words.xml#id(ES2005c.D.words2407)..id(ES2005c.D.words2413)"/>
   </ae>
   <ae nite:id="ES2005c.D.argumentstructs.Erik.34">
      <nite:pointer role="type"  href="ae-types.xml#id(ae_1)"/>
      <nite:child href="ES2005c.D.words.xml#id(ES2005c.D.words2414)..id(ES2005c.D.words2431)"/>
   </ae>
   <ae nite:id="ES2005c.D.argumentstructs.Erik.35">
      <nite:pointer role="type"  href="ae-types.xml#id(ae_5)"/>
      <nite:child href="ES2005c.D.words.xml#id(ES2005c.D.words2445)..id(ES2005c.D.words2457)"/>
   </ae>
   <ae nite:id="ES2005c.D.argumentstructs.Erik.36">
      <nite:pointer role="type"  href="ae-types.xml#id(ae_1)"/>
      <nite:child href="ES2005c.D.words.xml#id(ES2005c.D.words2458)..id(ES2005c.D.words2459)"/>
   </ae>
   <ae nite:id="ES2005c.D.argumentstructs.Erik.37">
      <nite:pointer role="type"  href="ae-types.xml#id(ae_1)"/>
      <nite:child href="ES2005c.D.words.xml#id(ES2005c.D.words2460)..id(ES2005c.D.words2461)"/>
   </ae>
   <ae nite:id="ES2005c.D.argumentstructs.Erik.38">
      <nite:pointer role="type"  href="ae-types.xml#id(ae_5)"/>
      <nite:child href="ES2005c.D.words.xml#id(ES2005c.D.words2462)..id(ES2005c.D.words2476)"/>
   </ae>
   <ae nite:id="ES2005c.D.argumentstructs.39">
      <nite:pointer role="type"  href="ae-types.xml#id(ae_6)"/>
      <nite:child href="ES2005c.D.words.xml#id(ES2005c.D.words1072)..id(ES2005c.D.words1076)"/>
   </ae>
   <ae nite:id="ES2005c.D.argumentstructs.40">
      <nite:pointer role="type"  href="ae-types.xml#id(ae_6)"/>
      <nite:child href="ES2005c.D.words.xml#id(ES2005c.D.words1144)..id(ES2005c.D.words1145)"/>
   </ae>
   <ae nite:id="ES2005c.D.argumentstructs.41">
      <nite:pointer role="type"  href="ae-types.xml#id(ae_6)"/>
      <nite:child href="ES2005c.D.words.xml#id(ES2005c.D.words1156)..id(ES2005c.D.words1157)"/>
   </ae>
   <ae nite:id="ES2005c.D.argumentstructs.42">
      <nite:pointer role="type"  href="ae-types.xml#id(ae_6)"/>
      <nite:child href="ES2005c.D.words.xml#id(ES2005c.D.words1184)..id(ES2005c.D.words1186)"/>
   </ae>
   <ae nite:id="ES2005c.D.argumentstructs.43">
      <nite:pointer role="type"  href="ae-types.xml#id(ae_6)"/>
      <nite:child href="ES2005c.D.words.xml#id(ES2005c.D.words1189)..id(ES2005c.D.words1190)"/>
   </ae>
   <ae nite:id="ES2005c.D.argumentstructs.44">
      <nite:pointer role="type"  href="ae-types.xml#id(ae_6)"/>
      <nite:child href="ES2005c.D.words.xml#id(ES2005c.D.words1193)..id(ES2005c.D.words1202)"/>
      <nite:child href="ES2005c.D.words.xml#id(ES2005c.D.words1204)..id(ES2005c.D.words1205)"/>
   </ae>
   <ae nite:id="ES2005c.D.argumentstructs.45">
      <nite:pointer role="type"  href="ae-types.xml#id(ae_6)"/>
      <nite:child href="ES2005c.D.words.xml#id(ES2005c.D.words1276)..id(ES2005c.D.words1289)"/>
   </ae>
   <ae nite:id="ES2005c.D.argumentstructs.46">
      <nite:pointer role="type"  href="ae-types.xml#id(ae_6)"/>
      <nite:child href="ES2005c.D.words.xml#id(ES2005c.D.words1494)..id(ES2005c.D.words1495)"/>
   </ae>
   <ae nite:id="ES2005c.D.argumentstructs.47">
      <nite:pointer role="type"  href="ae-types.xml#id(ae_6)"/>
      <nite:child href="ES2005c.D.words.xml#id(ES2005c.D.words1549)..id(ES2005c.D.words1550)"/>
      <nite:child href="ES2005c.D.words.xml#id(ES2005c.D.words1552)..id(ES2005c.D.words1553)"/>
   </ae>
   <ae nite:id="ES2005c.D.argumentstructs.48">
      <nite:pointer role="type"  href="ae-types.xml#id(ae_6)"/>
      <nite:child href="ES2005c.D.words.xml#id(ES2005c.D.words1592)..id(ES2005c.D.words1593)"/>
   </ae>
   <ae nite:id="ES2005c.D.argumentstructs.49">
      <nite:pointer role="type"  href="ae-types.xml#id(ae_6)"/>
      <nite:child href="ES2005c.D.words.xml#id(ES2005c.D.words2097)..id(ES2005c.D.words2102)"/>
   </ae>
   <ae nite:id="ES2005c.D.argumentstructs.50">
      <nite:pointer role="type"  href="ae-types.xml#id(ae_6)"/>
      <nite:child href="ES2005c.D.words.xml#id(ES2005c.D.words2138)..id(ES2005c.D.words2139)"/>
   </ae>
   <ae nite:id="ES2005c.D.argumentstructs.51">
      <nite:pointer role="type"  href="ae-types.xml#id(ae_6)"/>
      <nite:child href="ES2005c.D.words.xml#id(ES2005c.D.words2180)..id(ES2005c.D.words2188)"/>
   </ae>
   <ae nite:id="ES2005c.D.argumentstructs.52">
      <nite:pointer role="type"  href="ae-types.xml#id(ae_6)"/>
      <nite:child href="ES2005c.D.words.xml#id(ES2005c.D.words2192)..id(ES2005c.D.words2193)"/>
   </ae>
   <ae nite:id="ES2005c.D.argumentstructs.53">
      <nite:pointer role="type"  href="ae-types.xml#id(ae_6)"/>
      <nite:child href="ES2005c.D.words.xml#id(ES2005c.D.words2432)..id(ES2005c.D.words2434)"/>
      <nite:child href="ES2005c.D.words.xml#id(ES2005c.D.words2436)..id(ES2005c.D.words2437)"/>
      <nite:child href="ES2005c.D.words.xml#id(ES2005c.D.words2439)..id(ES2005c.D.words2443)"/>
   </ae>
</nite:root>