<?xml version="1.0" encoding="ISO-8859-1" standalone="yes"?>
<nite:root nite:id="ES2015c.B.argumentstructs" xmlns:nite="http://nite.sourceforge.net/">
   <ae nite:id="ES2015c.B.argumentstructs.Rutger.1">
      <nite:pointer role="type"  href="ae-types.xml#id(ae_1)"/>
      <nite:child href="ES2015c.B.words.xml#id(ES2015c.B.words1145)..id(ES2015c.B.words1224)"/>
   </ae>
   <ae nite:id="ES2015c.B.argumentstructs.Rutger.2">
      <nite:pointer role="type"  href="ae-types.xml#id(ae_1)"/>
      <nite:child href="ES2015c.B.words.xml#id(ES2015c.B.words1227)..id(ES2015c.B.words1260)"/>
   </ae>
   <ae nite:id="ES2015c.B.argumentstructs.Rutger.3">
      <nite:pointer role="type"  href="ae-types.xml#id(ae_1)"/>
      <nite:child href="ES2015c.B.words.xml#id(ES2015c.B.words1262)..id(ES2015c.B.words1263)"/>
   </ae>
   <ae nite:id="ES2015c.B.argumentstructs.Rutger.4">
      <nite:pointer role="type"  href="ae-types.xml#id(ae_5)"/>
      <nite:child href="ES2015c.B.words.xml#id(ES2015c.B.words1264)..id(ES2015c.B.words1303)"/>
   </ae>
   <ae nite:id="ES2015c.B.argumentstructs.Rutger.5">
      <nite:pointer role="type"  href="ae-types.xml#id(ae_1)"/>
      <nite:child href="ES2015c.B.words.xml#id(ES2015c.B.words1304)..id(ES2015c.B.words1313)"/>
   </ae>
   <ae nite:id="ES2015c.B.argumentstructs.Rutger.6">
      <nite:pointer role="type"  href="ae-types.xml#id(ae_1)"/>
      <nite:child href="ES2015c.B.words.xml#id(ES2015c.B.words1314)..id(ES2015c.B.words1385)"/>
   </ae>
   <ae nite:id="ES2015c.B.argumentstructs.Rutger.7">
      <nite:pointer role="type"  href="ae-types.xml#id(ae_1)"/>
      <nite:child href="ES2015c.B.words.xml#id(ES2015c.B.words1386)..id(ES2015c.B.words1392)"/>
   </ae>
   <ae nite:id="ES2015c.B.argumentstructs.Rutger.9">
      <nite:pointer role="type"  href="ae-types.xml#id(ae_1)"/>
      <nite:child href="ES2015c.B.words.xml#id(ES2015c.B.words1405)..id(ES2015c.B.words1411)"/>
   </ae>
   <ae nite:id="ES2015c.B.argumentstructs.Rutger.10">
      <nite:pointer role="type"  href="ae-types.xml#id(ae_1)"/>
      <nite:child href="ES2015c.B.words.xml#id(ES2015c.B.words1423)..id(ES2015c.B.words1424)"/>
   </ae>
   <ae nite:id="ES2015c.B.argumentstructs.Rutger.11">
      <nite:pointer role="type"  href="ae-types.xml#id(ae_1)"/>
      <nite:child href="ES2015c.B.words.xml#id(ES2015c.B.words1425)..id(ES2015c.B.words1426)"/>
   </ae>
   <ae nite:id="ES2015c.B.argumentstructs.Rutger.12">
      <nite:pointer role="type"  href="ae-types.xml#id(ae_1)"/>
      <nite:child href="ES2015c.B.words.xml#id(ES2015c.B.words1427)..id(ES2015c.B.words1435)"/>
   </ae>
   <ae nite:id="ES2015c.B.argumentstructs.Rutger.13">
      <nite:pointer role="type"  href="ae-types.xml#id(ae_1)"/>
      <nite:child href="ES2015c.B.words.xml#id(ES2015c.B.words1436)..id(ES2015c.B.words1437)"/>
   </ae>
   <ae nite:id="ES2015c.B.argumentstructs.Rutger.14">
      <nite:pointer role="type"  href="ae-types.xml#id(ae_1)"/>
      <nite:child href="ES2015c.B.words.xml#id(ES2015c.B.words1438)..id(ES2015c.B.words1448)"/>
   </ae>
   <ae nite:id="ES2015c.B.argumentstructs.Rutger.15">
      <nite:pointer role="type"  href="ae-types.xml#id(ae_1)"/>
      <nite:child href="ES2015c.B.words.xml#id(ES2015c.B.words1449)..id(ES2015c.B.words1480)"/>
   </ae>
   <ae nite:id="ES2015c.B.argumentstructs.Rutger.16">
      <nite:pointer role="type"  href="ae-types.xml#id(ae_2)"/>
      <nite:child href="ES2015c.B.words.xml#id(ES2015c.B.words1481)..id(ES2015c.B.words1488)"/>
   </ae>
   <ae nite:id="ES2015c.B.argumentstructs.Rutger.17">
      <nite:pointer role="type"  href="ae-types.xml#id(ae_1)"/>
      <nite:child href="ES2015c.B.words.xml#id(ES2015c.B.words1489)..id(ES2015c.B.words1556)"/>
   </ae>
   <ae nite:id="ES2015c.B.argumentstructs.Rutger.18">
      <nite:pointer role="type"  href="ae-types.xml#id(ae_1)"/>
      <nite:child href="ES2015c.B.words.xml#id(ES2015c.B.words1557)..id(ES2015c.B.words1563)"/>
   </ae>
   <ae nite:id="ES2015c.B.argumentstructs.Rutger.19">
      <nite:pointer role="type"  href="ae-types.xml#id(ae_1)"/>
      <nite:child href="ES2015c.B.words.xml#id(ES2015c.B.words1564)..id(ES2015c.B.words1588)"/>
   </ae>
   <ae nite:id="ES2015c.B.argumentstructs.Rutger.20">
      <nite:pointer role="type"  href="ae-types.xml#id(ae_1)"/>
      <nite:child href="ES2015c.B.words.xml#id(ES2015c.B.words1590)..id(ES2015c.B.words1651)"/>
   </ae>
   <ae nite:id="ES2015c.B.argumentstructs.Rutger.21">
      <nite:pointer role="type"  href="ae-types.xml#id(ae_1)"/>
      <nite:child href="ES2015c.B.words.xml#id(ES2015c.B.words1652)..id(ES2015c.B.words1654)"/>
   </ae>
   <ae nite:id="ES2015c.B.argumentstructs.Rutger.22">
      <nite:pointer role="type"  href="ae-types.xml#id(ae_1)"/>
      <nite:child href="ES2015c.B.words.xml#id(ES2015c.B.words1890)..id(ES2015c.B.words1922)"/>
   </ae>
   <ae nite:id="ES2015c.B.argumentstructs.Rutger.23">
      <nite:pointer role="type"  href="ae-types.xml#id(ae_1)"/>
      <nite:child href="ES2015c.B.words.xml#id(ES2015c.B.words1923)..id(ES2015c.B.words1926)"/>
   </ae>
   <ae nite:id="ES2015c.B.argumentstructs.Rutger.24">
      <nite:pointer role="type"  href="ae-types.xml#id(ae_1)"/>
      <nite:child href="ES2015c.B.words.xml#id(ES2015c.B.words1935)..id(ES2015c.B.words1937)"/>
   </ae>
   <ae nite:id="ES2015c.B.argumentstructs.Rutger.25">
      <nite:pointer role="type"  href="ae-types.xml#id(ae_1)"/>
      <nite:child href="ES2015c.B.words.xml#id(ES2015c.B.words1940)..id(ES2015c.B.words2056)"/>
   </ae>
   <ae nite:id="ES2015c.B.argumentstructs.Rutger.26">
      <nite:pointer role="type"  href="ae-types.xml#id(ae_1)"/>
      <nite:child href="ES2015c.B.words.xml#id(ES2015c.B.words2068)..id(ES2015c.B.words2071)"/>
   </ae>
   <ae nite:id="ES2015c.B.argumentstructs.Rutger.27">
      <nite:pointer role="type"  href="ae-types.xml#id(ae_1)"/>
      <nite:child href="ES2015c.B.words.xml#id(ES2015c.B.words2076)..id(ES2015c.B.words2246)"/>
   </ae>
   <ae nite:id="ES2015c.B.argumentstructs.Rutger.28">
      <nite:pointer role="type"  href="ae-types.xml#id(ae_1)"/>
      <nite:child href="ES2015c.B.words.xml#id(ES2015c.B.words2569)..id(ES2015c.B.words2571)"/>
   </ae>
   <ae nite:id="ES2015c.B.argumentstructs.Rutger.29">
      <nite:pointer role="type"  href="ae-types.xml#id(ae_1)"/>
      <nite:child href="ES2015c.B.words.xml#id(ES2015c.B.words2572)"/>
   </ae>
   <ae nite:id="ES2015c.B.argumentstructs.Rutger.30">
      <nite:pointer role="type"  href="ae-types.xml#id(ae_2)"/>
      <nite:child href="ES2015c.B.words.xml#id(ES2015c.B.words2574)..id(ES2015c.B.words2587)"/>
   </ae>
   <ae nite:id="ES2015c.B.argumentstructs.Rutger.31">
      <nite:pointer role="type"  href="ae-types.xml#id(ae_1)"/>
      <nite:child href="ES2015c.B.words.xml#id(ES2015c.B.words2588)..id(ES2015c.B.words2598)"/>
   </ae>
   <ae nite:id="ES2015c.B.argumentstructs.Rutger.33">
      <nite:pointer role="type"  href="ae-types.xml#id(ae_1)"/>
      <nite:child href="ES2015c.B.words.xml#id(ES2015c.B.words2599)..id(ES2015c.B.words2605)"/>
   </ae>
   <ae nite:id="ES2015c.B.argumentstructs.Rutger.34">
      <nite:pointer role="type"  href="ae-types.xml#id(ae_1)"/>
      <nite:child href="ES2015c.B.words.xml#id(ES2015c.B.words2606)..id(ES2015c.B.words2622)"/>
   </ae>
   <ae nite:id="ES2015c.B.argumentstructs.Rutger.35">
      <nite:pointer role="type"  href="ae-types.xml#id(ae_1)"/>
      <nite:child href="ES2015c.B.words.xml#id(ES2015c.B.words2623)..id(ES2015c.B.words2661)"/>
   </ae>
   <ae nite:id="ES2015c.B.argumentstructs.Rutger.36">
      <nite:pointer role="type"  href="ae-types.xml#id(ae_1)"/>
      <nite:child href="ES2015c.B.words.xml#id(ES2015c.B.words2663)..id(ES2015c.B.words2675)"/>
   </ae>
   <ae nite:id="ES2015c.B.argumentstructs.Rutger.37">
      <nite:pointer role="type"  href="ae-types.xml#id(ae_1)"/>
      <nite:child href="ES2015c.B.words.xml#id(ES2015c.B.words2681)..id(ES2015c.B.words2710)"/>
   </ae>
   <ae nite:id="ES2015c.B.argumentstructs.38">
      <nite:pointer role="type"  href="ae-types.xml#id(ae_6)"/>
      <nite:child href="ES2015c.B.words.xml#id(ES2015c.B.words1225)..id(ES2015c.B.words1226)"/>
   </ae>
   <ae nite:id="ES2015c.B.argumentstructs.39">
      <nite:pointer role="type"  href="ae-types.xml#id(ae_6)"/>
      <nite:child href="ES2015c.B.words.xml#id(ES2015c.B.words1261)"/>
   </ae>
   <ae nite:id="ES2015c.B.argumentstructs.40">
      <nite:pointer role="type"  href="ae-types.xml#id(ae_6)"/>
      <nite:child href="ES2015c.B.words.xml#id(ES2015c.B.words1393)..id(ES2015c.B.words1394)"/>
   </ae>
   <ae nite:id="ES2015c.B.argumentstructs.41">
      <nite:pointer role="type"  href="ae-types.xml#id(ae_6)"/>
      <nite:child href="ES2015c.B.words.xml#id(ES2015c.B.words1412)..id(ES2015c.B.words1417)"/>
      <nite:child href="ES2015c.B.words.xml#id(ES2015c.B.words1419)..id(ES2015c.B.words1422)"/>
   </ae>
   <ae nite:id="ES2015c.B.argumentstructs.42">
      <nite:pointer role="type"  href="ae-types.xml#id(ae_6)"/>
      <nite:child href="ES2015c.B.words.xml#id(ES2015c.B.words1589)"/>
   </ae>
   <ae nite:id="ES2015c.B.argumentstructs.43">
      <nite:pointer role="type"  href="ae-types.xml#id(ae_6)"/>
      <nite:child href="ES2015c.B.words.xml#id(ES2015c.B.words1888)..id(ES2015c.B.words1889)"/>
   </ae>
   <ae nite:id="ES2015c.B.argumentstructs.44">
      <nite:pointer role="type"  href="ae-types.xml#id(ae_6)"/>
      <nite:child href="ES2015c.B.words.xml#id(ES2015c.B.words1927)..id(ES2015c.B.words1931)"/>
      <nite:child href="ES2015c.B.words.xml#id(ES2015c.B.words1933)..id(ES2015c.B.words1934)"/>
   </ae>
   <ae nite:id="ES2015c.B.argumentstructs.45">
      <nite:pointer role="type"  href="ae-types.xml#id(ae_6)"/>
      <nite:child href="ES2015c.B.words.xml#id(ES2015c.B.words1938)..id(ES2015c.B.words1939)"/>
   </ae>
   <ae nite:id="ES2015c.B.argumentstructs.46">
      <nite:pointer role="type"  href="ae-types.xml#id(ae_6)"/>
      <nite:child href="ES2015c.B.words.xml#id(ES2015c.B.words2066)..id(ES2015c.B.words2067)"/>
   </ae>
   <ae nite:id="ES2015c.B.argumentstructs.47">
      <nite:pointer role="type"  href="ae-types.xml#id(ae_6)"/>
      <nite:child href="ES2015c.B.words.xml#id(ES2015c.B.words2072)"/>
      <nite:child href="ES2015c.B.words.xml#id(ES2015c.B.words2074)"/>
   </ae>
   <ae nite:id="ES2015c.B.argumentstructs.48">
      <nite:pointer role="type"  href="ae-types.xml#id(ae_6)"/>
      <nite:child href="ES2015c.B.words.xml#id(ES2015c.B.words2248)..id(ES2015c.B.words2253)"/>
      <nite:child href="ES2015c.B.words.xml#id(ES2015c.B.words2255)..id(ES2015c.B.words2260)"/>
   </ae>
   <ae nite:id="ES2015c.B.argumentstructs.49">
      <nite:pointer role="type"  href="ae-types.xml#id(ae_6)"/>
      <nite:child href="ES2015c.B.words.xml#id(ES2015c.B.words2573)"/>
   </ae>
   <ae nite:id="ES2015c.B.argumentstructs.50">
      <nite:pointer role="type"  href="ae-types.xml#id(ae_6)"/>
      <nite:child href="ES2015c.B.words.xml#id(ES2015c.B.words2676)..id(ES2015c.B.words2677)"/>
      <nite:child href="ES2015c.B.words.xml#id(ES2015c.B.words2679)"/>
   </ae>
</nite:root>