<?xml version="1.0" encoding="ISO-8859-1" standalone="yes"?>
<nite:root nite:id="ES2016c.A.argumentstructs" xmlns:nite="http://nite.sourceforge.net/">
   <ae nite:id="ES2016c.A.argumentstructs.Rutger.1">
      <nite:pointer role="type"  href="ae-types.xml#id(ae_1)"/>
      <nite:child href="ES2016c.A.words.xml#id(ES2016c.A.words727)..id(ES2016c.A.words736)"/>
   </ae>
   <ae nite:id="ES2016c.A.argumentstructs.Rutger.2">
      <nite:pointer role="type"  href="ae-types.xml#id(ae_5)"/>
      <nite:child href="ES2016c.A.words.xml#id(ES2016c.A.words800)..id(ES2016c.A.words811)"/>
   </ae>
   <ae nite:id="ES2016c.A.argumentstructs.Rutger.3">
      <nite:pointer role="type"  href="ae-types.xml#id(ae_1)"/>
      <nite:child href="ES2016c.A.words.xml#id(ES2016c.A.words812)..id(ES2016c.A.words815)"/>
   </ae>
   <ae nite:id="ES2016c.A.argumentstructs.Rutger.4">
      <nite:pointer role="type"  href="ae-types.xml#id(ae_1)"/>
      <nite:child href="ES2016c.A.words.xml#id(ES2016c.A.words816)..id(ES2016c.A.words817)"/>
   </ae>
   <ae nite:id="ES2016c.A.argumentstructs.Rutger.5">
      <nite:pointer role="type"  href="ae-types.xml#id(ae_1)"/>
      <nite:child href="ES2016c.A.words.xml#id(ES2016c.A.words818)..id(ES2016c.A.words848)"/>
   </ae>
   <ae nite:id="ES2016c.A.argumentstructs.Rutger.6">
      <nite:pointer role="type"  href="ae-types.xml#id(ae_1)"/>
      <nite:child href="ES2016c.A.words.xml#id(ES2016c.A.words852)..id(ES2016c.A.words866)"/>
   </ae>
   <ae nite:id="ES2016c.A.argumentstructs.Rutger.7">
      <nite:pointer role="type"  href="ae-types.xml#id(ae_1)"/>
      <nite:child href="ES2016c.A.words.xml#id(ES2016c.A.words867)..id(ES2016c.A.words873)"/>
   </ae>
   <ae nite:id="ES2016c.A.argumentstructs.Rutger.8">
      <nite:pointer role="type"  href="ae-types.xml#id(ae_1)"/>
      <nite:child href="ES2016c.A.words.xml#id(ES2016c.A.words874)..id(ES2016c.A.words915)"/>
   </ae>
   <ae nite:id="ES2016c.A.argumentstructs.Rutger.9">
      <nite:pointer role="type"  href="ae-types.xml#id(ae_2)"/>
      <nite:child href="ES2016c.A.words.xml#id(ES2016c.A.words923)..id(ES2016c.A.words966)"/>
   </ae>
   <ae nite:id="ES2016c.A.argumentstructs.10">
      <nite:pointer role="type"  href="ae-types.xml#id(ae_6)"/>
      <nite:child href="ES2016c.A.words.xml#id(ES2016c.A.words849)"/>
   </ae>
   <ae nite:id="ES2016c.A.argumentstructs.11">
      <nite:pointer role="type"  href="ae-types.xml#id(ae_6)"/>
      <nite:child href="ES2016c.A.words.xml#id(ES2016c.A.words916)..id(ES2016c.A.words917)"/>
      <nite:child href="ES2016c.A.words.xml#id(ES2016c.A.words920)..id(ES2016c.A.words921)"/>
   </ae>
</nite:root>