<?xml version="1.0" encoding="ISO-8859-1" standalone="yes"?>
<nite:root nite:id="ES2004a.C.argumentstructs" xmlns:nite="http://nite.sourceforge.net/">
   <ae nite:id="ES2004a.C.argumentstructs.Erik.1">
      <nite:pointer role="type"  href="ae-types.xml#id(ae_1)"/>
      <nite:child href="ES2004a.C.words.xml#id(ES2004a.C.words320)..id(ES2004a.C.words321)"/>
   </ae>
   <ae nite:id="ES2004a.C.argumentstructs.Erik.2">
      <nite:pointer role="type"  href="ae-types.xml#id(ae_1)"/>
      <nite:child href="ES2004a.C.words.xml#id(ES2004a.C.words322)..id(ES2004a.C.words336)"/>
   </ae>
   <ae nite:id="ES2004a.C.argumentstructs.Erik.3">
      <nite:pointer role="type"  href="ae-types.xml#id(ae_1)"/>
      <nite:child href="ES2004a.C.words.xml#id(ES2004a.C.words337)..id(ES2004a.C.words338)"/>
   </ae>
   <ae nite:id="ES2004a.C.argumentstructs.Erik.4">
      <nite:pointer role="type"  href="ae-types.xml#id(ae_1)"/>
      <nite:child href="ES2004a.C.words.xml#id(ES2004a.C.words339)..id(ES2004a.C.words395)"/>
   </ae>
   <ae nite:id="ES2004a.C.argumentstructs.Erik.5">
      <nite:pointer role="type"  href="ae-types.xml#id(ae_2)"/>
      <nite:child href="ES2004a.C.words.xml#id(ES2004a.C.words405)..id(ES2004a.C.words451)"/>
   </ae>
   <ae nite:id="ES2004a.C.argumentstructs.6">
      <nite:pointer role="type"  href="ae-types.xml#id(ae_6)"/>
      <nite:child href="ES2004a.C.words.xml#id(ES2004a.C.words396)..id(ES2004a.C.words400)"/>
      <nite:child href="ES2004a.C.words.xml#id(ES2004a.C.words402)..id(ES2004a.C.words404)"/>
   </ae>
</nite:root>