<?xml version="1.0" encoding="ISO-8859-1" standalone="yes"?>
<nite:root nite:id="ES2004b.B.argumentstructs" xmlns:nite="http://nite.sourceforge.net/">
   <ae nite:id="ES2004b.B.argumentstructs.Erik.1">
      <nite:pointer role="type"  href="ae-types.xml#id(ae_1)"/>
      <nite:child href="ES2004b.B.words.xml#id(ES2004b.B.words405)..id(ES2004b.B.words424)"/>
   </ae>
   <ae nite:id="ES2004b.B.argumentstructs.Erik.2">
      <nite:pointer role="type"  href="ae-types.xml#id(ae_1)"/>
      <nite:child href="ES2004b.B.words.xml#id(ES2004b.B.words427)..id(ES2004b.B.words476)"/>
   </ae>
   <ae nite:id="ES2004b.B.argumentstructs.Erik.3">
      <nite:pointer role="type"  href="ae-types.xml#id(ae_2)"/>
      <nite:child href="ES2004b.B.words.xml#id(ES2004b.B.words477)..id(ES2004b.B.words503)"/>
   </ae>
   <ae nite:id="ES2004b.B.argumentstructs.Erik.4">
      <nite:pointer role="type"  href="ae-types.xml#id(ae_1)"/>
      <nite:child href="ES2004b.B.words.xml#id(ES2004b.B.words506)..id(ES2004b.B.words536)"/>
   </ae>
   <ae nite:id="ES2004b.B.argumentstructs.Erik.5">
      <nite:pointer role="type"  href="ae-types.xml#id(ae_5)"/>
      <nite:child href="ES2004b.B.words.xml#id(ES2004b.B.words537)..id(ES2004b.B.words554)"/>
   </ae>
   <ae nite:id="ES2004b.B.argumentstructs.Erik.6">
      <nite:pointer role="type"  href="ae-types.xml#id(ae_1)"/>
      <nite:child href="ES2004b.B.words.xml#id(ES2004b.B.words557)..id(ES2004b.B.words572)"/>
   </ae>
   <ae nite:id="ES2004b.B.argumentstructs.Erik.7">
      <nite:pointer role="type"  href="ae-types.xml#id(ae_3)"/>
      <nite:child href="ES2004b.B.words.xml#id(ES2004b.B.words845)..id(ES2004b.B.words875)"/>
   </ae>
   <ae nite:id="ES2004b.B.argumentstructs.Erik.8">
      <nite:pointer role="type"  href="ae-types.xml#id(ae_1)"/>
      <nite:child href="ES2004b.B.words.xml#id(ES2004b.B.words876)..id(ES2004b.B.words920)"/>
   </ae>
   <ae nite:id="ES2004b.B.argumentstructs.Erik.9">
      <nite:pointer role="type"  href="ae-types.xml#id(ae_1)"/>
      <nite:child href="ES2004b.B.words.xml#id(ES2004b.B.words921)..id(ES2004b.B.words953)"/>
   </ae>
   <ae nite:id="ES2004b.B.argumentstructs.Erik.10">
      <nite:pointer role="type"  href="ae-types.xml#id(ae_1)"/>
      <nite:child href="ES2004b.B.words.xml#id(ES2004b.B.words1151)..id(ES2004b.B.words1157)"/>
   </ae>
   <ae nite:id="ES2004b.B.argumentstructs.Erik.11">
      <nite:pointer role="type"  href="ae-types.xml#id(ae_1)"/>
      <nite:child href="ES2004b.B.words.xml#id(ES2004b.B.words1160)..id(ES2004b.B.words1200)"/>
   </ae>
   <ae nite:id="ES2004b.B.argumentstructs.Erik.12">
      <nite:pointer role="type"  href="ae-types.xml#id(ae_1)"/>
      <nite:child href="ES2004b.B.words.xml#id(ES2004b.B.words1201)..id(ES2004b.B.words1320)"/>
   </ae>
   <ae nite:id="ES2004b.B.argumentstructs.Erik.13">
      <nite:pointer role="type"  href="ae-types.xml#id(ae_1)"/>
      <nite:child href="ES2004b.B.words.xml#id(ES2004b.B.words1321)..id(ES2004b.B.words1332)"/>
   </ae>
   <ae nite:id="ES2004b.B.argumentstructs.Erik.14">
      <nite:pointer role="type"  href="ae-types.xml#id(ae_1)"/>
      <nite:child href="ES2004b.B.words.xml#id(ES2004b.B.words1333)..id(ES2004b.B.words1411)"/>
   </ae>
   <ae nite:id="ES2004b.B.argumentstructs.Erik.15">
      <nite:pointer role="type"  href="ae-types.xml#id(ae_1)"/>
      <nite:child href="ES2004b.B.words.xml#id(ES2004b.B.words1412)..id(ES2004b.B.words1430)"/>
   </ae>
   <ae nite:id="ES2004b.B.argumentstructs.Erik.16">
      <nite:pointer role="type"  href="ae-types.xml#id(ae_1)"/>
      <nite:child href="ES2004b.B.words.xml#id(ES2004b.B.words1433)..id(ES2004b.B.words1435)"/>
   </ae>
   <ae nite:id="ES2004b.B.argumentstructs.Erik.17">
      <nite:pointer role="type"  href="ae-types.xml#id(ae_3)"/>
      <nite:child href="ES2004b.B.words.xml#id(ES2004b.B.words1612)..id(ES2004b.B.words1666)"/>
   </ae>
   <ae nite:id="ES2004b.B.argumentstructs.Erik.18">
      <nite:pointer role="type"  href="ae-types.xml#id(ae_1)"/>
      <nite:child href="ES2004b.B.words.xml#id(ES2004b.B.words1667)..id(ES2004b.B.words1749)"/>
   </ae>
   <ae nite:id="ES2004b.B.argumentstructs.Erik.19">
      <nite:pointer role="type"  href="ae-types.xml#id(ae_1)"/>
      <nite:child href="ES2004b.B.words.xml#id(ES2004b.B.words1750)..id(ES2004b.B.words1760)"/>
   </ae>
   <ae nite:id="ES2004b.B.argumentstructs.Erik.20">
      <nite:pointer role="type"  href="ae-types.xml#id(ae_1)"/>
      <nite:child href="ES2004b.B.words.xml#id(ES2004b.B.words1762)..id(ES2004b.B.words1763)"/>
   </ae>
   <ae nite:id="ES2004b.B.argumentstructs.Erik.21">
      <nite:pointer role="type"  href="ae-types.xml#id(ae_1)"/>
      <nite:child href="ES2004b.B.words.xml#id(ES2004b.B.words1764)..id(ES2004b.B.words1769)"/>
   </ae>
   <ae nite:id="ES2004b.B.argumentstructs.Erik.22">
      <nite:pointer role="type"  href="ae-types.xml#id(ae_1)"/>
      <nite:child href="ES2004b.B.words.xml#id(ES2004b.B.words1777)..id(ES2004b.B.words1778)"/>
   </ae>
   <ae nite:id="ES2004b.B.argumentstructs.Erik.23">
      <nite:pointer role="type"  href="ae-types.xml#id(ae_1)"/>
      <nite:child href="ES2004b.B.words.xml#id(ES2004b.B.words1779)..id(ES2004b.B.words1780)"/>
   </ae>
   <ae nite:id="ES2004b.B.argumentstructs.Erik.24">
      <nite:pointer role="type"  href="ae-types.xml#id(ae_1)"/>
      <nite:child href="ES2004b.B.words.xml#id(ES2004b.B.words1781)..id(ES2004b.B.words1792)"/>
   </ae>
   <ae nite:id="ES2004b.B.argumentstructs.Erik.25">
      <nite:pointer role="type"  href="ae-types.xml#id(ae_1)"/>
      <nite:child href="ES2004b.B.words.xml#id(ES2004b.B.words1884)..id(ES2004b.B.words1972)"/>
   </ae>
   <ae nite:id="ES2004b.B.argumentstructs.Erik.26">
      <nite:pointer role="type"  href="ae-types.xml#id(ae_1)"/>
      <nite:child href="ES2004b.B.words.xml#id(ES2004b.B.words1973)..id(ES2004b.B.words1984)"/>
   </ae>
   <ae nite:id="ES2004b.B.argumentstructs.Erik.27">
      <nite:pointer role="type"  href="ae-types.xml#id(ae_1)"/>
      <nite:child href="ES2004b.B.words.xml#id(ES2004b.B.words1985)..id(ES2004b.B.words2024)"/>
   </ae>
   <ae nite:id="ES2004b.B.argumentstructs.Erik.28">
      <nite:pointer role="type"  href="ae-types.xml#id(ae_1)"/>
      <nite:child href="ES2004b.B.words.xml#id(ES2004b.B.words2025)..id(ES2004b.B.words2026)"/>
   </ae>
   <ae nite:id="ES2004b.B.argumentstructs.Erik.29">
      <nite:pointer role="type"  href="ae-types.xml#id(ae_1)"/>
      <nite:child href="ES2004b.B.words.xml#id(ES2004b.B.words2029)..id(ES2004b.B.words2030)"/>
   </ae>
   <ae nite:id="ES2004b.B.argumentstructs.30">
      <nite:pointer role="type"  href="ae-types.xml#id(ae_6)"/>
      <nite:child href="ES2004b.B.words.xml#id(ES2004b.B.words398)..id(ES2004b.B.words404)"/>
   </ae>
   <ae nite:id="ES2004b.B.argumentstructs.31">
      <nite:pointer role="type"  href="ae-types.xml#id(ae_6)"/>
      <nite:child href="ES2004b.B.words.xml#id(ES2004b.B.words425)"/>
   </ae>
   <ae nite:id="ES2004b.B.argumentstructs.32">
      <nite:pointer role="type"  href="ae-types.xml#id(ae_6)"/>
      <nite:child href="ES2004b.B.words.xml#id(ES2004b.B.words504)..id(ES2004b.B.words505)"/>
   </ae>
   <ae nite:id="ES2004b.B.argumentstructs.33">
      <nite:pointer role="type"  href="ae-types.xml#id(ae_6)"/>
      <nite:child href="ES2004b.B.words.xml#id(ES2004b.B.words555)..id(ES2004b.B.words556)"/>
   </ae>
   <ae nite:id="ES2004b.B.argumentstructs.34">
      <nite:pointer role="type"  href="ae-types.xml#id(ae_6)"/>
      <nite:child href="ES2004b.B.words.xml#id(ES2004b.B.words573)..id(ES2004b.B.words576)"/>
   </ae>
   <ae nite:id="ES2004b.B.argumentstructs.35">
      <nite:pointer role="type"  href="ae-types.xml#id(ae_6)"/>
      <nite:child href="ES2004b.B.words.xml#id(ES2004b.B.words784)..id(ES2004b.B.words785)"/>
      <nite:child href="ES2004b.B.words.xml#id(ES2004b.B.words787)..id(ES2004b.B.words844)"/>
   </ae>
   <ae nite:id="ES2004b.B.argumentstructs.36">
      <nite:pointer role="type"  href="ae-types.xml#id(ae_6)"/>
      <nite:child href="ES2004b.B.words.xml#id(ES2004b.B.words954)..id(ES2004b.B.words959)"/>
   </ae>
   <ae nite:id="ES2004b.B.argumentstructs.37">
      <nite:pointer role="type"  href="ae-types.xml#id(ae_6)"/>
      <nite:child href="ES2004b.B.words.xml#id(ES2004b.B.words1061)..id(ES2004b.B.words1062)"/>
      <nite:child href="ES2004b.B.words.xml#id(ES2004b.B.words1064)..id(ES2004b.B.words1098)"/>
      <nite:child href="ES2004b.B.words.xml#id(ES2004b.B.words1100)..id(ES2004b.B.words1150)"/>
   </ae>
   <ae nite:id="ES2004b.B.argumentstructs.38">
      <nite:pointer role="type"  href="ae-types.xml#id(ae_6)"/>
      <nite:child href="ES2004b.B.words.xml#id(ES2004b.B.words1431)..id(ES2004b.B.words1432)"/>
   </ae>
   <ae nite:id="ES2004b.B.argumentstructs.39">
      <nite:pointer role="type"  href="ae-types.xml#id(ae_6)"/>
      <nite:child href="ES2004b.B.words.xml#id(ES2004b.B.words1549)..id(ES2004b.B.words1611)"/>
   </ae>
   <ae nite:id="ES2004b.B.argumentstructs.40">
      <nite:pointer role="type"  href="ae-types.xml#id(ae_6)"/>
      <nite:child href="ES2004b.B.words.xml#id(ES2004b.B.words1761)"/>
   </ae>
   <ae nite:id="ES2004b.B.argumentstructs.41">
      <nite:pointer role="type"  href="ae-types.xml#id(ae_6)"/>
      <nite:child href="ES2004b.B.words.xml#id(ES2004b.B.words1770)..id(ES2004b.B.words1776)"/>
   </ae>
   <ae nite:id="ES2004b.B.argumentstructs.42">
      <nite:pointer role="type"  href="ae-types.xml#id(ae_6)"/>
      <nite:child href="ES2004b.B.words.xml#id(ES2004b.B.words1793)..id(ES2004b.B.words1836)"/>
      <nite:child href="ES2004b.B.words.xml#id(ES2004b.B.words1839)..id(ES2004b.B.words1848)"/>
   </ae>
   <ae nite:id="ES2004b.B.argumentstructs.43">
      <nite:pointer role="type"  href="ae-types.xml#id(ae_6)"/>
      <nite:child href="ES2004b.B.words.xml#id(ES2004b.B.words2027)..id(ES2004b.B.words2028)"/>
   </ae>
   <ae nite:id="ES2004b.B.argumentstructs.44">
      <nite:pointer role="type"  href="ae-types.xml#id(ae_6)"/>
      <nite:child href="ES2004b.B.words.xml#id(ES2004b.B.words2031)..id(ES2004b.B.words2034)"/>
   </ae>
</nite:root>