<?xml version="1.0" encoding="ISO-8859-1" standalone="yes"?>
<nite:root nite:id="ES2012a.D.argumentstructs" xmlns:nite="http://nite.sourceforge.net/">
   <ae nite:id="ES2012a.D.argumentstructs.Erik.1">
      <nite:pointer role="type"  href="ae-types.xml#id(ae_1)"/>
      <nite:child href="ES2012a.D.words.xml#id(ES2012a.D.words121)..id(ES2012a.D.words122)"/>
   </ae>
   <ae nite:id="ES2012a.D.argumentstructs.Erik.2">
      <nite:pointer role="type"  href="ae-types.xml#id(ae_1)"/>
      <nite:child href="ES2012a.D.words.xml#id(ES2012a.D.words146)..id(ES2012a.D.words184)"/>
   </ae>
   <ae nite:id="ES2012a.D.argumentstructs.Erik.3">
      <nite:pointer role="type"  href="ae-types.xml#id(ae_1)"/>
      <nite:child href="ES2012a.D.words.xml#id(ES2012a.D.words185)..id(ES2012a.D.words195)"/>
   </ae>
   <ae nite:id="ES2012a.D.argumentstructs.Erik.4">
      <nite:pointer role="type"  href="ae-types.xml#id(ae_1)"/>
      <nite:child href="ES2012a.D.words.xml#id(ES2012a.D.words199)..id(ES2012a.D.words247)"/>
   </ae>
   <ae nite:id="ES2012a.D.argumentstructs.Erik.5">
      <nite:pointer role="type"  href="ae-types.xml#id(ae_1)"/>
      <nite:child href="ES2012a.D.words.xml#id(ES2012a.D.words267)..id(ES2012a.D.words275)"/>
   </ae>
   <ae nite:id="ES2012a.D.argumentstructs.Erik.6">
      <nite:pointer role="type"  href="ae-types.xml#id(ae_1)"/>
      <nite:child href="ES2012a.D.words.xml#id(ES2012a.D.words279)..id(ES2012a.D.words280)"/>
   </ae>
   <ae nite:id="ES2012a.D.argumentstructs.Erik.7">
      <nite:pointer role="type"  href="ae-types.xml#id(ae_1)"/>
      <nite:child href="ES2012a.D.words.xml#id(ES2012a.D.words281)..id(ES2012a.D.words349)"/>
   </ae>
   <ae nite:id="ES2012a.D.argumentstructs.Erik.8">
      <nite:pointer role="type"  href="ae-types.xml#id(ae_1)"/>
      <nite:child href="ES2012a.D.words.xml#id(ES2012a.D.words353)..id(ES2012a.D.words357)"/>
   </ae>
   <ae nite:id="ES2012a.D.argumentstructs.Erik.9">
      <nite:pointer role="type"  href="ae-types.xml#id(ae_1)"/>
      <nite:child href="ES2012a.D.words.xml#id(ES2012a.D.words360)..id(ES2012a.D.words367)"/>
   </ae>
   <ae nite:id="ES2012a.D.argumentstructs.10">
      <nite:pointer role="type"  href="ae-types.xml#id(ae_6)"/>
      <nite:child href="ES2012a.D.words.xml#id(ES2012a.D.words123)..id(ES2012a.D.words136)"/>
      <nite:child href="ES2012a.D.words.xml#id(ES2012a.D.words138)..id(ES2012a.D.words145)"/>
   </ae>
   <ae nite:id="ES2012a.D.argumentstructs.11">
      <nite:pointer role="type"  href="ae-types.xml#id(ae_6)"/>
      <nite:child href="ES2012a.D.words.xml#id(ES2012a.D.words197)..id(ES2012a.D.words198)"/>
   </ae>
   <ae nite:id="ES2012a.D.argumentstructs.12">
      <nite:pointer role="type"  href="ae-types.xml#id(ae_6)"/>
      <nite:child href="ES2012a.D.words.xml#id(ES2012a.D.words248)..id(ES2012a.D.words254)"/>
      <nite:child href="ES2012a.D.words.xml#id(ES2012a.D.words256)..id(ES2012a.D.words266)"/>
   </ae>
   <ae nite:id="ES2012a.D.argumentstructs.13">
      <nite:pointer role="type"  href="ae-types.xml#id(ae_6)"/>
      <nite:child href="ES2012a.D.words.xml#id(ES2012a.D.words276)..id(ES2012a.D.words277)"/>
   </ae>
   <ae nite:id="ES2012a.D.argumentstructs.14">
      <nite:pointer role="type"  href="ae-types.xml#id(ae_6)"/>
      <nite:child href="ES2012a.D.words.xml#id(ES2012a.D.words350)..id(ES2012a.D.words352)"/>
   </ae>
   <ae nite:id="ES2012a.D.argumentstructs.15">
      <nite:pointer role="type"  href="ae-types.xml#id(ae_6)"/>
      <nite:child href="ES2012a.D.words.xml#id(ES2012a.D.words358)..id(ES2012a.D.words359)"/>
   </ae>
</nite:root>