<?xml version="1.0" encoding="ISO-8859-1" standalone="yes"?>
<nite:root nite:id="ES2010d.C.argumentstructs" xmlns:nite="http://nite.sourceforge.net/">
   <ae nite:id="ES2010d.C.argumentstructs.Erik.1">
      <nite:pointer role="type"  href="ae-types.xml#id(ae_1)"/>
      <nite:child href="ES2010d.C.words.xml#id(ES2010d.C.words347)..id(ES2010d.C.words351)"/>
   </ae>
   <ae nite:id="ES2010d.C.argumentstructs.Erik.2">
      <nite:pointer role="type"  href="ae-types.xml#id(ae_1)"/>
      <nite:child href="ES2010d.C.words.xml#id(ES2010d.C.words353)..id(ES2010d.C.words354)"/>
   </ae>
   <ae nite:id="ES2010d.C.argumentstructs.Erik.3">
      <nite:pointer role="type"  href="ae-types.xml#id(ae_1)"/>
      <nite:child href="ES2010d.C.words.xml#id(ES2010d.C.words355)..id(ES2010d.C.words359)"/>
   </ae>
   <ae nite:id="ES2010d.C.argumentstructs.Erik.4">
      <nite:pointer role="type"  href="ae-types.xml#id(ae_1)"/>
      <nite:child href="ES2010d.C.words.xml#id(ES2010d.C.words387)..id(ES2010d.C.words396)"/>
   </ae>
   <ae nite:id="ES2010d.C.argumentstructs.Erik.5">
      <nite:pointer role="type"  href="ae-types.xml#id(ae_1)"/>
      <nite:child href="ES2010d.C.words.xml#id(ES2010d.C.words398)..id(ES2010d.C.words419)"/>
   </ae>
   <ae nite:id="ES2010d.C.argumentstructs.Erik.6">
      <nite:pointer role="type"  href="ae-types.xml#id(ae_3)"/>
      <nite:child href="ES2010d.C.words.xml#id(ES2010d.C.words420)..id(ES2010d.C.words431)"/>
   </ae>
   <ae nite:id="ES2010d.C.argumentstructs.Erik.7">
      <nite:pointer role="type"  href="ae-types.xml#id(ae_1)"/>
      <nite:child href="ES2010d.C.words.xml#id(ES2010d.C.words432)..id(ES2010d.C.words437)"/>
   </ae>
</nite:root>