<?xml version="1.0" encoding="ISO-8859-1" standalone="yes"?>
<nite:root nite:id="ES2007a.A.argumentstructs" xmlns:nite="http://nite.sourceforge.net/">
   <ae nite:id="ES2007a.A.argumentstructs.Erik.1">
      <nite:pointer role="type"  href="ae-types.xml#id(ae_1)"/>
      <nite:child href="ES2007a.A.words.xml#id(ES2007a.A.words929)..id(ES2007a.A.words930)"/>
   </ae>
   <ae nite:id="ES2007a.A.argumentstructs.Erik.2">
      <nite:pointer role="type"  href="ae-types.xml#id(ae_1)"/>
      <nite:child href="ES2007a.A.words.xml#id(ES2007a.A.words931)..id(ES2007a.A.words1017)"/>
   </ae>
   <ae nite:id="ES2007a.A.argumentstructs.Erik.3">
      <nite:pointer role="type"  href="ae-types.xml#id(ae_3)"/>
      <nite:child href="ES2007a.A.words.xml#id(ES2007a.A.words1018)..id(ES2007a.A.words1022)"/>
   </ae>
   <ae nite:id="ES2007a.A.argumentstructs.Erik.4">
      <nite:pointer role="type"  href="ae-types.xml#id(ae_1)"/>
      <nite:child href="ES2007a.A.words.xml#id(ES2007a.A.words1023)..id(ES2007a.A.words1047)"/>
   </ae>
   <ae nite:id="ES2007a.A.argumentstructs.Erik.5">
      <nite:pointer role="type"  href="ae-types.xml#id(ae_1)"/>
      <nite:child href="ES2007a.A.words.xml#id(ES2007a.A.words1065)..id(ES2007a.A.words1066)"/>
   </ae>
   <ae nite:id="ES2007a.A.argumentstructs.Erik.6">
      <nite:pointer role="type"  href="ae-types.xml#id(ae_1)"/>
      <nite:child href="ES2007a.A.words.xml#id(ES2007a.A.words1075)..id(ES2007a.A.words1103)"/>
   </ae>
   <ae nite:id="ES2007a.A.argumentstructs.Erik.7">
      <nite:pointer role="type"  href="ae-types.xml#id(ae_1)"/>
      <nite:child href="ES2007a.A.words.xml#id(ES2007a.A.words1104)..id(ES2007a.A.words1105)"/>
   </ae>
   <ae nite:id="ES2007a.A.argumentstructs.Erik.8">
      <nite:pointer role="type"  href="ae-types.xml#id(ae_1)"/>
      <nite:child href="ES2007a.A.words.xml#id(ES2007a.A.words1106)..id(ES2007a.A.words1114)"/>
   </ae>
   <ae nite:id="ES2007a.A.argumentstructs.Erik.9">
      <nite:pointer role="type"  href="ae-types.xml#id(ae_1)"/>
      <nite:child href="ES2007a.A.words.xml#id(ES2007a.A.words1116)..id(ES2007a.A.words1141)"/>
   </ae>
   <ae nite:id="ES2007a.A.argumentstructs.10">
      <nite:pointer role="type"  href="ae-types.xml#id(ae_6)"/>
      <nite:child href="ES2007a.A.words.xml#id(ES2007a.A.words1049)..id(ES2007a.A.words1064)"/>
   </ae>
   <ae nite:id="ES2007a.A.argumentstructs.11">
      <nite:pointer role="type"  href="ae-types.xml#id(ae_6)"/>
      <nite:child href="ES2007a.A.words.xml#id(ES2007a.A.words1067)..id(ES2007a.A.words1073)"/>
   </ae>
</nite:root>