<?xml version="1.0" encoding="ISO-8859-1" standalone="yes"?>
<nite:root nite:id="ES2002c.B.argumentstructs" xmlns:nite="http://nite.sourceforge.net/">
   <ae nite:id="ES2002c.B.argumentstructs.Erik.1">
      <nite:pointer role="type"  href="ae-types.xml#id(ae_3)"/>
      <nite:child href="ES2002c.B.words.xml#id(ES2002c.B.words674)..id(ES2002c.B.words687)"/>
   </ae>
   <ae nite:id="ES2002c.B.argumentstructs.Erik.2">
      <nite:pointer role="type"  href="ae-types.xml#id(ae_1)"/>
      <nite:child href="ES2002c.B.words.xml#id(ES2002c.B.words690)..id(ES2002c.B.words691)"/>
   </ae>
   <ae nite:id="ES2002c.B.argumentstructs.Erik.3">
      <nite:pointer role="type"  href="ae-types.xml#id(ae_1)"/>
      <nite:child href="ES2002c.B.words.xml#id(ES2002c.B.words692)..id(ES2002c.B.words695)"/>
   </ae>
   <ae nite:id="ES2002c.B.argumentstructs.Erik.4">
      <nite:pointer role="type"  href="ae-types.xml#id(ae_1)"/>
      <nite:child href="ES2002c.B.words.xml#id(ES2002c.B.words696)..id(ES2002c.B.words710)"/>
   </ae>
   <ae nite:id="ES2002c.B.argumentstructs.Erik.5">
      <nite:pointer role="type"  href="ae-types.xml#id(ae_1)"/>
      <nite:child href="ES2002c.B.words.xml#id(ES2002c.B.words711)..id(ES2002c.B.words712)"/>
   </ae>
   <ae nite:id="ES2002c.B.argumentstructs.Erik.6">
      <nite:pointer role="type"  href="ae-types.xml#id(ae_1)"/>
      <nite:child href="ES2002c.B.words.xml#id(ES2002c.B.words717)..id(ES2002c.B.words718)"/>
   </ae>
   <ae nite:id="ES2002c.B.argumentstructs.Erik.7">
      <nite:pointer role="type"  href="ae-types.xml#id(ae_1)"/>
      <nite:child href="ES2002c.B.words.xml#id(ES2002c.B.words1029)..id(ES2002c.B.words1038)"/>
   </ae>
   <ae nite:id="ES2002c.B.argumentstructs.Erik.8">
      <nite:pointer role="type"  href="ae-types.xml#id(ae_1)"/>
      <nite:child href="ES2002c.B.words.xml#id(ES2002c.B.words1039)..id(ES2002c.B.words1107)"/>
   </ae>
   <ae nite:id="ES2002c.B.argumentstructs.Erik.9">
      <nite:pointer role="type"  href="ae-types.xml#id(ae_1)"/>
      <nite:child href="ES2002c.B.words.xml#id(ES2002c.B.words1111)..id(ES2002c.B.words1148)"/>
   </ae>
   <ae nite:id="ES2002c.B.argumentstructs.Erik.10">
      <nite:pointer role="type"  href="ae-types.xml#id(ae_1)"/>
      <nite:child href="ES2002c.B.words.xml#id(ES2002c.B.words1151)..id(ES2002c.B.words1174)"/>
   </ae>
   <ae nite:id="ES2002c.B.argumentstructs.Erik.11">
      <nite:pointer role="type"  href="ae-types.xml#id(ae_1)"/>
      <nite:child href="ES2002c.B.words.xml#id(ES2002c.B.words1177)..id(ES2002c.B.words1190)"/>
   </ae>
   <ae nite:id="ES2002c.B.argumentstructs.Erik.12">
      <nite:pointer role="type"  href="ae-types.xml#id(ae_3)"/>
      <nite:child href="ES2002c.B.words.xml#id(ES2002c.B.words1191)..id(ES2002c.B.words1194)"/>
   </ae>
   <ae nite:id="ES2002c.B.argumentstructs.Erik.13">
      <nite:pointer role="type"  href="ae-types.xml#id(ae_1)"/>
      <nite:child href="ES2002c.B.words.xml#id(ES2002c.B.words1197)..id(ES2002c.B.words1209)"/>
   </ae>
   <ae nite:id="ES2002c.B.argumentstructs.Erik.14">
      <nite:pointer role="type"  href="ae-types.xml#id(ae_5)"/>
      <nite:child href="ES2002c.B.words.xml#id(ES2002c.B.words1210)..id(ES2002c.B.words1218)"/>
   </ae>
   <ae nite:id="ES2002c.B.argumentstructs.Erik.15">
      <nite:pointer role="type"  href="ae-types.xml#id(ae_5)"/>
      <nite:child href="ES2002c.B.words.xml#id(ES2002c.B.words1219)..id(ES2002c.B.words1227)"/>
   </ae>
   <ae nite:id="ES2002c.B.argumentstructs.Erik.16">
      <nite:pointer role="type"  href="ae-types.xml#id(ae_1)"/>
      <nite:child href="ES2002c.B.words.xml#id(ES2002c.B.words1228)..id(ES2002c.B.words1232)"/>
   </ae>
   <ae nite:id="ES2002c.B.argumentstructs.Erik.17">
      <nite:pointer role="type"  href="ae-types.xml#id(ae_1)"/>
      <nite:child href="ES2002c.B.words.xml#id(ES2002c.B.words1235)..id(ES2002c.B.words1242)"/>
   </ae>
   <ae nite:id="ES2002c.B.argumentstructs.Erik.18">
      <nite:pointer role="type"  href="ae-types.xml#id(ae_3)"/>
      <nite:child href="ES2002c.B.words.xml#id(ES2002c.B.words1406)..id(ES2002c.B.words1443)"/>
   </ae>
   <ae nite:id="ES2002c.B.argumentstructs.Erik.19">
      <nite:pointer role="type"  href="ae-types.xml#id(ae_1)"/>
      <nite:child href="ES2002c.B.words.xml#id(ES2002c.B.words1444)..id(ES2002c.B.words1458)"/>
   </ae>
   <ae nite:id="ES2002c.B.argumentstructs.Erik.20">
      <nite:pointer role="type"  href="ae-types.xml#id(ae_1)"/>
      <nite:child href="ES2002c.B.words.xml#id(ES2002c.B.words1459)..id(ES2002c.B.words1460)"/>
   </ae>
   <ae nite:id="ES2002c.B.argumentstructs.Erik.21">
      <nite:pointer role="type"  href="ae-types.xml#id(ae_1)"/>
      <nite:child href="ES2002c.B.words.xml#id(ES2002c.B.words1461)..id(ES2002c.B.words1466)"/>
   </ae>
   <ae nite:id="ES2002c.B.argumentstructs.Erik.22">
      <nite:pointer role="type"  href="ae-types.xml#id(ae_5)"/>
      <nite:child href="ES2002c.B.words.xml#id(ES2002c.B.words1469)..id(ES2002c.B.words1477)"/>
   </ae>
   <ae nite:id="ES2002c.B.argumentstructs.Erik.23">
      <nite:pointer role="type"  href="ae-types.xml#id(ae_2)"/>
      <nite:child href="ES2002c.B.words.xml#id(ES2002c.B.words1803)..id(ES2002c.B.words1814)"/>
   </ae>
   <ae nite:id="ES2002c.B.argumentstructs.Erik.24">
      <nite:pointer role="type"  href="ae-types.xml#id(ae_1)"/>
      <nite:child href="ES2002c.B.words.xml#id(ES2002c.B.words1815)..id(ES2002c.B.words1822)"/>
   </ae>
   <ae nite:id="ES2002c.B.argumentstructs.Erik.25">
      <nite:pointer role="type"  href="ae-types.xml#id(ae_5)"/>
      <nite:child href="ES2002c.B.words.xml#id(ES2002c.B.words1823)..id(ES2002c.B.words1852)"/>
   </ae>
   <ae nite:id="ES2002c.B.argumentstructs.Erik.26">
      <nite:pointer role="type"  href="ae-types.xml#id(ae_1)"/>
      <nite:child href="ES2002c.B.words.xml#id(ES2002c.B.words1854)..id(ES2002c.B.words1855)"/>
   </ae>
   <ae nite:id="ES2002c.B.argumentstructs.27">
      <nite:pointer role="type"  href="ae-types.xml#id(ae_6)"/>
      <nite:child href="ES2002c.B.words.xml#id(ES2002c.B.words672)..id(ES2002c.B.words673)"/>
   </ae>
   <ae nite:id="ES2002c.B.argumentstructs.28">
      <nite:pointer role="type"  href="ae-types.xml#id(ae_6)"/>
      <nite:child href="ES2002c.B.words.xml#id(ES2002c.B.words688)..id(ES2002c.B.words689)"/>
   </ae>
   <ae nite:id="ES2002c.B.argumentstructs.29">
      <nite:pointer role="type"  href="ae-types.xml#id(ae_6)"/>
      <nite:child href="ES2002c.B.words.xml#id(ES2002c.B.words713)..id(ES2002c.B.words716)"/>
   </ae>
   <ae nite:id="ES2002c.B.argumentstructs.30">
      <nite:pointer role="type"  href="ae-types.xml#id(ae_6)"/>
      <nite:child href="ES2002c.B.words.xml#id(ES2002c.B.words719)..id(ES2002c.B.words720)"/>
   </ae>
   <ae nite:id="ES2002c.B.argumentstructs.31">
      <nite:pointer role="type"  href="ae-types.xml#id(ae_6)"/>
      <nite:child href="ES2002c.B.words.xml#id(ES2002c.B.words1108)..id(ES2002c.B.words1110)"/>
   </ae>
   <ae nite:id="ES2002c.B.argumentstructs.32">
      <nite:pointer role="type"  href="ae-types.xml#id(ae_6)"/>
      <nite:child href="ES2002c.B.words.xml#id(ES2002c.B.words1176)"/>
   </ae>
   <ae nite:id="ES2002c.B.argumentstructs.33">
      <nite:pointer role="type"  href="ae-types.xml#id(ae_6)"/>
      <nite:child href="ES2002c.B.words.xml#id(ES2002c.B.words1195)..id(ES2002c.B.words1196)"/>
   </ae>
   <ae nite:id="ES2002c.B.argumentstructs.34">
      <nite:pointer role="type"  href="ae-types.xml#id(ae_6)"/>
      <nite:child href="ES2002c.B.words.xml#id(ES2002c.B.words1233)..id(ES2002c.B.words1234)"/>
   </ae>
   <ae nite:id="ES2002c.B.argumentstructs.35">
      <nite:pointer role="type"  href="ae-types.xml#id(ae_6)"/>
      <nite:child href="ES2002c.B.words.xml#id(ES2002c.B.words1403)..id(ES2002c.B.words1405)"/>
   </ae>
   <ae nite:id="ES2002c.B.argumentstructs.36">
      <nite:pointer role="type"  href="ae-types.xml#id(ae_6)"/>
      <nite:child href="ES2002c.B.words.xml#id(ES2002c.B.words1467)..id(ES2002c.B.words1468)"/>
   </ae>
   <ae nite:id="ES2002c.B.argumentstructs.37">
      <nite:pointer role="type"  href="ae-types.xml#id(ae_6)"/>
      <nite:child href="ES2002c.B.words.xml#id(ES2002c.B.words1797)..id(ES2002c.B.words1801)"/>
   </ae>
   <ae nite:id="ES2002c.B.argumentstructs.38">
      <nite:pointer role="type"  href="ae-types.xml#id(ae_6)"/>
      <nite:child href="ES2002c.B.words.xml#id(ES2002c.B.words1856)..id(ES2002c.B.words1857)"/>
   </ae>
</nite:root>