<?xml version="1.0" encoding="ISO-8859-1" standalone="yes"?>
<nite:root nite:id="ES2015c.A.argumentstructs" xmlns:nite="http://nite.sourceforge.net/">
   <ae nite:id="ES2015c.A.argumentstructs.Rutger.1">
      <nite:pointer role="type"  href="ae-types.xml#id(ae_1)"/>
      <nite:child href="ES2015c.A.words.xml#id(ES2015c.A.words293)..id(ES2015c.A.words307)"/>
   </ae>
   <ae nite:id="ES2015c.A.argumentstructs.Rutger.2">
      <nite:pointer role="type"  href="ae-types.xml#id(ae_1)"/>
      <nite:child href="ES2015c.A.words.xml#id(ES2015c.A.words308)..id(ES2015c.A.words371)"/>
   </ae>
   <ae nite:id="ES2015c.A.argumentstructs.Rutger.3">
      <nite:pointer role="type"  href="ae-types.xml#id(ae_1)"/>
      <nite:child href="ES2015c.A.words.xml#id(ES2015c.A.words372)..id(ES2015c.A.words373)"/>
   </ae>
   <ae nite:id="ES2015c.A.argumentstructs.Rutger.4">
      <nite:pointer role="type"  href="ae-types.xml#id(ae_1)"/>
      <nite:child href="ES2015c.A.words.xml#id(ES2015c.A.words374)..id(ES2015c.A.words375)"/>
   </ae>
   <ae nite:id="ES2015c.A.argumentstructs.Rutger.5">
      <nite:pointer role="type"  href="ae-types.xml#id(ae_1)"/>
      <nite:child href="ES2015c.A.words.xml#id(ES2015c.A.words378)..id(ES2015c.A.words379)"/>
   </ae>
   <ae nite:id="ES2015c.A.argumentstructs.Rutger.6">
      <nite:pointer role="type"  href="ae-types.xml#id(ae_1)"/>
      <nite:child href="ES2015c.A.words.xml#id(ES2015c.A.words388)..id(ES2015c.A.words389)"/>
   </ae>
   <ae nite:id="ES2015c.A.argumentstructs.Rutger.8">
      <nite:pointer role="type"  href="ae-types.xml#id(ae_1)"/>
      <nite:child href="ES2015c.A.words.xml#id(ES2015c.A.words468)..id(ES2015c.A.words492)"/>
   </ae>
   <ae nite:id="ES2015c.A.argumentstructs.Rutger.9">
      <nite:pointer role="type"  href="ae-types.xml#id(ae_1)"/>
      <nite:child href="ES2015c.A.words.xml#id(ES2015c.A.words493)..id(ES2015c.A.words499)"/>
   </ae>
   <ae nite:id="ES2015c.A.argumentstructs.Rutger.10">
      <nite:pointer role="type"  href="ae-types.xml#id(ae_1)"/>
      <nite:child href="ES2015c.A.words.xml#id(ES2015c.A.words500)..id(ES2015c.A.words501)"/>
   </ae>
   <ae nite:id="ES2015c.A.argumentstructs.Rutger.11">
      <nite:pointer role="type"  href="ae-types.xml#id(ae_1)"/>
      <nite:child href="ES2015c.A.words.xml#id(ES2015c.A.words503)..id(ES2015c.A.words504)"/>
   </ae>
   <ae nite:id="ES2015c.A.argumentstructs.Rutger.12">
      <nite:pointer role="type"  href="ae-types.xml#id(ae_1)"/>
      <nite:child href="ES2015c.A.words.xml#id(ES2015c.A.words505)..id(ES2015c.A.words516)"/>
   </ae>
   <ae nite:id="ES2015c.A.argumentstructs.Rutger.13">
      <nite:pointer role="type"  href="ae-types.xml#id(ae_2)"/>
      <nite:child href="ES2015c.A.words.xml#id(ES2015c.A.words519)..id(ES2015c.A.words528)"/>
   </ae>
   <ae nite:id="ES2015c.A.argumentstructs.Rutger.14">
      <nite:pointer role="type"  href="ae-types.xml#id(ae_1)"/>
      <nite:child href="ES2015c.A.words.xml#id(ES2015c.A.words529)..id(ES2015c.A.words530)"/>
   </ae>
   <ae nite:id="ES2015c.A.argumentstructs.Rutger.15">
      <nite:pointer role="type"  href="ae-types.xml#id(ae_1)"/>
      <nite:child href="ES2015c.A.words.xml#id(ES2015c.A.words531)..id(ES2015c.A.words540)"/>
   </ae>
   <ae nite:id="ES2015c.A.argumentstructs.Rutger.16">
      <nite:pointer role="type"  href="ae-types.xml#id(ae_1)"/>
      <nite:child href="ES2015c.A.words.xml#id(ES2015c.A.words541)..id(ES2015c.A.words542)"/>
   </ae>
   <ae nite:id="ES2015c.A.argumentstructs.Rutger.17">
      <nite:pointer role="type"  href="ae-types.xml#id(ae_1)"/>
      <nite:child href="ES2015c.A.words.xml#id(ES2015c.A.words547)..id(ES2015c.A.words560)"/>
   </ae>
   <ae nite:id="ES2015c.A.argumentstructs.Rutger.18">
      <nite:pointer role="type"  href="ae-types.xml#id(ae_1)"/>
      <nite:child href="ES2015c.A.words.xml#id(ES2015c.A.words561)..id(ES2015c.A.words562)"/>
   </ae>
   <ae nite:id="ES2015c.A.argumentstructs.Rutger.19">
      <nite:pointer role="type"  href="ae-types.xml#id(ae_1)"/>
      <nite:child href="ES2015c.A.words.xml#id(ES2015c.A.words563)..id(ES2015c.A.words566)"/>
   </ae>
   <ae nite:id="ES2015c.A.argumentstructs.Rutger.20">
      <nite:pointer role="type"  href="ae-types.xml#id(ae_5)"/>
      <nite:child href="ES2015c.A.words.xml#id(ES2015c.A.words745)..id(ES2015c.A.words770)"/>
   </ae>
   <ae nite:id="ES2015c.A.argumentstructs.Rutger.21">
      <nite:pointer role="type"  href="ae-types.xml#id(ae_1)"/>
      <nite:child href="ES2015c.A.words.xml#id(ES2015c.A.words771)..id(ES2015c.A.words774)"/>
   </ae>
   <ae nite:id="ES2015c.A.argumentstructs.Rutger.22">
      <nite:pointer role="type"  href="ae-types.xml#id(ae_3)"/>
      <nite:child href="ES2015c.A.words.xml#id(ES2015c.A.words775)..id(ES2015c.A.words782)"/>
   </ae>
   <ae nite:id="ES2015c.A.argumentstructs.Rutger.23">
      <nite:pointer role="type"  href="ae-types.xml#id(ae_2)"/>
      <nite:child href="ES2015c.A.words.xml#id(ES2015c.A.words783)..id(ES2015c.A.words826)"/>
   </ae>
   <ae nite:id="ES2015c.A.argumentstructs.Rutger.24">
      <nite:pointer role="type"  href="ae-types.xml#id(ae_1)"/>
      <nite:child href="ES2015c.A.words.xml#id(ES2015c.A.words828)..id(ES2015c.A.words845)"/>
   </ae>
   <ae nite:id="ES2015c.A.argumentstructs.Rutger.25">
      <nite:pointer role="type"  href="ae-types.xml#id(ae_3)"/>
      <nite:child href="ES2015c.A.words.xml#id(ES2015c.A.words846)..id(ES2015c.A.words854)"/>
   </ae>
   <ae nite:id="ES2015c.A.argumentstructs.Rutger.26">
      <nite:pointer role="type"  href="ae-types.xml#id(ae_1)"/>
      <nite:child href="ES2015c.A.words.xml#id(ES2015c.A.words855)..id(ES2015c.A.words856)"/>
   </ae>
   <ae nite:id="ES2015c.A.argumentstructs.Rutger.27">
      <nite:pointer role="type"  href="ae-types.xml#id(ae_1)"/>
      <nite:child href="ES2015c.A.words.xml#id(ES2015c.A.words857)..id(ES2015c.A.words876)"/>
   </ae>
   <ae nite:id="ES2015c.A.argumentstructs.Rutger.28">
      <nite:pointer role="type"  href="ae-types.xml#id(ae_2)"/>
      <nite:child href="ES2015c.A.words.xml#id(ES2015c.A.words903)..id(ES2015c.A.words966)"/>
   </ae>
   <ae nite:id="ES2015c.A.argumentstructs.Rutger.29">
      <nite:pointer role="type"  href="ae-types.xml#id(ae_1)"/>
      <nite:child href="ES2015c.A.words.xml#id(ES2015c.A.words967)..id(ES2015c.A.words968)"/>
   </ae>
   <ae nite:id="ES2015c.A.argumentstructs.Rutger.30">
      <nite:pointer role="type"  href="ae-types.xml#id(ae_1)"/>
      <nite:child href="ES2015c.A.words.xml#id(ES2015c.A.words971)..id(ES2015c.A.words974)"/>
   </ae>
   <ae nite:id="ES2015c.A.argumentstructs.Rutger.31">
      <nite:pointer role="type"  href="ae-types.xml#id(ae_1)"/>
      <nite:child href="ES2015c.A.words.xml#id(ES2015c.A.words975)..id(ES2015c.A.words988)"/>
   </ae>
   <ae nite:id="ES2015c.A.argumentstructs.Rutger.33">
      <nite:pointer role="type"  href="ae-types.xml#id(ae_1)"/>
      <nite:child href="ES2015c.A.words.xml#id(ES2015c.A.words1032)..id(ES2015c.A.words1059)"/>
   </ae>
   <ae nite:id="ES2015c.A.argumentstructs.Rutger.34">
      <nite:pointer role="type"  href="ae-types.xml#id(ae_1)"/>
      <nite:child href="ES2015c.A.words.xml#id(ES2015c.A.words1060)..id(ES2015c.A.words1061)"/>
   </ae>
   <ae nite:id="ES2015c.A.argumentstructs.Rutger.35">
      <nite:pointer role="type"  href="ae-types.xml#id(ae_1)"/>
      <nite:child href="ES2015c.A.words.xml#id(ES2015c.A.words1064)..id(ES2015c.A.words1075)"/>
   </ae>
   <ae nite:id="ES2015c.A.argumentstructs.Rutger.36">
      <nite:pointer role="type"  href="ae-types.xml#id(ae_1)"/>
      <nite:child href="ES2015c.A.words.xml#id(ES2015c.A.words1078)..id(ES2015c.A.words1079)"/>
   </ae>
   <ae nite:id="ES2015c.A.argumentstructs.Rutger.37">
      <nite:pointer role="type"  href="ae-types.xml#id(ae_1)"/>
      <nite:child href="ES2015c.A.words.xml#id(ES2015c.A.words1085)..id(ES2015c.A.words1103)"/>
   </ae>
   <ae nite:id="ES2015c.A.argumentstructs.Rutger.38">
      <nite:pointer role="type"  href="ae-types.xml#id(ae_5)"/>
      <nite:child href="ES2015c.A.words.xml#id(ES2015c.A.words1488)..id(ES2015c.A.words1510)"/>
   </ae>
   <ae nite:id="ES2015c.A.argumentstructs.Rutger.39">
      <nite:pointer role="type"  href="ae-types.xml#id(ae_2)"/>
      <nite:child href="ES2015c.A.words.xml#id(ES2015c.A.words1511)..id(ES2015c.A.words1538)"/>
   </ae>
   <ae nite:id="ES2015c.A.argumentstructs.Rutger.40">
      <nite:pointer role="type"  href="ae-types.xml#id(ae_1)"/>
      <nite:child href="ES2015c.A.words.xml#id(ES2015c.A.words1539)..id(ES2015c.A.words1542)"/>
   </ae>
   <ae nite:id="ES2015c.A.argumentstructs.Rutger.41">
      <nite:pointer role="type"  href="ae-types.xml#id(ae_1)"/>
      <nite:child href="ES2015c.A.words.xml#id(ES2015c.A.words1543)..id(ES2015c.A.words1544)"/>
   </ae>
   <ae nite:id="ES2015c.A.argumentstructs.Rutger.42">
      <nite:pointer role="type"  href="ae-types.xml#id(ae_1)"/>
      <nite:child href="ES2015c.A.words.xml#id(ES2015c.A.words1545)..id(ES2015c.A.words1552)"/>
   </ae>
   <ae nite:id="ES2015c.A.argumentstructs.Rutger.43">
      <nite:pointer role="type"  href="ae-types.xml#id(ae_1)"/>
      <nite:child href="ES2015c.A.words.xml#id(ES2015c.A.words1554)..id(ES2015c.A.words1564)"/>
   </ae>
   <ae nite:id="ES2015c.A.argumentstructs.Rutger.44">
      <nite:pointer role="type"  href="ae-types.xml#id(ae_1)"/>
      <nite:child href="ES2015c.A.words.xml#id(ES2015c.A.words1565)"/>
   </ae>
   <ae nite:id="ES2015c.A.argumentstructs.Rutger.45">
      <nite:pointer role="type"  href="ae-types.xml#id(ae_1)"/>
      <nite:child href="ES2015c.A.words.xml#id(ES2015c.A.words1567)..id(ES2015c.A.words1575)"/>
   </ae>
   <ae nite:id="ES2015c.A.argumentstructs.Rutger.46">
      <nite:pointer role="type"  href="ae-types.xml#id(ae_1)"/>
      <nite:child href="ES2015c.A.words.xml#id(ES2015c.A.words1576)..id(ES2015c.A.words1608)"/>
   </ae>
   <ae nite:id="ES2015c.A.argumentstructs.Rutger.47">
      <nite:pointer role="type"  href="ae-types.xml#id(ae_1)"/>
      <nite:child href="ES2015c.A.words.xml#id(ES2015c.A.words1609)..id(ES2015c.A.words1614)"/>
   </ae>
   <ae nite:id="ES2015c.A.argumentstructs.Rutger.48">
      <nite:pointer role="type"  href="ae-types.xml#id(ae_1)"/>
      <nite:child href="ES2015c.A.words.xml#id(ES2015c.A.words1615)..id(ES2015c.A.words1627)"/>
   </ae>
   <ae nite:id="ES2015c.A.argumentstructs.Rutger.49">
      <nite:pointer role="type"  href="ae-types.xml#id(ae_1)"/>
      <nite:child href="ES2015c.A.words.xml#id(ES2015c.A.words1628)..id(ES2015c.A.words1640)"/>
   </ae>
   <ae nite:id="ES2015c.A.argumentstructs.Rutger.50">
      <nite:pointer role="type"  href="ae-types.xml#id(ae_5)"/>
      <nite:child href="ES2015c.A.words.xml#id(ES2015c.A.words1641)..id(ES2015c.A.words1645)"/>
   </ae>
   <ae nite:id="ES2015c.A.argumentstructs.Rutger.51">
      <nite:child href="ES2015c.A.words.xml#id(ES2015c.A.words1646)..id(ES2015c.A.words1653)"/>
   </ae>
   <ae nite:id="ES2015c.A.argumentstructs.Rutger.52">
      <nite:pointer role="type"  href="ae-types.xml#id(ae_1)"/>
      <nite:child href="ES2015c.A.words.xml#id(ES2015c.A.words1654)..id(ES2015c.A.words1701)"/>
   </ae>
   <ae nite:id="ES2015c.A.argumentstructs.Rutger.53">
      <nite:pointer role="type"  href="ae-types.xml#id(ae_1)"/>
      <nite:child href="ES2015c.A.words.xml#id(ES2015c.A.words1702)..id(ES2015c.A.words1703)"/>
   </ae>
   <ae nite:id="ES2015c.A.argumentstructs.Rutger.54">
      <nite:pointer role="type"  href="ae-types.xml#id(ae_1)"/>
      <nite:child href="ES2015c.A.words.xml#id(ES2015c.A.words1704)..id(ES2015c.A.words1705)"/>
   </ae>
   <ae nite:id="ES2015c.A.argumentstructs.55">
      <nite:pointer role="type"  href="ae-types.xml#id(ae_6)"/>
      <nite:child href="ES2015c.A.words.xml#id(ES2015c.A.words263)..id(ES2015c.A.words284)"/>
      <nite:child href="ES2015c.A.words.xml#id(ES2015c.A.words286)..id(ES2015c.A.words292)"/>
   </ae>
   <ae nite:id="ES2015c.A.argumentstructs.56">
      <nite:pointer role="type"  href="ae-types.xml#id(ae_6)"/>
      <nite:child href="ES2015c.A.words.xml#id(ES2015c.A.words376)..id(ES2015c.A.words377)"/>
   </ae>
   <ae nite:id="ES2015c.A.argumentstructs.57">
      <nite:pointer role="type"  href="ae-types.xml#id(ae_6)"/>
      <nite:child href="ES2015c.A.words.xml#id(ES2015c.A.words380)..id(ES2015c.A.words384)"/>
      <nite:child href="ES2015c.A.words.xml#id(ES2015c.A.words386)..id(ES2015c.A.words387)"/>
   </ae>
   <ae nite:id="ES2015c.A.argumentstructs.58">
      <nite:pointer role="type"  href="ae-types.xml#id(ae_6)"/>
      <nite:child href="ES2015c.A.words.xml#id(ES2015c.A.words412)..id(ES2015c.A.words418)"/>
      <nite:child href="ES2015c.A.words.xml#id(ES2015c.A.words420)..id(ES2015c.A.words425)"/>
      <nite:child href="ES2015c.A.words.xml#id(ES2015c.A.words427)..id(ES2015c.A.words467)"/>
   </ae>
   <ae nite:id="ES2015c.A.argumentstructs.59">
      <nite:pointer role="type"  href="ae-types.xml#id(ae_6)"/>
      <nite:child href="ES2015c.A.words.xml#id(ES2015c.A.words517)..id(ES2015c.A.words518)"/>
   </ae>
   <ae nite:id="ES2015c.A.argumentstructs.60">
      <nite:pointer role="type"  href="ae-types.xml#id(ae_6)"/>
      <nite:child href="ES2015c.A.words.xml#id(ES2015c.A.words543)..id(ES2015c.A.words546)"/>
   </ae>
   <ae nite:id="ES2015c.A.argumentstructs.61">
      <nite:pointer role="type"  href="ae-types.xml#id(ae_6)"/>
      <nite:child href="ES2015c.A.words.xml#id(ES2015c.A.words827)"/>
   </ae>
   <ae nite:id="ES2015c.A.argumentstructs.62">
      <nite:pointer role="type"  href="ae-types.xml#id(ae_6)"/>
      <nite:child href="ES2015c.A.words.xml#id(ES2015c.A.words877)..id(ES2015c.A.words902)"/>
   </ae>
   <ae nite:id="ES2015c.A.argumentstructs.63">
      <nite:pointer role="type"  href="ae-types.xml#id(ae_6)"/>
      <nite:child href="ES2015c.A.words.xml#id(ES2015c.A.words969)..id(ES2015c.A.words970)"/>
   </ae>
   <ae nite:id="ES2015c.A.argumentstructs.64">
      <nite:pointer role="type"  href="ae-types.xml#id(ae_6)"/>
      <nite:child href="ES2015c.A.words.xml#id(ES2015c.A.words1002)..id(ES2015c.A.words1031)"/>
   </ae>
   <ae nite:id="ES2015c.A.argumentstructs.65">
      <nite:pointer role="type"  href="ae-types.xml#id(ae_6)"/>
      <nite:child href="ES2015c.A.words.xml#id(ES2015c.A.words1062)..id(ES2015c.A.words1063)"/>
   </ae>
   <ae nite:id="ES2015c.A.argumentstructs.66">
      <nite:pointer role="type"  href="ae-types.xml#id(ae_6)"/>
      <nite:child href="ES2015c.A.words.xml#id(ES2015c.A.words1076)..id(ES2015c.A.words1077)"/>
   </ae>
   <ae nite:id="ES2015c.A.argumentstructs.67">
      <nite:pointer role="type"  href="ae-types.xml#id(ae_6)"/>
      <nite:child href="ES2015c.A.words.xml#id(ES2015c.A.words1080)..id(ES2015c.A.words1081)"/>
      <nite:child href="ES2015c.A.words.xml#id(ES2015c.A.words1083)..id(ES2015c.A.words1084)"/>
   </ae>
   <ae nite:id="ES2015c.A.argumentstructs.68">
      <nite:pointer role="type"  href="ae-types.xml#id(ae_6)"/>
      <nite:child href="ES2015c.A.words.xml#id(ES2015c.A.words1105)..id(ES2015c.A.words1108)"/>
   </ae>
   <ae nite:id="ES2015c.A.argumentstructs.69">
      <nite:pointer role="type"  href="ae-types.xml#id(ae_6)"/>
      <nite:child href="ES2015c.A.words.xml#id(ES2015c.A.words1553)"/>
   </ae>
   <ae nite:id="ES2015c.A.argumentstructs.70">
      <nite:pointer role="type"  href="ae-types.xml#id(ae_6)"/>
      <nite:child href="ES2015c.A.words.xml#id(ES2015c.A.words1566)"/>
   </ae>
</nite:root>