<?xml version="1.0" encoding="ISO-8859-1" standalone="yes"?>
<nite:root nite:id="ES2004b.C.argumentstructs" xmlns:nite="http://nite.sourceforge.net/">
   <ae nite:id="ES2004b.C.argumentstructs.Erik.1">
      <nite:pointer role="type"  href="ae-types.xml#id(ae_1)"/>
      <nite:child href="ES2004b.C.words.xml#id(ES2004b.C.words1024)..id(ES2004b.C.words1026)"/>
   </ae>
   <ae nite:id="ES2004b.C.argumentstructs.Erik.2">
      <nite:pointer role="type"  href="ae-types.xml#id(ae_1)"/>
      <nite:child href="ES2004b.C.words.xml#id(ES2004b.C.words1039)..id(ES2004b.C.words1083)"/>
   </ae>
   <ae nite:id="ES2004b.C.argumentstructs.Erik.3">
      <nite:pointer role="type"  href="ae-types.xml#id(ae_1)"/>
      <nite:child href="ES2004b.C.words.xml#id(ES2004b.C.words1084)..id(ES2004b.C.words1085)"/>
   </ae>
   <ae nite:id="ES2004b.C.argumentstructs.Erik.4">
      <nite:pointer role="type"  href="ae-types.xml#id(ae_1)"/>
      <nite:child href="ES2004b.C.words.xml#id(ES2004b.C.words1086)..id(ES2004b.C.words1087)"/>
   </ae>
   <ae nite:id="ES2004b.C.argumentstructs.Erik.5">
      <nite:pointer role="type"  href="ae-types.xml#id(ae_1)"/>
      <nite:child href="ES2004b.C.words.xml#id(ES2004b.C.words1218)..id(ES2004b.C.words1219)"/>
   </ae>
   <ae nite:id="ES2004b.C.argumentstructs.Erik.6">
      <nite:pointer role="type"  href="ae-types.xml#id(ae_1)"/>
      <nite:child href="ES2004b.C.words.xml#id(ES2004b.C.words1231)..id(ES2004b.C.words1250)"/>
   </ae>
   <ae nite:id="ES2004b.C.argumentstructs.Erik.7">
      <nite:pointer role="type"  href="ae-types.xml#id(ae_1)"/>
      <nite:child href="ES2004b.C.words.xml#id(ES2004b.C.words1251)..id(ES2004b.C.words1252)"/>
   </ae>
   <ae nite:id="ES2004b.C.argumentstructs.Erik.9">
      <nite:pointer role="type"  href="ae-types.xml#id(ae_1)"/>
      <nite:child href="ES2004b.C.words.xml#id(ES2004b.C.words1312)..id(ES2004b.C.words1361)"/>
   </ae>
   <ae nite:id="ES2004b.C.argumentstructs.Erik.10">
      <nite:pointer role="type"  href="ae-types.xml#id(ae_1)"/>
      <nite:child href="ES2004b.C.words.xml#id(ES2004b.C.words1362)..id(ES2004b.C.words1365)"/>
   </ae>
   <ae nite:id="ES2004b.C.argumentstructs.Erik.11">
      <nite:pointer role="type"  href="ae-types.xml#id(ae_1)"/>
      <nite:child href="ES2004b.C.words.xml#id(ES2004b.C.words1433)..id(ES2004b.C.words1434)"/>
   </ae>
   <ae nite:id="ES2004b.C.argumentstructs.Erik.12">
      <nite:pointer role="type"  href="ae-types.xml#id(ae_1)"/>
      <nite:child href="ES2004b.C.words.xml#id(ES2004b.C.words1435)..id(ES2004b.C.words1437)"/>
   </ae>
   <ae nite:id="ES2004b.C.argumentstructs.Erik.13">
      <nite:pointer role="type"  href="ae-types.xml#id(ae_1)"/>
      <nite:child href="ES2004b.C.words.xml#id(ES2004b.C.words1438)..id(ES2004b.C.words1440)"/>
   </ae>
   <ae nite:id="ES2004b.C.argumentstructs.Erik.14">
      <nite:pointer role="type"  href="ae-types.xml#id(ae_1)"/>
      <nite:child href="ES2004b.C.words.xml#id(ES2004b.C.words1441)..id(ES2004b.C.words1446)"/>
   </ae>
   <ae nite:id="ES2004b.C.argumentstructs.Erik.15">
      <nite:pointer role="type"  href="ae-types.xml#id(ae_1)"/>
      <nite:child href="ES2004b.C.words.xml#id(ES2004b.C.words1453)..id(ES2004b.C.words1484)"/>
   </ae>
   <ae nite:id="ES2004b.C.argumentstructs.Erik.16">
      <nite:pointer role="type"  href="ae-types.xml#id(ae_1)"/>
      <nite:child href="ES2004b.C.words.xml#id(ES2004b.C.words1489)..id(ES2004b.C.words1490)"/>
   </ae>
   <ae nite:id="ES2004b.C.argumentstructs.Erik.17">
      <nite:pointer role="type"  href="ae-types.xml#id(ae_1)"/>
      <nite:child href="ES2004b.C.words.xml#id(ES2004b.C.words1491)..id(ES2004b.C.words1514)"/>
   </ae>
   <ae nite:id="ES2004b.C.argumentstructs.Erik.18">
      <nite:pointer role="type"  href="ae-types.xml#id(ae_1)"/>
      <nite:child href="ES2004b.C.words.xml#id(ES2004b.C.words1517)..id(ES2004b.C.words1565)"/>
   </ae>
   <ae nite:id="ES2004b.C.argumentstructs.Erik.19">
      <nite:pointer role="type"  href="ae-types.xml#id(ae_1)"/>
      <nite:child href="ES2004b.C.words.xml#id(ES2004b.C.words1566)..id(ES2004b.C.words1583)"/>
   </ae>
   <ae nite:id="ES2004b.C.argumentstructs.Erik.20">
      <nite:pointer role="type"  href="ae-types.xml#id(ae_1)"/>
      <nite:child href="ES2004b.C.words.xml#id(ES2004b.C.words1707)..id(ES2004b.C.words1739)"/>
   </ae>
   <ae nite:id="ES2004b.C.argumentstructs.Erik.21">
      <nite:pointer role="type"  href="ae-types.xml#id(ae_1)"/>
      <nite:child href="ES2004b.C.words.xml#id(ES2004b.C.words1742)..id(ES2004b.C.words1743)"/>
   </ae>
   <ae nite:id="ES2004b.C.argumentstructs.Erik.22">
      <nite:pointer role="type"  href="ae-types.xml#id(ae_1)"/>
      <nite:child href="ES2004b.C.words.xml#id(ES2004b.C.words1748)..id(ES2004b.C.words1788)"/>
   </ae>
   <ae nite:id="ES2004b.C.argumentstructs.Erik.23">
      <nite:pointer role="type"  href="ae-types.xml#id(ae_1)"/>
      <nite:child href="ES2004b.C.words.xml#id(ES2004b.C.words1789)..id(ES2004b.C.words1795)"/>
   </ae>
   <ae nite:id="ES2004b.C.argumentstructs.Erik.24">
      <nite:pointer role="type"  href="ae-types.xml#id(ae_1)"/>
      <nite:child href="ES2004b.C.words.xml#id(ES2004b.C.words1796)..id(ES2004b.C.words1805)"/>
   </ae>
   <ae nite:id="ES2004b.C.argumentstructs.Erik.25">
      <nite:pointer role="type"  href="ae-types.xml#id(ae_1)"/>
      <nite:child href="ES2004b.C.words.xml#id(ES2004b.C.words1806)..id(ES2004b.C.words1831)"/>
   </ae>
   <ae nite:id="ES2004b.C.argumentstructs.Erik.26">
      <nite:pointer role="type"  href="ae-types.xml#id(ae_1)"/>
      <nite:child href="ES2004b.C.words.xml#id(ES2004b.C.words1844)..id(ES2004b.C.words1845)"/>
   </ae>
   <ae nite:id="ES2004b.C.argumentstructs.Erik.27">
      <nite:pointer role="type"  href="ae-types.xml#id(ae_1)"/>
      <nite:child href="ES2004b.C.words.xml#id(ES2004b.C.words1848)..id(ES2004b.C.words1849)"/>
   </ae>
   <ae nite:id="ES2004b.C.argumentstructs.28">
      <nite:pointer role="type"  href="ae-types.xml#id(ae_6)"/>
      <nite:child href="ES2004b.C.words.xml#id(ES2004b.C.words1023)"/>
   </ae>
   <ae nite:id="ES2004b.C.argumentstructs.29">
      <nite:pointer role="type"  href="ae-types.xml#id(ae_6)"/>
      <nite:child href="ES2004b.C.words.xml#id(ES2004b.C.words1027)..id(ES2004b.C.words1038)"/>
   </ae>
   <ae nite:id="ES2004b.C.argumentstructs.30">
      <nite:pointer role="type"  href="ae-types.xml#id(ae_6)"/>
      <nite:child href="ES2004b.C.words.xml#id(ES2004b.C.words1220)..id(ES2004b.C.words1227)"/>
      <nite:child href="ES2004b.C.words.xml#id(ES2004b.C.words1229)..id(ES2004b.C.words1230)"/>
   </ae>
   <ae nite:id="ES2004b.C.argumentstructs.31">
      <nite:pointer role="type"  href="ae-types.xml#id(ae_6)"/>
      <nite:child href="ES2004b.C.words.xml#id(ES2004b.C.words1253)..id(ES2004b.C.words1278)"/>
      <nite:child href="ES2004b.C.words.xml#id(ES2004b.C.words1280)..id(ES2004b.C.words1310)"/>
   </ae>
   <ae nite:id="ES2004b.C.argumentstructs.32">
      <nite:pointer role="type"  href="ae-types.xml#id(ae_6)"/>
      <nite:child href="ES2004b.C.words.xml#id(ES2004b.C.words1428)..id(ES2004b.C.words1431)"/>
   </ae>
   <ae nite:id="ES2004b.C.argumentstructs.33">
      <nite:pointer role="type"  href="ae-types.xml#id(ae_6)"/>
      <nite:child href="ES2004b.C.words.xml#id(ES2004b.C.words1447)..id(ES2004b.C.words1449)"/>
      <nite:child href="ES2004b.C.words.xml#id(ES2004b.C.words1451)..id(ES2004b.C.words1452)"/>
   </ae>
   <ae nite:id="ES2004b.C.argumentstructs.34">
      <nite:pointer role="type"  href="ae-types.xml#id(ae_6)"/>
      <nite:child href="ES2004b.C.words.xml#id(ES2004b.C.words1486)..id(ES2004b.C.words1487)"/>
   </ae>
   <ae nite:id="ES2004b.C.argumentstructs.35">
      <nite:pointer role="type"  href="ae-types.xml#id(ae_6)"/>
      <nite:child href="ES2004b.C.words.xml#id(ES2004b.C.words1515)..id(ES2004b.C.words1516)"/>
   </ae>
   <ae nite:id="ES2004b.C.argumentstructs.36">
      <nite:pointer role="type"  href="ae-types.xml#id(ae_6)"/>
      <nite:child href="ES2004b.C.words.xml#id(ES2004b.C.words1697)..id(ES2004b.C.words1703)"/>
      <nite:child href="ES2004b.C.words.xml#id(ES2004b.C.words1705)..id(ES2004b.C.words1706)"/>
   </ae>
   <ae nite:id="ES2004b.C.argumentstructs.37">
      <nite:pointer role="type"  href="ae-types.xml#id(ae_6)"/>
      <nite:child href="ES2004b.C.words.xml#id(ES2004b.C.words1740)..id(ES2004b.C.words1741)"/>
   </ae>
   <ae nite:id="ES2004b.C.argumentstructs.38">
      <nite:pointer role="type"  href="ae-types.xml#id(ae_6)"/>
      <nite:child href="ES2004b.C.words.xml#id(ES2004b.C.words1744)..id(ES2004b.C.words1747)"/>
   </ae>
   <ae nite:id="ES2004b.C.argumentstructs.39">
      <nite:pointer role="type"  href="ae-types.xml#id(ae_6)"/>
      <nite:child href="ES2004b.C.words.xml#id(ES2004b.C.words1842)..id(ES2004b.C.words1843)"/>
   </ae>
   <ae nite:id="ES2004b.C.argumentstructs.40">
      <nite:pointer role="type"  href="ae-types.xml#id(ae_6)"/>
      <nite:child href="ES2004b.C.words.xml#id(ES2004b.C.words1846)..id(ES2004b.C.words1847)"/>
   </ae>
</nite:root>