<?xml version="1.0" encoding="ISO-8859-1" standalone="yes"?>
<nite:root nite:id="ES2004d.D.argumentstructs" xmlns:nite="http://nite.sourceforge.net/">
   <ae nite:id="ES2004d.D.argumentstructs.Erik.1">
      <nite:pointer role="type"  href="ae-types.xml#id(ae_3)"/>
      <nite:child href="ES2004d.D.words.xml#id(ES2004d.D.words1592)..id(ES2004d.D.words1603)"/>
   </ae>
   <ae nite:id="ES2004d.D.argumentstructs.Erik.2">
      <nite:pointer role="type"  href="ae-types.xml#id(ae_1)"/>
      <nite:child href="ES2004d.D.words.xml#id(ES2004d.D.words1606)..id(ES2004d.D.words1609)"/>
   </ae>
   <ae nite:id="ES2004d.D.argumentstructs.Erik.3">
      <nite:pointer role="type"  href="ae-types.xml#id(ae_5)"/>
      <nite:child href="ES2004d.D.words.xml#id(ES2004d.D.words1610)..id(ES2004d.D.words1665)"/>
   </ae>
   <ae nite:id="ES2004d.D.argumentstructs.4">
      <nite:pointer role="type"  href="ae-types.xml#id(ae_6)"/>
      <nite:child href="ES2004d.D.words.xml#id(ES2004d.D.words1604)..id(ES2004d.D.words1605)"/>
   </ae>
   <ae nite:id="ES2004d.D.argumentstructs.5">
      <nite:pointer role="type"  href="ae-types.xml#id(ae_6)"/>
      <nite:child href="ES2004d.D.words.xml#id(ES2004d.D.words1666)..id(ES2004d.D.words1667)"/>
   </ae>
</nite:root>