<?xml version="1.0" encoding="ISO-8859-1" standalone="yes"?>
<nite:root nite:id="ES2005c.A.argumentstructs" xmlns:nite="http://nite.sourceforge.net/">
   <ae nite:id="ES2005c.A.argumentstructs.Erik.1">
      <nite:pointer role="type"  href="ae-types.xml#id(ae_2)"/>
      <nite:child href="ES2005c.A.words.xml#id(ES2005c.A.words71)..id(ES2005c.A.words81)"/>
   </ae>
   <ae nite:id="ES2005c.A.argumentstructs.Erik.2">
      <nite:pointer role="type"  href="ae-types.xml#id(ae_5)"/>
      <nite:child href="ES2005c.A.words.xml#id(ES2005c.A.words89)..id(ES2005c.A.words110)"/>
   </ae>
   <ae nite:id="ES2005c.A.argumentstructs.Erik.3">
      <nite:pointer role="type"  href="ae-types.xml#id(ae_1)"/>
      <nite:child href="ES2005c.A.words.xml#id(ES2005c.A.words111)..id(ES2005c.A.words150)"/>
   </ae>
   <ae nite:id="ES2005c.A.argumentstructs.Erik.4">
      <nite:pointer role="type"  href="ae-types.xml#id(ae_4)"/>
      <nite:child href="ES2005c.A.words.xml#id(ES2005c.A.words638)..id(ES2005c.A.words647)"/>
   </ae>
   <ae nite:id="ES2005c.A.argumentstructs.Erik.5">
      <nite:pointer role="type"  href="ae-types.xml#id(ae_1)"/>
      <nite:child href="ES2005c.A.words.xml#id(ES2005c.A.words648)..id(ES2005c.A.words664)"/>
   </ae>
   <ae nite:id="ES2005c.A.argumentstructs.Erik.6">
      <nite:pointer role="type"  href="ae-types.xml#id(ae_1)"/>
      <nite:child href="ES2005c.A.words.xml#id(ES2005c.A.words665)..id(ES2005c.A.words673)"/>
   </ae>
   <ae nite:id="ES2005c.A.argumentstructs.Erik.7">
      <nite:pointer role="type"  href="ae-types.xml#id(ae_1)"/>
      <nite:child href="ES2005c.A.words.xml#id(ES2005c.A.words688)..id(ES2005c.A.words690)"/>
   </ae>
   <ae nite:id="ES2005c.A.argumentstructs.Erik.8">
      <nite:pointer role="type"  href="ae-types.xml#id(ae_1)"/>
      <nite:child href="ES2005c.A.words.xml#id(ES2005c.A.words691)..id(ES2005c.A.words693)"/>
   </ae>
   <ae nite:id="ES2005c.A.argumentstructs.Erik.9">
      <nite:pointer role="type"  href="ae-types.xml#id(ae_1)"/>
      <nite:child href="ES2005c.A.words.xml#id(ES2005c.A.words694)..id(ES2005c.A.words703)"/>
   </ae>
   <ae nite:id="ES2005c.A.argumentstructs.Erik.10">
      <nite:pointer role="type"  href="ae-types.xml#id(ae_5)"/>
      <nite:child href="ES2005c.A.words.xml#id(ES2005c.A.words705)..id(ES2005c.A.words712)"/>
   </ae>
   <ae nite:id="ES2005c.A.argumentstructs.Erik.11">
      <nite:pointer role="type"  href="ae-types.xml#id(ae_1)"/>
      <nite:child href="ES2005c.A.words.xml#id(ES2005c.A.words713)..id(ES2005c.A.words717)"/>
   </ae>
   <ae nite:id="ES2005c.A.argumentstructs.Erik.12">
      <nite:pointer role="type"  href="ae-types.xml#id(ae_3)"/>
      <nite:child href="ES2005c.A.words.xml#id(ES2005c.A.words723)..id(ES2005c.A.words736)"/>
   </ae>
   <ae nite:id="ES2005c.A.argumentstructs.Erik.13">
      <nite:pointer role="type"  href="ae-types.xml#id(ae_1)"/>
      <nite:child href="ES2005c.A.words.xml#id(ES2005c.A.words737)..id(ES2005c.A.words740)"/>
   </ae>
   <ae nite:id="ES2005c.A.argumentstructs.Erik.14">
      <nite:pointer role="type"  href="ae-types.xml#id(ae_1)"/>
      <nite:child href="ES2005c.A.words.xml#id(ES2005c.A.words743)..id(ES2005c.A.words744)"/>
   </ae>
   <ae nite:id="ES2005c.A.argumentstructs.Erik.15">
      <nite:pointer role="type"  href="ae-types.xml#id(ae_1)"/>
      <nite:child href="ES2005c.A.words.xml#id(ES2005c.A.words1142)..id(ES2005c.A.words1144)"/>
   </ae>
   <ae nite:id="ES2005c.A.argumentstructs.Erik.16">
      <nite:pointer role="type"  href="ae-types.xml#id(ae_1)"/>
      <nite:child href="ES2005c.A.words.xml#id(ES2005c.A.words1147)..id(ES2005c.A.words1151)"/>
   </ae>
   <ae nite:id="ES2005c.A.argumentstructs.Erik.17">
      <nite:pointer role="type"  href="ae-types.xml#id(ae_5)"/>
      <nite:child href="ES2005c.A.words.xml#id(ES2005c.A.words1210)..id(ES2005c.A.words1257)"/>
   </ae>
   <ae nite:id="ES2005c.A.argumentstructs.Erik.18">
      <nite:pointer role="type"  href="ae-types.xml#id(ae_1)"/>
      <nite:child href="ES2005c.A.words.xml#id(ES2005c.A.words1258)..id(ES2005c.A.words1291)"/>
   </ae>
   <ae nite:id="ES2005c.A.argumentstructs.Erik.19">
      <nite:pointer role="type"  href="ae-types.xml#id(ae_1)"/>
      <nite:child href="ES2005c.A.words.xml#id(ES2005c.A.words1292)..id(ES2005c.A.words1315)"/>
   </ae>
   <ae nite:id="ES2005c.A.argumentstructs.Erik.20">
      <nite:pointer role="type"  href="ae-types.xml#id(ae_1)"/>
      <nite:child href="ES2005c.A.words.xml#id(ES2005c.A.words1316)..id(ES2005c.A.words1317)"/>
   </ae>
   <ae nite:id="ES2005c.A.argumentstructs.Erik.21">
      <nite:pointer role="type"  href="ae-types.xml#id(ae_1)"/>
      <nite:child href="ES2005c.A.words.xml#id(ES2005c.A.words1320)..id(ES2005c.A.words1326)"/>
   </ae>
   <ae nite:id="ES2005c.A.argumentstructs.Erik.22">
      <nite:pointer role="type"  href="ae-types.xml#id(ae_1)"/>
      <nite:child href="ES2005c.A.words.xml#id(ES2005c.A.words1327)"/>
   </ae>
   <ae nite:id="ES2005c.A.argumentstructs.Erik.23">
      <nite:pointer role="type"  href="ae-types.xml#id(ae_1)"/>
      <nite:child href="ES2005c.A.words.xml#id(ES2005c.A.words1337)..id(ES2005c.A.words1338)"/>
   </ae>
   <ae nite:id="ES2005c.A.argumentstructs.Erik.24">
      <nite:pointer role="type"  href="ae-types.xml#id(ae_1)"/>
      <nite:child href="ES2005c.A.words.xml#id(ES2005c.A.words1339)..id(ES2005c.A.words1340)"/>
   </ae>
   <ae nite:id="ES2005c.A.argumentstructs.Erik.25">
      <nite:pointer role="type"  href="ae-types.xml#id(ae_1)"/>
      <nite:child href="ES2005c.A.words.xml#id(ES2005c.A.words1341)..id(ES2005c.A.words1349)"/>
   </ae>
   <ae nite:id="ES2005c.A.argumentstructs.26">
      <nite:pointer role="type"  href="ae-types.xml#id(ae_6)"/>
      <nite:child href="ES2005c.A.words.xml#id(ES2005c.A.words82)..id(ES2005c.A.words83)"/>
      <nite:child href="ES2005c.A.words.xml#id(ES2005c.A.words87)..id(ES2005c.A.words88)"/>
   </ae>
   <ae nite:id="ES2005c.A.argumentstructs.27">
      <nite:pointer role="type"  href="ae-types.xml#id(ae_6)"/>
      <nite:child href="ES2005c.A.words.xml#id(ES2005c.A.words529)..id(ES2005c.A.words637)"/>
   </ae>
   <ae nite:id="ES2005c.A.argumentstructs.28">
      <nite:pointer role="type"  href="ae-types.xml#id(ae_6)"/>
      <nite:child href="ES2005c.A.words.xml#id(ES2005c.A.words674)..id(ES2005c.A.words677)"/>
      <nite:child href="ES2005c.A.words.xml#id(ES2005c.A.words679)..id(ES2005c.A.words687)"/>
   </ae>
   <ae nite:id="ES2005c.A.argumentstructs.29">
      <nite:pointer role="type"  href="ae-types.xml#id(ae_6)"/>
      <nite:child href="ES2005c.A.words.xml#id(ES2005c.A.words704)"/>
   </ae>
   <ae nite:id="ES2005c.A.argumentstructs.30">
      <nite:pointer role="type"  href="ae-types.xml#id(ae_6)"/>
      <nite:child href="ES2005c.A.words.xml#id(ES2005c.A.words718)..id(ES2005c.A.words722)"/>
   </ae>
   <ae nite:id="ES2005c.A.argumentstructs.31">
      <nite:pointer role="type"  href="ae-types.xml#id(ae_6)"/>
      <nite:child href="ES2005c.A.words.xml#id(ES2005c.A.words1207)..id(ES2005c.A.words1208)"/>
   </ae>
   <ae nite:id="ES2005c.A.argumentstructs.32">
      <nite:pointer role="type"  href="ae-types.xml#id(ae_6)"/>
      <nite:child href="ES2005c.A.words.xml#id(ES2005c.A.words1318)..id(ES2005c.A.words1319)"/>
   </ae>
   <ae nite:id="ES2005c.A.argumentstructs.33">
      <nite:pointer role="type"  href="ae-types.xml#id(ae_6)"/>
      <nite:child href="ES2005c.A.words.xml#id(ES2005c.A.words1328)..id(ES2005c.A.words1333)"/>
      <nite:child href="ES2005c.A.words.xml#id(ES2005c.A.words1335)..id(ES2005c.A.words1336)"/>
   </ae>
   <ae nite:id="ES2005c.A.argumentstructs.34">
      <nite:pointer role="type"  href="ae-types.xml#id(ae_6)"/>
      <nite:child href="ES2005c.A.words.xml#id(ES2005c.A.words1350)..id(ES2005c.A.words1365)"/>
   </ae>
</nite:root>