<?xml version="1.0" encoding="ISO-8859-1" standalone="yes"?>
<nite:root nite:id="ES2015d.B.argumentstructs" xmlns:nite="http://nite.sourceforge.net/">
   <ae nite:id="ES2015d.B.argumentstructs.Rutger.1">
      <nite:pointer role="type"  href="ae-types.xml#id(ae_1)"/>
      <nite:child href="ES2015d.B.words.xml#id(ES2015d.B.words685)..id(ES2015d.B.words698)"/>
   </ae>
   <ae nite:id="ES2015d.B.argumentstructs.Rutger.2">
      <nite:pointer role="type"  href="ae-types.xml#id(ae_1)"/>
      <nite:child href="ES2015d.B.words.xml#id(ES2015d.B.words699)..id(ES2015d.B.words700)"/>
   </ae>
   <ae nite:id="ES2015d.B.argumentstructs.Rutger.3">
      <nite:pointer role="type"  href="ae-types.xml#id(ae_1)"/>
      <nite:child href="ES2015d.B.words.xml#id(ES2015d.B.words701)..id(ES2015d.B.words760)"/>
   </ae>
   <ae nite:id="ES2015d.B.argumentstructs.Rutger.4">
      <nite:pointer role="type"  href="ae-types.xml#id(ae_1)"/>
      <nite:child href="ES2015d.B.words.xml#id(ES2015d.B.words761)..id(ES2015d.B.words784)"/>
   </ae>
   <ae nite:id="ES2015d.B.argumentstructs.Rutger.5">
      <nite:pointer role="type"  href="ae-types.xml#id(ae_1)"/>
      <nite:child href="ES2015d.B.words.xml#id(ES2015d.B.words786)..id(ES2015d.B.words793)"/>
   </ae>
   <ae nite:id="ES2015d.B.argumentstructs.Rutger.6">
      <nite:pointer role="type"  href="ae-types.xml#id(ae_1)"/>
      <nite:child href="ES2015d.B.words.xml#id(ES2015d.B.words794)..id(ES2015d.B.words813)"/>
   </ae>
   <ae nite:id="ES2015d.B.argumentstructs.Rutger.7">
      <nite:pointer role="type"  href="ae-types.xml#id(ae_1)"/>
      <nite:child href="ES2015d.B.words.xml#id(ES2015d.B.words815)..id(ES2015d.B.words825)"/>
   </ae>
   <ae nite:id="ES2015d.B.argumentstructs.Rutger.8">
      <nite:pointer role="type"  href="ae-types.xml#id(ae_1)"/>
      <nite:child href="ES2015d.B.words.xml#id(ES2015d.B.words826)..id(ES2015d.B.words832)"/>
   </ae>
   <ae nite:id="ES2015d.B.argumentstructs.Rutger.9">
      <nite:pointer role="type"  href="ae-types.xml#id(ae_1)"/>
      <nite:child href="ES2015d.B.words.xml#id(ES2015d.B.words833)..id(ES2015d.B.words839)"/>
   </ae>
   <ae nite:id="ES2015d.B.argumentstructs.Rutger.10">
      <nite:pointer role="type"  href="ae-types.xml#id(ae_1)"/>
      <nite:child href="ES2015d.B.words.xml#id(ES2015d.B.words939)..id(ES2015d.B.words947)"/>
   </ae>
   <ae nite:id="ES2015d.B.argumentstructs.Rutger.11">
      <nite:pointer role="type"  href="ae-types.xml#id(ae_1)"/>
      <nite:child href="ES2015d.B.words.xml#id(ES2015d.B.words948)..id(ES2015d.B.words949)"/>
   </ae>
   <ae nite:id="ES2015d.B.argumentstructs.Rutger.12">
      <nite:pointer role="type"  href="ae-types.xml#id(ae_1)"/>
      <nite:child href="ES2015d.B.words.xml#id(ES2015d.B.words950)..id(ES2015d.B.words952)"/>
   </ae>
   <ae nite:id="ES2015d.B.argumentstructs.Rutger.13">
      <nite:pointer role="type"  href="ae-types.xml#id(ae_1)"/>
      <nite:child href="ES2015d.B.words.xml#id(ES2015d.B.words957)..id(ES2015d.B.words964)"/>
   </ae>
   <ae nite:id="ES2015d.B.argumentstructs.Rutger.14">
      <nite:pointer role="type"  href="ae-types.xml#id(ae_1)"/>
      <nite:child href="ES2015d.B.words.xml#id(ES2015d.B.words966)..id(ES2015d.B.words976)"/>
   </ae>
   <ae nite:id="ES2015d.B.argumentstructs.Rutger.15">
      <nite:pointer role="type"  href="ae-types.xml#id(ae_1)"/>
      <nite:child href="ES2015d.B.words.xml#id(ES2015d.B.words977)..id(ES2015d.B.words978)"/>
   </ae>
   <ae nite:id="ES2015d.B.argumentstructs.Rutger.16">
      <nite:pointer role="type"  href="ae-types.xml#id(ae_1)"/>
      <nite:child href="ES2015d.B.words.xml#id(ES2015d.B.words979)..id(ES2015d.B.words989)"/>
   </ae>
   <ae nite:id="ES2015d.B.argumentstructs.Rutger.17">
      <nite:pointer role="type"  href="ae-types.xml#id(ae_1)"/>
      <nite:child href="ES2015d.B.words.xml#id(ES2015d.B.words1000)..id(ES2015d.B.words1016)"/>
   </ae>
   <ae nite:id="ES2015d.B.argumentstructs.Rutger.18">
      <nite:pointer role="type"  href="ae-types.xml#id(ae_1)"/>
      <nite:child href="ES2015d.B.words.xml#id(ES2015d.B.words1017)..id(ES2015d.B.words1029)"/>
   </ae>
   <ae nite:id="ES2015d.B.argumentstructs.Rutger.19">
      <nite:pointer role="type"  href="ae-types.xml#id(ae_1)"/>
      <nite:child href="ES2015d.B.words.xml#id(ES2015d.B.words1030)..id(ES2015d.B.words1031)"/>
   </ae>
   <ae nite:id="ES2015d.B.argumentstructs.Rutger.20">
      <nite:pointer role="type"  href="ae-types.xml#id(ae_1)"/>
      <nite:child href="ES2015d.B.words.xml#id(ES2015d.B.words1032)..id(ES2015d.B.words1033)"/>
   </ae>
   <ae nite:id="ES2015d.B.argumentstructs.Rutger.21">
      <nite:pointer role="type"  href="ae-types.xml#id(ae_1)"/>
      <nite:child href="ES2015d.B.words.xml#id(ES2015d.B.words1034)..id(ES2015d.B.words1035)"/>
   </ae>
   <ae nite:id="ES2015d.B.argumentstructs.Rutger.22">
      <nite:pointer role="type"  href="ae-types.xml#id(ae_1)"/>
      <nite:child href="ES2015d.B.words.xml#id(ES2015d.B.words1036)..id(ES2015d.B.words1049)"/>
   </ae>
   <ae nite:id="ES2015d.B.argumentstructs.Rutger.23">
      <nite:pointer role="type"  href="ae-types.xml#id(ae_1)"/>
      <nite:child href="ES2015d.B.words.xml#id(ES2015d.B.words1050)..id(ES2015d.B.words1059)"/>
   </ae>
   <ae nite:id="ES2015d.B.argumentstructs.Rutger.24">
      <nite:pointer role="type"  href="ae-types.xml#id(ae_1)"/>
      <nite:child href="ES2015d.B.words.xml#id(ES2015d.B.words1061)..id(ES2015d.B.words1067)"/>
   </ae>
   <ae nite:id="ES2015d.B.argumentstructs.Rutger.25">
      <nite:pointer role="type"  href="ae-types.xml#id(ae_1)"/>
      <nite:child href="ES2015d.B.words.xml#id(ES2015d.B.words1068)..id(ES2015d.B.words1071)"/>
   </ae>
   <ae nite:id="ES2015d.B.argumentstructs.Rutger.26">
      <nite:pointer role="type"  href="ae-types.xml#id(ae_1)"/>
      <nite:child href="ES2015d.B.words.xml#id(ES2015d.B.words1073)..id(ES2015d.B.words1076)"/>
   </ae>
   <ae nite:id="ES2015d.B.argumentstructs.27">
      <nite:pointer role="type"  href="ae-types.xml#id(ae_6)"/>
      <nite:child href="ES2015d.B.words.xml#id(ES2015d.B.words840)..id(ES2015d.B.words843)"/>
      <nite:child href="ES2015d.B.words.xml#id(ES2015d.B.words845)"/>
      <nite:child href="ES2015d.B.words.xml#id(ES2015d.B.words847)..id(ES2015d.B.words851)"/>
   </ae>
   <ae nite:id="ES2015d.B.argumentstructs.28">
      <nite:pointer role="type"  href="ae-types.xml#id(ae_6)"/>
      <nite:child href="ES2015d.B.words.xml#id(ES2015d.B.words937)..id(ES2015d.B.words938)"/>
   </ae>
   <ae nite:id="ES2015d.B.argumentstructs.29">
      <nite:pointer role="type"  href="ae-types.xml#id(ae_6)"/>
      <nite:child href="ES2015d.B.words.xml#id(ES2015d.B.words953)..id(ES2015d.B.words955)"/>
   </ae>
   <ae nite:id="ES2015d.B.argumentstructs.30">
      <nite:pointer role="type"  href="ae-types.xml#id(ae_6)"/>
      <nite:child href="ES2015d.B.words.xml#id(ES2015d.B.words990)..id(ES2015d.B.words999)"/>
   </ae>
   <ae nite:id="ES2015d.B.argumentstructs.31">
      <nite:pointer role="type"  href="ae-types.xml#id(ae_6)"/>
      <nite:child href="ES2015d.B.words.xml#id(ES2015d.B.words1072)"/>
   </ae>
   <ae nite:id="ES2015d.B.argumentstructs.32">
      <nite:pointer role="type"  href="ae-types.xml#id(ae_6)"/>
      <nite:child href="ES2015d.B.words.xml#id(ES2015d.B.words1078)..id(ES2015d.B.words1092)"/>
      <nite:child href="ES2015d.B.words.xml#id(ES2015d.B.words1094)..id(ES2015d.B.words1112)"/>
      <nite:child href="ES2015d.B.words.xml#id(ES2015d.B.words1114)..id(ES2015d.B.words1141)"/>
   </ae>
</nite:root>