<?xml version="1.0" encoding="ISO-8859-1" standalone="yes"?>
<nite:root nite:id="ES2016d.D.argumentstructs" xmlns:nite="http://nite.sourceforge.net/">
   <ae nite:id="ES2016d.D.argumentstructs.Rutger.1">
      <nite:pointer role="type"  href="ae-types.xml#id(ae_5)"/>
      <nite:child href="ES2016d.D.words.xml#id(ES2016d.D.words155)..id(ES2016d.D.words181)"/>
   </ae>
   <ae nite:id="ES2016d.D.argumentstructs.Rutger.2">
      <nite:pointer role="type"  href="ae-types.xml#id(ae_1)"/>
      <nite:child href="ES2016d.D.words.xml#id(ES2016d.D.words188)..id(ES2016d.D.words198)"/>
   </ae>
   <ae nite:id="ES2016d.D.argumentstructs.Rutger.3">
      <nite:pointer role="type"  href="ae-types.xml#id(ae_1)"/>
      <nite:child href="ES2016d.D.words.xml#id(ES2016d.D.words199)..id(ES2016d.D.words201)"/>
   </ae>
   <ae nite:id="ES2016d.D.argumentstructs.Rutger.4">
      <nite:pointer role="type"  href="ae-types.xml#id(ae_5)"/>
      <nite:child href="ES2016d.D.words.xml#id(ES2016d.D.words215)..id(ES2016d.D.words240)"/>
   </ae>
   <ae nite:id="ES2016d.D.argumentstructs.Rutger.5">
      <nite:pointer role="type"  href="ae-types.xml#id(ae_4)"/>
      <nite:child href="ES2016d.D.words.xml#id(ES2016d.D.words241)..id(ES2016d.D.words249)"/>
   </ae>
   <ae nite:id="ES2016d.D.argumentstructs.Rutger.6">
      <nite:pointer role="type"  href="ae-types.xml#id(ae_5)"/>
      <nite:child href="ES2016d.D.words.xml#id(ES2016d.D.words250)..id(ES2016d.D.words251)"/>
   </ae>
   <ae nite:id="ES2016d.D.argumentstructs.Rutger.7">
      <nite:pointer role="type"  href="ae-types.xml#id(ae_1)"/>
      <nite:child href="ES2016d.D.words.xml#id(ES2016d.D.words253)..id(ES2016d.D.words258)"/>
   </ae>
   <ae nite:id="ES2016d.D.argumentstructs.Rutger.8">
      <nite:pointer role="type"  href="ae-types.xml#id(ae_3)"/>
      <nite:child href="ES2016d.D.words.xml#id(ES2016d.D.words312)..id(ES2016d.D.words329)"/>
   </ae>
   <ae nite:id="ES2016d.D.argumentstructs.Rutger.9">
      <nite:pointer role="type"  href="ae-types.xml#id(ae_1)"/>
      <nite:child href="ES2016d.D.words.xml#id(ES2016d.D.words331)..id(ES2016d.D.words343)"/>
   </ae>
   <ae nite:id="ES2016d.D.argumentstructs.Rutger.10">
      <nite:pointer role="type"  href="ae-types.xml#id(ae_1)"/>
      <nite:child href="ES2016d.D.words.xml#id(ES2016d.D.words346)..id(ES2016d.D.words347)"/>
   </ae>
   <ae nite:id="ES2016d.D.argumentstructs.Rutger.11">
      <nite:pointer role="type"  href="ae-types.xml#id(ae_1)"/>
      <nite:child href="ES2016d.D.words.xml#id(ES2016d.D.words348)..id(ES2016d.D.words350)"/>
   </ae>
   <ae nite:id="ES2016d.D.argumentstructs.Rutger.12">
      <nite:pointer role="type"  href="ae-types.xml#id(ae_1)"/>
      <nite:child href="ES2016d.D.words.xml#id(ES2016d.D.words354)..id(ES2016d.D.words360)"/>
   </ae>
   <ae nite:id="ES2016d.D.argumentstructs.Rutger.13">
      <nite:pointer role="type"  href="ae-types.xml#id(ae_5)"/>
      <nite:child href="ES2016d.D.words.xml#id(ES2016d.D.words370)..id(ES2016d.D.words378)"/>
   </ae>
   <ae nite:id="ES2016d.D.argumentstructs.Rutger.14">
      <nite:pointer role="type"  href="ae-types.xml#id(ae_4)"/>
      <nite:child href="ES2016d.D.words.xml#id(ES2016d.D.words379)..id(ES2016d.D.words393)"/>
   </ae>
   <ae nite:id="ES2016d.D.argumentstructs.Rutger.15">
      <nite:pointer role="type"  href="ae-types.xml#id(ae_5)"/>
      <nite:child href="ES2016d.D.words.xml#id(ES2016d.D.words395)..id(ES2016d.D.words401)"/>
   </ae>
   <ae nite:id="ES2016d.D.argumentstructs.Rutger.16">
      <nite:pointer role="type"  href="ae-types.xml#id(ae_1)"/>
      <nite:child href="ES2016d.D.words.xml#id(ES2016d.D.words402)..id(ES2016d.D.words406)"/>
   </ae>
   <ae nite:id="ES2016d.D.argumentstructs.Rutger.17">
      <nite:pointer role="type"  href="ae-types.xml#id(ae_1)"/>
      <nite:child href="ES2016d.D.words.xml#id(ES2016d.D.words407)..id(ES2016d.D.words412)"/>
   </ae>
   <ae nite:id="ES2016d.D.argumentstructs.Rutger.18">
      <nite:pointer role="type"  href="ae-types.xml#id(ae_4)"/>
      <nite:child href="ES2016d.D.words.xml#id(ES2016d.D.words413)..id(ES2016d.D.words416)"/>
   </ae>
   <ae nite:id="ES2016d.D.argumentstructs.Rutger.19">
      <nite:pointer role="type"  href="ae-types.xml#id(ae_1)"/>
      <nite:child href="ES2016d.D.words.xml#id(ES2016d.D.words417)..id(ES2016d.D.words429)"/>
   </ae>
   <ae nite:id="ES2016d.D.argumentstructs.Rutger.20">
      <nite:pointer role="type"  href="ae-types.xml#id(ae_1)"/>
      <nite:child href="ES2016d.D.words.xml#id(ES2016d.D.words432)..id(ES2016d.D.words443)"/>
   </ae>
   <ae nite:id="ES2016d.D.argumentstructs.Rutger.21">
      <nite:pointer role="type"  href="ae-types.xml#id(ae_5)"/>
      <nite:child href="ES2016d.D.words.xml#id(ES2016d.D.words444)..id(ES2016d.D.words447)"/>
   </ae>
   <ae nite:id="ES2016d.D.argumentstructs.Rutger.22">
      <nite:pointer role="type"  href="ae-types.xml#id(ae_1)"/>
      <nite:child href="ES2016d.D.words.xml#id(ES2016d.D.words448)..id(ES2016d.D.words449)"/>
   </ae>
   <ae nite:id="ES2016d.D.argumentstructs.23">
      <nite:pointer role="type"  href="ae-types.xml#id(ae_6)"/>
      <nite:child href="ES2016d.D.words.xml#id(ES2016d.D.words182)..id(ES2016d.D.words183)"/>
      <nite:child href="ES2016d.D.words.xml#id(ES2016d.D.words185)..id(ES2016d.D.words186)"/>
   </ae>
   <ae nite:id="ES2016d.D.argumentstructs.24">
      <nite:pointer role="type"  href="ae-types.xml#id(ae_6)"/>
      <nite:child href="ES2016d.D.words.xml#id(ES2016d.D.words202)..id(ES2016d.D.words213)"/>
   </ae>
   <ae nite:id="ES2016d.D.argumentstructs.25">
      <nite:pointer role="type"  href="ae-types.xml#id(ae_6)"/>
      <nite:child href="ES2016d.D.words.xml#id(ES2016d.D.words306)..id(ES2016d.D.words311)"/>
   </ae>
   <ae nite:id="ES2016d.D.argumentstructs.26">
      <nite:pointer role="type"  href="ae-types.xml#id(ae_6)"/>
      <nite:child href="ES2016d.D.words.xml#id(ES2016d.D.words351)..id(ES2016d.D.words352)"/>
   </ae>
   <ae nite:id="ES2016d.D.argumentstructs.27">
      <nite:pointer role="type"  href="ae-types.xml#id(ae_6)"/>
      <nite:child href="ES2016d.D.words.xml#id(ES2016d.D.words362)..id(ES2016d.D.words369)"/>
   </ae>
   <ae nite:id="ES2016d.D.argumentstructs.28">
      <nite:pointer role="type"  href="ae-types.xml#id(ae_6)"/>
      <nite:child href="ES2016d.D.words.xml#id(ES2016d.D.words394)"/>
   </ae>
   <ae nite:id="ES2016d.D.argumentstructs.29">
      <nite:pointer role="type"  href="ae-types.xml#id(ae_6)"/>
      <nite:child href="ES2016d.D.words.xml#id(ES2016d.D.words430)"/>
   </ae>
   <ae nite:id="ES2016d.D.argumentstructs.30">
      <nite:pointer role="type"  href="ae-types.xml#id(ae_6)"/>
      <nite:child href="ES2016d.D.words.xml#id(ES2016d.D.words450)..id(ES2016d.D.words465)"/>
      <nite:child href="ES2016d.D.words.xml#id(ES2016d.D.words467)..id(ES2016d.D.words468)"/>
   </ae>
</nite:root>