<?xml version="1.0" encoding="ISO-8859-1" standalone="yes"?>
<nite:root nite:id="ES2012b.C.argumentstructs" xmlns:nite="http://nite.sourceforge.net/">
   <ae nite:id="ES2012b.C.argumentstructs.Erik.1">
      <nite:pointer role="type"  href="ae-types.xml#id(ae_1)"/>
      <nite:child href="ES2012b.C.words.xml#id(ES2012b.C.words613)..id(ES2012b.C.words640)"/>
   </ae>
   <ae nite:id="ES2012b.C.argumentstructs.Erik.2">
      <nite:pointer role="type"  href="ae-types.xml#id(ae_1)"/>
      <nite:child href="ES2012b.C.words.xml#id(ES2012b.C.words642)..id(ES2012b.C.words643)"/>
   </ae>
</nite:root>