<?xml version="1.0" encoding="ISO-8859-1" standalone="yes"?>
<nite:root nite:id="ES2014c.A.argumentstructs" xmlns:nite="http://nite.sourceforge.net/">
   <ae nite:id="ES2014c.A.argumentstructs.Rutger.1">
      <nite:pointer role="type"  href="ae-types.xml#id(ae_5)"/>
      <nite:child href="ES2014c.A.words.xml#id(ES2014c.A.words657)..id(ES2014c.A.words678)"/>
   </ae>
   <ae nite:id="ES2014c.A.argumentstructs.Rutger.2">
      <nite:pointer role="type"  href="ae-types.xml#id(ae_1)"/>
      <nite:child href="ES2014c.A.words.xml#id(ES2014c.A.words679)..id(ES2014c.A.words686)"/>
   </ae>
   <ae nite:id="ES2014c.A.argumentstructs.Rutger.3">
      <nite:pointer role="type"  href="ae-types.xml#id(ae_1)"/>
      <nite:child href="ES2014c.A.words.xml#id(ES2014c.A.words687)..id(ES2014c.A.words723)"/>
   </ae>
   <ae nite:id="ES2014c.A.argumentstructs.Rutger.4">
      <nite:pointer role="type"  href="ae-types.xml#id(ae_5)"/>
      <nite:child href="ES2014c.A.words.xml#id(ES2014c.A.words724)..id(ES2014c.A.words735)"/>
   </ae>
   <ae nite:id="ES2014c.A.argumentstructs.Rutger.5">
      <nite:pointer role="type"  href="ae-types.xml#id(ae_1)"/>
      <nite:child href="ES2014c.A.words.xml#id(ES2014c.A.words736)..id(ES2014c.A.words751)"/>
   </ae>
   <ae nite:id="ES2014c.A.argumentstructs.Rutger.6">
      <nite:pointer role="type"  href="ae-types.xml#id(ae_1)"/>
      <nite:child href="ES2014c.A.words.xml#id(ES2014c.A.words752)..id(ES2014c.A.words753)"/>
   </ae>
   <ae nite:id="ES2014c.A.argumentstructs.Rutger.7">
      <nite:pointer role="type"  href="ae-types.xml#id(ae_1)"/>
      <nite:child href="ES2014c.A.words.xml#id(ES2014c.A.words1144)..id(ES2014c.A.words1192)"/>
   </ae>
   <ae nite:id="ES2014c.A.argumentstructs.Rutger.8">
      <nite:pointer role="type"  href="ae-types.xml#id(ae_1)"/>
      <nite:child href="ES2014c.A.words.xml#id(ES2014c.A.words1195)..id(ES2014c.A.words1225)"/>
   </ae>
   <ae nite:id="ES2014c.A.argumentstructs.Rutger.9">
      <nite:pointer role="type"  href="ae-types.xml#id(ae_1)"/>
      <nite:child href="ES2014c.A.words.xml#id(ES2014c.A.words1226)..id(ES2014c.A.words1322)"/>
   </ae>
   <ae nite:id="ES2014c.A.argumentstructs.Rutger.10">
      <nite:pointer role="type"  href="ae-types.xml#id(ae_1)"/>
      <nite:child href="ES2014c.A.words.xml#id(ES2014c.A.words1323)..id(ES2014c.A.words1324)"/>
   </ae>
   <ae nite:id="ES2014c.A.argumentstructs.Rutger.11">
      <nite:pointer role="type"  href="ae-types.xml#id(ae_1)"/>
      <nite:child href="ES2014c.A.words.xml#id(ES2014c.A.words1325)..id(ES2014c.A.words1336)"/>
   </ae>
   <ae nite:id="ES2014c.A.argumentstructs.Rutger.12">
      <nite:pointer role="type"  href="ae-types.xml#id(ae_5)"/>
      <nite:child href="ES2014c.A.words.xml#id(ES2014c.A.words1337)..id(ES2014c.A.words1369)"/>
   </ae>
   <ae nite:id="ES2014c.A.argumentstructs.Rutger.13">
      <nite:pointer role="type"  href="ae-types.xml#id(ae_1)"/>
      <nite:child href="ES2014c.A.words.xml#id(ES2014c.A.words1372)..id(ES2014c.A.words1377)"/>
   </ae>
   <ae nite:id="ES2014c.A.argumentstructs.Rutger.14">
      <nite:pointer role="type"  href="ae-types.xml#id(ae_1)"/>
      <nite:child href="ES2014c.A.words.xml#id(ES2014c.A.words1379)..id(ES2014c.A.words1532)"/>
   </ae>
   <ae nite:id="ES2014c.A.argumentstructs.Rutger.15">
      <nite:pointer role="type"  href="ae-types.xml#id(ae_1)"/>
      <nite:child href="ES2014c.A.words.xml#id(ES2014c.A.words1533)..id(ES2014c.A.words1581)"/>
   </ae>
   <ae nite:id="ES2014c.A.argumentstructs.Rutger.16">
      <nite:pointer role="type"  href="ae-types.xml#id(ae_5)"/>
      <nite:child href="ES2014c.A.words.xml#id(ES2014c.A.words1591)..id(ES2014c.A.words1594)"/>
   </ae>
   <ae nite:id="ES2014c.A.argumentstructs.Rutger.17">
      <nite:pointer role="type"  href="ae-types.xml#id(ae_1)"/>
      <nite:child href="ES2014c.A.words.xml#id(ES2014c.A.words1595)..id(ES2014c.A.words1665)"/>
   </ae>
   <ae nite:id="ES2014c.A.argumentstructs.Rutger.18">
      <nite:pointer role="type"  href="ae-types.xml#id(ae_1)"/>
      <nite:child href="ES2014c.A.words.xml#id(ES2014c.A.words1667)..id(ES2014c.A.words1674)"/>
   </ae>
   <ae nite:id="ES2014c.A.argumentstructs.Rutger.19">
      <nite:pointer role="type"  href="ae-types.xml#id(ae_1)"/>
      <nite:child href="ES2014c.A.words.xml#id(ES2014c.A.words1675)..id(ES2014c.A.words1814)"/>
   </ae>
   <ae nite:id="ES2014c.A.argumentstructs.Rutger.20">
      <nite:pointer role="type"  href="ae-types.xml#id(ae_1)"/>
      <nite:child href="ES2014c.A.words.xml#id(ES2014c.A.words1815)..id(ES2014c.A.words1902)"/>
   </ae>
   <ae nite:id="ES2014c.A.argumentstructs.Rutger.21">
      <nite:pointer role="type"  href="ae-types.xml#id(ae_5)"/>
      <nite:child href="ES2014c.A.words.xml#id(ES2014c.A.words1904)..id(ES2014c.A.words1916)"/>
   </ae>
   <ae nite:id="ES2014c.A.argumentstructs.Rutger.22">
      <nite:pointer role="type"  href="ae-types.xml#id(ae_1)"/>
      <nite:child href="ES2014c.A.words.xml#id(ES2014c.A.words1917)..id(ES2014c.A.words1934)"/>
   </ae>
   <ae nite:id="ES2014c.A.argumentstructs.Rutger.23">
      <nite:pointer role="type"  href="ae-types.xml#id(ae_1)"/>
      <nite:child href="ES2014c.A.words.xml#id(ES2014c.A.words1937)..id(ES2014c.A.words1938)"/>
   </ae>
   <ae nite:id="ES2014c.A.argumentstructs.Rutger.24">
      <nite:pointer role="type"  href="ae-types.xml#id(ae_1)"/>
      <nite:child href="ES2014c.A.words.xml#id(ES2014c.A.words1941)..id(ES2014c.A.words1981)"/>
   </ae>
   <ae nite:id="ES2014c.A.argumentstructs.Rutger.25">
      <nite:pointer role="type"  href="ae-types.xml#id(ae_1)"/>
      <nite:child href="ES2014c.A.words.xml#id(ES2014c.A.words1982)..id(ES2014c.A.words1983)"/>
   </ae>
   <ae nite:id="ES2014c.A.argumentstructs.Rutger.26">
      <nite:pointer role="type"  href="ae-types.xml#id(ae_1)"/>
      <nite:child href="ES2014c.A.words.xml#id(ES2014c.A.words1985)..id(ES2014c.A.words2094)"/>
   </ae>
   <ae nite:id="ES2014c.A.argumentstructs.Rutger.27">
      <nite:pointer role="type"  href="ae-types.xml#id(ae_1)"/>
      <nite:child href="ES2014c.A.words.xml#id(ES2014c.A.words2101)..id(ES2014c.A.words2103)"/>
   </ae>
   <ae nite:id="ES2014c.A.argumentstructs.Rutger.28">
      <nite:pointer role="type"  href="ae-types.xml#id(ae_1)"/>
      <nite:child href="ES2014c.A.words.xml#id(ES2014c.A.words2104)..id(ES2014c.A.words2106)"/>
   </ae>
   <ae nite:id="ES2014c.A.argumentstructs.Rutger.29">
      <nite:pointer role="type"  href="ae-types.xml#id(ae_3)"/>
      <nite:child href="ES2014c.A.words.xml#id(ES2014c.A.words2107)..id(ES2014c.A.words2137)"/>
   </ae>
   <ae nite:id="ES2014c.A.argumentstructs.Rutger.30">
      <nite:pointer role="type"  href="ae-types.xml#id(ae_1)"/>
      <nite:child href="ES2014c.A.words.xml#id(ES2014c.A.words2138)..id(ES2014c.A.words2149)"/>
   </ae>
   <ae nite:id="ES2014c.A.argumentstructs.31">
      <nite:pointer role="type"  href="ae-types.xml#id(ae_6)"/>
      <nite:child href="ES2014c.A.words.xml#id(ES2014c.A.words654)..id(ES2014c.A.words656)"/>
   </ae>
   <ae nite:id="ES2014c.A.argumentstructs.32">
      <nite:pointer role="type"  href="ae-types.xml#id(ae_6)"/>
      <nite:child href="ES2014c.A.words.xml#id(ES2014c.A.words754)"/>
   </ae>
   <ae nite:id="ES2014c.A.argumentstructs.33">
      <nite:pointer role="type"  href="ae-types.xml#id(ae_6)"/>
      <nite:child href="ES2014c.A.words.xml#id(ES2014c.A.words1193)..id(ES2014c.A.words1194)"/>
   </ae>
   <ae nite:id="ES2014c.A.argumentstructs.34">
      <nite:pointer role="type"  href="ae-types.xml#id(ae_6)"/>
      <nite:child href="ES2014c.A.words.xml#id(ES2014c.A.words1370)..id(ES2014c.A.words1371)"/>
   </ae>
   <ae nite:id="ES2014c.A.argumentstructs.35">
      <nite:pointer role="type"  href="ae-types.xml#id(ae_6)"/>
      <nite:child href="ES2014c.A.words.xml#id(ES2014c.A.words1582)..id(ES2014c.A.words1590)"/>
   </ae>
   <ae nite:id="ES2014c.A.argumentstructs.36">
      <nite:pointer role="type"  href="ae-types.xml#id(ae_6)"/>
      <nite:child href="ES2014c.A.words.xml#id(ES2014c.A.words1935)..id(ES2014c.A.words1936)"/>
   </ae>
   <ae nite:id="ES2014c.A.argumentstructs.37">
      <nite:pointer role="type"  href="ae-types.xml#id(ae_6)"/>
      <nite:child href="ES2014c.A.words.xml#id(ES2014c.A.words1939)"/>
   </ae>
   <ae nite:id="ES2014c.A.argumentstructs.38">
      <nite:pointer role="type"  href="ae-types.xml#id(ae_6)"/>
      <nite:child href="ES2014c.A.words.xml#id(ES2014c.A.words2095)..id(ES2014c.A.words2096)"/>
      <nite:child href="ES2014c.A.words.xml#id(ES2014c.A.words2099)..id(ES2014c.A.words2100)"/>
   </ae>
</nite:root>