<?xml version="1.0" encoding="ISO-8859-1" standalone="yes"?>
<nite:root nite:id="ES2009b.A.argumentstructs" xmlns:nite="http://nite.sourceforge.net/">
   <ae nite:id="ES2009b.A.argumentstructs.Erik.1">
      <nite:pointer role="type"  href="ae-types.xml#id(ae_1)"/>
      <nite:child href="ES2009b.A.words.xml#id(ES2009b.A.words785)..id(ES2009b.A.words849)"/>
   </ae>
   <ae nite:id="ES2009b.A.argumentstructs.Erik.2">
      <nite:pointer role="type"  href="ae-types.xml#id(ae_1)"/>
      <nite:child href="ES2009b.A.words.xml#id(ES2009b.A.words852)..id(ES2009b.A.words854)"/>
   </ae>
   <ae nite:id="ES2009b.A.argumentstructs.Erik.3">
      <nite:pointer role="type"  href="ae-types.xml#id(ae_1)"/>
      <nite:child href="ES2009b.A.words.xml#id(ES2009b.A.words885)..id(ES2009b.A.words890)"/>
   </ae>
   <ae nite:id="ES2009b.A.argumentstructs.Erik.4">
      <nite:pointer role="type"  href="ae-types.xml#id(ae_1)"/>
      <nite:child href="ES2009b.A.words.xml#id(ES2009b.A.words891)..id(ES2009b.A.words931)"/>
   </ae>
   <ae nite:id="ES2009b.A.argumentstructs.Erik.5">
      <nite:pointer role="type"  href="ae-types.xml#id(ae_1)"/>
      <nite:child href="ES2009b.A.words.xml#id(ES2009b.A.words932)..id(ES2009b.A.words933)"/>
   </ae>
   <ae nite:id="ES2009b.A.argumentstructs.Erik.6">
      <nite:pointer role="type"  href="ae-types.xml#id(ae_1)"/>
      <nite:child href="ES2009b.A.words.xml#id(ES2009b.A.words934)..id(ES2009b.A.words975)"/>
   </ae>
   <ae nite:id="ES2009b.A.argumentstructs.Erik.7">
      <nite:pointer role="type"  href="ae-types.xml#id(ae_1)"/>
      <nite:child href="ES2009b.A.words.xml#id(ES2009b.A.words1859)..id(ES2009b.A.words1957)"/>
   </ae>
   <ae nite:id="ES2009b.A.argumentstructs.Erik.8">
      <nite:pointer role="type"  href="ae-types.xml#id(ae_3)"/>
      <nite:child href="ES2009b.A.words.xml#id(ES2009b.A.words1958)..id(ES2009b.A.words1966)"/>
   </ae>
   <ae nite:id="ES2009b.A.argumentstructs.Erik.9">
      <nite:pointer role="type"  href="ae-types.xml#id(ae_1)"/>
      <nite:child href="ES2009b.A.words.xml#id(ES2009b.A.words1971)..id(ES2009b.A.words1974)"/>
   </ae>
   <ae nite:id="ES2009b.A.argumentstructs.Erik.10">
      <nite:pointer role="type"  href="ae-types.xml#id(ae_1)"/>
      <nite:child href="ES2009b.A.words.xml#id(ES2009b.A.words1976)..id(ES2009b.A.words1977)"/>
   </ae>
   <ae nite:id="ES2009b.A.argumentstructs.Erik.11">
      <nite:pointer role="type"  href="ae-types.xml#id(ae_1)"/>
      <nite:child href="ES2009b.A.words.xml#id(ES2009b.A.words1978)..id(ES2009b.A.words1996)"/>
   </ae>
   <ae nite:id="ES2009b.A.argumentstructs.Erik.12">
      <nite:pointer role="type"  href="ae-types.xml#id(ae_1)"/>
      <nite:child href="ES2009b.A.words.xml#id(ES2009b.A.words1998)..id(ES2009b.A.words2003)"/>
   </ae>
   <ae nite:id="ES2009b.A.argumentstructs.Erik.13">
      <nite:pointer role="type"  href="ae-types.xml#id(ae_1)"/>
      <nite:child href="ES2009b.A.words.xml#id(ES2009b.A.words2004)..id(ES2009b.A.words2005)"/>
   </ae>
   <ae nite:id="ES2009b.A.argumentstructs.Erik.14">
      <nite:pointer role="type"  href="ae-types.xml#id(ae_1)"/>
      <nite:child href="ES2009b.A.words.xml#id(ES2009b.A.words2007)..id(ES2009b.A.words2056)"/>
   </ae>
   <ae nite:id="ES2009b.A.argumentstructs.Erik.15">
      <nite:pointer role="type"  href="ae-types.xml#id(ae_1)"/>
      <nite:child href="ES2009b.A.words.xml#id(ES2009b.A.words2057)..id(ES2009b.A.words2096)"/>
   </ae>
   <ae nite:id="ES2009b.A.argumentstructs.16">
      <nite:pointer role="type"  href="ae-types.xml#id(ae_6)"/>
      <nite:child href="ES2009b.A.words.xml#id(ES2009b.A.words850)..id(ES2009b.A.words851)"/>
   </ae>
   <ae nite:id="ES2009b.A.argumentstructs.17">
      <nite:pointer role="type"  href="ae-types.xml#id(ae_6)"/>
      <nite:child href="ES2009b.A.words.xml#id(ES2009b.A.words855)..id(ES2009b.A.words884)"/>
   </ae>
   <ae nite:id="ES2009b.A.argumentstructs.18">
      <nite:pointer role="type"  href="ae-types.xml#id(ae_6)"/>
      <nite:child href="ES2009b.A.words.xml#id(ES2009b.A.words1967)..id(ES2009b.A.words1970)"/>
   </ae>
   <ae nite:id="ES2009b.A.argumentstructs.19">
      <nite:pointer role="type"  href="ae-types.xml#id(ae_6)"/>
      <nite:child href="ES2009b.A.words.xml#id(ES2009b.A.words1997)"/>
   </ae>
</nite:root>