<?xml version="1.0" encoding="ISO-8859-1" standalone="yes"?>
<nite:root nite:id="ES2004c.D.argumentstructs" xmlns:nite="http://nite.sourceforge.net/">
   <ae nite:id="ES2004c.D.argumentstructs.Erik.1">
      <nite:pointer role="type"  href="ae-types.xml#id(ae_5)"/>
      <nite:child href="ES2004c.D.words.xml#id(ES2004c.D.words487)..id(ES2004c.D.words498)"/>
   </ae>
   <ae nite:id="ES2004c.D.argumentstructs.Erik.2">
      <nite:pointer role="type"  href="ae-types.xml#id(ae_1)"/>
      <nite:child href="ES2004c.D.words.xml#id(ES2004c.D.words499)..id(ES2004c.D.words503)"/>
   </ae>
   <ae nite:id="ES2004c.D.argumentstructs.Erik.3">
      <nite:pointer role="type"  href="ae-types.xml#id(ae_1)"/>
      <nite:child href="ES2004c.D.words.xml#id(ES2004c.D.words506)..id(ES2004c.D.words510)"/>
   </ae>
   <ae nite:id="ES2004c.D.argumentstructs.Erik.4">
      <nite:pointer role="type"  href="ae-types.xml#id(ae_5)"/>
      <nite:child href="ES2004c.D.words.xml#id(ES2004c.D.words540)..id(ES2004c.D.words558)"/>
   </ae>
   <ae nite:id="ES2004c.D.argumentstructs.Erik.5">
      <nite:pointer role="type"  href="ae-types.xml#id(ae_5)"/>
      <nite:child href="ES2004c.D.words.xml#id(ES2004c.D.words559)..id(ES2004c.D.words590)"/>
   </ae>
   <ae nite:id="ES2004c.D.argumentstructs.Erik.6">
      <nite:pointer role="type"  href="ae-types.xml#id(ae_5)"/>
      <nite:child href="ES2004c.D.words.xml#id(ES2004c.D.words743)..id(ES2004c.D.words786)"/>
   </ae>
   <ae nite:id="ES2004c.D.argumentstructs.Erik.7">
      <nite:pointer role="type"  href="ae-types.xml#id(ae_1)"/>
      <nite:child href="ES2004c.D.words.xml#id(ES2004c.D.words787)..id(ES2004c.D.words794)"/>
   </ae>
   <ae nite:id="ES2004c.D.argumentstructs.Erik.8">
      <nite:pointer role="type"  href="ae-types.xml#id(ae_1)"/>
      <nite:child href="ES2004c.D.words.xml#id(ES2004c.D.words799)..id(ES2004c.D.words820)"/>
   </ae>
   <ae nite:id="ES2004c.D.argumentstructs.Erik.9">
      <nite:pointer role="type"  href="ae-types.xml#id(ae_1)"/>
      <nite:child href="ES2004c.D.words.xml#id(ES2004c.D.words821)..id(ES2004c.D.words823)"/>
   </ae>
   <ae nite:id="ES2004c.D.argumentstructs.10">
      <nite:pointer role="type"  href="ae-types.xml#id(ae_6)"/>
      <nite:child href="ES2004c.D.words.xml#id(ES2004c.D.words504)..id(ES2004c.D.words505)"/>
   </ae>
   <ae nite:id="ES2004c.D.argumentstructs.11">
      <nite:pointer role="type"  href="ae-types.xml#id(ae_6)"/>
      <nite:child href="ES2004c.D.words.xml#id(ES2004c.D.words511)..id(ES2004c.D.words513)"/>
      <nite:child href="ES2004c.D.words.xml#id(ES2004c.D.words515)..id(ES2004c.D.words539)"/>
   </ae>
   <ae nite:id="ES2004c.D.argumentstructs.12">
      <nite:pointer role="type"  href="ae-types.xml#id(ae_6)"/>
      <nite:child href="ES2004c.D.words.xml#id(ES2004c.D.words711)..id(ES2004c.D.words742)"/>
   </ae>
   <ae nite:id="ES2004c.D.argumentstructs.13">
      <nite:pointer role="type"  href="ae-types.xml#id(ae_6)"/>
      <nite:child href="ES2004c.D.words.xml#id(ES2004c.D.words795)..id(ES2004c.D.words798)"/>
   </ae>
   <ae nite:id="ES2004c.D.argumentstructs.14">
      <nite:pointer role="type"  href="ae-types.xml#id(ae_6)"/>
      <nite:child href="ES2004c.D.words.xml#id(ES2004c.D.words824)"/>
   </ae>
</nite:root>