<?xml version="1.0" encoding="ISO-8859-1" standalone="yes"?>
<nite:root nite:id="ES2007b.C.argumentstructs" xmlns:nite="http://nite.sourceforge.net/">
   <ae nite:id="ES2007b.C.argumentstructs.Erik.1">
      <nite:pointer role="type"  href="ae-types.xml#id(ae_3)"/>
      <nite:child href="ES2007b.C.words.xml#id(ES2007b.C.words94)..id(ES2007b.C.words163)"/>
   </ae>
   <ae nite:id="ES2007b.C.argumentstructs.Erik.2">
      <nite:pointer role="type"  href="ae-types.xml#id(ae_1)"/>
      <nite:child href="ES2007b.C.words.xml#id(ES2007b.C.words166)..id(ES2007b.C.words168)"/>
   </ae>
   <ae nite:id="ES2007b.C.argumentstructs.Erik.3">
      <nite:pointer role="type"  href="ae-types.xml#id(ae_1)"/>
      <nite:child href="ES2007b.C.words.xml#id(ES2007b.C.words975)..id(ES2007b.C.words988)"/>
   </ae>
   <ae nite:id="ES2007b.C.argumentstructs.Erik.4">
      <nite:pointer role="type"  href="ae-types.xml#id(ae_1)"/>
      <nite:child href="ES2007b.C.words.xml#id(ES2007b.C.words989)..id(ES2007b.C.words998)"/>
   </ae>
   <ae nite:id="ES2007b.C.argumentstructs.Erik.5">
      <nite:pointer role="type"  href="ae-types.xml#id(ae_3)"/>
      <nite:child href="ES2007b.C.words.xml#id(ES2007b.C.words999)..id(ES2007b.C.words1027)"/>
   </ae>
   <ae nite:id="ES2007b.C.argumentstructs.Erik.6">
      <nite:pointer role="type"  href="ae-types.xml#id(ae_1)"/>
      <nite:child href="ES2007b.C.words.xml#id(ES2007b.C.words1234)..id(ES2007b.C.words1260)"/>
   </ae>
   <ae nite:id="ES2007b.C.argumentstructs.Erik.7">
      <nite:pointer role="type"  href="ae-types.xml#id(ae_1)"/>
      <nite:child href="ES2007b.C.words.xml#id(ES2007b.C.words1261)..id(ES2007b.C.words1272)"/>
   </ae>
   <ae nite:id="ES2007b.C.argumentstructs.8">
      <nite:pointer role="type"  href="ae-types.xml#id(ae_6)"/>
      <nite:child href="ES2007b.C.words.xml#id(ES2007b.C.words164)"/>
   </ae>
   <ae nite:id="ES2007b.C.argumentstructs.9">
      <nite:pointer role="type"  href="ae-types.xml#id(ae_6)"/>
      <nite:child href="ES2007b.C.words.xml#id(ES2007b.C.words1228)..id(ES2007b.C.words1233)"/>
   </ae>
</nite:root>