<?xml version="1.0" encoding="ISO-8859-1" standalone="yes"?>
<nite:root nite:id="ES2008d.D.argumentstructs" xmlns:nite="http://nite.sourceforge.net/">
   <ae nite:id="ES2008d.D.argumentstructs.Erik.1">
      <nite:pointer role="type"  href="ae-types.xml#id(ae_5)"/>
      <nite:child href="ES2008d.D.words.xml#id(ES2008d.D.words607)..id(ES2008d.D.words612)"/>
   </ae>
   <ae nite:id="ES2008d.D.argumentstructs.Erik.2">
      <nite:pointer role="type"  href="ae-types.xml#id(ae_1)"/>
      <nite:child href="ES2008d.D.words.xml#id(ES2008d.D.words615)..id(ES2008d.D.words651)"/>
   </ae>
   <ae nite:id="ES2008d.D.argumentstructs.Erik.3">
      <nite:pointer role="type"  href="ae-types.xml#id(ae_1)"/>
      <nite:child href="ES2008d.D.words.xml#id(ES2008d.D.words652)..id(ES2008d.D.words661)"/>
   </ae>
   <ae nite:id="ES2008d.D.argumentstructs.Erik.4">
      <nite:pointer role="type"  href="ae-types.xml#id(ae_1)"/>
      <nite:child href="ES2008d.D.words.xml#id(ES2008d.D.words664)..id(ES2008d.D.words672)"/>
   </ae>
   <ae nite:id="ES2008d.D.argumentstructs.Erik.5">
      <nite:pointer role="type"  href="ae-types.xml#id(ae_1)"/>
      <nite:child href="ES2008d.D.words.xml#id(ES2008d.D.words673)..id(ES2008d.D.words694)"/>
   </ae>
   <ae nite:id="ES2008d.D.argumentstructs.Erik.6">
      <nite:pointer role="type"  href="ae-types.xml#id(ae_1)"/>
      <nite:child href="ES2008d.D.words.xml#id(ES2008d.D.words695)..id(ES2008d.D.words710)"/>
   </ae>
   <ae nite:id="ES2008d.D.argumentstructs.Erik.7">
      <nite:pointer role="type"  href="ae-types.xml#id(ae_1)"/>
      <nite:child href="ES2008d.D.words.xml#id(ES2008d.D.words711)..id(ES2008d.D.words712)"/>
   </ae>
   <ae nite:id="ES2008d.D.argumentstructs.Erik.8">
      <nite:pointer role="type"  href="ae-types.xml#id(ae_3)"/>
      <nite:child href="ES2008d.D.words.xml#id(ES2008d.D.words713)..id(ES2008d.D.words715)"/>
   </ae>
   <ae nite:id="ES2008d.D.argumentstructs.Erik.9">
      <nite:pointer role="type"  href="ae-types.xml#id(ae_1)"/>
      <nite:child href="ES2008d.D.words.xml#id(ES2008d.D.words716)..id(ES2008d.D.words718)"/>
   </ae>
   <ae nite:id="ES2008d.D.argumentstructs.Erik.10">
      <nite:pointer role="type"  href="ae-types.xml#id(ae_5)"/>
      <nite:child href="ES2008d.D.words.xml#id(ES2008d.D.words802)..id(ES2008d.D.words818)"/>
   </ae>
   <ae nite:id="ES2008d.D.argumentstructs.Erik.11">
      <nite:pointer role="type"  href="ae-types.xml#id(ae_5)"/>
      <nite:child href="ES2008d.D.words.xml#id(ES2008d.D.words819)..id(ES2008d.D.words826)"/>
   </ae>
   <ae nite:id="ES2008d.D.argumentstructs.Erik.12">
      <nite:pointer role="type"  href="ae-types.xml#id(ae_1)"/>
      <nite:child href="ES2008d.D.words.xml#id(ES2008d.D.words827)..id(ES2008d.D.words841)"/>
   </ae>
   <ae nite:id="ES2008d.D.argumentstructs.Erik.13">
      <nite:pointer role="type"  href="ae-types.xml#id(ae_1)"/>
      <nite:child href="ES2008d.D.words.xml#id(ES2008d.D.words842)..id(ES2008d.D.words845)"/>
   </ae>
   <ae nite:id="ES2008d.D.argumentstructs.Erik.14">
      <nite:pointer role="type"  href="ae-types.xml#id(ae_1)"/>
      <nite:child href="ES2008d.D.words.xml#id(ES2008d.D.words846)..id(ES2008d.D.words853)"/>
   </ae>
   <ae nite:id="ES2008d.D.argumentstructs.Erik.15">
      <nite:pointer role="type"  href="ae-types.xml#id(ae_1)"/>
      <nite:child href="ES2008d.D.words.xml#id(ES2008d.D.words854)..id(ES2008d.D.words855)"/>
   </ae>
   <ae nite:id="ES2008d.D.argumentstructs.Erik.16">
      <nite:pointer role="type"  href="ae-types.xml#id(ae_1)"/>
      <nite:child href="ES2008d.D.words.xml#id(ES2008d.D.words857)..id(ES2008d.D.words875)"/>
   </ae>
   <ae nite:id="ES2008d.D.argumentstructs.Erik.17">
      <nite:pointer role="type"  href="ae-types.xml#id(ae_3)"/>
      <nite:child href="ES2008d.D.words.xml#id(ES2008d.D.words877)..id(ES2008d.D.words883)"/>
   </ae>
   <ae nite:id="ES2008d.D.argumentstructs.18">
      <nite:pointer role="type"  href="ae-types.xml#id(ae_6)"/>
      <nite:child href="ES2008d.D.words.xml#id(ES2008d.D.words599)..id(ES2008d.D.words606)"/>
   </ae>
   <ae nite:id="ES2008d.D.argumentstructs.19">
      <nite:pointer role="type"  href="ae-types.xml#id(ae_6)"/>
      <nite:child href="ES2008d.D.words.xml#id(ES2008d.D.words613)..id(ES2008d.D.words614)"/>
   </ae>
   <ae nite:id="ES2008d.D.argumentstructs.20">
      <nite:pointer role="type"  href="ae-types.xml#id(ae_6)"/>
      <nite:child href="ES2008d.D.words.xml#id(ES2008d.D.words662)..id(ES2008d.D.words663)"/>
   </ae>
</nite:root>