<?xml version="1.0" encoding="ISO-8859-1" standalone="yes"?>
<nite:root nite:id="ES2004c.B.argumentstructs" xmlns:nite="http://nite.sourceforge.net/">
   <ae nite:id="ES2004c.B.argumentstructs.Erik.1">
      <nite:pointer role="type"  href="ae-types.xml#id(ae_1)"/>
      <nite:child href="ES2004c.B.words.xml#id(ES2004c.B.words335)..id(ES2004c.B.words336)"/>
   </ae>
   <ae nite:id="ES2004c.B.argumentstructs.Erik.2">
      <nite:pointer role="type"  href="ae-types.xml#id(ae_3)"/>
      <nite:child href="ES2004c.B.words.xml#id(ES2004c.B.words339)..id(ES2004c.B.words343)"/>
   </ae>
   <ae nite:id="ES2004c.B.argumentstructs.Erik.3">
      <nite:pointer role="type"  href="ae-types.xml#id(ae_1)"/>
      <nite:child href="ES2004c.B.words.xml#id(ES2004c.B.words344)..id(ES2004c.B.words350)"/>
   </ae>
   <ae nite:id="ES2004c.B.argumentstructs.Erik.4">
      <nite:pointer role="type"  href="ae-types.xml#id(ae_3)"/>
      <nite:child href="ES2004c.B.words.xml#id(ES2004c.B.words351)..id(ES2004c.B.words389)"/>
   </ae>
   <ae nite:id="ES2004c.B.argumentstructs.Erik.5">
      <nite:pointer role="type"  href="ae-types.xml#id(ae_5)"/>
      <nite:child href="ES2004c.B.words.xml#id(ES2004c.B.words392)..id(ES2004c.B.words398)"/>
   </ae>
   <ae nite:id="ES2004c.B.argumentstructs.Erik.6">
      <nite:pointer role="type"  href="ae-types.xml#id(ae_2)"/>
      <nite:child href="ES2004c.B.words.xml#id(ES2004c.B.words399)..id(ES2004c.B.words405)"/>
   </ae>
   <ae nite:id="ES2004c.B.argumentstructs.Erik.7">
      <nite:pointer role="type"  href="ae-types.xml#id(ae_1)"/>
      <nite:child href="ES2004c.B.words.xml#id(ES2004c.B.words410)..id(ES2004c.B.words419)"/>
   </ae>
   <ae nite:id="ES2004c.B.argumentstructs.Erik.8">
      <nite:pointer role="type"  href="ae-types.xml#id(ae_1)"/>
      <nite:child href="ES2004c.B.words.xml#id(ES2004c.B.words420)..id(ES2004c.B.words463)"/>
   </ae>
   <ae nite:id="ES2004c.B.argumentstructs.Erik.9">
      <nite:pointer role="type"  href="ae-types.xml#id(ae_1)"/>
      <nite:child href="ES2004c.B.words.xml#id(ES2004c.B.words464)..id(ES2004c.B.words496)"/>
   </ae>
   <ae nite:id="ES2004c.B.argumentstructs.Erik.10">
      <nite:pointer role="type"  href="ae-types.xml#id(ae_1)"/>
      <nite:child href="ES2004c.B.words.xml#id(ES2004c.B.words497)..id(ES2004c.B.words498)"/>
   </ae>
   <ae nite:id="ES2004c.B.argumentstructs.Erik.11">
      <nite:pointer role="type"  href="ae-types.xml#id(ae_5)"/>
      <nite:child href="ES2004c.B.words.xml#id(ES2004c.B.words503)..id(ES2004c.B.words589)"/>
   </ae>
   <ae nite:id="ES2004c.B.argumentstructs.Erik.12">
      <nite:pointer role="type"  href="ae-types.xml#id(ae_1)"/>
      <nite:child href="ES2004c.B.words.xml#id(ES2004c.B.words590)..id(ES2004c.B.words591)"/>
   </ae>
   <ae nite:id="ES2004c.B.argumentstructs.Erik.13">
      <nite:pointer role="type"  href="ae-types.xml#id(ae_1)"/>
      <nite:child href="ES2004c.B.words.xml#id(ES2004c.B.words867)..id(ES2004c.B.words906)"/>
   </ae>
   <ae nite:id="ES2004c.B.argumentstructs.Erik.14">
      <nite:pointer role="type"  href="ae-types.xml#id(ae_1)"/>
      <nite:child href="ES2004c.B.words.xml#id(ES2004c.B.words907)..id(ES2004c.B.words908)"/>
   </ae>
   <ae nite:id="ES2004c.B.argumentstructs.Erik.15">
      <nite:pointer role="type"  href="ae-types.xml#id(ae_1)"/>
      <nite:child href="ES2004c.B.words.xml#id(ES2004c.B.words911)..id(ES2004c.B.words925)"/>
   </ae>
   <ae nite:id="ES2004c.B.argumentstructs.16">
      <nite:pointer role="type"  href="ae-types.xml#id(ae_6)"/>
      <nite:child href="ES2004c.B.words.xml#id(ES2004c.B.words337)"/>
   </ae>
   <ae nite:id="ES2004c.B.argumentstructs.17">
      <nite:pointer role="type"  href="ae-types.xml#id(ae_6)"/>
      <nite:child href="ES2004c.B.words.xml#id(ES2004c.B.words390)"/>
   </ae>
   <ae nite:id="ES2004c.B.argumentstructs.18">
      <nite:pointer role="type"  href="ae-types.xml#id(ae_6)"/>
      <nite:child href="ES2004c.B.words.xml#id(ES2004c.B.words406)..id(ES2004c.B.words408)"/>
   </ae>
   <ae nite:id="ES2004c.B.argumentstructs.19">
      <nite:pointer role="type"  href="ae-types.xml#id(ae_6)"/>
      <nite:child href="ES2004c.B.words.xml#id(ES2004c.B.words499)..id(ES2004c.B.words501)"/>
   </ae>
   <ae nite:id="ES2004c.B.argumentstructs.20">
      <nite:pointer role="type"  href="ae-types.xml#id(ae_6)"/>
      <nite:child href="ES2004c.B.words.xml#id(ES2004c.B.words592)..id(ES2004c.B.words594)"/>
      <nite:child href="ES2004c.B.words.xml#id(ES2004c.B.words596)..id(ES2004c.B.words600)"/>
      <nite:child href="ES2004c.B.words.xml#id(ES2004c.B.words602)..id(ES2004c.B.words603)"/>
   </ae>
   <ae nite:id="ES2004c.B.argumentstructs.21">
      <nite:pointer role="type"  href="ae-types.xml#id(ae_6)"/>
      <nite:child href="ES2004c.B.words.xml#id(ES2004c.B.words909)..id(ES2004c.B.words910)"/>
   </ae>
</nite:root>