<?xml version="1.0" encoding="ISO-8859-1" standalone="yes"?>
<nite:root nite:id="ES2003b.C.argumentstructs" xmlns:nite="http://nite.sourceforge.net/">
   <ae nite:id="ES2003b.C.argumentstructs.Erik.1">
      <nite:pointer role="type"  href="ae-types.xml#id(ae_1)"/>
      <nite:child href="ES2003b.C.words.xml#id(ES2003b.C.words1359)..id(ES2003b.C.words1360)"/>
   </ae>
   <ae nite:id="ES2003b.C.argumentstructs.Erik.2">
      <nite:pointer role="type"  href="ae-types.xml#id(ae_1)"/>
      <nite:child href="ES2003b.C.words.xml#id(ES2003b.C.words1361)"/>
   </ae>
   <ae nite:id="ES2003b.C.argumentstructs.Erik.3">
      <nite:pointer role="type"  href="ae-types.xml#id(ae_3)"/>
      <nite:child href="ES2003b.C.words.xml#id(ES2003b.C.words1362)..id(ES2003b.C.words1448)"/>
   </ae>
   <ae nite:id="ES2003b.C.argumentstructs.Erik.4">
      <nite:pointer role="type"  href="ae-types.xml#id(ae_1)"/>
      <nite:child href="ES2003b.C.words.xml#id(ES2003b.C.words1449)..id(ES2003b.C.words1453)"/>
   </ae>
   <ae nite:id="ES2003b.C.argumentstructs.Erik.6">
      <nite:pointer role="type"  href="ae-types.xml#id(ae_1)"/>
      <nite:child href="ES2003b.C.words.xml#id(ES2003b.C.words1456)..id(ES2003b.C.words1464)"/>
   </ae>
   <ae nite:id="ES2003b.C.argumentstructs.Erik.7">
      <nite:pointer role="type"  href="ae-types.xml#id(ae_1)"/>
      <nite:child href="ES2003b.C.words.xml#id(ES2003b.C.words1465)..id(ES2003b.C.words1466)"/>
   </ae>
   <ae nite:id="ES2003b.C.argumentstructs.Erik.8">
      <nite:pointer role="type"  href="ae-types.xml#id(ae_1)"/>
      <nite:child href="ES2003b.C.words.xml#id(ES2003b.C.words1652)..id(ES2003b.C.words1712)"/>
   </ae>
   <ae nite:id="ES2003b.C.argumentstructs.Erik.9">
      <nite:pointer role="type"  href="ae-types.xml#id(ae_1)"/>
      <nite:child href="ES2003b.C.words.xml#id(ES2003b.C.words1713)..id(ES2003b.C.words1719)"/>
   </ae>
   <ae nite:id="ES2003b.C.argumentstructs.Erik.10">
      <nite:pointer role="type"  href="ae-types.xml#id(ae_1)"/>
      <nite:child href="ES2003b.C.words.xml#id(ES2003b.C.words1725)..id(ES2003b.C.words1726)"/>
   </ae>
   <ae nite:id="ES2003b.C.argumentstructs.Erik.11">
      <nite:pointer role="type"  href="ae-types.xml#id(ae_1)"/>
      <nite:child href="ES2003b.C.words.xml#id(ES2003b.C.words1727)..id(ES2003b.C.words1758)"/>
   </ae>
   <ae nite:id="ES2003b.C.argumentstructs.Erik.12">
      <nite:pointer role="type"  href="ae-types.xml#id(ae_1)"/>
      <nite:child href="ES2003b.C.words.xml#id(ES2003b.C.words1760)..id(ES2003b.C.words1761)"/>
   </ae>
   <ae nite:id="ES2003b.C.argumentstructs.Erik.13">
      <nite:pointer role="type"  href="ae-types.xml#id(ae_1)"/>
      <nite:child href="ES2003b.C.words.xml#id(ES2003b.C.words1762)..id(ES2003b.C.words1765)"/>
   </ae>
   <ae nite:id="ES2003b.C.argumentstructs.Erik.14">
      <nite:pointer role="type"  href="ae-types.xml#id(ae_1)"/>
      <nite:child href="ES2003b.C.words.xml#id(ES2003b.C.words1767)..id(ES2003b.C.words1773)"/>
   </ae>
   <ae nite:id="ES2003b.C.argumentstructs.Erik.15">
      <nite:pointer role="type"  href="ae-types.xml#id(ae_1)"/>
      <nite:child href="ES2003b.C.words.xml#id(ES2003b.C.words1775)..id(ES2003b.C.words1776)"/>
   </ae>
   <ae nite:id="ES2003b.C.argumentstructs.Erik.18">
      <nite:pointer role="type"  href="ae-types.xml#id(ae_1)"/>
      <nite:child href="ES2003b.C.words.xml#id(ES2003b.C.words1781)..id(ES2003b.C.words1782)"/>
   </ae>
   <ae nite:id="ES2003b.C.argumentstructs.Erik.19">
      <nite:pointer role="type"  href="ae-types.xml#id(ae_1)"/>
      <nite:child href="ES2003b.C.words.xml#id(ES2003b.C.words1827)..id(ES2003b.C.words1828)"/>
   </ae>
   <ae nite:id="ES2003b.C.argumentstructs.20">
      <nite:pointer role="type"  href="ae-types.xml#id(ae_6)"/>
      <nite:child href="ES2003b.C.words.xml#id(ES2003b.C.words1454)..id(ES2003b.C.words1455)"/>
   </ae>
   <ae nite:id="ES2003b.C.argumentstructs.21">
      <nite:pointer role="type"  href="ae-types.xml#id(ae_6)"/>
      <nite:child href="ES2003b.C.words.xml#id(ES2003b.C.words1467)..id(ES2003b.C.words1472)"/>
   </ae>
   <ae nite:id="ES2003b.C.argumentstructs.22">
      <nite:pointer role="type"  href="ae-types.xml#id(ae_6)"/>
      <nite:child href="ES2003b.C.words.xml#id(ES2003b.C.words1720)..id(ES2003b.C.words1722)"/>
   </ae>
   <ae nite:id="ES2003b.C.argumentstructs.23">
      <nite:pointer role="type"  href="ae-types.xml#id(ae_6)"/>
      <nite:child href="ES2003b.C.words.xml#id(ES2003b.C.words1766)"/>
   </ae>
   <ae nite:id="ES2003b.C.argumentstructs.24">
      <nite:pointer role="type"  href="ae-types.xml#id(ae_6)"/>
      <nite:child href="ES2003b.C.words.xml#id(ES2003b.C.words1777)..id(ES2003b.C.words1780)"/>
   </ae>
   <ae nite:id="ES2003b.C.argumentstructs.25">
      <nite:pointer role="type"  href="ae-types.xml#id(ae_6)"/>
      <nite:child href="ES2003b.C.words.xml#id(ES2003b.C.words1784)..id(ES2003b.C.words1824)"/>
      <nite:child href="ES2003b.C.words.xml#id(ES2003b.C.words1826)"/>
   </ae>
   <ae nite:id="ES2003b.C.argumentstructs.26">
      <nite:pointer role="type"  href="ae-types.xml#id(ae_6)"/>
      <nite:child href="ES2003b.C.words.xml#id(ES2003b.C.words1829)..id(ES2003b.C.words1836)"/>
   </ae>
</nite:root>