<?xml version="1.0" encoding="ISO-8859-1" standalone="yes"?>
<nite:root nite:id="ES2016a.B.argumentstructs" xmlns:nite="http://nite.sourceforge.net/">
   <ae nite:id="ES2016a.B.argumentstructs.Rutger.1">
      <nite:pointer role="type"  href="ae-types.xml#id(ae_5)"/>
      <nite:child href="ES2016a.B.words.xml#id(ES2016a.B.words471)..id(ES2016a.B.words495)"/>
   </ae>
   <ae nite:id="ES2016a.B.argumentstructs.Rutger.2">
      <nite:pointer role="type"  href="ae-types.xml#id(ae_2)"/>
      <nite:child href="ES2016a.B.words.xml#id(ES2016a.B.words496)..id(ES2016a.B.words508)"/>
   </ae>
   <ae nite:id="ES2016a.B.argumentstructs.Rutger.4">
      <nite:pointer role="type"  href="ae-types.xml#id(ae_1)"/>
      <nite:child href="ES2016a.B.words.xml#id(ES2016a.B.words509)..id(ES2016a.B.words568)"/>
   </ae>
   <ae nite:id="ES2016a.B.argumentstructs.Rutger.5">
      <nite:pointer role="type"  href="ae-types.xml#id(ae_1)"/>
      <nite:child href="ES2016a.B.words.xml#id(ES2016a.B.words569)..id(ES2016a.B.words573)"/>
   </ae>
</nite:root>