<?xml version="1.0" encoding="ISO-8859-1" standalone="yes"?>
<nite:root nite:id="ES2009c.B.argumentstructs" xmlns:nite="http://nite.sourceforge.net/">
   <ae nite:id="ES2009c.B.argumentstructs.Erik.1">
      <nite:pointer role="type"  href="ae-types.xml#id(ae_1)"/>
      <nite:child href="ES2009c.B.words.xml#id(ES2009c.B.words953)..id(ES2009c.B.words982)"/>
   </ae>
   <ae nite:id="ES2009c.B.argumentstructs.Erik.2">
      <nite:pointer role="type"  href="ae-types.xml#id(ae_1)"/>
      <nite:child href="ES2009c.B.words.xml#id(ES2009c.B.words991)..id(ES2009c.B.words999)"/>
   </ae>
   <ae nite:id="ES2009c.B.argumentstructs.Erik.3">
      <nite:pointer role="type"  href="ae-types.xml#id(ae_1)"/>
      <nite:child href="ES2009c.B.words.xml#id(ES2009c.B.words1000)..id(ES2009c.B.words1014)"/>
   </ae>
   <ae nite:id="ES2009c.B.argumentstructs.Erik.4">
      <nite:pointer role="type"  href="ae-types.xml#id(ae_1)"/>
      <nite:child href="ES2009c.B.words.xml#id(ES2009c.B.words1017)..id(ES2009c.B.words1018)"/>
   </ae>
   <ae nite:id="ES2009c.B.argumentstructs.Erik.5">
      <nite:pointer role="type"  href="ae-types.xml#id(ae_1)"/>
      <nite:child href="ES2009c.B.words.xml#id(ES2009c.B.words1019)..id(ES2009c.B.words1033)"/>
   </ae>
   <ae nite:id="ES2009c.B.argumentstructs.Erik.6">
      <nite:pointer role="type"  href="ae-types.xml#id(ae_1)"/>
      <nite:child href="ES2009c.B.words.xml#id(ES2009c.B.words1035)..id(ES2009c.B.words1055)"/>
   </ae>
   <ae nite:id="ES2009c.B.argumentstructs.Erik.7">
      <nite:pointer role="type"  href="ae-types.xml#id(ae_1)"/>
      <nite:child href="ES2009c.B.words.xml#id(ES2009c.B.words1056)..id(ES2009c.B.words1057)"/>
   </ae>
   <ae nite:id="ES2009c.B.argumentstructs.Erik.8">
      <nite:pointer role="type"  href="ae-types.xml#id(ae_1)"/>
      <nite:child href="ES2009c.B.words.xml#id(ES2009c.B.words1058)..id(ES2009c.B.words1100)"/>
   </ae>
   <ae nite:id="ES2009c.B.argumentstructs.Erik.9">
      <nite:pointer role="type"  href="ae-types.xml#id(ae_1)"/>
      <nite:child href="ES2009c.B.words.xml#id(ES2009c.B.words1101)..id(ES2009c.B.words1122)"/>
   </ae>
   <ae nite:id="ES2009c.B.argumentstructs.Erik.10">
      <nite:pointer role="type"  href="ae-types.xml#id(ae_1)"/>
      <nite:child href="ES2009c.B.words.xml#id(ES2009c.B.words1123)..id(ES2009c.B.words1158)"/>
   </ae>
   <ae nite:id="ES2009c.B.argumentstructs.Erik.11">
      <nite:pointer role="type"  href="ae-types.xml#id(ae_1)"/>
      <nite:child href="ES2009c.B.words.xml#id(ES2009c.B.words1159)..id(ES2009c.B.words1235)"/>
   </ae>
   <ae nite:id="ES2009c.B.argumentstructs.Erik.12">
      <nite:pointer role="type"  href="ae-types.xml#id(ae_3)"/>
      <nite:child href="ES2009c.B.words.xml#id(ES2009c.B.words1390)..id(ES2009c.B.words1404)"/>
   </ae>
   <ae nite:id="ES2009c.B.argumentstructs.Erik.13">
      <nite:pointer role="type"  href="ae-types.xml#id(ae_4)"/>
      <nite:child href="ES2009c.B.words.xml#id(ES2009c.B.words1407)..id(ES2009c.B.words1438)"/>
   </ae>
   <ae nite:id="ES2009c.B.argumentstructs.Erik.14">
      <nite:pointer role="type"  href="ae-types.xml#id(ae_1)"/>
      <nite:child href="ES2009c.B.words.xml#id(ES2009c.B.words1439)..id(ES2009c.B.words1440)"/>
   </ae>
   <ae nite:id="ES2009c.B.argumentstructs.Erik.15">
      <nite:pointer role="type"  href="ae-types.xml#id(ae_1)"/>
      <nite:child href="ES2009c.B.words.xml#id(ES2009c.B.words1441)..id(ES2009c.B.words1484)"/>
   </ae>
   <ae nite:id="ES2009c.B.argumentstructs.16">
      <nite:pointer role="type"  href="ae-types.xml#id(ae_6)"/>
      <nite:child href="ES2009c.B.words.xml#id(ES2009c.B.words984)..id(ES2009c.B.words989)"/>
   </ae>
   <ae nite:id="ES2009c.B.argumentstructs.17">
      <nite:pointer role="type"  href="ae-types.xml#id(ae_6)"/>
      <nite:child href="ES2009c.B.words.xml#id(ES2009c.B.words1388)..id(ES2009c.B.words1389)"/>
   </ae>
   <ae nite:id="ES2009c.B.argumentstructs.18">
      <nite:pointer role="type"  href="ae-types.xml#id(ae_6)"/>
      <nite:child href="ES2009c.B.words.xml#id(ES2009c.B.words1405)..id(ES2009c.B.words1406)"/>
   </ae>
</nite:root>