<?xml version="1.0" encoding="ISO-8859-1" standalone="yes"?>
<nite:root nite:id="ES2010b.C.argumentstructs" xmlns:nite="http://nite.sourceforge.net/">
   <ae nite:id="ES2010b.C.argumentstructs.Erik.2">
      <nite:pointer role="type"  href="ae-types.xml#id(ae_1)"/>
      <nite:child href="ES2010b.C.words.xml#id(ES2010b.C.words841)..id(ES2010b.C.words846)"/>
   </ae>
   <ae nite:id="ES2010b.C.argumentstructs.Erik.3">
      <nite:pointer role="type"  href="ae-types.xml#id(ae_1)"/>
      <nite:child href="ES2010b.C.words.xml#id(ES2010b.C.words849)..id(ES2010b.C.words856)"/>
   </ae>
   <ae nite:id="ES2010b.C.argumentstructs.Erik.4">
      <nite:pointer role="type"  href="ae-types.xml#id(ae_1)"/>
      <nite:child href="ES2010b.C.words.xml#id(ES2010b.C.words857)..id(ES2010b.C.words860)"/>
   </ae>
   <ae nite:id="ES2010b.C.argumentstructs.Erik.5">
      <nite:pointer role="type"  href="ae-types.xml#id(ae_1)"/>
      <nite:child href="ES2010b.C.words.xml#id(ES2010b.C.words1160)..id(ES2010b.C.words1163)"/>
   </ae>
   <ae nite:id="ES2010b.C.argumentstructs.Erik.6">
      <nite:pointer role="type"  href="ae-types.xml#id(ae_1)"/>
      <nite:child href="ES2010b.C.words.xml#id(ES2010b.C.words1165)..id(ES2010b.C.words1169)"/>
   </ae>
   <ae nite:id="ES2010b.C.argumentstructs.Erik.7">
      <nite:pointer role="type"  href="ae-types.xml#id(ae_1)"/>
      <nite:child href="ES2010b.C.words.xml#id(ES2010b.C.words1177)..id(ES2010b.C.words1220)"/>
   </ae>
   <ae nite:id="ES2010b.C.argumentstructs.Erik.8">
      <nite:pointer role="type"  href="ae-types.xml#id(ae_1)"/>
      <nite:child href="ES2010b.C.words.xml#id(ES2010b.C.words1226)..id(ES2010b.C.words1234)"/>
   </ae>
   <ae nite:id="ES2010b.C.argumentstructs.Erik.9">
      <nite:pointer role="type"  href="ae-types.xml#id(ae_1)"/>
      <nite:child href="ES2010b.C.words.xml#id(ES2010b.C.words1237)..id(ES2010b.C.words1257)"/>
   </ae>
   <ae nite:id="ES2010b.C.argumentstructs.Erik.10">
      <nite:pointer role="type"  href="ae-types.xml#id(ae_1)"/>
      <nite:child href="ES2010b.C.words.xml#id(ES2010b.C.words1258)..id(ES2010b.C.words1264)"/>
   </ae>
   <ae nite:id="ES2010b.C.argumentstructs.Erik.11">
      <nite:pointer role="type"  href="ae-types.xml#id(ae_1)"/>
      <nite:child href="ES2010b.C.words.xml#id(ES2010b.C.words1265)..id(ES2010b.C.words1269)"/>
   </ae>
   <ae nite:id="ES2010b.C.argumentstructs.Erik.12">
      <nite:pointer role="type"  href="ae-types.xml#id(ae_1)"/>
      <nite:child href="ES2010b.C.words.xml#id(ES2010b.C.words1270)..id(ES2010b.C.words1271)"/>
   </ae>
   <ae nite:id="ES2010b.C.argumentstructs.Erik.13">
      <nite:pointer role="type"  href="ae-types.xml#id(ae_1)"/>
      <nite:child href="ES2010b.C.words.xml#id(ES2010b.C.words1272)..id(ES2010b.C.words1308)"/>
   </ae>
   <ae nite:id="ES2010b.C.argumentstructs.14">
      <nite:pointer role="type"  href="ae-types.xml#id(ae_6)"/>
      <nite:child href="ES2010b.C.words.xml#id(ES2010b.C.words839)..id(ES2010b.C.words840)"/>
   </ae>
   <ae nite:id="ES2010b.C.argumentstructs.15">
      <nite:pointer role="type"  href="ae-types.xml#id(ae_6)"/>
      <nite:child href="ES2010b.C.words.xml#id(ES2010b.C.words847)..id(ES2010b.C.words848)"/>
   </ae>
   <ae nite:id="ES2010b.C.argumentstructs.16">
      <nite:pointer role="type"  href="ae-types.xml#id(ae_6)"/>
      <nite:child href="ES2010b.C.words.xml#id(ES2010b.C.words1170)..id(ES2010b.C.words1173)"/>
      <nite:child href="ES2010b.C.words.xml#id(ES2010b.C.words1175)..id(ES2010b.C.words1176)"/>
   </ae>
   <ae nite:id="ES2010b.C.argumentstructs.17">
      <nite:pointer role="type"  href="ae-types.xml#id(ae_6)"/>
      <nite:child href="ES2010b.C.words.xml#id(ES2010b.C.words1221)..id(ES2010b.C.words1224)"/>
   </ae>
   <ae nite:id="ES2010b.C.argumentstructs.18">
      <nite:pointer role="type"  href="ae-types.xml#id(ae_6)"/>
      <nite:child href="ES2010b.C.words.xml#id(ES2010b.C.words1235)..id(ES2010b.C.words1236)"/>
   </ae>
</nite:root>