<?xml version="1.0" encoding="ISO-8859-1" standalone="yes"?>
<nite:root nite:id="ES2016c.B.argumentstructs" xmlns:nite="http://nite.sourceforge.net/">
   <ae nite:id="ES2016c.B.argumentstructs.Rutger.1">
      <nite:pointer role="type"  href="ae-types.xml#id(ae_5)"/>
      <nite:child href="ES2016c.B.words.xml#id(ES2016c.B.words832)..id(ES2016c.B.words877)"/>
   </ae>
   <ae nite:id="ES2016c.B.argumentstructs.Rutger.2">
      <nite:pointer role="type"  href="ae-types.xml#id(ae_4)"/>
      <nite:child href="ES2016c.B.words.xml#id(ES2016c.B.words919)..id(ES2016c.B.words939)"/>
   </ae>
   <ae nite:id="ES2016c.B.argumentstructs.Rutger.4">
      <nite:pointer role="type"  href="ae-types.xml#id(ae_1)"/>
      <nite:child href="ES2016c.B.words.xml#id(ES2016c.B.words940)..id(ES2016c.B.words953)"/>
   </ae>
   <ae nite:id="ES2016c.B.argumentstructs.Rutger.5">
      <nite:pointer role="type"  href="ae-types.xml#id(ae_5)"/>
      <nite:child href="ES2016c.B.words.xml#id(ES2016c.B.words954)..id(ES2016c.B.words968)"/>
   </ae>
   <ae nite:id="ES2016c.B.argumentstructs.Rutger.6">
      <nite:pointer role="type"  href="ae-types.xml#id(ae_1)"/>
      <nite:child href="ES2016c.B.words.xml#id(ES2016c.B.words969)..id(ES2016c.B.words984)"/>
   </ae>
   <ae nite:id="ES2016c.B.argumentstructs.Rutger.7">
      <nite:pointer role="type"  href="ae-types.xml#id(ae_1)"/>
      <nite:child href="ES2016c.B.words.xml#id(ES2016c.B.words985)..id(ES2016c.B.words988)"/>
   </ae>
   <ae nite:id="ES2016c.B.argumentstructs.Rutger.8">
      <nite:pointer role="type"  href="ae-types.xml#id(ae_1)"/>
      <nite:child href="ES2016c.B.words.xml#id(ES2016c.B.words989)..id(ES2016c.B.words1008)"/>
   </ae>
   <ae nite:id="ES2016c.B.argumentstructs.Rutger.9">
      <nite:pointer role="type"  href="ae-types.xml#id(ae_1)"/>
      <nite:child href="ES2016c.B.words.xml#id(ES2016c.B.words1014)..id(ES2016c.B.words1016)"/>
   </ae>
   <ae nite:id="ES2016c.B.argumentstructs.Rutger.10">
      <nite:pointer role="type"  href="ae-types.xml#id(ae_1)"/>
      <nite:child href="ES2016c.B.words.xml#id(ES2016c.B.words1018)..id(ES2016c.B.words1025)"/>
   </ae>
   <ae nite:id="ES2016c.B.argumentstructs.Rutger.11">
      <nite:pointer role="type"  href="ae-types.xml#id(ae_1)"/>
      <nite:child href="ES2016c.B.words.xml#id(ES2016c.B.words1027)..id(ES2016c.B.words1051)"/>
   </ae>
   <ae nite:id="ES2016c.B.argumentstructs.Rutger.12">
      <nite:pointer role="type"  href="ae-types.xml#id(ae_1)"/>
      <nite:child href="ES2016c.B.words.xml#id(ES2016c.B.words1052)..id(ES2016c.B.words1065)"/>
   </ae>
   <ae nite:id="ES2016c.B.argumentstructs.Rutger.13">
      <nite:pointer role="type"  href="ae-types.xml#id(ae_1)"/>
      <nite:child href="ES2016c.B.words.xml#id(ES2016c.B.words1066)..id(ES2016c.B.words1080)"/>
   </ae>
   <ae nite:id="ES2016c.B.argumentstructs.Rutger.16">
      <nite:pointer role="type"  href="ae-types.xml#id(ae_4)"/>
      <nite:child href="ES2016c.B.words.xml#id(ES2016c.B.words1709)..id(ES2016c.B.words1763)"/>
   </ae>
   <ae nite:id="ES2016c.B.argumentstructs.Rutger.17">
      <nite:pointer role="type"  href="ae-types.xml#id(ae_1)"/>
      <nite:child href="ES2016c.B.words.xml#id(ES2016c.B.words1764)..id(ES2016c.B.words1767)"/>
   </ae>
   <ae nite:id="ES2016c.B.argumentstructs.Rutger.18">
      <nite:pointer role="type"  href="ae-types.xml#id(ae_1)"/>
      <nite:child href="ES2016c.B.words.xml#id(ES2016c.B.words1769)..id(ES2016c.B.words1798)"/>
   </ae>
   <ae nite:id="ES2016c.B.argumentstructs.Rutger.19">
      <nite:pointer role="type"  href="ae-types.xml#id(ae_1)"/>
      <nite:child href="ES2016c.B.words.xml#id(ES2016c.B.words1799)..id(ES2016c.B.words1814)"/>
   </ae>
   <ae nite:id="ES2016c.B.argumentstructs.Rutger.20">
      <nite:pointer role="type"  href="ae-types.xml#id(ae_1)"/>
      <nite:child href="ES2016c.B.words.xml#id(ES2016c.B.words1819)..id(ES2016c.B.words1830)"/>
   </ae>
   <ae nite:id="ES2016c.B.argumentstructs.Rutger.21">
      <nite:pointer role="type"  href="ae-types.xml#id(ae_1)"/>
      <nite:child href="ES2016c.B.words.xml#id(ES2016c.B.words1831)..id(ES2016c.B.words1832)"/>
   </ae>
   <ae nite:id="ES2016c.B.argumentstructs.Rutger.22">
      <nite:pointer role="type"  href="ae-types.xml#id(ae_1)"/>
      <nite:child href="ES2016c.B.words.xml#id(ES2016c.B.words1833)..id(ES2016c.B.words1836)"/>
   </ae>
   <ae nite:id="ES2016c.B.argumentstructs.Rutger.23">
      <nite:pointer role="type"  href="ae-types.xml#id(ae_5)"/>
      <nite:child href="ES2016c.B.words.xml#id(ES2016c.B.words1837)..id(ES2016c.B.words1855)"/>
   </ae>
   <ae nite:id="ES2016c.B.argumentstructs.Rutger.24">
      <nite:pointer role="type"  href="ae-types.xml#id(ae_1)"/>
      <nite:child href="ES2016c.B.words.xml#id(ES2016c.B.words1856)..id(ES2016c.B.words1859)"/>
   </ae>
   <ae nite:id="ES2016c.B.argumentstructs.Rutger.25">
      <nite:pointer role="type"  href="ae-types.xml#id(ae_1)"/>
      <nite:child href="ES2016c.B.words.xml#id(ES2016c.B.words1861)..id(ES2016c.B.words1867)"/>
   </ae>
   <ae nite:id="ES2016c.B.argumentstructs.Rutger.26">
      <nite:pointer role="type"  href="ae-types.xml#id(ae_1)"/>
      <nite:child href="ES2016c.B.words.xml#id(ES2016c.B.words1869)..id(ES2016c.B.words1870)"/>
   </ae>
   <ae nite:id="ES2016c.B.argumentstructs.Rutger.27">
      <nite:pointer role="type"  href="ae-types.xml#id(ae_1)"/>
      <nite:child href="ES2016c.B.words.xml#id(ES2016c.B.words878)..id(ES2016c.B.words884)"/>
   </ae>
   <ae nite:id="ES2016c.B.argumentstructs.Rutger.28">
      <nite:pointer role="type"  href="ae-types.xml#id(ae_1)"/>
      <nite:child href="ES2016c.B.words.xml#id(ES2016c.B.words885)..id(ES2016c.B.words891)"/>
   </ae>
   <ae nite:id="ES2016c.B.argumentstructs.Rutger.29">
      <nite:pointer role="type"  href="ae-types.xml#id(ae_1)"/>
      <nite:child href="ES2016c.B.words.xml#id(ES2016c.B.words892)..id(ES2016c.B.words918)"/>
   </ae>
   <ae nite:id="ES2016c.B.argumentstructs.30">
      <nite:pointer role="type"  href="ae-types.xml#id(ae_6)"/>
      <nite:child href="ES2016c.B.words.xml#id(ES2016c.B.words1009)..id(ES2016c.B.words1010)"/>
      <nite:child href="ES2016c.B.words.xml#id(ES2016c.B.words1012)"/>
   </ae>
   <ae nite:id="ES2016c.B.argumentstructs.31">
      <nite:pointer role="type"  href="ae-types.xml#id(ae_6)"/>
      <nite:child href="ES2016c.B.words.xml#id(ES2016c.B.words1017)"/>
   </ae>
   <ae nite:id="ES2016c.B.argumentstructs.32">
      <nite:pointer role="type"  href="ae-types.xml#id(ae_6)"/>
      <nite:child href="ES2016c.B.words.xml#id(ES2016c.B.words1026)"/>
   </ae>
   <ae nite:id="ES2016c.B.argumentstructs.33">
      <nite:pointer role="type"  href="ae-types.xml#id(ae_6)"/>
      <nite:child href="ES2016c.B.words.xml#id(ES2016c.B.words1081)"/>
   </ae>
   <ae nite:id="ES2016c.B.argumentstructs.34">
      <nite:pointer role="type"  href="ae-types.xml#id(ae_6)"/>
      <nite:child href="ES2016c.B.words.xml#id(ES2016c.B.words1768)"/>
   </ae>
   <ae nite:id="ES2016c.B.argumentstructs.35">
      <nite:pointer role="type"  href="ae-types.xml#id(ae_6)"/>
      <nite:child href="ES2016c.B.words.xml#id(ES2016c.B.words1815)"/>
      <nite:child href="ES2016c.B.words.xml#id(ES2016c.B.words1817)..id(ES2016c.B.words1818)"/>
   </ae>
</nite:root>