<?xml version="1.0" encoding="ISO-8859-1" standalone="yes"?>
<nite:root nite:id="ES2003d.D.argumentstructs" xmlns:nite="http://nite.sourceforge.net/">
   <ae nite:id="ES2003d.D.argumentstructs.Erik.1">
      <nite:pointer role="type"  href="ae-types.xml#id(ae_1)"/>
      <nite:child href="ES2003d.D.words.xml#id(ES2003d.D.words70)..id(ES2003d.D.words73)"/>
   </ae>
   <ae nite:id="ES2003d.D.argumentstructs.Erik.2">
      <nite:pointer role="type"  href="ae-types.xml#id(ae_3)"/>
      <nite:child href="ES2003d.D.words.xml#id(ES2003d.D.words75)..id(ES2003d.D.words102)"/>
   </ae>
   <ae nite:id="ES2003d.D.argumentstructs.Erik.3">
      <nite:pointer role="type"  href="ae-types.xml#id(ae_1)"/>
      <nite:child href="ES2003d.D.words.xml#id(ES2003d.D.words103)..id(ES2003d.D.words117)"/>
   </ae>
   <ae nite:id="ES2003d.D.argumentstructs.Erik.4">
      <nite:pointer role="type"  href="ae-types.xml#id(ae_1)"/>
      <nite:child href="ES2003d.D.words.xml#id(ES2003d.D.words118)..id(ES2003d.D.words126)"/>
   </ae>
   <ae nite:id="ES2003d.D.argumentstructs.Erik.5">
      <nite:pointer role="type"  href="ae-types.xml#id(ae_5)"/>
      <nite:child href="ES2003d.D.words.xml#id(ES2003d.D.words131)..id(ES2003d.D.words137)"/>
   </ae>
   <ae nite:id="ES2003d.D.argumentstructs.Erik.6">
      <nite:pointer role="type"  href="ae-types.xml#id(ae_1)"/>
      <nite:child href="ES2003d.D.words.xml#id(ES2003d.D.words138)..id(ES2003d.D.words139)"/>
   </ae>
   <ae nite:id="ES2003d.D.argumentstructs.Erik.7">
      <nite:pointer role="type"  href="ae-types.xml#id(ae_1)"/>
      <nite:child href="ES2003d.D.words.xml#id(ES2003d.D.words141)..id(ES2003d.D.words142)"/>
   </ae>
   <ae nite:id="ES2003d.D.argumentstructs.Erik.8">
      <nite:pointer role="type"  href="ae-types.xml#id(ae_5)"/>
      <nite:child href="ES2003d.D.words.xml#id(ES2003d.D.words143)..id(ES2003d.D.words156)"/>
   </ae>
   <ae nite:id="ES2003d.D.argumentstructs.Erik.9">
      <nite:pointer role="type"  href="ae-types.xml#id(ae_1)"/>
      <nite:child href="ES2003d.D.words.xml#id(ES2003d.D.words157)..id(ES2003d.D.words163)"/>
   </ae>
   <ae nite:id="ES2003d.D.argumentstructs.Erik.10">
      <nite:pointer role="type"  href="ae-types.xml#id(ae_1)"/>
      <nite:child href="ES2003d.D.words.xml#id(ES2003d.D.words166)..id(ES2003d.D.words177)"/>
   </ae>
   <ae nite:id="ES2003d.D.argumentstructs.Erik.11">
      <nite:pointer role="type"  href="ae-types.xml#id(ae_5)"/>
      <nite:child href="ES2003d.D.words.xml#id(ES2003d.D.words178)..id(ES2003d.D.words189)"/>
   </ae>
   <ae nite:id="ES2003d.D.argumentstructs.Erik.12">
      <nite:pointer role="type"  href="ae-types.xml#id(ae_1)"/>
      <nite:child href="ES2003d.D.words.xml#id(ES2003d.D.words190)..id(ES2003d.D.words203)"/>
   </ae>
   <ae nite:id="ES2003d.D.argumentstructs.Erik.13">
      <nite:pointer role="type"  href="ae-types.xml#id(ae_1)"/>
      <nite:child href="ES2003d.D.words.xml#id(ES2003d.D.words209)..id(ES2003d.D.words219)"/>
   </ae>
   <ae nite:id="ES2003d.D.argumentstructs.Erik.14">
      <nite:pointer role="type"  href="ae-types.xml#id(ae_1)"/>
      <nite:child href="ES2003d.D.words.xml#id(ES2003d.D.words223)..id(ES2003d.D.words224)"/>
   </ae>
   <ae nite:id="ES2003d.D.argumentstructs.Erik.15">
      <nite:pointer role="type"  href="ae-types.xml#id(ae_5)"/>
      <nite:child href="ES2003d.D.words.xml#id(ES2003d.D.words225)..id(ES2003d.D.words234)"/>
   </ae>
   <ae nite:id="ES2003d.D.argumentstructs.Erik.16">
      <nite:pointer role="type"  href="ae-types.xml#id(ae_1)"/>
      <nite:child href="ES2003d.D.words.xml#id(ES2003d.D.words235)..id(ES2003d.D.words242)"/>
   </ae>
   <ae nite:id="ES2003d.D.argumentstructs.Erik.17">
      <nite:pointer role="type"  href="ae-types.xml#id(ae_5)"/>
      <nite:child href="ES2003d.D.words.xml#id(ES2003d.D.words243)..id(ES2003d.D.words249)"/>
   </ae>
   <ae nite:id="ES2003d.D.argumentstructs.Erik.18">
      <nite:pointer role="type"  href="ae-types.xml#id(ae_1)"/>
      <nite:child href="ES2003d.D.words.xml#id(ES2003d.D.words299)..id(ES2003d.D.words303)"/>
   </ae>
   <ae nite:id="ES2003d.D.argumentstructs.Erik.19">
      <nite:pointer role="type"  href="ae-types.xml#id(ae_1)"/>
      <nite:child href="ES2003d.D.words.xml#id(ES2003d.D.words314)..id(ES2003d.D.words321)"/>
   </ae>
   <ae nite:id="ES2003d.D.argumentstructs.Erik.20">
      <nite:pointer role="type"  href="ae-types.xml#id(ae_1)"/>
      <nite:child href="ES2003d.D.words.xml#id(ES2003d.D.words322)..id(ES2003d.D.words346)"/>
   </ae>
   <ae nite:id="ES2003d.D.argumentstructs.Erik.21">
      <nite:pointer role="type"  href="ae-types.xml#id(ae_1)"/>
      <nite:child href="ES2003d.D.words.xml#id(ES2003d.D.words347)..id(ES2003d.D.words350)"/>
   </ae>
   <ae nite:id="ES2003d.D.argumentstructs.Erik.22">
      <nite:pointer role="type"  href="ae-types.xml#id(ae_1)"/>
      <nite:child href="ES2003d.D.words.xml#id(ES2003d.D.words351)..id(ES2003d.D.words353)"/>
   </ae>
   <ae nite:id="ES2003d.D.argumentstructs.Erik.24">
      <nite:pointer role="type"  href="ae-types.xml#id(ae_1)"/>
      <nite:child href="ES2003d.D.words.xml#id(ES2003d.D.words358)..id(ES2003d.D.words380)"/>
   </ae>
   <ae nite:id="ES2003d.D.argumentstructs.Erik.25">
      <nite:pointer role="type"  href="ae-types.xml#id(ae_1)"/>
      <nite:child href="ES2003d.D.words.xml#id(ES2003d.D.words381)..id(ES2003d.D.words387)"/>
   </ae>
   <ae nite:id="ES2003d.D.argumentstructs.26">
      <nite:pointer role="type"  href="ae-types.xml#id(ae_6)"/>
      <nite:child href="ES2003d.D.words.xml#id(ES2003d.D.words128)..id(ES2003d.D.words129)"/>
   </ae>
   <ae nite:id="ES2003d.D.argumentstructs.27">
      <nite:pointer role="type"  href="ae-types.xml#id(ae_6)"/>
      <nite:child href="ES2003d.D.words.xml#id(ES2003d.D.words164)"/>
   </ae>
   <ae nite:id="ES2003d.D.argumentstructs.28">
      <nite:pointer role="type"  href="ae-types.xml#id(ae_6)"/>
      <nite:child href="ES2003d.D.words.xml#id(ES2003d.D.words205)..id(ES2003d.D.words206)"/>
      <nite:child href="ES2003d.D.words.xml#id(ES2003d.D.words208)"/>
   </ae>
   <ae nite:id="ES2003d.D.argumentstructs.29">
      <nite:pointer role="type"  href="ae-types.xml#id(ae_6)"/>
      <nite:child href="ES2003d.D.words.xml#id(ES2003d.D.words220)..id(ES2003d.D.words222)"/>
   </ae>
   <ae nite:id="ES2003d.D.argumentstructs.30">
      <nite:pointer role="type"  href="ae-types.xml#id(ae_6)"/>
      <nite:child href="ES2003d.D.words.xml#id(ES2003d.D.words354)..id(ES2003d.D.words356)"/>
   </ae>
</nite:root>