<?xml version="1.0" encoding="ISO-8859-1" standalone="yes"?>
<nite:root nite:id="ES2013b.B.argumentstructs" xmlns:nite="http://nite.sourceforge.net/">
   <ae nite:id="ES2013b.B.argumentstructs.Rutger.1">
      <nite:pointer role="type"  href="ae-types.xml#id(ae_1)"/>
      <nite:child href="ES2013b.B.words.xml#id(ES2013b.B.words768)..id(ES2013b.B.words776)"/>
   </ae>
   <ae nite:id="ES2013b.B.argumentstructs.Rutger.2">
      <nite:pointer role="type"  href="ae-types.xml#id(ae_1)"/>
      <nite:child href="ES2013b.B.words.xml#id(ES2013b.B.words778)..id(ES2013b.B.words806)"/>
   </ae>
   <ae nite:id="ES2013b.B.argumentstructs.Rutger.3">
      <nite:pointer role="type"  href="ae-types.xml#id(ae_1)"/>
      <nite:child href="ES2013b.B.words.xml#id(ES2013b.B.words808)..id(ES2013b.B.words824)"/>
   </ae>
   <ae nite:id="ES2013b.B.argumentstructs.Rutger.4">
      <nite:pointer role="type"  href="ae-types.xml#id(ae_2)"/>
      <nite:child href="ES2013b.B.words.xml#id(ES2013b.B.words830)..id(ES2013b.B.words837)"/>
   </ae>
   <ae nite:id="ES2013b.B.argumentstructs.Rutger.5">
      <nite:pointer role="type"  href="ae-types.xml#id(ae_2)"/>
      <nite:child href="ES2013b.B.words.xml#id(ES2013b.B.words838)..id(ES2013b.B.words839)"/>
   </ae>
   <ae nite:id="ES2013b.B.argumentstructs.Rutger.6">
      <nite:pointer role="type"  href="ae-types.xml#id(ae_5)"/>
      <nite:child href="ES2013b.B.words.xml#id(ES2013b.B.words840)..id(ES2013b.B.words863)"/>
   </ae>
   <ae nite:id="ES2013b.B.argumentstructs.7">
      <nite:pointer role="type"  href="ae-types.xml#id(ae_6)"/>
      <nite:child href="ES2013b.B.words.xml#id(ES2013b.B.words777)"/>
   </ae>
   <ae nite:id="ES2013b.B.argumentstructs.8">
      <nite:pointer role="type"  href="ae-types.xml#id(ae_6)"/>
      <nite:child href="ES2013b.B.words.xml#id(ES2013b.B.words807)"/>
   </ae>
   <ae nite:id="ES2013b.B.argumentstructs.9">
      <nite:pointer role="type"  href="ae-types.xml#id(ae_6)"/>
      <nite:child href="ES2013b.B.words.xml#id(ES2013b.B.words825)..id(ES2013b.B.words829)"/>
   </ae>
</nite:root>