<?xml version="1.0" encoding="ISO-8859-1" standalone="yes"?>
<nite:root nite:id="ES2012c.A.argumentstructs" xmlns:nite="http://nite.sourceforge.net/">
   <ae nite:id="ES2012c.A.argumentstructs.Rutger.1">
      <nite:pointer role="type"  href="ae-types.xml#id(ae_1)"/>
      <nite:child href="ES2012c.A.words.xml#id(ES2012c.A.words824)..id(ES2012c.A.words857)"/>
   </ae>
   <ae nite:id="ES2012c.A.argumentstructs.Rutger.2">
      <nite:pointer role="type"  href="ae-types.xml#id(ae_3)"/>
      <nite:child href="ES2012c.A.words.xml#id(ES2012c.A.words871)..id(ES2012c.A.words882)"/>
   </ae>
   <ae nite:id="ES2012c.A.argumentstructs.Rutger.3">
      <nite:pointer role="type"  href="ae-types.xml#id(ae_1)"/>
      <nite:child href="ES2012c.A.words.xml#id(ES2012c.A.words930)..id(ES2012c.A.words939)"/>
   </ae>
   <ae nite:id="ES2012c.A.argumentstructs.Rutger.4">
      <nite:pointer role="type"  href="ae-types.xml#id(ae_5)"/>
      <nite:child href="ES2012c.A.words.xml#id(ES2012c.A.words941)..id(ES2012c.A.words964)"/>
   </ae>
   <ae nite:id="ES2012c.A.argumentstructs.Rutger.6">
      <nite:pointer role="type"  href="ae-types.xml#id(ae_1)"/>
      <nite:child href="ES2012c.A.words.xml#id(ES2012c.A.words969)..id(ES2012c.A.words973)"/>
   </ae>
   <ae nite:id="ES2012c.A.argumentstructs.Rutger.7">
      <nite:pointer role="type"  href="ae-types.xml#id(ae_1)"/>
      <nite:child href="ES2012c.A.words.xml#id(ES2012c.A.words991)..id(ES2012c.A.words993)"/>
   </ae>
   <ae nite:id="ES2012c.A.argumentstructs.Rutger.8">
      <nite:pointer role="type"  href="ae-types.xml#id(ae_1)"/>
      <nite:child href="ES2012c.A.words.xml#id(ES2012c.A.words994)..id(ES2012c.A.words1032)"/>
   </ae>
   <ae nite:id="ES2012c.A.argumentstructs.Rutger.9">
      <nite:pointer role="type"  href="ae-types.xml#id(ae_1)"/>
      <nite:child href="ES2012c.A.words.xml#id(ES2012c.A.words1072)..id(ES2012c.A.words1101)"/>
   </ae>
   <ae nite:id="ES2012c.A.argumentstructs.Rutger.10">
      <nite:pointer role="type"  href="ae-types.xml#id(ae_3)"/>
      <nite:child href="ES2012c.A.words.xml#id(ES2012c.A.words1102)..id(ES2012c.A.words1103)"/>
   </ae>
   <ae nite:id="ES2012c.A.argumentstructs.Rutger.11">
      <nite:pointer role="type"  href="ae-types.xml#id(ae_5)"/>
      <nite:child href="ES2012c.A.words.xml#id(ES2012c.A.words1104)..id(ES2012c.A.words1121)"/>
   </ae>
   <ae nite:id="ES2012c.A.argumentstructs.Rutger.12">
      <nite:pointer role="type"  href="ae-types.xml#id(ae_1)"/>
      <nite:child href="ES2012c.A.words.xml#id(ES2012c.A.words1131)..id(ES2012c.A.words1141)"/>
   </ae>
   <ae nite:id="ES2012c.A.argumentstructs.Rutger.13">
      <nite:pointer role="type"  href="ae-types.xml#id(ae_1)"/>
      <nite:child href="ES2012c.A.words.xml#id(ES2012c.A.words1142)..id(ES2012c.A.words1145)"/>
   </ae>
   <ae nite:id="ES2012c.A.argumentstructs.Rutger.14">
      <nite:pointer role="type"  href="ae-types.xml#id(ae_1)"/>
      <nite:child href="ES2012c.A.words.xml#id(ES2012c.A.words1153)..id(ES2012c.A.words1158)"/>
   </ae>
   <ae nite:id="ES2012c.A.argumentstructs.Rutger.15">
      <nite:pointer role="type"  href="ae-types.xml#id(ae_1)"/>
      <nite:child href="ES2012c.A.words.xml#id(ES2012c.A.words1165)..id(ES2012c.A.words1174)"/>
   </ae>
   <ae nite:id="ES2012c.A.argumentstructs.Rutger.16">
      <nite:pointer role="type"  href="ae-types.xml#id(ae_3)"/>
      <nite:child href="ES2012c.A.words.xml#id(ES2012c.A.words1306)..id(ES2012c.A.words1333)"/>
   </ae>
   <ae nite:id="ES2012c.A.argumentstructs.Rutger.17">
      <nite:pointer role="type"  href="ae-types.xml#id(ae_1)"/>
      <nite:child href="ES2012c.A.words.xml#id(ES2012c.A.words1334)..id(ES2012c.A.words1353)"/>
   </ae>
   <ae nite:id="ES2012c.A.argumentstructs.Rutger.18">
      <nite:pointer role="type"  href="ae-types.xml#id(ae_1)"/>
      <nite:child href="ES2012c.A.words.xml#id(ES2012c.A.words1361)..id(ES2012c.A.words1368)"/>
   </ae>
   <ae nite:id="ES2012c.A.argumentstructs.Rutger.19">
      <nite:pointer role="type"  href="ae-types.xml#id(ae_1)"/>
      <nite:child href="ES2012c.A.words.xml#id(ES2012c.A.words1369)..id(ES2012c.A.words1389)"/>
   </ae>
   <ae nite:id="ES2012c.A.argumentstructs.Rutger.20">
      <nite:pointer role="type"  href="ae-types.xml#id(ae_1)"/>
      <nite:child href="ES2012c.A.words.xml#id(ES2012c.A.words1398)..id(ES2012c.A.words1410)"/>
   </ae>
   <ae nite:id="ES2012c.A.argumentstructs.Rutger.21">
      <nite:pointer role="type"  href="ae-types.xml#id(ae_1)"/>
      <nite:child href="ES2012c.A.words.xml#id(ES2012c.A.words1411)"/>
   </ae>
   <ae nite:id="ES2012c.A.argumentstructs.Rutger.22">
      <nite:pointer role="type"  href="ae-types.xml#id(ae_1)"/>
      <nite:child href="ES2012c.A.words.xml#id(ES2012c.A.words1415)..id(ES2012c.A.words1463)"/>
   </ae>
   <ae nite:id="ES2012c.A.argumentstructs.Rutger.23">
      <nite:pointer role="type"  href="ae-types.xml#id(ae_1)"/>
      <nite:child href="ES2012c.A.words.xml#id(ES2012c.A.words1464)..id(ES2012c.A.words1480)"/>
   </ae>
   <ae nite:id="ES2012c.A.argumentstructs.Rutger.24">
      <nite:pointer role="type"  href="ae-types.xml#id(ae_1)"/>
      <nite:child href="ES2012c.A.words.xml#id(ES2012c.A.words1492)..id(ES2012c.A.words1568)"/>
   </ae>
   <ae nite:id="ES2012c.A.argumentstructs.Rutger.25">
      <nite:pointer role="type"  href="ae-types.xml#id(ae_1)"/>
      <nite:child href="ES2012c.A.words.xml#id(ES2012c.A.words1638)..id(ES2012c.A.words1695)"/>
   </ae>
   <ae nite:id="ES2012c.A.argumentstructs.Rutger.26">
      <nite:pointer role="type"  href="ae-types.xml#id(ae_1)"/>
      <nite:child href="ES2012c.A.words.xml#id(ES2012c.A.words1696)..id(ES2012c.A.words1708)"/>
   </ae>
   <ae nite:id="ES2012c.A.argumentstructs.Rutger.27">
      <nite:pointer role="type"  href="ae-types.xml#id(ae_1)"/>
      <nite:child href="ES2012c.A.words.xml#id(ES2012c.A.words1709)..id(ES2012c.A.words1779)"/>
   </ae>
   <ae nite:id="ES2012c.A.argumentstructs.Rutger.28">
      <nite:pointer role="type"  href="ae-types.xml#id(ae_2)"/>
      <nite:child href="ES2012c.A.words.xml#id(ES2012c.A.words1781)..id(ES2012c.A.words1870)"/>
   </ae>
   <ae nite:id="ES2012c.A.argumentstructs.Rutger.30">
      <nite:pointer role="type"  href="ae-types.xml#id(ae_1)"/>
      <nite:child href="ES2012c.A.words.xml#id(ES2012c.A.words1884)..id(ES2012c.A.words1949)"/>
   </ae>
   <ae nite:id="ES2012c.A.argumentstructs.Rutger.31">
      <nite:pointer role="type"  href="ae-types.xml#id(ae_1)"/>
      <nite:child href="ES2012c.A.words.xml#id(ES2012c.A.words1950)..id(ES2012c.A.words2023)"/>
   </ae>
   <ae nite:id="ES2012c.A.argumentstructs.Rutger.32">
      <nite:pointer role="type"  href="ae-types.xml#id(ae_1)"/>
      <nite:child href="ES2012c.A.words.xml#id(ES2012c.A.words2024)..id(ES2012c.A.words2037)"/>
   </ae>
   <ae nite:id="ES2012c.A.argumentstructs.Rutger.33">
      <nite:pointer role="type"  href="ae-types.xml#id(ae_1)"/>
      <nite:child href="ES2012c.A.words.xml#id(ES2012c.A.words2038)..id(ES2012c.A.words2091)"/>
   </ae>
   <ae nite:id="ES2012c.A.argumentstructs.Rutger.34">
      <nite:pointer role="type"  href="ae-types.xml#id(ae_1)"/>
      <nite:child href="ES2012c.A.words.xml#id(ES2012c.A.words2092)..id(ES2012c.A.words2100)"/>
   </ae>
   <ae nite:id="ES2012c.A.argumentstructs.Rutger.35">
      <nite:pointer role="type"  href="ae-types.xml#id(ae_1)"/>
      <nite:child href="ES2012c.A.words.xml#id(ES2012c.A.words2628)..id(ES2012c.A.words2633)"/>
   </ae>
   <ae nite:id="ES2012c.A.argumentstructs.Rutger.36">
      <nite:pointer role="type"  href="ae-types.xml#id(ae_1)"/>
      <nite:child href="ES2012c.A.words.xml#id(ES2012c.A.words2634)..id(ES2012c.A.words2677)"/>
   </ae>
   <ae nite:id="ES2012c.A.argumentstructs.Rutger.37">
      <nite:pointer role="type"  href="ae-types.xml#id(ae_1)"/>
      <nite:child href="ES2012c.A.words.xml#id(ES2012c.A.words2679)..id(ES2012c.A.words2697)"/>
   </ae>
   <ae nite:id="ES2012c.A.argumentstructs.Rutger.38">
      <nite:pointer role="type"  href="ae-types.xml#id(ae_1)"/>
      <nite:child href="ES2012c.A.words.xml#id(ES2012c.A.words2698)..id(ES2012c.A.words2721)"/>
   </ae>
   <ae nite:id="ES2012c.A.argumentstructs.Rutger.39">
      <nite:pointer role="type"  href="ae-types.xml#id(ae_1)"/>
      <nite:child href="ES2012c.A.words.xml#id(ES2012c.A.words2722)..id(ES2012c.A.words2758)"/>
   </ae>
   <ae nite:id="ES2012c.A.argumentstructs.Rutger.40">
      <nite:pointer role="type"  href="ae-types.xml#id(ae_1)"/>
      <nite:child href="ES2012c.A.words.xml#id(ES2012c.A.words2762)..id(ES2012c.A.words2763)"/>
   </ae>
   <ae nite:id="ES2012c.A.argumentstructs.Rutger.41">
      <nite:pointer role="type"  href="ae-types.xml#id(ae_1)"/>
      <nite:child href="ES2012c.A.words.xml#id(ES2012c.A.words2764)..id(ES2012c.A.words2786)"/>
   </ae>
   <ae nite:id="ES2012c.A.argumentstructs.Rutger.42">
      <nite:pointer role="type"  href="ae-types.xml#id(ae_1)"/>
      <nite:child href="ES2012c.A.words.xml#id(ES2012c.A.words2790)..id(ES2012c.A.words2801)"/>
   </ae>
   <ae nite:id="ES2012c.A.argumentstructs.43">
      <nite:pointer role="type"  href="ae-types.xml#id(ae_6)"/>
      <nite:child href="ES2012c.A.words.xml#id(ES2012c.A.words812)..id(ES2012c.A.words823)"/>
   </ae>
   <ae nite:id="ES2012c.A.argumentstructs.44">
      <nite:pointer role="type"  href="ae-types.xml#id(ae_6)"/>
      <nite:child href="ES2012c.A.words.xml#id(ES2012c.A.words858)..id(ES2012c.A.words870)"/>
   </ae>
   <ae nite:id="ES2012c.A.argumentstructs.45">
      <nite:pointer role="type"  href="ae-types.xml#id(ae_6)"/>
      <nite:child href="ES2012c.A.words.xml#id(ES2012c.A.words883)..id(ES2012c.A.words885)"/>
      <nite:child href="ES2012c.A.words.xml#id(ES2012c.A.words887)..id(ES2012c.A.words917)"/>
      <nite:child href="ES2012c.A.words.xml#id(ES2012c.A.words919)..id(ES2012c.A.words928)"/>
   </ae>
   <ae nite:id="ES2012c.A.argumentstructs.46">
      <nite:pointer role="type"  href="ae-types.xml#id(ae_6)"/>
      <nite:child href="ES2012c.A.words.xml#id(ES2012c.A.words940)"/>
   </ae>
   <ae nite:id="ES2012c.A.argumentstructs.47">
      <nite:pointer role="type"  href="ae-types.xml#id(ae_6)"/>
      <nite:child href="ES2012c.A.words.xml#id(ES2012c.A.words965)..id(ES2012c.A.words966)"/>
   </ae>
   <ae nite:id="ES2012c.A.argumentstructs.48">
      <nite:pointer role="type"  href="ae-types.xml#id(ae_6)"/>
      <nite:child href="ES2012c.A.words.xml#id(ES2012c.A.words974)..id(ES2012c.A.words990)"/>
   </ae>
   <ae nite:id="ES2012c.A.argumentstructs.49">
      <nite:pointer role="type"  href="ae-types.xml#id(ae_6)"/>
      <nite:child href="ES2012c.A.words.xml#id(ES2012c.A.words1034)..id(ES2012c.A.words1042)"/>
      <nite:child href="ES2012c.A.words.xml#id(ES2012c.A.words1044)..id(ES2012c.A.words1071)"/>
   </ae>
   <ae nite:id="ES2012c.A.argumentstructs.50">
      <nite:pointer role="type"  href="ae-types.xml#id(ae_6)"/>
      <nite:child href="ES2012c.A.words.xml#id(ES2012c.A.words1122)..id(ES2012c.A.words1126)"/>
      <nite:child href="ES2012c.A.words.xml#id(ES2012c.A.words1129)..id(ES2012c.A.words1130)"/>
   </ae>
   <ae nite:id="ES2012c.A.argumentstructs.51">
      <nite:pointer role="type"  href="ae-types.xml#id(ae_6)"/>
      <nite:child href="ES2012c.A.words.xml#id(ES2012c.A.words1146)..id(ES2012c.A.words1151)"/>
   </ae>
   <ae nite:id="ES2012c.A.argumentstructs.52">
      <nite:pointer role="type"  href="ae-types.xml#id(ae_6)"/>
      <nite:child href="ES2012c.A.words.xml#id(ES2012c.A.words1159)..id(ES2012c.A.words1164)"/>
   </ae>
   <ae nite:id="ES2012c.A.argumentstructs.53">
      <nite:pointer role="type"  href="ae-types.xml#id(ae_6)"/>
      <nite:child href="ES2012c.A.words.xml#id(ES2012c.A.words1175)..id(ES2012c.A.words1193)"/>
      <nite:child href="ES2012c.A.words.xml#id(ES2012c.A.words1196)..id(ES2012c.A.words1211)"/>
      <nite:child href="ES2012c.A.words.xml#id(ES2012c.A.words1213)..id(ES2012c.A.words1239)"/>
   </ae>
   <ae nite:id="ES2012c.A.argumentstructs.54">
      <nite:pointer role="type"  href="ae-types.xml#id(ae_6)"/>
      <nite:child href="ES2012c.A.words.xml#id(ES2012c.A.words1354)..id(ES2012c.A.words1360)"/>
   </ae>
   <ae nite:id="ES2012c.A.argumentstructs.55">
      <nite:pointer role="type"  href="ae-types.xml#id(ae_6)"/>
      <nite:child href="ES2012c.A.words.xml#id(ES2012c.A.words1390)..id(ES2012c.A.words1394)"/>
      <nite:child href="ES2012c.A.words.xml#id(ES2012c.A.words1396)..id(ES2012c.A.words1397)"/>
   </ae>
   <ae nite:id="ES2012c.A.argumentstructs.56">
      <nite:pointer role="type"  href="ae-types.xml#id(ae_6)"/>
      <nite:child href="ES2012c.A.words.xml#id(ES2012c.A.words1412)..id(ES2012c.A.words1414)"/>
   </ae>
   <ae nite:id="ES2012c.A.argumentstructs.57">
      <nite:pointer role="type"  href="ae-types.xml#id(ae_6)"/>
      <nite:child href="ES2012c.A.words.xml#id(ES2012c.A.words1481)..id(ES2012c.A.words1491)"/>
   </ae>
   <ae nite:id="ES2012c.A.argumentstructs.58">
      <nite:pointer role="type"  href="ae-types.xml#id(ae_6)"/>
      <nite:child href="ES2012c.A.words.xml#id(ES2012c.A.words1569)..id(ES2012c.A.words1571)"/>
   </ae>
   <ae nite:id="ES2012c.A.argumentstructs.59">
      <nite:pointer role="type"  href="ae-types.xml#id(ae_6)"/>
      <nite:child href="ES2012c.A.words.xml#id(ES2012c.A.words1780)"/>
   </ae>
   <ae nite:id="ES2012c.A.argumentstructs.60">
      <nite:pointer role="type"  href="ae-types.xml#id(ae_6)"/>
      <nite:child href="ES2012c.A.words.xml#id(ES2012c.A.words1871)..id(ES2012c.A.words1883)"/>
   </ae>
   <ae nite:id="ES2012c.A.argumentstructs.61">
      <nite:pointer role="type"  href="ae-types.xml#id(ae_6)"/>
      <nite:child href="ES2012c.A.words.xml#id(ES2012c.A.words2678)"/>
   </ae>
   <ae nite:id="ES2012c.A.argumentstructs.62">
      <nite:pointer role="type"  href="ae-types.xml#id(ae_6)"/>
      <nite:child href="ES2012c.A.words.xml#id(ES2012c.A.words2759)"/>
   </ae>
   <ae nite:id="ES2012c.A.argumentstructs.63">
      <nite:pointer role="type"  href="ae-types.xml#id(ae_6)"/>
      <nite:child href="ES2012c.A.words.xml#id(ES2012c.A.words2787)..id(ES2012c.A.words2789)"/>
   </ae>
</nite:root>