<?xml version="1.0" encoding="ISO-8859-1" standalone="yes"?>
<nite:root nite:id="ES2005d.A.argumentstructs" xmlns:nite="http://nite.sourceforge.net/">
   <ae nite:id="ES2005d.A.argumentstructs.Erik.1">
      <nite:pointer role="type"  href="ae-types.xml#id(ae_1)"/>
      <nite:child href="ES2005d.A.words.xml#id(ES2005d.A.words494)..id(ES2005d.A.words497)"/>
   </ae>
   <ae nite:id="ES2005d.A.argumentstructs.Erik.2">
      <nite:pointer role="type"  href="ae-types.xml#id(ae_5)"/>
      <nite:child href="ES2005d.A.words.xml#id(ES2005d.A.words498)..id(ES2005d.A.words508)"/>
   </ae>
   <ae nite:id="ES2005d.A.argumentstructs.Erik.3">
      <nite:pointer role="type"  href="ae-types.xml#id(ae_5)"/>
      <nite:child href="ES2005d.A.words.xml#id(ES2005d.A.words509)..id(ES2005d.A.words518)"/>
   </ae>
   <ae nite:id="ES2005d.A.argumentstructs.Erik.4">
      <nite:pointer role="type"  href="ae-types.xml#id(ae_1)"/>
      <nite:child href="ES2005d.A.words.xml#id(ES2005d.A.words520)..id(ES2005d.A.words596)"/>
   </ae>
   <ae nite:id="ES2005d.A.argumentstructs.5">
      <nite:pointer role="type"  href="ae-types.xml#id(ae_6)"/>
      <nite:child href="ES2005d.A.words.xml#id(ES2005d.A.words488)..id(ES2005d.A.words493)"/>
   </ae>
</nite:root>