<?xml version="1.0" encoding="ISO-8859-1" standalone="yes"?>
<nite:root nite:id="ES2008b.C.argumentstructs" xmlns:nite="http://nite.sourceforge.net/">
   <ae nite:id="ES2008b.C.argumentstructs.Erik.1">
      <nite:pointer role="type"  href="ae-types.xml#id(ae_4)"/>
      <nite:child href="ES2008b.C.words.xml#id(ES2008b.C.words1156)..id(ES2008b.C.words1191)"/>
   </ae>
   <ae nite:id="ES2008b.C.argumentstructs.Erik.2">
      <nite:pointer role="type"  href="ae-types.xml#id(ae_1)"/>
      <nite:child href="ES2008b.C.words.xml#id(ES2008b.C.words1194)..id(ES2008b.C.words1197)"/>
   </ae>
   <ae nite:id="ES2008b.C.argumentstructs.Erik.3">
      <nite:pointer role="type"  href="ae-types.xml#id(ae_1)"/>
      <nite:child href="ES2008b.C.words.xml#id(ES2008b.C.words1198)..id(ES2008b.C.words1199)"/>
   </ae>
   <ae nite:id="ES2008b.C.argumentstructs.Erik.4">
      <nite:pointer role="type"  href="ae-types.xml#id(ae_1)"/>
      <nite:child href="ES2008b.C.words.xml#id(ES2008b.C.words1289)..id(ES2008b.C.words1290)"/>
   </ae>
   <ae nite:id="ES2008b.C.argumentstructs.Erik.5">
      <nite:pointer role="type"  href="ae-types.xml#id(ae_1)"/>
      <nite:child href="ES2008b.C.words.xml#id(ES2008b.C.words1291)..id(ES2008b.C.words1366)"/>
   </ae>
   <ae nite:id="ES2008b.C.argumentstructs.Erik.6">
      <nite:pointer role="type"  href="ae-types.xml#id(ae_1)"/>
      <nite:child href="ES2008b.C.words.xml#id(ES2008b.C.words1367)..id(ES2008b.C.words1368)"/>
   </ae>
   <ae nite:id="ES2008b.C.argumentstructs.Erik.7">
      <nite:pointer role="type"  href="ae-types.xml#id(ae_1)"/>
      <nite:child href="ES2008b.C.words.xml#id(ES2008b.C.words1371)..id(ES2008b.C.words1379)"/>
   </ae>
   <ae nite:id="ES2008b.C.argumentstructs.Erik.8">
      <nite:pointer role="type"  href="ae-types.xml#id(ae_1)"/>
      <nite:child href="ES2008b.C.words.xml#id(ES2008b.C.words1380)..id(ES2008b.C.words1381)"/>
   </ae>
   <ae nite:id="ES2008b.C.argumentstructs.Erik.9">
      <nite:pointer role="type"  href="ae-types.xml#id(ae_1)"/>
      <nite:child href="ES2008b.C.words.xml#id(ES2008b.C.words1554)..id(ES2008b.C.words1565)"/>
   </ae>
   <ae nite:id="ES2008b.C.argumentstructs.Erik.10">
      <nite:pointer role="type"  href="ae-types.xml#id(ae_1)"/>
      <nite:child href="ES2008b.C.words.xml#id(ES2008b.C.words1566)..id(ES2008b.C.words1582)"/>
   </ae>
   <ae nite:id="ES2008b.C.argumentstructs.Erik.11">
      <nite:pointer role="type"  href="ae-types.xml#id(ae_1)"/>
      <nite:child href="ES2008b.C.words.xml#id(ES2008b.C.words1583)..id(ES2008b.C.words1584)"/>
   </ae>
   <ae nite:id="ES2008b.C.argumentstructs.Erik.12">
      <nite:pointer role="type"  href="ae-types.xml#id(ae_1)"/>
      <nite:child href="ES2008b.C.words.xml#id(ES2008b.C.words1585)..id(ES2008b.C.words1592)"/>
   </ae>
   <ae nite:id="ES2008b.C.argumentstructs.Erik.13">
      <nite:pointer role="type"  href="ae-types.xml#id(ae_1)"/>
      <nite:child href="ES2008b.C.words.xml#id(ES2008b.C.words1593)..id(ES2008b.C.words1600)"/>
   </ae>
   <ae nite:id="ES2008b.C.argumentstructs.Erik.14">
      <nite:pointer role="type"  href="ae-types.xml#id(ae_1)"/>
      <nite:child href="ES2008b.C.words.xml#id(ES2008b.C.words1601)..id(ES2008b.C.words1602)"/>
   </ae>
   <ae nite:id="ES2008b.C.argumentstructs.15">
      <nite:pointer role="type"  href="ae-types.xml#id(ae_6)"/>
      <nite:child href="ES2008b.C.words.xml#id(ES2008b.C.words1192)..id(ES2008b.C.words1193)"/>
   </ae>
   <ae nite:id="ES2008b.C.argumentstructs.16">
      <nite:pointer role="type"  href="ae-types.xml#id(ae_6)"/>
      <nite:child href="ES2008b.C.words.xml#id(ES2008b.C.words1369)..id(ES2008b.C.words1370)"/>
   </ae>
</nite:root>