<?xml version="1.0" encoding="ISO-8859-1" standalone="yes"?>
<nite:root nite:id="ES2006c.A.argumentstructs" xmlns:nite="http://nite.sourceforge.net/">
   <ae nite:id="ES2006c.A.argumentstructs.Erik.1">
      <nite:pointer role="type"  href="ae-types.xml#id(ae_1)"/>
      <nite:child href="ES2006c.A.words.xml#id(ES2006c.A.words1370)..id(ES2006c.A.words1406)"/>
   </ae>
   <ae nite:id="ES2006c.A.argumentstructs.Erik.2">
      <nite:pointer role="type"  href="ae-types.xml#id(ae_1)"/>
      <nite:child href="ES2006c.A.words.xml#id(ES2006c.A.words1408)..id(ES2006c.A.words1416)"/>
   </ae>
   <ae nite:id="ES2006c.A.argumentstructs.Erik.3">
      <nite:pointer role="type"  href="ae-types.xml#id(ae_1)"/>
      <nite:child href="ES2006c.A.words.xml#id(ES2006c.A.words1417)..id(ES2006c.A.words1425)"/>
   </ae>
   <ae nite:id="ES2006c.A.argumentstructs.Erik.4">
      <nite:pointer role="type"  href="ae-types.xml#id(ae_1)"/>
      <nite:child href="ES2006c.A.words.xml#id(ES2006c.A.words1426)..id(ES2006c.A.words1433)"/>
   </ae>
   <ae nite:id="ES2006c.A.argumentstructs.Erik.5">
      <nite:pointer role="type"  href="ae-types.xml#id(ae_1)"/>
      <nite:child href="ES2006c.A.words.xml#id(ES2006c.A.words1434)..id(ES2006c.A.words1446)"/>
   </ae>
   <ae nite:id="ES2006c.A.argumentstructs.Erik.6">
      <nite:pointer role="type"  href="ae-types.xml#id(ae_1)"/>
      <nite:child href="ES2006c.A.words.xml#id(ES2006c.A.words1449)..id(ES2006c.A.words1450)"/>
   </ae>
   <ae nite:id="ES2006c.A.argumentstructs.Erik.7">
      <nite:pointer role="type"  href="ae-types.xml#id(ae_2)"/>
      <nite:child href="ES2006c.A.words.xml#id(ES2006c.A.words1453)..id(ES2006c.A.words1469)"/>
   </ae>
   <ae nite:id="ES2006c.A.argumentstructs.Erik.8">
      <nite:pointer role="type"  href="ae-types.xml#id(ae_5)"/>
      <nite:child href="ES2006c.A.words.xml#id(ES2006c.A.words1533)..id(ES2006c.A.words1589)"/>
   </ae>
   <ae nite:id="ES2006c.A.argumentstructs.Erik.9">
      <nite:pointer role="type"  href="ae-types.xml#id(ae_1)"/>
      <nite:child href="ES2006c.A.words.xml#id(ES2006c.A.words1595)..id(ES2006c.A.words1596)"/>
   </ae>
   <ae nite:id="ES2006c.A.argumentstructs.Erik.10">
      <nite:pointer role="type"  href="ae-types.xml#id(ae_1)"/>
      <nite:child href="ES2006c.A.words.xml#id(ES2006c.A.words1597)..id(ES2006c.A.words1604)"/>
   </ae>
   <ae nite:id="ES2006c.A.argumentstructs.Erik.11">
      <nite:pointer role="type"  href="ae-types.xml#id(ae_5)"/>
      <nite:child href="ES2006c.A.words.xml#id(ES2006c.A.words2109)..id(ES2006c.A.words2120)"/>
   </ae>
   <ae nite:id="ES2006c.A.argumentstructs.Erik.12">
      <nite:pointer role="type"  href="ae-types.xml#id(ae_1)"/>
      <nite:child href="ES2006c.A.words.xml#id(ES2006c.A.words2123)..id(ES2006c.A.words2124)"/>
   </ae>
   <ae nite:id="ES2006c.A.argumentstructs.Erik.13">
      <nite:pointer role="type"  href="ae-types.xml#id(ae_1)"/>
      <nite:child href="ES2006c.A.words.xml#id(ES2006c.A.words2125)..id(ES2006c.A.words2149)"/>
   </ae>
   <ae nite:id="ES2006c.A.argumentstructs.Erik.14">
      <nite:pointer role="type"  href="ae-types.xml#id(ae_1)"/>
      <nite:child href="ES2006c.A.words.xml#id(ES2006c.A.words2151)..id(ES2006c.A.words2152)"/>
   </ae>
   <ae nite:id="ES2006c.A.argumentstructs.Erik.15">
      <nite:pointer role="type"  href="ae-types.xml#id(ae_1)"/>
      <nite:child href="ES2006c.A.words.xml#id(ES2006c.A.words2154)..id(ES2006c.A.words2156)"/>
   </ae>
   <ae nite:id="ES2006c.A.argumentstructs.Erik.16">
      <nite:pointer role="type"  href="ae-types.xml#id(ae_1)"/>
      <nite:child href="ES2006c.A.words.xml#id(ES2006c.A.words2157)..id(ES2006c.A.words2158)"/>
   </ae>
   <ae nite:id="ES2006c.A.argumentstructs.Erik.17">
      <nite:pointer role="type"  href="ae-types.xml#id(ae_1)"/>
      <nite:child href="ES2006c.A.words.xml#id(ES2006c.A.words2159)..id(ES2006c.A.words2166)"/>
   </ae>
   <ae nite:id="ES2006c.A.argumentstructs.Erik.18">
      <nite:pointer role="type"  href="ae-types.xml#id(ae_1)"/>
      <nite:child href="ES2006c.A.words.xml#id(ES2006c.A.words2167)..id(ES2006c.A.words2168)"/>
   </ae>
   <ae nite:id="ES2006c.A.argumentstructs.Erik.19">
      <nite:pointer role="type"  href="ae-types.xml#id(ae_1)"/>
      <nite:child href="ES2006c.A.words.xml#id(ES2006c.A.words2220)..id(ES2006c.A.words2257)"/>
   </ae>
   <ae nite:id="ES2006c.A.argumentstructs.Erik.20">
      <nite:pointer role="type"  href="ae-types.xml#id(ae_1)"/>
      <nite:child href="ES2006c.A.words.xml#id(ES2006c.A.words2258)..id(ES2006c.A.words2259)"/>
   </ae>
   <ae nite:id="ES2006c.A.argumentstructs.Erik.21">
      <nite:pointer role="type"  href="ae-types.xml#id(ae_1)"/>
      <nite:child href="ES2006c.A.words.xml#id(ES2006c.A.words2262)..id(ES2006c.A.words2264)"/>
   </ae>
   <ae nite:id="ES2006c.A.argumentstructs.Erik.22">
      <nite:pointer role="type"  href="ae-types.xml#id(ae_4)"/>
      <nite:child href="ES2006c.A.words.xml#id(ES2006c.A.words2265)..id(ES2006c.A.words2309)"/>
   </ae>
   <ae nite:id="ES2006c.A.argumentstructs.Erik.23">
      <nite:pointer role="type"  href="ae-types.xml#id(ae_1)"/>
      <nite:child href="ES2006c.A.words.xml#id(ES2006c.A.words2310)..id(ES2006c.A.words2312)"/>
   </ae>
   <ae nite:id="ES2006c.A.argumentstructs.Erik.24">
      <nite:pointer role="type"  href="ae-types.xml#id(ae_1)"/>
      <nite:child href="ES2006c.A.words.xml#id(ES2006c.A.words2328)..id(ES2006c.A.words2329)"/>
   </ae>
   <ae nite:id="ES2006c.A.argumentstructs.Erik.25">
      <nite:pointer role="type"  href="ae-types.xml#id(ae_1)"/>
      <nite:child href="ES2006c.A.words.xml#id(ES2006c.A.words2333)..id(ES2006c.A.words2334)"/>
   </ae>
   <ae nite:id="ES2006c.A.argumentstructs.Erik.26">
      <nite:pointer role="type"  href="ae-types.xml#id(ae_1)"/>
      <nite:child href="ES2006c.A.words.xml#id(ES2006c.A.words2338)..id(ES2006c.A.words2356)"/>
   </ae>
   <ae nite:id="ES2006c.A.argumentstructs.27">
      <nite:pointer role="type"  href="ae-types.xml#id(ae_6)"/>
      <nite:child href="ES2006c.A.words.xml#id(ES2006c.A.words1368)..id(ES2006c.A.words1369)"/>
   </ae>
   <ae nite:id="ES2006c.A.argumentstructs.28">
      <nite:pointer role="type"  href="ae-types.xml#id(ae_6)"/>
      <nite:child href="ES2006c.A.words.xml#id(ES2006c.A.words1447)..id(ES2006c.A.words1448)"/>
   </ae>
   <ae nite:id="ES2006c.A.argumentstructs.29">
      <nite:pointer role="type"  href="ae-types.xml#id(ae_6)"/>
      <nite:child href="ES2006c.A.words.xml#id(ES2006c.A.words1451)..id(ES2006c.A.words1452)"/>
   </ae>
   <ae nite:id="ES2006c.A.argumentstructs.30">
      <nite:pointer role="type"  href="ae-types.xml#id(ae_6)"/>
      <nite:child href="ES2006c.A.words.xml#id(ES2006c.A.words1480)..id(ES2006c.A.words1481)"/>
      <nite:child href="ES2006c.A.words.xml#id(ES2006c.A.words1483)..id(ES2006c.A.words1509)"/>
      <nite:child href="ES2006c.A.words.xml#id(ES2006c.A.words1512)..id(ES2006c.A.words1532)"/>
   </ae>
   <ae nite:id="ES2006c.A.argumentstructs.31">
      <nite:pointer role="type"  href="ae-types.xml#id(ae_6)"/>
      <nite:child href="ES2006c.A.words.xml#id(ES2006c.A.words1590)..id(ES2006c.A.words1593)"/>
   </ae>
   <ae nite:id="ES2006c.A.argumentstructs.32">
      <nite:pointer role="type"  href="ae-types.xml#id(ae_6)"/>
      <nite:child href="ES2006c.A.words.xml#id(ES2006c.A.words2097)"/>
      <nite:child href="ES2006c.A.words.xml#id(ES2006c.A.words2099)..id(ES2006c.A.words2108)"/>
   </ae>
   <ae nite:id="ES2006c.A.argumentstructs.33">
      <nite:pointer role="type"  href="ae-types.xml#id(ae_6)"/>
      <nite:child href="ES2006c.A.words.xml#id(ES2006c.A.words2121)..id(ES2006c.A.words2122)"/>
   </ae>
   <ae nite:id="ES2006c.A.argumentstructs.34">
      <nite:pointer role="type"  href="ae-types.xml#id(ae_6)"/>
      <nite:child href="ES2006c.A.words.xml#id(ES2006c.A.words2217)..id(ES2006c.A.words2219)"/>
   </ae>
   <ae nite:id="ES2006c.A.argumentstructs.35">
      <nite:pointer role="type"  href="ae-types.xml#id(ae_6)"/>
      <nite:child href="ES2006c.A.words.xml#id(ES2006c.A.words2260)..id(ES2006c.A.words2261)"/>
   </ae>
   <ae nite:id="ES2006c.A.argumentstructs.36">
      <nite:pointer role="type"  href="ae-types.xml#id(ae_6)"/>
      <nite:child href="ES2006c.A.words.xml#id(ES2006c.A.words2313)..id(ES2006c.A.words2315)"/>
      <nite:child href="ES2006c.A.words.xml#id(ES2006c.A.words2317)..id(ES2006c.A.words2324)"/>
   </ae>
   <ae nite:id="ES2006c.A.argumentstructs.37">
      <nite:pointer role="type"  href="ae-types.xml#id(ae_6)"/>
      <nite:child href="ES2006c.A.words.xml#id(ES2006c.A.words2330)..id(ES2006c.A.words2331)"/>
   </ae>
   <ae nite:id="ES2006c.A.argumentstructs.38">
      <nite:pointer role="type"  href="ae-types.xml#id(ae_6)"/>
      <nite:child href="ES2006c.A.words.xml#id(ES2006c.A.words2335)..id(ES2006c.A.words2336)"/>
   </ae>
</nite:root>