<?xml version="1.0" encoding="ISO-8859-1" standalone="yes"?>
<nite:root nite:id="ES2003b.D.argumentstructs" xmlns:nite="http://nite.sourceforge.net/">
   <ae nite:id="ES2003b.D.argumentstructs.Erik.1">
      <nite:pointer role="type"  href="ae-types.xml#id(ae_5)"/>
      <nite:child href="ES2003b.D.words.xml#id(ES2003b.D.words500)..id(ES2003b.D.words539)"/>
   </ae>
   <ae nite:id="ES2003b.D.argumentstructs.Erik.2">
      <nite:pointer role="type"  href="ae-types.xml#id(ae_1)"/>
      <nite:child href="ES2003b.D.words.xml#id(ES2003b.D.words540)..id(ES2003b.D.words541)"/>
   </ae>
   <ae nite:id="ES2003b.D.argumentstructs.Erik.3">
      <nite:pointer role="type"  href="ae-types.xml#id(ae_5)"/>
      <nite:child href="ES2003b.D.words.xml#id(ES2003b.D.words545)..id(ES2003b.D.words561)"/>
   </ae>
   <ae nite:id="ES2003b.D.argumentstructs.Erik.4">
      <nite:pointer role="type"  href="ae-types.xml#id(ae_1)"/>
      <nite:child href="ES2003b.D.words.xml#id(ES2003b.D.words562)..id(ES2003b.D.words563)"/>
   </ae>
   <ae nite:id="ES2003b.D.argumentstructs.Erik.5">
      <nite:pointer role="type"  href="ae-types.xml#id(ae_2)"/>
      <nite:child href="ES2003b.D.words.xml#id(ES2003b.D.words565)..id(ES2003b.D.words569)"/>
   </ae>
   <ae nite:id="ES2003b.D.argumentstructs.Erik.6">
      <nite:pointer role="type"  href="ae-types.xml#id(ae_5)"/>
      <nite:child href="ES2003b.D.words.xml#id(ES2003b.D.words570)..id(ES2003b.D.words576)"/>
   </ae>
   <ae nite:id="ES2003b.D.argumentstructs.Erik.7">
      <nite:pointer role="type"  href="ae-types.xml#id(ae_1)"/>
      <nite:child href="ES2003b.D.words.xml#id(ES2003b.D.words577)..id(ES2003b.D.words588)"/>
   </ae>
   <ae nite:id="ES2003b.D.argumentstructs.Erik.8">
      <nite:pointer role="type"  href="ae-types.xml#id(ae_1)"/>
      <nite:child href="ES2003b.D.words.xml#id(ES2003b.D.words589)..id(ES2003b.D.words600)"/>
   </ae>
   <ae nite:id="ES2003b.D.argumentstructs.Erik.9">
      <nite:pointer role="type"  href="ae-types.xml#id(ae_1)"/>
      <nite:child href="ES2003b.D.words.xml#id(ES2003b.D.words601)..id(ES2003b.D.words602)"/>
   </ae>
   <ae nite:id="ES2003b.D.argumentstructs.10">
      <nite:pointer role="type"  href="ae-types.xml#id(ae_6)"/>
      <nite:child href="ES2003b.D.words.xml#id(ES2003b.D.words564)"/>
   </ae>
   <ae nite:id="ES2003b.D.argumentstructs.11">
      <nite:pointer role="type"  href="ae-types.xml#id(ae_6)"/>
      <nite:child href="ES2003b.D.words.xml#id(ES2003b.D.words603)..id(ES2003b.D.words604)"/>
   </ae>
</nite:root>