<?xml version="1.0" encoding="ISO-8859-1" standalone="yes"?>
<nite:root nite:id="ES2010d.D.argumentstructs" xmlns:nite="http://nite.sourceforge.net/">
   <ae nite:id="ES2010d.D.argumentstructs.Erik.1">
      <nite:pointer role="type"  href="ae-types.xml#id(ae_5)"/>
      <nite:child href="ES2010d.D.words.xml#id(ES2010d.D.words344)..id(ES2010d.D.words364)"/>
   </ae>
   <ae nite:id="ES2010d.D.argumentstructs.Erik.2">
      <nite:pointer role="type"  href="ae-types.xml#id(ae_1)"/>
      <nite:child href="ES2010d.D.words.xml#id(ES2010d.D.words365)..id(ES2010d.D.words375)"/>
   </ae>
   <ae nite:id="ES2010d.D.argumentstructs.Erik.3">
      <nite:pointer role="type"  href="ae-types.xml#id(ae_3)"/>
      <nite:child href="ES2010d.D.words.xml#id(ES2010d.D.words378)..id(ES2010d.D.words404)"/>
   </ae>
   <ae nite:id="ES2010d.D.argumentstructs.Erik.4">
      <nite:pointer role="type"  href="ae-types.xml#id(ae_1)"/>
      <nite:child href="ES2010d.D.words.xml#id(ES2010d.D.words405)..id(ES2010d.D.words421)"/>
   </ae>
   <ae nite:id="ES2010d.D.argumentstructs.Erik.5">
      <nite:pointer role="type"  href="ae-types.xml#id(ae_1)"/>
      <nite:child href="ES2010d.D.words.xml#id(ES2010d.D.words422)..id(ES2010d.D.words444)"/>
   </ae>
   <ae nite:id="ES2010d.D.argumentstructs.Erik.6">
      <nite:pointer role="type"  href="ae-types.xml#id(ae_1)"/>
      <nite:child href="ES2010d.D.words.xml#id(ES2010d.D.words555)..id(ES2010d.D.words560)"/>
   </ae>
   <ae nite:id="ES2010d.D.argumentstructs.Erik.7">
      <nite:pointer role="type"  href="ae-types.xml#id(ae_5)"/>
      <nite:child href="ES2010d.D.words.xml#id(ES2010d.D.words561)..id(ES2010d.D.words572)"/>
   </ae>
   <ae nite:id="ES2010d.D.argumentstructs.Erik.8">
      <nite:pointer role="type"  href="ae-types.xml#id(ae_1)"/>
      <nite:child href="ES2010d.D.words.xml#id(ES2010d.D.words573)..id(ES2010d.D.words588)"/>
   </ae>
   <ae nite:id="ES2010d.D.argumentstructs.Erik.9">
      <nite:pointer role="type"  href="ae-types.xml#id(ae_1)"/>
      <nite:child href="ES2010d.D.words.xml#id(ES2010d.D.words589)..id(ES2010d.D.words590)"/>
   </ae>
   <ae nite:id="ES2010d.D.argumentstructs.Erik.10">
      <nite:pointer role="type"  href="ae-types.xml#id(ae_5)"/>
      <nite:child href="ES2010d.D.words.xml#id(ES2010d.D.words591)..id(ES2010d.D.words639)"/>
   </ae>
   <ae nite:id="ES2010d.D.argumentstructs.Erik.11">
      <nite:pointer role="type"  href="ae-types.xml#id(ae_1)"/>
      <nite:child href="ES2010d.D.words.xml#id(ES2010d.D.words640)..id(ES2010d.D.words674)"/>
   </ae>
   <ae nite:id="ES2010d.D.argumentstructs.12">
      <nite:pointer role="type"  href="ae-types.xml#id(ae_6)"/>
      <nite:child href="ES2010d.D.words.xml#id(ES2010d.D.words330)..id(ES2010d.D.words336)"/>
      <nite:child href="ES2010d.D.words.xml#id(ES2010d.D.words338)..id(ES2010d.D.words343)"/>
   </ae>
   <ae nite:id="ES2010d.D.argumentstructs.13">
      <nite:pointer role="type"  href="ae-types.xml#id(ae_6)"/>
      <nite:child href="ES2010d.D.words.xml#id(ES2010d.D.words376)"/>
   </ae>
   <ae nite:id="ES2010d.D.argumentstructs.14">
      <nite:pointer role="type"  href="ae-types.xml#id(ae_6)"/>
      <nite:child href="ES2010d.D.words.xml#id(ES2010d.D.words552)..id(ES2010d.D.words553)"/>
   </ae>
</nite:root>