<?xml version="1.0" encoding="ISO-8859-1" standalone="yes"?>
<nite:root nite:id="ES2004d.B.argumentstructs" xmlns:nite="http://nite.sourceforge.net/">
   <ae nite:id="ES2004d.B.argumentstructs.Erik.1">
      <nite:pointer role="type"  href="ae-types.xml#id(ae_5)"/>
      <nite:child href="ES2004d.B.words.xml#id(ES2004d.B.words766)..id(ES2004d.B.words775)"/>
   </ae>
   <ae nite:id="ES2004d.B.argumentstructs.Erik.2">
      <nite:pointer role="type"  href="ae-types.xml#id(ae_5)"/>
      <nite:child href="ES2004d.B.words.xml#id(ES2004d.B.words781)..id(ES2004d.B.words784)"/>
   </ae>
   <ae nite:id="ES2004d.B.argumentstructs.Erik.3">
      <nite:pointer role="type"  href="ae-types.xml#id(ae_1)"/>
      <nite:child href="ES2004d.B.words.xml#id(ES2004d.B.words785)..id(ES2004d.B.words786)"/>
   </ae>
   <ae nite:id="ES2004d.B.argumentstructs.Erik.4">
      <nite:pointer role="type"  href="ae-types.xml#id(ae_1)"/>
      <nite:child href="ES2004d.B.words.xml#id(ES2004d.B.words787)..id(ES2004d.B.words794)"/>
   </ae>
   <ae nite:id="ES2004d.B.argumentstructs.Erik.5">
      <nite:pointer role="type"  href="ae-types.xml#id(ae_5)"/>
      <nite:child href="ES2004d.B.words.xml#id(ES2004d.B.words802)..id(ES2004d.B.words820)"/>
   </ae>
   <ae nite:id="ES2004d.B.argumentstructs.Erik.6">
      <nite:pointer role="type"  href="ae-types.xml#id(ae_1)"/>
      <nite:child href="ES2004d.B.words.xml#id(ES2004d.B.words821)..id(ES2004d.B.words834)"/>
   </ae>
   <ae nite:id="ES2004d.B.argumentstructs.Erik.7">
      <nite:pointer role="type"  href="ae-types.xml#id(ae_1)"/>
      <nite:child href="ES2004d.B.words.xml#id(ES2004d.B.words835)..id(ES2004d.B.words852)"/>
   </ae>
   <ae nite:id="ES2004d.B.argumentstructs.8">
      <nite:pointer role="type"  href="ae-types.xml#id(ae_6)"/>
      <nite:child href="ES2004d.B.words.xml#id(ES2004d.B.words778)..id(ES2004d.B.words779)"/>
   </ae>
   <ae nite:id="ES2004d.B.argumentstructs.9">
      <nite:pointer role="type"  href="ae-types.xml#id(ae_6)"/>
      <nite:child href="ES2004d.B.words.xml#id(ES2004d.B.words795)..id(ES2004d.B.words801)"/>
   </ae>
</nite:root>