<?xml version="1.0" encoding="ISO-8859-1" standalone="yes"?>
<nite:root nite:id="ES2006b.A.argumentstructs" xmlns:nite="http://nite.sourceforge.net/">
   <ae nite:id="ES2006b.A.argumentstructs.Erik.1">
      <nite:pointer role="type"  href="ae-types.xml#id(ae_1)"/>
      <nite:child href="ES2006b.A.words.xml#id(ES2006b.A.words1159)..id(ES2006b.A.words1261)"/>
   </ae>
   <ae nite:id="ES2006b.A.argumentstructs.Erik.2">
      <nite:pointer role="type"  href="ae-types.xml#id(ae_1)"/>
      <nite:child href="ES2006b.A.words.xml#id(ES2006b.A.words1266)..id(ES2006b.A.words1320)"/>
   </ae>
   <ae nite:id="ES2006b.A.argumentstructs.Erik.3">
      <nite:pointer role="type"  href="ae-types.xml#id(ae_1)"/>
      <nite:child href="ES2006b.A.words.xml#id(ES2006b.A.words1326)..id(ES2006b.A.words1327)"/>
   </ae>
   <ae nite:id="ES2006b.A.argumentstructs.Erik.4">
      <nite:pointer role="type"  href="ae-types.xml#id(ae_5)"/>
      <nite:child href="ES2006b.A.words.xml#id(ES2006b.A.words1330)..id(ES2006b.A.words1413)"/>
   </ae>
   <ae nite:id="ES2006b.A.argumentstructs.Erik.5">
      <nite:pointer role="type"  href="ae-types.xml#id(ae_1)"/>
      <nite:child href="ES2006b.A.words.xml#id(ES2006b.A.words1414)..id(ES2006b.A.words1415)"/>
   </ae>
   <ae nite:id="ES2006b.A.argumentstructs.Erik.6">
      <nite:pointer role="type"  href="ae-types.xml#id(ae_3)"/>
      <nite:child href="ES2006b.A.words.xml#id(ES2006b.A.words1462)..id(ES2006b.A.words1514)"/>
   </ae>
   <ae nite:id="ES2006b.A.argumentstructs.Erik.7">
      <nite:pointer role="type"  href="ae-types.xml#id(ae_1)"/>
      <nite:child href="ES2006b.A.words.xml#id(ES2006b.A.words1515)..id(ES2006b.A.words1516)"/>
   </ae>
   <ae nite:id="ES2006b.A.argumentstructs.Erik.8">
      <nite:pointer role="type"  href="ae-types.xml#id(ae_1)"/>
      <nite:child href="ES2006b.A.words.xml#id(ES2006b.A.words1517)..id(ES2006b.A.words1545)"/>
   </ae>
   <ae nite:id="ES2006b.A.argumentstructs.Erik.9">
      <nite:pointer role="type"  href="ae-types.xml#id(ae_1)"/>
      <nite:child href="ES2006b.A.words.xml#id(ES2006b.A.words1546)..id(ES2006b.A.words1547)"/>
   </ae>
   <ae nite:id="ES2006b.A.argumentstructs.Erik.10">
      <nite:pointer role="type"  href="ae-types.xml#id(ae_1)"/>
      <nite:child href="ES2006b.A.words.xml#id(ES2006b.A.words1556)..id(ES2006b.A.words1557)"/>
   </ae>
   <ae nite:id="ES2006b.A.argumentstructs.Erik.11">
      <nite:pointer role="type"  href="ae-types.xml#id(ae_1)"/>
      <nite:child href="ES2006b.A.words.xml#id(ES2006b.A.words1565)..id(ES2006b.A.words1583)"/>
   </ae>
   <ae nite:id="ES2006b.A.argumentstructs.Erik.12">
      <nite:pointer role="type"  href="ae-types.xml#id(ae_1)"/>
      <nite:child href="ES2006b.A.words.xml#id(ES2006b.A.words1592)..id(ES2006b.A.words1688)"/>
   </ae>
   <ae nite:id="ES2006b.A.argumentstructs.Erik.13">
      <nite:pointer role="type"  href="ae-types.xml#id(ae_1)"/>
      <nite:child href="ES2006b.A.words.xml#id(ES2006b.A.words1693)..id(ES2006b.A.words1694)"/>
   </ae>
   <ae nite:id="ES2006b.A.argumentstructs.14">
      <nite:pointer role="type"  href="ae-types.xml#id(ae_6)"/>
      <nite:child href="ES2006b.A.words.xml#id(ES2006b.A.words1262)..id(ES2006b.A.words1265)"/>
   </ae>
   <ae nite:id="ES2006b.A.argumentstructs.15">
      <nite:pointer role="type"  href="ae-types.xml#id(ae_6)"/>
      <nite:child href="ES2006b.A.words.xml#id(ES2006b.A.words1321)..id(ES2006b.A.words1323)"/>
   </ae>
   <ae nite:id="ES2006b.A.argumentstructs.16">
      <nite:pointer role="type"  href="ae-types.xml#id(ae_6)"/>
      <nite:child href="ES2006b.A.words.xml#id(ES2006b.A.words1328)..id(ES2006b.A.words1329)"/>
   </ae>
   <ae nite:id="ES2006b.A.argumentstructs.17">
      <nite:pointer role="type"  href="ae-types.xml#id(ae_6)"/>
      <nite:child href="ES2006b.A.words.xml#id(ES2006b.A.words1416)..id(ES2006b.A.words1425)"/>
   </ae>
   <ae nite:id="ES2006b.A.argumentstructs.18">
      <nite:pointer role="type"  href="ae-types.xml#id(ae_6)"/>
      <nite:child href="ES2006b.A.words.xml#id(ES2006b.A.words1460)..id(ES2006b.A.words1461)"/>
   </ae>
   <ae nite:id="ES2006b.A.argumentstructs.19">
      <nite:pointer role="type"  href="ae-types.xml#id(ae_6)"/>
      <nite:child href="ES2006b.A.words.xml#id(ES2006b.A.words1548)..id(ES2006b.A.words1554)"/>
   </ae>
   <ae nite:id="ES2006b.A.argumentstructs.20">
      <nite:pointer role="type"  href="ae-types.xml#id(ae_6)"/>
      <nite:child href="ES2006b.A.words.xml#id(ES2006b.A.words1558)..id(ES2006b.A.words1559)"/>
      <nite:child href="ES2006b.A.words.xml#id(ES2006b.A.words1561)..id(ES2006b.A.words1564)"/>
   </ae>
   <ae nite:id="ES2006b.A.argumentstructs.21">
      <nite:pointer role="type"  href="ae-types.xml#id(ae_6)"/>
      <nite:child href="ES2006b.A.words.xml#id(ES2006b.A.words1584)..id(ES2006b.A.words1588)"/>
      <nite:child href="ES2006b.A.words.xml#id(ES2006b.A.words1590)..id(ES2006b.A.words1591)"/>
   </ae>
   <ae nite:id="ES2006b.A.argumentstructs.22">
      <nite:pointer role="type"  href="ae-types.xml#id(ae_6)"/>
      <nite:child href="ES2006b.A.words.xml#id(ES2006b.A.words1691)..id(ES2006b.A.words1692)"/>
   </ae>
   <ae nite:id="ES2006b.A.argumentstructs.23">
      <nite:pointer role="type"  href="ae-types.xml#id(ae_6)"/>
      <nite:child href="ES2006b.A.words.xml#id(ES2006b.A.words1695)..id(ES2006b.A.words1697)"/>
      <nite:child href="ES2006b.A.words.xml#id(ES2006b.A.words1699)..id(ES2006b.A.words1700)"/>
   </ae>
</nite:root>