<?xml version="1.0" encoding="ISO-8859-1" standalone="yes"?>
<nite:root nite:id="ES2003d.C.argumentstructs" xmlns:nite="http://nite.sourceforge.net/">
   <ae nite:id="ES2003d.C.argumentstructs.Erik.1">
      <nite:pointer role="type"  href="ae-types.xml#id(ae_3)"/>
      <nite:child href="ES2003d.C.words.xml#id(ES2003d.C.words203)..id(ES2003d.C.words286)"/>
   </ae>
   <ae nite:id="ES2003d.C.argumentstructs.Erik.2">
      <nite:pointer role="type"  href="ae-types.xml#id(ae_1)"/>
      <nite:child href="ES2003d.C.words.xml#id(ES2003d.C.words287)..id(ES2003d.C.words288)"/>
   </ae>
   <ae nite:id="ES2003d.C.argumentstructs.Erik.3">
      <nite:pointer role="type"  href="ae-types.xml#id(ae_5)"/>
      <nite:child href="ES2003d.C.words.xml#id(ES2003d.C.words289)..id(ES2003d.C.words297)"/>
   </ae>
   <ae nite:id="ES2003d.C.argumentstructs.Erik.4">
      <nite:pointer role="type"  href="ae-types.xml#id(ae_1)"/>
      <nite:child href="ES2003d.C.words.xml#id(ES2003d.C.words298)..id(ES2003d.C.words299)"/>
   </ae>
   <ae nite:id="ES2003d.C.argumentstructs.Erik.5">
      <nite:pointer role="type"  href="ae-types.xml#id(ae_1)"/>
      <nite:child href="ES2003d.C.words.xml#id(ES2003d.C.words306)..id(ES2003d.C.words310)"/>
   </ae>
   <ae nite:id="ES2003d.C.argumentstructs.Erik.6">
      <nite:pointer role="type"  href="ae-types.xml#id(ae_5)"/>
      <nite:child href="ES2003d.C.words.xml#id(ES2003d.C.words311)..id(ES2003d.C.words320)"/>
   </ae>
   <ae nite:id="ES2003d.C.argumentstructs.Erik.7">
      <nite:pointer role="type"  href="ae-types.xml#id(ae_4)"/>
      <nite:child href="ES2003d.C.words.xml#id(ES2003d.C.words321)..id(ES2003d.C.words344)"/>
   </ae>
   <ae nite:id="ES2003d.C.argumentstructs.Erik.8">
      <nite:pointer role="type"  href="ae-types.xml#id(ae_1)"/>
      <nite:child href="ES2003d.C.words.xml#id(ES2003d.C.words345)..id(ES2003d.C.words357)"/>
   </ae>
   <ae nite:id="ES2003d.C.argumentstructs.Erik.9">
      <nite:pointer role="type"  href="ae-types.xml#id(ae_1)"/>
      <nite:child href="ES2003d.C.words.xml#id(ES2003d.C.words358)..id(ES2003d.C.words366)"/>
   </ae>
   <ae nite:id="ES2003d.C.argumentstructs.Erik.10">
      <nite:pointer role="type"  href="ae-types.xml#id(ae_1)"/>
      <nite:child href="ES2003d.C.words.xml#id(ES2003d.C.words368)..id(ES2003d.C.words369)"/>
   </ae>
   <ae nite:id="ES2003d.C.argumentstructs.Erik.11">
      <nite:pointer role="type"  href="ae-types.xml#id(ae_1)"/>
      <nite:child href="ES2003d.C.words.xml#id(ES2003d.C.words372)..id(ES2003d.C.words373)"/>
   </ae>
   <ae nite:id="ES2003d.C.argumentstructs.Erik.12">
      <nite:pointer role="type"  href="ae-types.xml#id(ae_3)"/>
      <nite:child href="ES2003d.C.words.xml#id(ES2003d.C.words546)..id(ES2003d.C.words548)"/>
   </ae>
   <ae nite:id="ES2003d.C.argumentstructs.Erik.13">
      <nite:pointer role="type"  href="ae-types.xml#id(ae_1)"/>
      <nite:child href="ES2003d.C.words.xml#id(ES2003d.C.words549)..id(ES2003d.C.words550)"/>
   </ae>
   <ae nite:id="ES2003d.C.argumentstructs.Erik.14">
      <nite:pointer role="type"  href="ae-types.xml#id(ae_1)"/>
      <nite:child href="ES2003d.C.words.xml#id(ES2003d.C.words552)..id(ES2003d.C.words553)"/>
   </ae>
   <ae nite:id="ES2003d.C.argumentstructs.Erik.15">
      <nite:pointer role="type"  href="ae-types.xml#id(ae_5)"/>
      <nite:child href="ES2003d.C.words.xml#id(ES2003d.C.words554)..id(ES2003d.C.words580)"/>
   </ae>
   <ae nite:id="ES2003d.C.argumentstructs.Erik.16">
      <nite:pointer role="type"  href="ae-types.xml#id(ae_1)"/>
      <nite:child href="ES2003d.C.words.xml#id(ES2003d.C.words583)..id(ES2003d.C.words586)"/>
   </ae>
   <ae nite:id="ES2003d.C.argumentstructs.Erik.17">
      <nite:pointer role="type"  href="ae-types.xml#id(ae_3)"/>
      <nite:child href="ES2003d.C.words.xml#id(ES2003d.C.words587)..id(ES2003d.C.words604)"/>
   </ae>
   <ae nite:id="ES2003d.C.argumentstructs.Erik.18">
      <nite:pointer role="type"  href="ae-types.xml#id(ae_1)"/>
      <nite:child href="ES2003d.C.words.xml#id(ES2003d.C.words605)..id(ES2003d.C.words609)"/>
   </ae>
   <ae nite:id="ES2003d.C.argumentstructs.Erik.19">
      <nite:pointer role="type"  href="ae-types.xml#id(ae_1)"/>
      <nite:child href="ES2003d.C.words.xml#id(ES2003d.C.words612)..id(ES2003d.C.words613)"/>
   </ae>
   <ae nite:id="ES2003d.C.argumentstructs.Erik.20">
      <nite:pointer role="type"  href="ae-types.xml#id(ae_5)"/>
      <nite:child href="ES2003d.C.words.xml#id(ES2003d.C.words614)..id(ES2003d.C.words644)"/>
   </ae>
   <ae nite:id="ES2003d.C.argumentstructs.Erik.21">
      <nite:pointer role="type"  href="ae-types.xml#id(ae_5)"/>
      <nite:child href="ES2003d.C.words.xml#id(ES2003d.C.words645)..id(ES2003d.C.words670)"/>
   </ae>
   <ae nite:id="ES2003d.C.argumentstructs.Erik.22">
      <nite:pointer role="type"  href="ae-types.xml#id(ae_1)"/>
      <nite:child href="ES2003d.C.words.xml#id(ES2003d.C.words672)..id(ES2003d.C.words673)"/>
   </ae>
   <ae nite:id="ES2003d.C.argumentstructs.Erik.23">
      <nite:pointer role="type"  href="ae-types.xml#id(ae_1)"/>
      <nite:child href="ES2003d.C.words.xml#id(ES2003d.C.words674)..id(ES2003d.C.words684)"/>
   </ae>
   <ae nite:id="ES2003d.C.argumentstructs.Erik.24">
      <nite:pointer role="type"  href="ae-types.xml#id(ae_5)"/>
      <nite:child href="ES2003d.C.words.xml#id(ES2003d.C.words685)..id(ES2003d.C.words699)"/>
   </ae>
   <ae nite:id="ES2003d.C.argumentstructs.Erik.25">
      <nite:pointer role="type"  href="ae-types.xml#id(ae_1)"/>
      <nite:child href="ES2003d.C.words.xml#id(ES2003d.C.words700)..id(ES2003d.C.words706)"/>
   </ae>
   <ae nite:id="ES2003d.C.argumentstructs.Erik.26">
      <nite:pointer role="type"  href="ae-types.xml#id(ae_3)"/>
      <nite:child href="ES2003d.C.words.xml#id(ES2003d.C.words707)..id(ES2003d.C.words712)"/>
   </ae>
   <ae nite:id="ES2003d.C.argumentstructs.Erik.27">
      <nite:pointer role="type"  href="ae-types.xml#id(ae_5)"/>
      <nite:child href="ES2003d.C.words.xml#id(ES2003d.C.words713)..id(ES2003d.C.words719)"/>
   </ae>
   <ae nite:id="ES2003d.C.argumentstructs.Erik.28">
      <nite:pointer role="type"  href="ae-types.xml#id(ae_1)"/>
      <nite:child href="ES2003d.C.words.xml#id(ES2003d.C.words721)..id(ES2003d.C.words725)"/>
   </ae>
   <ae nite:id="ES2003d.C.argumentstructs.Erik.29">
      <nite:pointer role="type"  href="ae-types.xml#id(ae_1)"/>
      <nite:child href="ES2003d.C.words.xml#id(ES2003d.C.words726)..id(ES2003d.C.words727)"/>
   </ae>
   <ae nite:id="ES2003d.C.argumentstructs.Erik.30">
      <nite:pointer role="type"  href="ae-types.xml#id(ae_5)"/>
      <nite:child href="ES2003d.C.words.xml#id(ES2003d.C.words728)..id(ES2003d.C.words761)"/>
   </ae>
   <ae nite:id="ES2003d.C.argumentstructs.Erik.31">
      <nite:pointer role="type"  href="ae-types.xml#id(ae_5)"/>
      <nite:child href="ES2003d.C.words.xml#id(ES2003d.C.words763)..id(ES2003d.C.words773)"/>
   </ae>
   <ae nite:id="ES2003d.C.argumentstructs.Erik.32">
      <nite:pointer role="type"  href="ae-types.xml#id(ae_1)"/>
      <nite:child href="ES2003d.C.words.xml#id(ES2003d.C.words774)..id(ES2003d.C.words775)"/>
   </ae>
   <ae nite:id="ES2003d.C.argumentstructs.Erik.33">
      <nite:pointer role="type"  href="ae-types.xml#id(ae_5)"/>
      <nite:child href="ES2003d.C.words.xml#id(ES2003d.C.words785)..id(ES2003d.C.words826)"/>
   </ae>
   <ae nite:id="ES2003d.C.argumentstructs.Erik.34">
      <nite:pointer role="type"  href="ae-types.xml#id(ae_1)"/>
      <nite:child href="ES2003d.C.words.xml#id(ES2003d.C.words829)..id(ES2003d.C.words830)"/>
   </ae>
   <ae nite:id="ES2003d.C.argumentstructs.Erik.35">
      <nite:pointer role="type"  href="ae-types.xml#id(ae_1)"/>
      <nite:child href="ES2003d.C.words.xml#id(ES2003d.C.words831)..id(ES2003d.C.words834)"/>
   </ae>
   <ae nite:id="ES2003d.C.argumentstructs.Erik.36">
      <nite:pointer role="type"  href="ae-types.xml#id(ae_1)"/>
      <nite:child href="ES2003d.C.words.xml#id(ES2003d.C.words835)..id(ES2003d.C.words836)"/>
   </ae>
   <ae nite:id="ES2003d.C.argumentstructs.Erik.37">
      <nite:pointer role="type"  href="ae-types.xml#id(ae_5)"/>
      <nite:child href="ES2003d.C.words.xml#id(ES2003d.C.words837)..id(ES2003d.C.words860)"/>
   </ae>
   <ae nite:id="ES2003d.C.argumentstructs.Erik.38">
      <nite:pointer role="type"  href="ae-types.xml#id(ae_5)"/>
      <nite:child href="ES2003d.C.words.xml#id(ES2003d.C.words861)..id(ES2003d.C.words872)"/>
   </ae>
   <ae nite:id="ES2003d.C.argumentstructs.Erik.39">
      <nite:pointer role="type"  href="ae-types.xml#id(ae_1)"/>
      <nite:child href="ES2003d.C.words.xml#id(ES2003d.C.words873)..id(ES2003d.C.words882)"/>
   </ae>
   <ae nite:id="ES2003d.C.argumentstructs.Erik.40">
      <nite:pointer role="type"  href="ae-types.xml#id(ae_1)"/>
      <nite:child href="ES2003d.C.words.xml#id(ES2003d.C.words883)..id(ES2003d.C.words891)"/>
   </ae>
   <ae nite:id="ES2003d.C.argumentstructs.Erik.41">
      <nite:pointer role="type"  href="ae-types.xml#id(ae_1)"/>
      <nite:child href="ES2003d.C.words.xml#id(ES2003d.C.words892)..id(ES2003d.C.words906)"/>
   </ae>
   <ae nite:id="ES2003d.C.argumentstructs.Erik.42">
      <nite:pointer role="type"  href="ae-types.xml#id(ae_1)"/>
      <nite:child href="ES2003d.C.words.xml#id(ES2003d.C.words907)..id(ES2003d.C.words912)"/>
   </ae>
   <ae nite:id="ES2003d.C.argumentstructs.Erik.43">
      <nite:pointer role="type"  href="ae-types.xml#id(ae_5)"/>
      <nite:child href="ES2003d.C.words.xml#id(ES2003d.C.words916)..id(ES2003d.C.words930)"/>
   </ae>
   <ae nite:id="ES2003d.C.argumentstructs.Erik.44">
      <nite:pointer role="type"  href="ae-types.xml#id(ae_5)"/>
      <nite:child href="ES2003d.C.words.xml#id(ES2003d.C.words933)..id(ES2003d.C.words940)"/>
   </ae>
   <ae nite:id="ES2003d.C.argumentstructs.Erik.45">
      <nite:pointer role="type"  href="ae-types.xml#id(ae_1)"/>
      <nite:child href="ES2003d.C.words.xml#id(ES2003d.C.words941)..id(ES2003d.C.words946)"/>
   </ae>
   <ae nite:id="ES2003d.C.argumentstructs.Erik.46">
      <nite:pointer role="type"  href="ae-types.xml#id(ae_5)"/>
      <nite:child href="ES2003d.C.words.xml#id(ES2003d.C.words947)..id(ES2003d.C.words957)"/>
   </ae>
   <ae nite:id="ES2003d.C.argumentstructs.Erik.47">
      <nite:pointer role="type"  href="ae-types.xml#id(ae_1)"/>
      <nite:child href="ES2003d.C.words.xml#id(ES2003d.C.words964)..id(ES2003d.C.words967)"/>
   </ae>
   <ae nite:id="ES2003d.C.argumentstructs.Erik.48">
      <nite:pointer role="type"  href="ae-types.xml#id(ae_1)"/>
      <nite:child href="ES2003d.C.words.xml#id(ES2003d.C.words968)..id(ES2003d.C.words983)"/>
   </ae>
   <ae nite:id="ES2003d.C.argumentstructs.Erik.49">
      <nite:pointer role="type"  href="ae-types.xml#id(ae_1)"/>
      <nite:child href="ES2003d.C.words.xml#id(ES2003d.C.words984)..id(ES2003d.C.words986)"/>
   </ae>
   <ae nite:id="ES2003d.C.argumentstructs.Erik.50">
      <nite:pointer role="type"  href="ae-types.xml#id(ae_1)"/>
      <nite:child href="ES2003d.C.words.xml#id(ES2003d.C.words990)..id(ES2003d.C.words997)"/>
   </ae>
   <ae nite:id="ES2003d.C.argumentstructs.Erik.51">
      <nite:pointer role="type"  href="ae-types.xml#id(ae_1)"/>
      <nite:child href="ES2003d.C.words.xml#id(ES2003d.C.words998)..id(ES2003d.C.words999)"/>
   </ae>
   <ae nite:id="ES2003d.C.argumentstructs.Erik.52">
      <nite:pointer role="type"  href="ae-types.xml#id(ae_1)"/>
      <nite:child href="ES2003d.C.words.xml#id(ES2003d.C.words1225)..id(ES2003d.C.words1241)"/>
   </ae>
   <ae nite:id="ES2003d.C.argumentstructs.Erik.53">
      <nite:pointer role="type"  href="ae-types.xml#id(ae_1)"/>
      <nite:child href="ES2003d.C.words.xml#id(ES2003d.C.words1244)..id(ES2003d.C.words1245)"/>
   </ae>
   <ae nite:id="ES2003d.C.argumentstructs.Erik.54">
      <nite:pointer role="type"  href="ae-types.xml#id(ae_1)"/>
      <nite:child href="ES2003d.C.words.xml#id(ES2003d.C.words1246)..id(ES2003d.C.words1270)"/>
   </ae>
   <ae nite:id="ES2003d.C.argumentstructs.Erik.55">
      <nite:pointer role="type"  href="ae-types.xml#id(ae_1)"/>
      <nite:child href="ES2003d.C.words.xml#id(ES2003d.C.words1271)..id(ES2003d.C.words1286)"/>
   </ae>
   <ae nite:id="ES2003d.C.argumentstructs.Erik.56">
      <nite:pointer role="type"  href="ae-types.xml#id(ae_1)"/>
      <nite:child href="ES2003d.C.words.xml#id(ES2003d.C.words1287)..id(ES2003d.C.words1290)"/>
   </ae>
   <ae nite:id="ES2003d.C.argumentstructs.Erik.57">
      <nite:pointer role="type"  href="ae-types.xml#id(ae_1)"/>
      <nite:child href="ES2003d.C.words.xml#id(ES2003d.C.words1291)..id(ES2003d.C.words1292)"/>
   </ae>
   <ae nite:id="ES2003d.C.argumentstructs.Erik.58">
      <nite:pointer role="type"  href="ae-types.xml#id(ae_1)"/>
      <nite:child href="ES2003d.C.words.xml#id(ES2003d.C.words1322)..id(ES2003d.C.words1354)"/>
   </ae>
   <ae nite:id="ES2003d.C.argumentstructs.Erik.59">
      <nite:pointer role="type"  href="ae-types.xml#id(ae_3)"/>
      <nite:child href="ES2003d.C.words.xml#id(ES2003d.C.words1355)..id(ES2003d.C.words1362)"/>
   </ae>
   <ae nite:id="ES2003d.C.argumentstructs.Erik.60">
      <nite:pointer role="type"  href="ae-types.xml#id(ae_1)"/>
      <nite:child href="ES2003d.C.words.xml#id(ES2003d.C.words1364)..id(ES2003d.C.words1384)"/>
   </ae>
   <ae nite:id="ES2003d.C.argumentstructs.Erik.61">
      <nite:pointer role="type"  href="ae-types.xml#id(ae_1)"/>
      <nite:child href="ES2003d.C.words.xml#id(ES2003d.C.words1385)..id(ES2003d.C.words1387)"/>
   </ae>
   <ae nite:id="ES2003d.C.argumentstructs.Erik.62">
      <nite:pointer role="type"  href="ae-types.xml#id(ae_1)"/>
      <nite:child href="ES2003d.C.words.xml#id(ES2003d.C.words1388)..id(ES2003d.C.words1389)"/>
   </ae>
   <ae nite:id="ES2003d.C.argumentstructs.Erik.63">
      <nite:pointer role="type"  href="ae-types.xml#id(ae_5)"/>
      <nite:child href="ES2003d.C.words.xml#id(ES2003d.C.words1392)..id(ES2003d.C.words1410)"/>
   </ae>
   <ae nite:id="ES2003d.C.argumentstructs.Erik.64">
      <nite:pointer role="type"  href="ae-types.xml#id(ae_1)"/>
      <nite:child href="ES2003d.C.words.xml#id(ES2003d.C.words1411)..id(ES2003d.C.words1425)"/>
   </ae>
   <ae nite:id="ES2003d.C.argumentstructs.Erik.65">
      <nite:pointer role="type"  href="ae-types.xml#id(ae_5)"/>
      <nite:child href="ES2003d.C.words.xml#id(ES2003d.C.words1426)..id(ES2003d.C.words1432)"/>
   </ae>
   <ae nite:id="ES2003d.C.argumentstructs.Erik.66">
      <nite:pointer role="type"  href="ae-types.xml#id(ae_3)"/>
      <nite:child href="ES2003d.C.words.xml#id(ES2003d.C.words1433)..id(ES2003d.C.words1442)"/>
   </ae>
   <ae nite:id="ES2003d.C.argumentstructs.Erik.67">
      <nite:pointer role="type"  href="ae-types.xml#id(ae_1)"/>
      <nite:child href="ES2003d.C.words.xml#id(ES2003d.C.words1443)..id(ES2003d.C.words1458)"/>
   </ae>
   <ae nite:id="ES2003d.C.argumentstructs.Erik.68">
      <nite:pointer role="type"  href="ae-types.xml#id(ae_1)"/>
      <nite:child href="ES2003d.C.words.xml#id(ES2003d.C.words1459)..id(ES2003d.C.words1470)"/>
   </ae>
   <ae nite:id="ES2003d.C.argumentstructs.Erik.69">
      <nite:pointer role="type"  href="ae-types.xml#id(ae_1)"/>
      <nite:child href="ES2003d.C.words.xml#id(ES2003d.C.words1471)..id(ES2003d.C.words1472)"/>
   </ae>
   <ae nite:id="ES2003d.C.argumentstructs.Erik.70">
      <nite:pointer role="type"  href="ae-types.xml#id(ae_1)"/>
      <nite:child href="ES2003d.C.words.xml#id(ES2003d.C.words1477)..id(ES2003d.C.words1483)"/>
   </ae>
   <ae nite:id="ES2003d.C.argumentstructs.Erik.71">
      <nite:pointer role="type"  href="ae-types.xml#id(ae_5)"/>
      <nite:child href="ES2003d.C.words.xml#id(ES2003d.C.words1484)..id(ES2003d.C.words1523)"/>
   </ae>
   <ae nite:id="ES2003d.C.argumentstructs.Erik.72">
      <nite:pointer role="type"  href="ae-types.xml#id(ae_2)"/>
      <nite:child href="ES2003d.C.words.xml#id(ES2003d.C.words1524)..id(ES2003d.C.words1549)"/>
   </ae>
   <ae nite:id="ES2003d.C.argumentstructs.Erik.73">
      <nite:pointer role="type"  href="ae-types.xml#id(ae_1)"/>
      <nite:child href="ES2003d.C.words.xml#id(ES2003d.C.words1550)..id(ES2003d.C.words1563)"/>
   </ae>
   <ae nite:id="ES2003d.C.argumentstructs.Erik.74">
      <nite:pointer role="type"  href="ae-types.xml#id(ae_5)"/>
      <nite:child href="ES2003d.C.words.xml#id(ES2003d.C.words1564)..id(ES2003d.C.words1572)"/>
   </ae>
   <ae nite:id="ES2003d.C.argumentstructs.Erik.75">
      <nite:pointer role="type"  href="ae-types.xml#id(ae_1)"/>
      <nite:child href="ES2003d.C.words.xml#id(ES2003d.C.words1573)..id(ES2003d.C.words1574)"/>
   </ae>
   <ae nite:id="ES2003d.C.argumentstructs.Erik.76">
      <nite:pointer role="type"  href="ae-types.xml#id(ae_1)"/>
      <nite:child href="ES2003d.C.words.xml#id(ES2003d.C.words1576)..id(ES2003d.C.words1577)"/>
   </ae>
   <ae nite:id="ES2003d.C.argumentstructs.77">
      <nite:pointer role="type"  href="ae-types.xml#id(ae_6)"/>
      <nite:child href="ES2003d.C.words.xml#id(ES2003d.C.words201)..id(ES2003d.C.words202)"/>
   </ae>
   <ae nite:id="ES2003d.C.argumentstructs.78">
      <nite:pointer role="type"  href="ae-types.xml#id(ae_6)"/>
      <nite:child href="ES2003d.C.words.xml#id(ES2003d.C.words301)..id(ES2003d.C.words305)"/>
   </ae>
   <ae nite:id="ES2003d.C.argumentstructs.79">
      <nite:pointer role="type"  href="ae-types.xml#id(ae_6)"/>
      <nite:child href="ES2003d.C.words.xml#id(ES2003d.C.words370)..id(ES2003d.C.words371)"/>
   </ae>
   <ae nite:id="ES2003d.C.argumentstructs.80">
      <nite:pointer role="type"  href="ae-types.xml#id(ae_6)"/>
      <nite:child href="ES2003d.C.words.xml#id(ES2003d.C.words582)"/>
   </ae>
   <ae nite:id="ES2003d.C.argumentstructs.81">
      <nite:pointer role="type"  href="ae-types.xml#id(ae_6)"/>
      <nite:child href="ES2003d.C.words.xml#id(ES2003d.C.words611)"/>
   </ae>
   <ae nite:id="ES2003d.C.argumentstructs.82">
      <nite:pointer role="type"  href="ae-types.xml#id(ae_6)"/>
      <nite:child href="ES2003d.C.words.xml#id(ES2003d.C.words777)..id(ES2003d.C.words784)"/>
   </ae>
   <ae nite:id="ES2003d.C.argumentstructs.83">
      <nite:pointer role="type"  href="ae-types.xml#id(ae_6)"/>
      <nite:child href="ES2003d.C.words.xml#id(ES2003d.C.words827)..id(ES2003d.C.words828)"/>
   </ae>
   <ae nite:id="ES2003d.C.argumentstructs.84">
      <nite:pointer role="type"  href="ae-types.xml#id(ae_6)"/>
      <nite:child href="ES2003d.C.words.xml#id(ES2003d.C.words913)..id(ES2003d.C.words915)"/>
   </ae>
   <ae nite:id="ES2003d.C.argumentstructs.85">
      <nite:pointer role="type"  href="ae-types.xml#id(ae_6)"/>
      <nite:child href="ES2003d.C.words.xml#id(ES2003d.C.words931)..id(ES2003d.C.words932)"/>
   </ae>
   <ae nite:id="ES2003d.C.argumentstructs.86">
      <nite:pointer role="type"  href="ae-types.xml#id(ae_6)"/>
      <nite:child href="ES2003d.C.words.xml#id(ES2003d.C.words958)..id(ES2003d.C.words960)"/>
      <nite:child href="ES2003d.C.words.xml#id(ES2003d.C.words962)"/>
   </ae>
   <ae nite:id="ES2003d.C.argumentstructs.87">
      <nite:pointer role="type"  href="ae-types.xml#id(ae_6)"/>
      <nite:child href="ES2003d.C.words.xml#id(ES2003d.C.words988)..id(ES2003d.C.words989)"/>
   </ae>
   <ae nite:id="ES2003d.C.argumentstructs.88">
      <nite:pointer role="type"  href="ae-types.xml#id(ae_6)"/>
      <nite:child href="ES2003d.C.words.xml#id(ES2003d.C.words1216)..id(ES2003d.C.words1224)"/>
   </ae>
   <ae nite:id="ES2003d.C.argumentstructs.89">
      <nite:pointer role="type"  href="ae-types.xml#id(ae_6)"/>
      <nite:child href="ES2003d.C.words.xml#id(ES2003d.C.words1243)"/>
   </ae>
   <ae nite:id="ES2003d.C.argumentstructs.90">
      <nite:pointer role="type"  href="ae-types.xml#id(ae_6)"/>
      <nite:child href="ES2003d.C.words.xml#id(ES2003d.C.words1390)"/>
   </ae>
   <ae nite:id="ES2003d.C.argumentstructs.91">
      <nite:pointer role="type"  href="ae-types.xml#id(ae_6)"/>
      <nite:child href="ES2003d.C.words.xml#id(ES2003d.C.words1473)..id(ES2003d.C.words1474)"/>
      <nite:child href="ES2003d.C.words.xml#id(ES2003d.C.words1476)"/>
   </ae>
</nite:root>