<?xml version="1.0" encoding="ISO-8859-1" standalone="yes"?>
<nite:root nite:id="ES2016a.C.argumentstructs" xmlns:nite="http://nite.sourceforge.net/">
   <ae nite:id="ES2016a.C.argumentstructs.Rutger.1">
      <nite:pointer role="type"  href="ae-types.xml#id(ae_1)"/>
      <nite:child href="ES2016a.C.words.xml#id(ES2016a.C.words815)..id(ES2016a.C.words816)"/>
   </ae>
   <ae nite:id="ES2016a.C.argumentstructs.Rutger.2">
      <nite:pointer role="type"  href="ae-types.xml#id(ae_1)"/>
      <nite:child href="ES2016a.C.words.xml#id(ES2016a.C.words817)..id(ES2016a.C.words833)"/>
   </ae>
</nite:root>