<?xml version="1.0" encoding="ISO-8859-1" standalone="yes"?>
<nite:root nite:id="ES2009c.C.argumentstructs" xmlns:nite="http://nite.sourceforge.net/">
   <ae nite:id="ES2009c.C.argumentstructs.Erik.1">
      <nite:pointer role="type"  href="ae-types.xml#id(ae_3)"/>
      <nite:child href="ES2009c.C.words.xml#id(ES2009c.C.words749)..id(ES2009c.C.words758)"/>
   </ae>
   <ae nite:id="ES2009c.C.argumentstructs.Erik.2">
      <nite:pointer role="type"  href="ae-types.xml#id(ae_1)"/>
      <nite:child href="ES2009c.C.words.xml#id(ES2009c.C.words763)..id(ES2009c.C.words812)"/>
   </ae>
   <ae nite:id="ES2009c.C.argumentstructs.Erik.3">
      <nite:pointer role="type"  href="ae-types.xml#id(ae_1)"/>
      <nite:child href="ES2009c.C.words.xml#id(ES2009c.C.words813)..id(ES2009c.C.words814)"/>
   </ae>
   <ae nite:id="ES2009c.C.argumentstructs.Erik.4">
      <nite:pointer role="type"  href="ae-types.xml#id(ae_1)"/>
      <nite:child href="ES2009c.C.words.xml#id(ES2009c.C.words815)..id(ES2009c.C.words837)"/>
   </ae>
   <ae nite:id="ES2009c.C.argumentstructs.Erik.5">
      <nite:pointer role="type"  href="ae-types.xml#id(ae_1)"/>
      <nite:child href="ES2009c.C.words.xml#id(ES2009c.C.words839)..id(ES2009c.C.words875)"/>
   </ae>
   <ae nite:id="ES2009c.C.argumentstructs.Erik.6">
      <nite:pointer role="type"  href="ae-types.xml#id(ae_1)"/>
      <nite:child href="ES2009c.C.words.xml#id(ES2009c.C.words898)..id(ES2009c.C.words914)"/>
   </ae>
   <ae nite:id="ES2009c.C.argumentstructs.Erik.7">
      <nite:pointer role="type"  href="ae-types.xml#id(ae_5)"/>
      <nite:child href="ES2009c.C.words.xml#id(ES2009c.C.words915)..id(ES2009c.C.words922)"/>
   </ae>
   <ae nite:id="ES2009c.C.argumentstructs.Erik.8">
      <nite:pointer role="type"  href="ae-types.xml#id(ae_1)"/>
      <nite:child href="ES2009c.C.words.xml#id(ES2009c.C.words930)..id(ES2009c.C.words941)"/>
   </ae>
   <ae nite:id="ES2009c.C.argumentstructs.Erik.9">
      <nite:pointer role="type"  href="ae-types.xml#id(ae_1)"/>
      <nite:child href="ES2009c.C.words.xml#id(ES2009c.C.words980)..id(ES2009c.C.words1043)"/>
   </ae>
   <ae nite:id="ES2009c.C.argumentstructs.Erik.10">
      <nite:pointer role="type"  href="ae-types.xml#id(ae_1)"/>
      <nite:child href="ES2009c.C.words.xml#id(ES2009c.C.words1044)..id(ES2009c.C.words1047)"/>
   </ae>
   <ae nite:id="ES2009c.C.argumentstructs.Erik.11">
      <nite:pointer role="type"  href="ae-types.xml#id(ae_1)"/>
      <nite:child href="ES2009c.C.words.xml#id(ES2009c.C.words1048)..id(ES2009c.C.words1065)"/>
   </ae>
   <ae nite:id="ES2009c.C.argumentstructs.Erik.12">
      <nite:pointer role="type"  href="ae-types.xml#id(ae_1)"/>
      <nite:child href="ES2009c.C.words.xml#id(ES2009c.C.words1067)..id(ES2009c.C.words1081)"/>
   </ae>
   <ae nite:id="ES2009c.C.argumentstructs.13">
      <nite:pointer role="type"  href="ae-types.xml#id(ae_6)"/>
      <nite:child href="ES2009c.C.words.xml#id(ES2009c.C.words733)..id(ES2009c.C.words747)"/>
   </ae>
   <ae nite:id="ES2009c.C.argumentstructs.14">
      <nite:pointer role="type"  href="ae-types.xml#id(ae_6)"/>
      <nite:child href="ES2009c.C.words.xml#id(ES2009c.C.words876)..id(ES2009c.C.words888)"/>
      <nite:child href="ES2009c.C.words.xml#id(ES2009c.C.words890)..id(ES2009c.C.words897)"/>
   </ae>
   <ae nite:id="ES2009c.C.argumentstructs.15">
      <nite:pointer role="type"  href="ae-types.xml#id(ae_6)"/>
      <nite:child href="ES2009c.C.words.xml#id(ES2009c.C.words924)..id(ES2009c.C.words926)"/>
      <nite:child href="ES2009c.C.words.xml#id(ES2009c.C.words928)"/>
   </ae>
   <ae nite:id="ES2009c.C.argumentstructs.16">
      <nite:pointer role="type"  href="ae-types.xml#id(ae_6)"/>
      <nite:child href="ES2009c.C.words.xml#id(ES2009c.C.words954)..id(ES2009c.C.words979)"/>
   </ae>
</nite:root>