<?xml version="1.0" encoding="ISO-8859-1" standalone="yes"?>
<nite:root nite:id="ES2013b.A.argumentstructs" xmlns:nite="http://nite.sourceforge.net/">
   <ae nite:id="ES2013b.A.argumentstructs.Rutger.1">
      <nite:pointer role="type"  href="ae-types.xml#id(ae_2)"/>
      <nite:child href="ES2013b.A.words.xml#id(ES2013b.A.words1027)..id(ES2013b.A.words1028)"/>
   </ae>
   <ae nite:id="ES2013b.A.argumentstructs.Rutger.2">
      <nite:pointer role="type"  href="ae-types.xml#id(ae_2)"/>
      <nite:child href="ES2013b.A.words.xml#id(ES2013b.A.words1029)..id(ES2013b.A.words1032)"/>
   </ae>
   <ae nite:id="ES2013b.A.argumentstructs.Rutger.3">
      <nite:pointer role="type"  href="ae-types.xml#id(ae_2)"/>
      <nite:child href="ES2013b.A.words.xml#id(ES2013b.A.words1034)..id(ES2013b.A.words1035)"/>
   </ae>
   <ae nite:id="ES2013b.A.argumentstructs.Rutger.4">
      <nite:pointer role="type"  href="ae-types.xml#id(ae_1)"/>
      <nite:child href="ES2013b.A.words.xml#id(ES2013b.A.words1036)..id(ES2013b.A.words1054)"/>
   </ae>
   <ae nite:id="ES2013b.A.argumentstructs.Rutger.5">
      <nite:pointer role="type"  href="ae-types.xml#id(ae_1)"/>
      <nite:child href="ES2013b.A.words.xml#id(ES2013b.A.words1055)..id(ES2013b.A.words1068)"/>
   </ae>
   <ae nite:id="ES2013b.A.argumentstructs.Rutger.6">
      <nite:pointer role="type"  href="ae-types.xml#id(ae_1)"/>
      <nite:child href="ES2013b.A.words.xml#id(ES2013b.A.words1073)..id(ES2013b.A.words1074)"/>
   </ae>
   <ae nite:id="ES2013b.A.argumentstructs.Rutger.7">
      <nite:pointer role="type"  href="ae-types.xml#id(ae_1)"/>
      <nite:child href="ES2013b.A.words.xml#id(ES2013b.A.words1075)..id(ES2013b.A.words1093)"/>
   </ae>
   <ae nite:id="ES2013b.A.argumentstructs.Rutger.8">
      <nite:pointer role="type"  href="ae-types.xml#id(ae_2)"/>
      <nite:child href="ES2013b.A.words.xml#id(ES2013b.A.words1094)"/>
   </ae>
   <ae nite:id="ES2013b.A.argumentstructs.9">
      <nite:pointer role="type"  href="ae-types.xml#id(ae_6)"/>
      <nite:child href="ES2013b.A.words.xml#id(ES2013b.A.words1025)..id(ES2013b.A.words1026)"/>
   </ae>
   <ae nite:id="ES2013b.A.argumentstructs.10">
      <nite:pointer role="type"  href="ae-types.xml#id(ae_6)"/>
      <nite:child href="ES2013b.A.words.xml#id(ES2013b.A.words1033)"/>
   </ae>
   <ae nite:id="ES2013b.A.argumentstructs.11">
      <nite:pointer role="type"  href="ae-types.xml#id(ae_6)"/>
      <nite:child href="ES2013b.A.words.xml#id(ES2013b.A.words1069)..id(ES2013b.A.words1072)"/>
   </ae>
   <ae nite:id="ES2013b.A.argumentstructs.12">
      <nite:pointer role="type"  href="ae-types.xml#id(ae_6)"/>
      <nite:child href="ES2013b.A.words.xml#id(ES2013b.A.words1095)..id(ES2013b.A.words1111)"/>
   </ae>
</nite:root>