<?xml version="1.0" encoding="ISO-8859-1" standalone="yes"?>
<nite:root nite:id="ES2002d.C.argumentstructs" xmlns:nite="http://nite.sourceforge.net/">
   <ae nite:id="ES2002d.C.argumentstructs.Erik.1">
      <nite:pointer role="type"  href="ae-types.xml#id(ae_1)"/>
      <nite:child href="ES2002d.C.words.xml#id(ES2002d.C.words56)..id(ES2002d.C.words57)"/>
   </ae>
   <ae nite:id="ES2002d.C.argumentstructs.Erik.2">
      <nite:pointer role="type"  href="ae-types.xml#id(ae_1)"/>
      <nite:child href="ES2002d.C.words.xml#id(ES2002d.C.words60)..id(ES2002d.C.words64)"/>
   </ae>
   <ae nite:id="ES2002d.C.argumentstructs.Erik.3">
      <nite:pointer role="type"  href="ae-types.xml#id(ae_1)"/>
      <nite:child href="ES2002d.C.words.xml#id(ES2002d.C.words65)..id(ES2002d.C.words70)"/>
   </ae>
   <ae nite:id="ES2002d.C.argumentstructs.Erik.4">
      <nite:pointer role="type"  href="ae-types.xml#id(ae_1)"/>
      <nite:child href="ES2002d.C.words.xml#id(ES2002d.C.words73)..id(ES2002d.C.words105)"/>
   </ae>
   <ae nite:id="ES2002d.C.argumentstructs.Erik.5">
      <nite:pointer role="type"  href="ae-types.xml#id(ae_3)"/>
      <nite:child href="ES2002d.C.words.xml#id(ES2002d.C.words147)..id(ES2002d.C.words151)"/>
   </ae>
   <ae nite:id="ES2002d.C.argumentstructs.Erik.6">
      <nite:pointer role="type"  href="ae-types.xml#id(ae_1)"/>
      <nite:child href="ES2002d.C.words.xml#id(ES2002d.C.words152)..id(ES2002d.C.words153)"/>
   </ae>
   <ae nite:id="ES2002d.C.argumentstructs.Erik.7">
      <nite:pointer role="type"  href="ae-types.xml#id(ae_1)"/>
      <nite:child href="ES2002d.C.words.xml#id(ES2002d.C.words154)..id(ES2002d.C.words155)"/>
   </ae>
   <ae nite:id="ES2002d.C.argumentstructs.Erik.8">
      <nite:pointer role="type"  href="ae-types.xml#id(ae_1)"/>
      <nite:child href="ES2002d.C.words.xml#id(ES2002d.C.words158)..id(ES2002d.C.words162)"/>
   </ae>
   <ae nite:id="ES2002d.C.argumentstructs.Erik.9">
      <nite:pointer role="type"  href="ae-types.xml#id(ae_2)"/>
      <nite:child href="ES2002d.C.words.xml#id(ES2002d.C.words169)..id(ES2002d.C.words175)"/>
   </ae>
   <ae nite:id="ES2002d.C.argumentstructs.Erik.10">
      <nite:pointer role="type"  href="ae-types.xml#id(ae_1)"/>
      <nite:child href="ES2002d.C.words.xml#id(ES2002d.C.words182)..id(ES2002d.C.words184)"/>
   </ae>
   <ae nite:id="ES2002d.C.argumentstructs.Erik.11">
      <nite:pointer role="type"  href="ae-types.xml#id(ae_1)"/>
      <nite:child href="ES2002d.C.words.xml#id(ES2002d.C.words339)..id(ES2002d.C.words346)"/>
   </ae>
   <ae nite:id="ES2002d.C.argumentstructs.Erik.12">
      <nite:pointer role="type"  href="ae-types.xml#id(ae_5)"/>
      <nite:child href="ES2002d.C.words.xml#id(ES2002d.C.words347)..id(ES2002d.C.words351)"/>
   </ae>
   <ae nite:id="ES2002d.C.argumentstructs.Erik.13">
      <nite:pointer role="type"  href="ae-types.xml#id(ae_1)"/>
      <nite:child href="ES2002d.C.words.xml#id(ES2002d.C.words353)..id(ES2002d.C.words354)"/>
   </ae>
   <ae nite:id="ES2002d.C.argumentstructs.Erik.14">
      <nite:pointer role="type"  href="ae-types.xml#id(ae_2)"/>
      <nite:child href="ES2002d.C.words.xml#id(ES2002d.C.words355)..id(ES2002d.C.words365)"/>
   </ae>
   <ae nite:id="ES2002d.C.argumentstructs.Erik.15">
      <nite:pointer role="type"  href="ae-types.xml#id(ae_1)"/>
      <nite:child href="ES2002d.C.words.xml#id(ES2002d.C.words1952)..id(ES2002d.C.words1973)"/>
   </ae>
   <ae nite:id="ES2002d.C.argumentstructs.Erik.16">
      <nite:pointer role="type"  href="ae-types.xml#id(ae_1)"/>
      <nite:child href="ES2002d.C.words.xml#id(ES2002d.C.words1974)..id(ES2002d.C.words1991)"/>
   </ae>
   <ae nite:id="ES2002d.C.argumentstructs.Erik.17">
      <nite:pointer role="type"  href="ae-types.xml#id(ae_1)"/>
      <nite:child href="ES2002d.C.words.xml#id(ES2002d.C.words2043)..id(ES2002d.C.words2125)"/>
   </ae>
   <ae nite:id="ES2002d.C.argumentstructs.Erik.18">
      <nite:pointer role="type"  href="ae-types.xml#id(ae_1)"/>
      <nite:child href="ES2002d.C.words.xml#id(ES2002d.C.words2126)..id(ES2002d.C.words2169)"/>
   </ae>
   <ae nite:id="ES2002d.C.argumentstructs.Erik.19">
      <nite:pointer role="type"  href="ae-types.xml#id(ae_1)"/>
      <nite:child href="ES2002d.C.words.xml#id(ES2002d.C.words2170)..id(ES2002d.C.words2179)"/>
   </ae>
   <ae nite:id="ES2002d.C.argumentstructs.Erik.20">
      <nite:pointer role="type"  href="ae-types.xml#id(ae_1)"/>
      <nite:child href="ES2002d.C.words.xml#id(ES2002d.C.words2180)..id(ES2002d.C.words2185)"/>
   </ae>
   <ae nite:id="ES2002d.C.argumentstructs.Erik.21">
      <nite:pointer role="type"  href="ae-types.xml#id(ae_5)"/>
      <nite:child href="ES2002d.C.words.xml#id(ES2002d.C.words2218)..id(ES2002d.C.words2225)"/>
   </ae>
   <ae nite:id="ES2002d.C.argumentstructs.Erik.22">
      <nite:pointer role="type"  href="ae-types.xml#id(ae_1)"/>
      <nite:child href="ES2002d.C.words.xml#id(ES2002d.C.words2226)..id(ES2002d.C.words2227)"/>
   </ae>
   <ae nite:id="ES2002d.C.argumentstructs.Erik.23">
      <nite:pointer role="type"  href="ae-types.xml#id(ae_1)"/>
      <nite:child href="ES2002d.C.words.xml#id(ES2002d.C.words2228)..id(ES2002d.C.words2229)"/>
   </ae>
   <ae nite:id="ES2002d.C.argumentstructs.Erik.24">
      <nite:pointer role="type"  href="ae-types.xml#id(ae_1)"/>
      <nite:child href="ES2002d.C.words.xml#id(ES2002d.C.words2230)..id(ES2002d.C.words2232)"/>
   </ae>
   <ae nite:id="ES2002d.C.argumentstructs.Erik.25">
      <nite:pointer role="type"  href="ae-types.xml#id(ae_1)"/>
      <nite:child href="ES2002d.C.words.xml#id(ES2002d.C.words2234)..id(ES2002d.C.words2235)"/>
   </ae>
   <ae nite:id="ES2002d.C.argumentstructs.Erik.26">
      <nite:pointer role="type"  href="ae-types.xml#id(ae_1)"/>
      <nite:child href="ES2002d.C.words.xml#id(ES2002d.C.words2237)..id(ES2002d.C.words2238)"/>
   </ae>
   <ae nite:id="ES2002d.C.argumentstructs.Erik.27">
      <nite:pointer role="type"  href="ae-types.xml#id(ae_1)"/>
      <nite:child href="ES2002d.C.words.xml#id(ES2002d.C.words2239)..id(ES2002d.C.words2244)"/>
   </ae>
   <ae nite:id="ES2002d.C.argumentstructs.Erik.28">
      <nite:pointer role="type"  href="ae-types.xml#id(ae_1)"/>
      <nite:child href="ES2002d.C.words.xml#id(ES2002d.C.words2252)..id(ES2002d.C.words2259)"/>
   </ae>
   <ae nite:id="ES2002d.C.argumentstructs.Erik.29">
      <nite:pointer role="type"  href="ae-types.xml#id(ae_1)"/>
      <nite:child href="ES2002d.C.words.xml#id(ES2002d.C.words2351)..id(ES2002d.C.words2459)"/>
   </ae>
   <ae nite:id="ES2002d.C.argumentstructs.Erik.30">
      <nite:pointer role="type"  href="ae-types.xml#id(ae_1)"/>
      <nite:child href="ES2002d.C.words.xml#id(ES2002d.C.words2826)..id(ES2002d.C.words2829)"/>
   </ae>
   <ae nite:id="ES2002d.C.argumentstructs.Erik.31">
      <nite:pointer role="type"  href="ae-types.xml#id(ae_1)"/>
      <nite:child href="ES2002d.C.words.xml#id(ES2002d.C.words2830)..id(ES2002d.C.words2832)"/>
   </ae>
   <ae nite:id="ES2002d.C.argumentstructs.Erik.32">
      <nite:pointer role="type"  href="ae-types.xml#id(ae_1)"/>
      <nite:child href="ES2002d.C.words.xml#id(ES2002d.C.words2840)..id(ES2002d.C.words2841)"/>
   </ae>
   <ae nite:id="ES2002d.C.argumentstructs.33">
      <nite:pointer role="type"  href="ae-types.xml#id(ae_6)"/>
      <nite:child href="ES2002d.C.words.xml#id(ES2002d.C.words58)..id(ES2002d.C.words59)"/>
   </ae>
   <ae nite:id="ES2002d.C.argumentstructs.34">
      <nite:pointer role="type"  href="ae-types.xml#id(ae_6)"/>
      <nite:child href="ES2002d.C.words.xml#id(ES2002d.C.words71)..id(ES2002d.C.words72)"/>
   </ae>
   <ae nite:id="ES2002d.C.argumentstructs.35">
      <nite:pointer role="type"  href="ae-types.xml#id(ae_6)"/>
      <nite:child href="ES2002d.C.words.xml#id(ES2002d.C.words106)..id(ES2002d.C.words107)"/>
   </ae>
   <ae nite:id="ES2002d.C.argumentstructs.36">
      <nite:pointer role="type"  href="ae-types.xml#id(ae_6)"/>
      <nite:child href="ES2002d.C.words.xml#id(ES2002d.C.words156)..id(ES2002d.C.words157)"/>
   </ae>
   <ae nite:id="ES2002d.C.argumentstructs.37">
      <nite:pointer role="type"  href="ae-types.xml#id(ae_6)"/>
      <nite:child href="ES2002d.C.words.xml#id(ES2002d.C.words163)..id(ES2002d.C.words168)"/>
   </ae>
   <ae nite:id="ES2002d.C.argumentstructs.38">
      <nite:pointer role="type"  href="ae-types.xml#id(ae_6)"/>
      <nite:child href="ES2002d.C.words.xml#id(ES2002d.C.words176)..id(ES2002d.C.words181)"/>
   </ae>
   <ae nite:id="ES2002d.C.argumentstructs.39">
      <nite:pointer role="type"  href="ae-types.xml#id(ae_6)"/>
      <nite:child href="ES2002d.C.words.xml#id(ES2002d.C.words322)..id(ES2002d.C.words338)"/>
   </ae>
   <ae nite:id="ES2002d.C.argumentstructs.40">
      <nite:pointer role="type"  href="ae-types.xml#id(ae_6)"/>
      <nite:child href="ES2002d.C.words.xml#id(ES2002d.C.words1992)..id(ES2002d.C.words2042)"/>
   </ae>
   <ae nite:id="ES2002d.C.argumentstructs.41">
      <nite:pointer role="type"  href="ae-types.xml#id(ae_6)"/>
      <nite:child href="ES2002d.C.words.xml#id(ES2002d.C.words2186)..id(ES2002d.C.words2217)"/>
   </ae>
   <ae nite:id="ES2002d.C.argumentstructs.42">
      <nite:pointer role="type"  href="ae-types.xml#id(ae_6)"/>
      <nite:child href="ES2002d.C.words.xml#id(ES2002d.C.words2245)..id(ES2002d.C.words2250)"/>
   </ae>
   <ae nite:id="ES2002d.C.argumentstructs.43">
      <nite:pointer role="type"  href="ae-types.xml#id(ae_6)"/>
      <nite:child href="ES2002d.C.words.xml#id(ES2002d.C.words2260)..id(ES2002d.C.words2265)"/>
      <nite:child href="ES2002d.C.words.xml#id(ES2002d.C.words2267)..id(ES2002d.C.words2350)"/>
   </ae>
   <ae nite:id="ES2002d.C.argumentstructs.44">
      <nite:pointer role="type"  href="ae-types.xml#id(ae_6)"/>
      <nite:child href="ES2002d.C.words.xml#id(ES2002d.C.words2460)..id(ES2002d.C.words2461)"/>
   </ae>
   <ae nite:id="ES2002d.C.argumentstructs.45">
      <nite:pointer role="type"  href="ae-types.xml#id(ae_6)"/>
      <nite:child href="ES2002d.C.words.xml#id(ES2002d.C.words2833)..id(ES2002d.C.words2838)"/>
   </ae>
   <ae nite:id="ES2002d.C.argumentstructs.46">
      <nite:pointer role="type"  href="ae-types.xml#id(ae_6)"/>
      <nite:child href="ES2002d.C.words.xml#id(ES2002d.C.words2842)..id(ES2002d.C.words2857)"/>
   </ae>
</nite:root>