<?xml version="1.0" encoding="ISO-8859-1" standalone="yes"?>
<nite:root nite:id="ES2007a.C.argumentstructs" xmlns:nite="http://nite.sourceforge.net/">
   <ae nite:id="ES2007a.C.argumentstructs.Erik.1">
      <nite:pointer role="type"  href="ae-types.xml#id(ae_1)"/>
      <nite:child href="ES2007a.C.words.xml#id(ES2007a.C.words394)..id(ES2007a.C.words502)"/>
   </ae>
   <ae nite:id="ES2007a.C.argumentstructs.Erik.2">
      <nite:pointer role="type"  href="ae-types.xml#id(ae_1)"/>
      <nite:child href="ES2007a.C.words.xml#id(ES2007a.C.words503)..id(ES2007a.C.words504)"/>
   </ae>
   <ae nite:id="ES2007a.C.argumentstructs.Erik.3">
      <nite:pointer role="type"  href="ae-types.xml#id(ae_1)"/>
      <nite:child href="ES2007a.C.words.xml#id(ES2007a.C.words515)..id(ES2007a.C.words558)"/>
   </ae>
   <ae nite:id="ES2007a.C.argumentstructs.Erik.4">
      <nite:pointer role="type"  href="ae-types.xml#id(ae_1)"/>
      <nite:child href="ES2007a.C.words.xml#id(ES2007a.C.words559)..id(ES2007a.C.words583)"/>
   </ae>
   <ae nite:id="ES2007a.C.argumentstructs.Erik.5">
      <nite:pointer role="type"  href="ae-types.xml#id(ae_1)"/>
      <nite:child href="ES2007a.C.words.xml#id(ES2007a.C.words585)..id(ES2007a.C.words592)"/>
   </ae>
   <ae nite:id="ES2007a.C.argumentstructs.Erik.6">
      <nite:pointer role="type"  href="ae-types.xml#id(ae_1)"/>
      <nite:child href="ES2007a.C.words.xml#id(ES2007a.C.words593)..id(ES2007a.C.words600)"/>
   </ae>
   <ae nite:id="ES2007a.C.argumentstructs.Erik.7">
      <nite:pointer role="type"  href="ae-types.xml#id(ae_1)"/>
      <nite:child href="ES2007a.C.words.xml#id(ES2007a.C.words603)..id(ES2007a.C.words604)"/>
   </ae>
   <ae nite:id="ES2007a.C.argumentstructs.Erik.8">
      <nite:pointer role="type"  href="ae-types.xml#id(ae_1)"/>
      <nite:child href="ES2007a.C.words.xml#id(ES2007a.C.words605)..id(ES2007a.C.words606)"/>
   </ae>
   <ae nite:id="ES2007a.C.argumentstructs.9">
      <nite:pointer role="type"  href="ae-types.xml#id(ae_6)"/>
      <nite:child href="ES2007a.C.words.xml#id(ES2007a.C.words505)..id(ES2007a.C.words512)"/>
      <nite:child href="ES2007a.C.words.xml#id(ES2007a.C.words514)"/>
   </ae>
   <ae nite:id="ES2007a.C.argumentstructs.10">
      <nite:pointer role="type"  href="ae-types.xml#id(ae_6)"/>
      <nite:child href="ES2007a.C.words.xml#id(ES2007a.C.words601)"/>
   </ae>
</nite:root>