<?xml version="1.0" encoding="ISO-8859-1" standalone="yes"?>
<nite:root nite:id="ES2006d.D.argumentstructs" xmlns:nite="http://nite.sourceforge.net/">
   <ae nite:id="ES2006d.D.argumentstructs.Erik.1">
      <nite:pointer role="type"  href="ae-types.xml#id(ae_1)"/>
      <nite:child href="ES2006d.D.words.xml#id(ES2006d.D.words745)..id(ES2006d.D.words785)"/>
   </ae>
   <ae nite:id="ES2006d.D.argumentstructs.Erik.2">
      <nite:pointer role="type"  href="ae-types.xml#id(ae_1)"/>
      <nite:child href="ES2006d.D.words.xml#id(ES2006d.D.words786)..id(ES2006d.D.words817)"/>
   </ae>
   <ae nite:id="ES2006d.D.argumentstructs.Erik.3">
      <nite:pointer role="type"  href="ae-types.xml#id(ae_1)"/>
      <nite:child href="ES2006d.D.words.xml#id(ES2006d.D.words818)..id(ES2006d.D.words822)"/>
   </ae>
   <ae nite:id="ES2006d.D.argumentstructs.Erik.4">
      <nite:pointer role="type"  href="ae-types.xml#id(ae_1)"/>
      <nite:child href="ES2006d.D.words.xml#id(ES2006d.D.words823)..id(ES2006d.D.words836)"/>
   </ae>
   <ae nite:id="ES2006d.D.argumentstructs.Erik.5">
      <nite:pointer role="type"  href="ae-types.xml#id(ae_1)"/>
      <nite:child href="ES2006d.D.words.xml#id(ES2006d.D.words988)..id(ES2006d.D.words989)"/>
   </ae>
   <ae nite:id="ES2006d.D.argumentstructs.Erik.6">
      <nite:pointer role="type"  href="ae-types.xml#id(ae_1)"/>
      <nite:child href="ES2006d.D.words.xml#id(ES2006d.D.words990)..id(ES2006d.D.words1011)"/>
   </ae>
   <ae nite:id="ES2006d.D.argumentstructs.Erik.7">
      <nite:pointer role="type"  href="ae-types.xml#id(ae_1)"/>
      <nite:child href="ES2006d.D.words.xml#id(ES2006d.D.words1012)..id(ES2006d.D.words1025)"/>
   </ae>
   <ae nite:id="ES2006d.D.argumentstructs.Erik.8">
      <nite:pointer role="type"  href="ae-types.xml#id(ae_1)"/>
      <nite:child href="ES2006d.D.words.xml#id(ES2006d.D.words1026)..id(ES2006d.D.words1027)"/>
   </ae>
   <ae nite:id="ES2006d.D.argumentstructs.Erik.9">
      <nite:pointer role="type"  href="ae-types.xml#id(ae_3)"/>
      <nite:child href="ES2006d.D.words.xml#id(ES2006d.D.words1028)..id(ES2006d.D.words1055)"/>
   </ae>
   <ae nite:id="ES2006d.D.argumentstructs.10">
      <nite:pointer role="type"  href="ae-types.xml#id(ae_6)"/>
      <nite:child href="ES2006d.D.words.xml#id(ES2006d.D.words984)"/>
      <nite:child href="ES2006d.D.words.xml#id(ES2006d.D.words986)"/>
   </ae>
</nite:root>