<?xml version="1.0" encoding="ISO-8859-1" standalone="yes"?>
<nite:root nite:id="ES2007a.B.argumentstructs" xmlns:nite="http://nite.sourceforge.net/">
   <ae nite:id="ES2007a.B.argumentstructs.Erik.1">
      <nite:pointer role="type"  href="ae-types.xml#id(ae_1)"/>
      <nite:child href="ES2007a.B.words.xml#id(ES2007a.B.words347)..id(ES2007a.B.words348)"/>
   </ae>
   <ae nite:id="ES2007a.B.argumentstructs.Erik.2">
      <nite:pointer role="type"  href="ae-types.xml#id(ae_1)"/>
      <nite:child href="ES2007a.B.words.xml#id(ES2007a.B.words349)..id(ES2007a.B.words350)"/>
   </ae>
   <ae nite:id="ES2007a.B.argumentstructs.Erik.3">
      <nite:pointer role="type"  href="ae-types.xml#id(ae_2)"/>
      <nite:child href="ES2007a.B.words.xml#id(ES2007a.B.words352)..id(ES2007a.B.words364)"/>
   </ae>
   <ae nite:id="ES2007a.B.argumentstructs.Erik.4">
      <nite:pointer role="type"  href="ae-types.xml#id(ae_1)"/>
      <nite:child href="ES2007a.B.words.xml#id(ES2007a.B.words365)..id(ES2007a.B.words390)"/>
   </ae>
</nite:root>