<?xml version="1.0" encoding="ISO-8859-1" standalone="yes"?>
<nite:root nite:id="ES2010b.A.argumentstructs" xmlns:nite="http://nite.sourceforge.net/">
   <ae nite:id="ES2010b.A.argumentstructs.Erik.2">
      <nite:pointer role="type"  href="ae-types.xml#id(ae_3)"/>
      <nite:child href="ES2010b.A.words.xml#id(ES2010b.A.words1146)..id(ES2010b.A.words1162)"/>
   </ae>
   <ae nite:id="ES2010b.A.argumentstructs.Erik.3">
      <nite:pointer role="type"  href="ae-types.xml#id(ae_1)"/>
      <nite:child href="ES2010b.A.words.xml#id(ES2010b.A.words1163)..id(ES2010b.A.words1164)"/>
   </ae>
   <ae nite:id="ES2010b.A.argumentstructs.Erik.4">
      <nite:pointer role="type"  href="ae-types.xml#id(ae_5)"/>
      <nite:child href="ES2010b.A.words.xml#id(ES2010b.A.words1167)..id(ES2010b.A.words1200)"/>
   </ae>
   <ae nite:id="ES2010b.A.argumentstructs.Erik.5">
      <nite:pointer role="type"  href="ae-types.xml#id(ae_5)"/>
      <nite:child href="ES2010b.A.words.xml#id(ES2010b.A.words1201)..id(ES2010b.A.words1203)"/>
   </ae>
   <ae nite:id="ES2010b.A.argumentstructs.Erik.6">
      <nite:pointer role="type"  href="ae-types.xml#id(ae_3)"/>
      <nite:child href="ES2010b.A.words.xml#id(ES2010b.A.words1225)..id(ES2010b.A.words1246)"/>
   </ae>
   <ae nite:id="ES2010b.A.argumentstructs.Erik.7">
      <nite:pointer role="type"  href="ae-types.xml#id(ae_1)"/>
      <nite:child href="ES2010b.A.words.xml#id(ES2010b.A.words1247)..id(ES2010b.A.words1248)"/>
   </ae>
   <ae nite:id="ES2010b.A.argumentstructs.Erik.8">
      <nite:pointer role="type"  href="ae-types.xml#id(ae_5)"/>
      <nite:child href="ES2010b.A.words.xml#id(ES2010b.A.words1253)..id(ES2010b.A.words1262)"/>
   </ae>
   <ae nite:id="ES2010b.A.argumentstructs.Erik.9">
      <nite:pointer role="type"  href="ae-types.xml#id(ae_1)"/>
      <nite:child href="ES2010b.A.words.xml#id(ES2010b.A.words1777)..id(ES2010b.A.words1820)"/>
   </ae>
   <ae nite:id="ES2010b.A.argumentstructs.Erik.10">
      <nite:pointer role="type"  href="ae-types.xml#id(ae_1)"/>
      <nite:child href="ES2010b.A.words.xml#id(ES2010b.A.words1821)..id(ES2010b.A.words1822)"/>
   </ae>
   <ae nite:id="ES2010b.A.argumentstructs.Erik.11">
      <nite:pointer role="type"  href="ae-types.xml#id(ae_1)"/>
      <nite:child href="ES2010b.A.words.xml#id(ES2010b.A.words1825)..id(ES2010b.A.words1860)"/>
   </ae>
   <ae nite:id="ES2010b.A.argumentstructs.Erik.12">
      <nite:pointer role="type"  href="ae-types.xml#id(ae_3)"/>
      <nite:child href="ES2010b.A.words.xml#id(ES2010b.A.words1861)..id(ES2010b.A.words1889)"/>
   </ae>
   <ae nite:id="ES2010b.A.argumentstructs.Erik.13">
      <nite:pointer role="type"  href="ae-types.xml#id(ae_5)"/>
      <nite:child href="ES2010b.A.words.xml#id(ES2010b.A.words1892)..id(ES2010b.A.words1932)"/>
   </ae>
   <ae nite:id="ES2010b.A.argumentstructs.Erik.14">
      <nite:pointer role="type"  href="ae-types.xml#id(ae_1)"/>
      <nite:child href="ES2010b.A.words.xml#id(ES2010b.A.words1933)..id(ES2010b.A.words1936)"/>
   </ae>
   <ae nite:id="ES2010b.A.argumentstructs.Erik.15">
      <nite:pointer role="type"  href="ae-types.xml#id(ae_1)"/>
      <nite:child href="ES2010b.A.words.xml#id(ES2010b.A.words1937)..id(ES2010b.A.words1939)"/>
   </ae>
   <ae nite:id="ES2010b.A.argumentstructs.Erik.16">
      <nite:pointer role="type"  href="ae-types.xml#id(ae_2)"/>
      <nite:child href="ES2010b.A.words.xml#id(ES2010b.A.words1940)..id(ES2010b.A.words1946)"/>
   </ae>
   <ae nite:id="ES2010b.A.argumentstructs.Erik.17">
      <nite:pointer role="type"  href="ae-types.xml#id(ae_5)"/>
      <nite:child href="ES2010b.A.words.xml#id(ES2010b.A.words1947)..id(ES2010b.A.words1956)"/>
   </ae>
   <ae nite:id="ES2010b.A.argumentstructs.Erik.18">
      <nite:pointer role="type"  href="ae-types.xml#id(ae_1)"/>
      <nite:child href="ES2010b.A.words.xml#id(ES2010b.A.words1957)..id(ES2010b.A.words1963)"/>
   </ae>
   <ae nite:id="ES2010b.A.argumentstructs.Erik.19">
      <nite:pointer role="type"  href="ae-types.xml#id(ae_1)"/>
      <nite:child href="ES2010b.A.words.xml#id(ES2010b.A.words1964)..id(ES2010b.A.words1965)"/>
   </ae>
   <ae nite:id="ES2010b.A.argumentstructs.20">
      <nite:pointer role="type"  href="ae-types.xml#id(ae_6)"/>
      <nite:child href="ES2010b.A.words.xml#id(ES2010b.A.words1100)..id(ES2010b.A.words1104)"/>
      <nite:child href="ES2010b.A.words.xml#id(ES2010b.A.words1106)..id(ES2010b.A.words1144)"/>
   </ae>
   <ae nite:id="ES2010b.A.argumentstructs.21">
      <nite:pointer role="type"  href="ae-types.xml#id(ae_6)"/>
      <nite:child href="ES2010b.A.words.xml#id(ES2010b.A.words1165)..id(ES2010b.A.words1166)"/>
   </ae>
   <ae nite:id="ES2010b.A.argumentstructs.22">
      <nite:pointer role="type"  href="ae-types.xml#id(ae_6)"/>
      <nite:child href="ES2010b.A.words.xml#id(ES2010b.A.words1205)..id(ES2010b.A.words1220)"/>
      <nite:child href="ES2010b.A.words.xml#id(ES2010b.A.words1222)..id(ES2010b.A.words1224)"/>
   </ae>
   <ae nite:id="ES2010b.A.argumentstructs.23">
      <nite:pointer role="type"  href="ae-types.xml#id(ae_6)"/>
      <nite:child href="ES2010b.A.words.xml#id(ES2010b.A.words1249)..id(ES2010b.A.words1252)"/>
   </ae>
   <ae nite:id="ES2010b.A.argumentstructs.24">
      <nite:pointer role="type"  href="ae-types.xml#id(ae_6)"/>
      <nite:child href="ES2010b.A.words.xml#id(ES2010b.A.words1890)..id(ES2010b.A.words1891)"/>
   </ae>
</nite:root>