<?xml version="1.0" encoding="ISO-8859-1" standalone="yes"?>
<nite:root nite:id="ES2007b.D.argumentstructs" xmlns:nite="http://nite.sourceforge.net/">
   <ae nite:id="ES2007b.D.argumentstructs.Erik.1">
      <nite:pointer role="type"  href="ae-types.xml#id(ae_1)"/>
      <nite:child href="ES2007b.D.words.xml#id(ES2007b.D.words114)..id(ES2007b.D.words157)"/>
   </ae>
   <ae nite:id="ES2007b.D.argumentstructs.Erik.2">
      <nite:pointer role="type"  href="ae-types.xml#id(ae_3)"/>
      <nite:child href="ES2007b.D.words.xml#id(ES2007b.D.words158)..id(ES2007b.D.words161)"/>
   </ae>
   <ae nite:id="ES2007b.D.argumentstructs.Erik.3">
      <nite:pointer role="type"  href="ae-types.xml#id(ae_1)"/>
      <nite:child href="ES2007b.D.words.xml#id(ES2007b.D.words168)..id(ES2007b.D.words170)"/>
   </ae>
   <ae nite:id="ES2007b.D.argumentstructs.Erik.4">
      <nite:pointer role="type"  href="ae-types.xml#id(ae_5)"/>
      <nite:child href="ES2007b.D.words.xml#id(ES2007b.D.words171)..id(ES2007b.D.words176)"/>
   </ae>
   <ae nite:id="ES2007b.D.argumentstructs.Erik.5">
      <nite:pointer role="type"  href="ae-types.xml#id(ae_1)"/>
      <nite:child href="ES2007b.D.words.xml#id(ES2007b.D.words182)..id(ES2007b.D.words186)"/>
   </ae>
   <ae nite:id="ES2007b.D.argumentstructs.Erik.6">
      <nite:pointer role="type"  href="ae-types.xml#id(ae_1)"/>
      <nite:child href="ES2007b.D.words.xml#id(ES2007b.D.words648)..id(ES2007b.D.words763)"/>
   </ae>
   <ae nite:id="ES2007b.D.argumentstructs.Erik.7">
      <nite:pointer role="type"  href="ae-types.xml#id(ae_1)"/>
      <nite:child href="ES2007b.D.words.xml#id(ES2007b.D.words764)..id(ES2007b.D.words797)"/>
   </ae>
   <ae nite:id="ES2007b.D.argumentstructs.Erik.8">
      <nite:pointer role="type"  href="ae-types.xml#id(ae_1)"/>
      <nite:child href="ES2007b.D.words.xml#id(ES2007b.D.words805)..id(ES2007b.D.words810)"/>
   </ae>
   <ae nite:id="ES2007b.D.argumentstructs.Erik.9">
      <nite:pointer role="type"  href="ae-types.xml#id(ae_1)"/>
      <nite:child href="ES2007b.D.words.xml#id(ES2007b.D.words813)..id(ES2007b.D.words820)"/>
   </ae>
   <ae nite:id="ES2007b.D.argumentstructs.Erik.10">
      <nite:pointer role="type"  href="ae-types.xml#id(ae_5)"/>
      <nite:child href="ES2007b.D.words.xml#id(ES2007b.D.words953)..id(ES2007b.D.words977)"/>
   </ae>
   <ae nite:id="ES2007b.D.argumentstructs.Erik.11">
      <nite:pointer role="type"  href="ae-types.xml#id(ae_1)"/>
      <nite:child href="ES2007b.D.words.xml#id(ES2007b.D.words978)..id(ES2007b.D.words998)"/>
   </ae>
   <ae nite:id="ES2007b.D.argumentstructs.Erik.12">
      <nite:pointer role="type"  href="ae-types.xml#id(ae_5)"/>
      <nite:child href="ES2007b.D.words.xml#id(ES2007b.D.words1001)..id(ES2007b.D.words1009)"/>
   </ae>
   <ae nite:id="ES2007b.D.argumentstructs.13">
      <nite:pointer role="type"  href="ae-types.xml#id(ae_6)"/>
      <nite:child href="ES2007b.D.words.xml#id(ES2007b.D.words163)..id(ES2007b.D.words167)"/>
   </ae>
   <ae nite:id="ES2007b.D.argumentstructs.14">
      <nite:pointer role="type"  href="ae-types.xml#id(ae_6)"/>
      <nite:child href="ES2007b.D.words.xml#id(ES2007b.D.words177)"/>
      <nite:child href="ES2007b.D.words.xml#id(ES2007b.D.words179)..id(ES2007b.D.words181)"/>
   </ae>
   <ae nite:id="ES2007b.D.argumentstructs.15">
      <nite:pointer role="type"  href="ae-types.xml#id(ae_6)"/>
      <nite:child href="ES2007b.D.words.xml#id(ES2007b.D.words799)..id(ES2007b.D.words801)"/>
      <nite:child href="ES2007b.D.words.xml#id(ES2007b.D.words803)"/>
   </ae>
   <ae nite:id="ES2007b.D.argumentstructs.16">
      <nite:pointer role="type"  href="ae-types.xml#id(ae_6)"/>
      <nite:child href="ES2007b.D.words.xml#id(ES2007b.D.words999)..id(ES2007b.D.words1000)"/>
   </ae>
   <ae nite:id="ES2007b.D.argumentstructs.17">
      <nite:pointer role="type"  href="ae-types.xml#id(ae_6)"/>
      <nite:child href="ES2007b.D.words.xml#id(ES2007b.D.words1010)..id(ES2007b.D.words1013)"/>
   </ae>
</nite:root>