<?xml version="1.0" encoding="ISO-8859-1" standalone="yes"?>
<nite:root nite:id="ES2013b.C.argumentstructs" xmlns:nite="http://nite.sourceforge.net/">
   <ae nite:id="ES2013b.C.argumentstructs.Rutger.1">
      <nite:pointer role="type"  href="ae-types.xml#id(ae_5)"/>
      <nite:child href="ES2013b.C.words.xml#id(ES2013b.C.words769)..id(ES2013b.C.words852)"/>
   </ae>
   <ae nite:id="ES2013b.C.argumentstructs.Rutger.2">
      <nite:pointer role="type"  href="ae-types.xml#id(ae_1)"/>
      <nite:child href="ES2013b.C.words.xml#id(ES2013b.C.words853)..id(ES2013b.C.words862)"/>
   </ae>
   <ae nite:id="ES2013b.C.argumentstructs.Rutger.3">
      <nite:pointer role="type"  href="ae-types.xml#id(ae_1)"/>
      <nite:child href="ES2013b.C.words.xml#id(ES2013b.C.words863)..id(ES2013b.C.words873)"/>
   </ae>
   <ae nite:id="ES2013b.C.argumentstructs.Rutger.4">
      <nite:pointer role="type"  href="ae-types.xml#id(ae_1)"/>
      <nite:child href="ES2013b.C.words.xml#id(ES2013b.C.words875)..id(ES2013b.C.words892)"/>
   </ae>
   <ae nite:id="ES2013b.C.argumentstructs.Rutger.5">
      <nite:pointer role="type"  href="ae-types.xml#id(ae_1)"/>
      <nite:child href="ES2013b.C.words.xml#id(ES2013b.C.words894)..id(ES2013b.C.words901)"/>
   </ae>
   <ae nite:id="ES2013b.C.argumentstructs.Rutger.6">
      <nite:pointer role="type"  href="ae-types.xml#id(ae_1)"/>
      <nite:child href="ES2013b.C.words.xml#id(ES2013b.C.words902)..id(ES2013b.C.words958)"/>
   </ae>
   <ae nite:id="ES2013b.C.argumentstructs.Rutger.7">
      <nite:pointer role="type"  href="ae-types.xml#id(ae_2)"/>
      <nite:child href="ES2013b.C.words.xml#id(ES2013b.C.words962)..id(ES2013b.C.words976)"/>
   </ae>
   <ae nite:id="ES2013b.C.argumentstructs.Rutger.8">
      <nite:pointer role="type"  href="ae-types.xml#id(ae_1)"/>
      <nite:child href="ES2013b.C.words.xml#id(ES2013b.C.words977)..id(ES2013b.C.words988)"/>
   </ae>
   <ae nite:id="ES2013b.C.argumentstructs.Rutger.9">
      <nite:pointer role="type"  href="ae-types.xml#id(ae_1)"/>
      <nite:child href="ES2013b.C.words.xml#id(ES2013b.C.words989)..id(ES2013b.C.words990)"/>
   </ae>
   <ae nite:id="ES2013b.C.argumentstructs.10">
      <nite:pointer role="type"  href="ae-types.xml#id(ae_6)"/>
      <nite:child href="ES2013b.C.words.xml#id(ES2013b.C.words959)..id(ES2013b.C.words961)"/>
   </ae>
</nite:root>