<?xml version="1.0" encoding="ISO-8859-1" standalone="yes"?>
<nite:root nite:id="ES2009d.B.argumentstructs" xmlns:nite="http://nite.sourceforge.net/">
   <ae nite:id="ES2009d.B.argumentstructs.Erik.1">
      <nite:pointer role="type"  href="ae-types.xml#id(ae_4)"/>
      <nite:child href="ES2009d.B.words.xml#id(ES2009d.B.words547)..id(ES2009d.B.words563)"/>
   </ae>
   <ae nite:id="ES2009d.B.argumentstructs.Erik.2">
      <nite:pointer role="type"  href="ae-types.xml#id(ae_1)"/>
      <nite:child href="ES2009d.B.words.xml#id(ES2009d.B.words564)..id(ES2009d.B.words567)"/>
   </ae>
   <ae nite:id="ES2009d.B.argumentstructs.Erik.3">
      <nite:pointer role="type"  href="ae-types.xml#id(ae_1)"/>
      <nite:child href="ES2009d.B.words.xml#id(ES2009d.B.words568)..id(ES2009d.B.words597)"/>
   </ae>
   <ae nite:id="ES2009d.B.argumentstructs.Erik.4">
      <nite:pointer role="type"  href="ae-types.xml#id(ae_1)"/>
      <nite:child href="ES2009d.B.words.xml#id(ES2009d.B.words598)..id(ES2009d.B.words685)"/>
   </ae>
   <ae nite:id="ES2009d.B.argumentstructs.Erik.5">
      <nite:pointer role="type"  href="ae-types.xml#id(ae_1)"/>
      <nite:child href="ES2009d.B.words.xml#id(ES2009d.B.words686)..id(ES2009d.B.words687)"/>
   </ae>
   <ae nite:id="ES2009d.B.argumentstructs.Erik.6">
      <nite:pointer role="type"  href="ae-types.xml#id(ae_3)"/>
      <nite:child href="ES2009d.B.words.xml#id(ES2009d.B.words792)..id(ES2009d.B.words798)"/>
   </ae>
   <ae nite:id="ES2009d.B.argumentstructs.Erik.7">
      <nite:pointer role="type"  href="ae-types.xml#id(ae_1)"/>
      <nite:child href="ES2009d.B.words.xml#id(ES2009d.B.words799)..id(ES2009d.B.words897)"/>
   </ae>
   <ae nite:id="ES2009d.B.argumentstructs.Erik.8">
      <nite:pointer role="type"  href="ae-types.xml#id(ae_1)"/>
      <nite:child href="ES2009d.B.words.xml#id(ES2009d.B.words898)..id(ES2009d.B.words899)"/>
   </ae>
   <ae nite:id="ES2009d.B.argumentstructs.Erik.9">
      <nite:pointer role="type"  href="ae-types.xml#id(ae_1)"/>
      <nite:child href="ES2009d.B.words.xml#id(ES2009d.B.words902)..id(ES2009d.B.words903)"/>
   </ae>
   <ae nite:id="ES2009d.B.argumentstructs.10">
      <nite:pointer role="type"  href="ae-types.xml#id(ae_6)"/>
      <nite:child href="ES2009d.B.words.xml#id(ES2009d.B.words900)..id(ES2009d.B.words901)"/>
   </ae>
</nite:root>