<?xml version="1.0" encoding="ISO-8859-1" standalone="yes"?>
<nite:root nite:id="ES2012a.C.argumentstructs" xmlns:nite="http://nite.sourceforge.net/">
   <ae nite:id="ES2012a.C.argumentstructs.Erik.1">
      <nite:pointer role="type"  href="ae-types.xml#id(ae_1)"/>
      <nite:child href="ES2012a.C.words.xml#id(ES2012a.C.words182)..id(ES2012a.C.words183)"/>
   </ae>
   <ae nite:id="ES2012a.C.argumentstructs.Erik.2">
      <nite:pointer role="type"  href="ae-types.xml#id(ae_1)"/>
      <nite:child href="ES2012a.C.words.xml#id(ES2012a.C.words184)..id(ES2012a.C.words228)"/>
   </ae>
   <ae nite:id="ES2012a.C.argumentstructs.Erik.3">
      <nite:pointer role="type"  href="ae-types.xml#id(ae_1)"/>
      <nite:child href="ES2012a.C.words.xml#id(ES2012a.C.words229)..id(ES2012a.C.words230)"/>
   </ae>
   <ae nite:id="ES2012a.C.argumentstructs.Erik.4">
      <nite:pointer role="type"  href="ae-types.xml#id(ae_1)"/>
      <nite:child href="ES2012a.C.words.xml#id(ES2012a.C.words235)..id(ES2012a.C.words259)"/>
   </ae>
   <ae nite:id="ES2012a.C.argumentstructs.Erik.5">
      <nite:pointer role="type"  href="ae-types.xml#id(ae_1)"/>
      <nite:child href="ES2012a.C.words.xml#id(ES2012a.C.words261)..id(ES2012a.C.words263)"/>
   </ae>
   <ae nite:id="ES2012a.C.argumentstructs.Erik.6">
      <nite:pointer role="type"  href="ae-types.xml#id(ae_5)"/>
      <nite:child href="ES2012a.C.words.xml#id(ES2012a.C.words264)..id(ES2012a.C.words270)"/>
   </ae>
   <ae nite:id="ES2012a.C.argumentstructs.Erik.7">
      <nite:pointer role="type"  href="ae-types.xml#id(ae_1)"/>
      <nite:child href="ES2012a.C.words.xml#id(ES2012a.C.words271)..id(ES2012a.C.words272)"/>
   </ae>
   <ae nite:id="ES2012a.C.argumentstructs.8">
      <nite:pointer role="type"  href="ae-types.xml#id(ae_6)"/>
      <nite:child href="ES2012a.C.words.xml#id(ES2012a.C.words231)..id(ES2012a.C.words234)"/>
   </ae>
</nite:root>