<?xml version="1.0" encoding="ISO-8859-1" standalone="yes"?>
<nite:root nite:id="ES2016d.A.argumentstructs" xmlns:nite="http://nite.sourceforge.net/">
   <ae nite:id="ES2016d.A.argumentstructs.Rutger.1">
      <nite:pointer role="type"  href="ae-types.xml#id(ae_1)"/>
      <nite:child href="ES2016d.A.words.xml#id(ES2016d.A.words429)..id(ES2016d.A.words466)"/>
   </ae>
   <ae nite:id="ES2016d.A.argumentstructs.Rutger.2">
      <nite:pointer role="type"  href="ae-types.xml#id(ae_1)"/>
      <nite:child href="ES2016d.A.words.xml#id(ES2016d.A.words467)..id(ES2016d.A.words473)"/>
   </ae>
   <ae nite:id="ES2016d.A.argumentstructs.Rutger.3">
      <nite:pointer role="type"  href="ae-types.xml#id(ae_1)"/>
      <nite:child href="ES2016d.A.words.xml#id(ES2016d.A.words474)..id(ES2016d.A.words478)"/>
   </ae>
   <ae nite:id="ES2016d.A.argumentstructs.Rutger.4">
      <nite:pointer role="type"  href="ae-types.xml#id(ae_1)"/>
      <nite:child href="ES2016d.A.words.xml#id(ES2016d.A.words481)..id(ES2016d.A.words483)"/>
   </ae>
   <ae nite:id="ES2016d.A.argumentstructs.Rutger.5">
      <nite:pointer role="type"  href="ae-types.xml#id(ae_1)"/>
      <nite:child href="ES2016d.A.words.xml#id(ES2016d.A.words485)..id(ES2016d.A.words502)"/>
   </ae>
   <ae nite:id="ES2016d.A.argumentstructs.Rutger.6">
      <nite:pointer role="type"  href="ae-types.xml#id(ae_1)"/>
      <nite:child href="ES2016d.A.words.xml#id(ES2016d.A.words503)..id(ES2016d.A.words504)"/>
   </ae>
   <ae nite:id="ES2016d.A.argumentstructs.Rutger.7">
      <nite:pointer role="type"  href="ae-types.xml#id(ae_1)"/>
      <nite:child href="ES2016d.A.words.xml#id(ES2016d.A.words508)..id(ES2016d.A.words510)"/>
   </ae>
   <ae nite:id="ES2016d.A.argumentstructs.Rutger.10">
      <nite:pointer role="type"  href="ae-types.xml#id(ae_1)"/>
      <nite:child href="ES2016d.A.words.xml#id(ES2016d.A.words511)..id(ES2016d.A.words515)"/>
   </ae>
   <ae nite:id="ES2016d.A.argumentstructs.Rutger.11">
      <nite:pointer role="type"  href="ae-types.xml#id(ae_1)"/>
      <nite:child href="ES2016d.A.words.xml#id(ES2016d.A.words535)..id(ES2016d.A.words546)"/>
   </ae>
   <ae nite:id="ES2016d.A.argumentstructs.Rutger.12">
      <nite:pointer role="type"  href="ae-types.xml#id(ae_1)"/>
      <nite:child href="ES2016d.A.words.xml#id(ES2016d.A.words547)..id(ES2016d.A.words553)"/>
   </ae>
   <ae nite:id="ES2016d.A.argumentstructs.Rutger.13">
      <nite:pointer role="type"  href="ae-types.xml#id(ae_1)"/>
      <nite:child href="ES2016d.A.words.xml#id(ES2016d.A.words556)..id(ES2016d.A.words557)"/>
   </ae>
   <ae nite:id="ES2016d.A.argumentstructs.Rutger.14">
      <nite:pointer role="type"  href="ae-types.xml#id(ae_1)"/>
      <nite:child href="ES2016d.A.words.xml#id(ES2016d.A.words558)..id(ES2016d.A.words584)"/>
   </ae>
   <ae nite:id="ES2016d.A.argumentstructs.Rutger.15">
      <nite:pointer role="type"  href="ae-types.xml#id(ae_1)"/>
      <nite:child href="ES2016d.A.words.xml#id(ES2016d.A.words585)..id(ES2016d.A.words609)"/>
   </ae>
   <ae nite:id="ES2016d.A.argumentstructs.Rutger.16">
      <nite:pointer role="type"  href="ae-types.xml#id(ae_1)"/>
      <nite:child href="ES2016d.A.words.xml#id(ES2016d.A.words610)..id(ES2016d.A.words613)"/>
   </ae>
   <ae nite:id="ES2016d.A.argumentstructs.Rutger.17">
      <nite:pointer role="type"  href="ae-types.xml#id(ae_1)"/>
      <nite:child href="ES2016d.A.words.xml#id(ES2016d.A.words623)..id(ES2016d.A.words628)"/>
   </ae>
   <ae nite:id="ES2016d.A.argumentstructs.Rutger.18">
      <nite:pointer role="type"  href="ae-types.xml#id(ae_1)"/>
      <nite:child href="ES2016d.A.words.xml#id(ES2016d.A.words629)..id(ES2016d.A.words643)"/>
   </ae>
   <ae nite:id="ES2016d.A.argumentstructs.Rutger.19">
      <nite:pointer role="type"  href="ae-types.xml#id(ae_1)"/>
      <nite:child href="ES2016d.A.words.xml#id(ES2016d.A.words645)..id(ES2016d.A.words650)"/>
   </ae>
   <ae nite:id="ES2016d.A.argumentstructs.Rutger.20">
      <nite:pointer role="type"  href="ae-types.xml#id(ae_1)"/>
      <nite:child href="ES2016d.A.words.xml#id(ES2016d.A.words651)..id(ES2016d.A.words661)"/>
   </ae>
   <ae nite:id="ES2016d.A.argumentstructs.Rutger.21">
      <nite:pointer role="type"  href="ae-types.xml#id(ae_1)"/>
      <nite:child href="ES2016d.A.words.xml#id(ES2016d.A.words663)"/>
   </ae>
   <ae nite:id="ES2016d.A.argumentstructs.Rutger.22">
      <nite:pointer role="type"  href="ae-types.xml#id(ae_1)"/>
      <nite:child href="ES2016d.A.words.xml#id(ES2016d.A.words665)..id(ES2016d.A.words666)"/>
   </ae>
   <ae nite:id="ES2016d.A.argumentstructs.Rutger.23">
      <nite:pointer role="type"  href="ae-types.xml#id(ae_1)"/>
      <nite:child href="ES2016d.A.words.xml#id(ES2016d.A.words667)..id(ES2016d.A.words697)"/>
   </ae>
   <ae nite:id="ES2016d.A.argumentstructs.Rutger.24">
      <nite:pointer role="type"  href="ae-types.xml#id(ae_1)"/>
      <nite:child href="ES2016d.A.words.xml#id(ES2016d.A.words698)..id(ES2016d.A.words713)"/>
   </ae>
   <ae nite:id="ES2016d.A.argumentstructs.Rutger.25">
      <nite:pointer role="type"  href="ae-types.xml#id(ae_1)"/>
      <nite:child href="ES2016d.A.words.xml#id(ES2016d.A.words714)..id(ES2016d.A.words725)"/>
   </ae>
   <ae nite:id="ES2016d.A.argumentstructs.Rutger.26">
      <nite:pointer role="type"  href="ae-types.xml#id(ae_2)"/>
      <nite:child href="ES2016d.A.words.xml#id(ES2016d.A.words726)..id(ES2016d.A.words734)"/>
   </ae>
   <ae nite:id="ES2016d.A.argumentstructs.Rutger.27">
      <nite:pointer role="type"  href="ae-types.xml#id(ae_1)"/>
      <nite:child href="ES2016d.A.words.xml#id(ES2016d.A.words736)..id(ES2016d.A.words742)"/>
   </ae>
   <ae nite:id="ES2016d.A.argumentstructs.Rutger.28">
      <nite:pointer role="type"  href="ae-types.xml#id(ae_1)"/>
      <nite:child href="ES2016d.A.words.xml#id(ES2016d.A.words743)..id(ES2016d.A.words744)"/>
   </ae>
   <ae nite:id="ES2016d.A.argumentstructs.Rutger.29">
      <nite:pointer role="type"  href="ae-types.xml#id(ae_1)"/>
      <nite:child href="ES2016d.A.words.xml#id(ES2016d.A.words745)..id(ES2016d.A.words772)"/>
   </ae>
   <ae nite:id="ES2016d.A.argumentstructs.Rutger.30">
      <nite:pointer role="type"  href="ae-types.xml#id(ae_1)"/>
      <nite:child href="ES2016d.A.words.xml#id(ES2016d.A.words773)..id(ES2016d.A.words778)"/>
   </ae>
   <ae nite:id="ES2016d.A.argumentstructs.31">
      <nite:pointer role="type"  href="ae-types.xml#id(ae_6)"/>
      <nite:child href="ES2016d.A.words.xml#id(ES2016d.A.words479)..id(ES2016d.A.words480)"/>
   </ae>
   <ae nite:id="ES2016d.A.argumentstructs.32">
      <nite:pointer role="type"  href="ae-types.xml#id(ae_6)"/>
      <nite:child href="ES2016d.A.words.xml#id(ES2016d.A.words505)..id(ES2016d.A.words507)"/>
   </ae>
   <ae nite:id="ES2016d.A.argumentstructs.33">
      <nite:pointer role="type"  href="ae-types.xml#id(ae_6)"/>
      <nite:child href="ES2016d.A.words.xml#id(ES2016d.A.words554)"/>
   </ae>
   <ae nite:id="ES2016d.A.argumentstructs.34">
      <nite:pointer role="type"  href="ae-types.xml#id(ae_6)"/>
      <nite:child href="ES2016d.A.words.xml#id(ES2016d.A.words614)..id(ES2016d.A.words622)"/>
   </ae>
   <ae nite:id="ES2016d.A.argumentstructs.35">
      <nite:pointer role="type"  href="ae-types.xml#id(ae_6)"/>
      <nite:child href="ES2016d.A.words.xml#id(ES2016d.A.words664)"/>
   </ae>
   <ae nite:id="ES2016d.A.argumentstructs.36">
      <nite:pointer role="type"  href="ae-types.xml#id(ae_6)"/>
      <nite:child href="ES2016d.A.words.xml#id(ES2016d.A.words735)"/>
   </ae>
   <ae nite:id="ES2016d.A.argumentstructs.37">
      <nite:pointer role="type"  href="ae-types.xml#id(ae_6)"/>
      <nite:child href="ES2016d.A.words.xml#id(ES2016d.A.words779)..id(ES2016d.A.words783)"/>
      <nite:child href="ES2016d.A.words.xml#id(ES2016d.A.words785)..id(ES2016d.A.words796)"/>
      <nite:child href="ES2016d.A.words.xml#id(ES2016d.A.words798)..id(ES2016d.A.words800)"/>
   </ae>
</nite:root>