<?xml version="1.0" encoding="ISO-8859-1" standalone="yes"?>
<nite:root nite:id="ES2003a.B.argumentstructs" xmlns:nite="http://nite.sourceforge.net/">
   <ae nite:id="ES2003a.B.argumentstructs.Erik.1">
      <nite:pointer role="type"  href="ae-types.xml#id(ae_3)"/>
      <nite:child href="ES2003a.B.words.xml#id(ES2003a.B.words671)..id(ES2003a.B.words686)"/>
   </ae>
   <ae nite:id="ES2003a.B.argumentstructs.Erik.2">
      <nite:pointer role="type"  href="ae-types.xml#id(ae_1)"/>
      <nite:child href="ES2003a.B.words.xml#id(ES2003a.B.words687)..id(ES2003a.B.words688)"/>
   </ae>
   <ae nite:id="ES2003a.B.argumentstructs.Erik.3">
      <nite:pointer role="type"  href="ae-types.xml#id(ae_1)"/>
      <nite:child href="ES2003a.B.words.xml#id(ES2003a.B.words689)..id(ES2003a.B.words719)"/>
   </ae>
   <ae nite:id="ES2003a.B.argumentstructs.Erik.4">
      <nite:pointer role="type"  href="ae-types.xml#id(ae_5)"/>
      <nite:child href="ES2003a.B.words.xml#id(ES2003a.B.words720)..id(ES2003a.B.words735)"/>
   </ae>
   <ae nite:id="ES2003a.B.argumentstructs.Erik.5">
      <nite:pointer role="type"  href="ae-types.xml#id(ae_5)"/>
      <nite:child href="ES2003a.B.words.xml#id(ES2003a.B.words736)..id(ES2003a.B.words776)"/>
   </ae>
   <ae nite:id="ES2003a.B.argumentstructs.Erik.6">
      <nite:pointer role="type"  href="ae-types.xml#id(ae_1)"/>
      <nite:child href="ES2003a.B.words.xml#id(ES2003a.B.words777)..id(ES2003a.B.words787)"/>
   </ae>
   <ae nite:id="ES2003a.B.argumentstructs.Erik.7">
      <nite:pointer role="type"  href="ae-types.xml#id(ae_3)"/>
      <nite:child href="ES2003a.B.words.xml#id(ES2003a.B.words791)..id(ES2003a.B.words795)"/>
   </ae>
   <ae nite:id="ES2003a.B.argumentstructs.Erik.9">
      <nite:pointer role="type"  href="ae-types.xml#id(ae_1)"/>
      <nite:child href="ES2003a.B.words.xml#id(ES2003a.B.words798)..id(ES2003a.B.words799)"/>
   </ae>
   <ae nite:id="ES2003a.B.argumentstructs.Erik.10">
      <nite:pointer role="type"  href="ae-types.xml#id(ae_1)"/>
      <nite:child href="ES2003a.B.words.xml#id(ES2003a.B.words800)..id(ES2003a.B.words812)"/>
   </ae>
   <ae nite:id="ES2003a.B.argumentstructs.Erik.11">
      <nite:pointer role="type"  href="ae-types.xml#id(ae_3)"/>
      <nite:child href="ES2003a.B.words.xml#id(ES2003a.B.words936)..id(ES2003a.B.words969)"/>
   </ae>
   <ae nite:id="ES2003a.B.argumentstructs.Erik.12">
      <nite:pointer role="type"  href="ae-types.xml#id(ae_1)"/>
      <nite:child href="ES2003a.B.words.xml#id(ES2003a.B.words970)..id(ES2003a.B.words1025)"/>
   </ae>
   <ae nite:id="ES2003a.B.argumentstructs.Erik.13">
      <nite:pointer role="type"  href="ae-types.xml#id(ae_1)"/>
      <nite:child href="ES2003a.B.words.xml#id(ES2003a.B.words1027)..id(ES2003a.B.words1041)"/>
   </ae>
   <ae nite:id="ES2003a.B.argumentstructs.Erik.14">
      <nite:pointer role="type"  href="ae-types.xml#id(ae_1)"/>
      <nite:child href="ES2003a.B.words.xml#id(ES2003a.B.words1042)..id(ES2003a.B.words1043)"/>
   </ae>
   <ae nite:id="ES2003a.B.argumentstructs.Erik.15">
      <nite:pointer role="type"  href="ae-types.xml#id(ae_1)"/>
      <nite:child href="ES2003a.B.words.xml#id(ES2003a.B.words1044)..id(ES2003a.B.words1057)"/>
   </ae>
   <ae nite:id="ES2003a.B.argumentstructs.Erik.16">
      <nite:pointer role="type"  href="ae-types.xml#id(ae_1)"/>
      <nite:child href="ES2003a.B.words.xml#id(ES2003a.B.words1058)..id(ES2003a.B.words1072)"/>
   </ae>
   <ae nite:id="ES2003a.B.argumentstructs.Erik.17">
      <nite:pointer role="type"  href="ae-types.xml#id(ae_1)"/>
      <nite:child href="ES2003a.B.words.xml#id(ES2003a.B.words1073)..id(ES2003a.B.words1085)"/>
   </ae>
   <ae nite:id="ES2003a.B.argumentstructs.18">
      <nite:pointer role="type"  href="ae-types.xml#id(ae_6)"/>
      <nite:child href="ES2003a.B.words.xml#id(ES2003a.B.words788)"/>
   </ae>
   <ae nite:id="ES2003a.B.argumentstructs.19">
      <nite:pointer role="type"  href="ae-types.xml#id(ae_6)"/>
      <nite:child href="ES2003a.B.words.xml#id(ES2003a.B.words796)..id(ES2003a.B.words797)"/>
   </ae>
   <ae nite:id="ES2003a.B.argumentstructs.20">
      <nite:pointer role="type"  href="ae-types.xml#id(ae_6)"/>
      <nite:child href="ES2003a.B.words.xml#id(ES2003a.B.words1026)"/>
   </ae>
</nite:root>