<?xml version="1.0" encoding="ISO-8859-1" standalone="yes"?>
<nite:root nite:id="ES2008d.B.argumentstructs" xmlns:nite="http://nite.sourceforge.net/">
   <ae nite:id="ES2008d.B.argumentstructs.Erik.1">
      <nite:pointer role="type"  href="ae-types.xml#id(ae_1)"/>
      <nite:child href="ES2008d.B.words.xml#id(ES2008d.B.words743)..id(ES2008d.B.words775)"/>
   </ae>
   <ae nite:id="ES2008d.B.argumentstructs.Erik.2">
      <nite:pointer role="type"  href="ae-types.xml#id(ae_1)"/>
      <nite:child href="ES2008d.B.words.xml#id(ES2008d.B.words776)..id(ES2008d.B.words778)"/>
   </ae>
   <ae nite:id="ES2008d.B.argumentstructs.Erik.3">
      <nite:pointer role="type"  href="ae-types.xml#id(ae_1)"/>
      <nite:child href="ES2008d.B.words.xml#id(ES2008d.B.words798)..id(ES2008d.B.words811)"/>
   </ae>
   <ae nite:id="ES2008d.B.argumentstructs.Erik.4">
      <nite:pointer role="type"  href="ae-types.xml#id(ae_1)"/>
      <nite:child href="ES2008d.B.words.xml#id(ES2008d.B.words872)..id(ES2008d.B.words878)"/>
   </ae>
   <ae nite:id="ES2008d.B.argumentstructs.Erik.5">
      <nite:pointer role="type"  href="ae-types.xml#id(ae_3)"/>
      <nite:child href="ES2008d.B.words.xml#id(ES2008d.B.words879)..id(ES2008d.B.words887)"/>
   </ae>
   <ae nite:id="ES2008d.B.argumentstructs.Erik.6">
      <nite:pointer role="type"  href="ae-types.xml#id(ae_1)"/>
      <nite:child href="ES2008d.B.words.xml#id(ES2008d.B.words888)..id(ES2008d.B.words896)"/>
   </ae>
   <ae nite:id="ES2008d.B.argumentstructs.Erik.7">
      <nite:pointer role="type"  href="ae-types.xml#id(ae_1)"/>
      <nite:child href="ES2008d.B.words.xml#id(ES2008d.B.words905)..id(ES2008d.B.words921)"/>
   </ae>
   <ae nite:id="ES2008d.B.argumentstructs.Erik.8">
      <nite:pointer role="type"  href="ae-types.xml#id(ae_5)"/>
      <nite:child href="ES2008d.B.words.xml#id(ES2008d.B.words961)..id(ES2008d.B.words974)"/>
   </ae>
   <ae nite:id="ES2008d.B.argumentstructs.Erik.9">
      <nite:pointer role="type"  href="ae-types.xml#id(ae_2)"/>
      <nite:child href="ES2008d.B.words.xml#id(ES2008d.B.words975)..id(ES2008d.B.words981)"/>
   </ae>
   <ae nite:id="ES2008d.B.argumentstructs.Erik.10">
      <nite:pointer role="type"  href="ae-types.xml#id(ae_1)"/>
      <nite:child href="ES2008d.B.words.xml#id(ES2008d.B.words982)..id(ES2008d.B.words983)"/>
   </ae>
   <ae nite:id="ES2008d.B.argumentstructs.Erik.11">
      <nite:pointer role="type"  href="ae-types.xml#id(ae_1)"/>
      <nite:child href="ES2008d.B.words.xml#id(ES2008d.B.words990)..id(ES2008d.B.words991)"/>
   </ae>
   <ae nite:id="ES2008d.B.argumentstructs.Erik.12">
      <nite:pointer role="type"  href="ae-types.xml#id(ae_1)"/>
      <nite:child href="ES2008d.B.words.xml#id(ES2008d.B.words992)..id(ES2008d.B.words1007)"/>
   </ae>
   <ae nite:id="ES2008d.B.argumentstructs.Erik.13">
      <nite:pointer role="type"  href="ae-types.xml#id(ae_1)"/>
      <nite:child href="ES2008d.B.words.xml#id(ES2008d.B.words1015)..id(ES2008d.B.words1025)"/>
   </ae>
   <ae nite:id="ES2008d.B.argumentstructs.14">
      <nite:pointer role="type"  href="ae-types.xml#id(ae_6)"/>
      <nite:child href="ES2008d.B.words.xml#id(ES2008d.B.words741)..id(ES2008d.B.words742)"/>
   </ae>
   <ae nite:id="ES2008d.B.argumentstructs.15">
      <nite:pointer role="type"  href="ae-types.xml#id(ae_6)"/>
      <nite:child href="ES2008d.B.words.xml#id(ES2008d.B.words780)"/>
      <nite:child href="ES2008d.B.words.xml#id(ES2008d.B.words782)..id(ES2008d.B.words797)"/>
   </ae>
   <ae nite:id="ES2008d.B.argumentstructs.16">
      <nite:pointer role="type"  href="ae-types.xml#id(ae_6)"/>
      <nite:child href="ES2008d.B.words.xml#id(ES2008d.B.words897)..id(ES2008d.B.words904)"/>
   </ae>
   <ae nite:id="ES2008d.B.argumentstructs.17">
      <nite:pointer role="type"  href="ae-types.xml#id(ae_6)"/>
      <nite:child href="ES2008d.B.words.xml#id(ES2008d.B.words984)..id(ES2008d.B.words988)"/>
   </ae>
   <ae nite:id="ES2008d.B.argumentstructs.18">
      <nite:pointer role="type"  href="ae-types.xml#id(ae_6)"/>
      <nite:child href="ES2008d.B.words.xml#id(ES2008d.B.words1008)..id(ES2008d.B.words1012)"/>
   </ae>
</nite:root>