<?xml version="1.0" encoding="ISO-8859-1" standalone="yes"?>
<nite:root nite:id="ES2006c.B.argumentstructs" xmlns:nite="http://nite.sourceforge.net/">
   <ae nite:id="ES2006c.B.argumentstructs.Erik.1">
      <nite:pointer role="type"  href="ae-types.xml#id(ae_1)"/>
      <nite:child href="ES2006c.B.words.xml#id(ES2006c.B.words115)..id(ES2006c.B.words121)"/>
   </ae>
   <ae nite:id="ES2006c.B.argumentstructs.Erik.2">
      <nite:pointer role="type"  href="ae-types.xml#id(ae_1)"/>
      <nite:child href="ES2006c.B.words.xml#id(ES2006c.B.words122)..id(ES2006c.B.words169)"/>
   </ae>
   <ae nite:id="ES2006c.B.argumentstructs.Erik.3">
      <nite:pointer role="type"  href="ae-types.xml#id(ae_1)"/>
      <nite:child href="ES2006c.B.words.xml#id(ES2006c.B.words170)..id(ES2006c.B.words189)"/>
   </ae>
   <ae nite:id="ES2006c.B.argumentstructs.Erik.4">
      <nite:pointer role="type"  href="ae-types.xml#id(ae_1)"/>
      <nite:child href="ES2006c.B.words.xml#id(ES2006c.B.words190)..id(ES2006c.B.words266)"/>
   </ae>
   <ae nite:id="ES2006c.B.argumentstructs.Erik.5">
      <nite:pointer role="type"  href="ae-types.xml#id(ae_1)"/>
      <nite:child href="ES2006c.B.words.xml#id(ES2006c.B.words451)..id(ES2006c.B.words551)"/>
   </ae>
   <ae nite:id="ES2006c.B.argumentstructs.Erik.6">
      <nite:pointer role="type"  href="ae-types.xml#id(ae_1)"/>
      <nite:child href="ES2006c.B.words.xml#id(ES2006c.B.words552)..id(ES2006c.B.words564)"/>
   </ae>
   <ae nite:id="ES2006c.B.argumentstructs.Erik.7">
      <nite:pointer role="type"  href="ae-types.xml#id(ae_1)"/>
      <nite:child href="ES2006c.B.words.xml#id(ES2006c.B.words568)..id(ES2006c.B.words569)"/>
   </ae>
   <ae nite:id="ES2006c.B.argumentstructs.Erik.8">
      <nite:pointer role="type"  href="ae-types.xml#id(ae_1)"/>
      <nite:child href="ES2006c.B.words.xml#id(ES2006c.B.words570)..id(ES2006c.B.words611)"/>
   </ae>
   <ae nite:id="ES2006c.B.argumentstructs.Erik.9">
      <nite:pointer role="type"  href="ae-types.xml#id(ae_1)"/>
      <nite:child href="ES2006c.B.words.xml#id(ES2006c.B.words612)..id(ES2006c.B.words613)"/>
   </ae>
   <ae nite:id="ES2006c.B.argumentstructs.Erik.10">
      <nite:pointer role="type"  href="ae-types.xml#id(ae_1)"/>
      <nite:child href="ES2006c.B.words.xml#id(ES2006c.B.words1190)..id(ES2006c.B.words1198)"/>
   </ae>
   <ae nite:id="ES2006c.B.argumentstructs.Erik.11">
      <nite:pointer role="type"  href="ae-types.xml#id(ae_1)"/>
      <nite:child href="ES2006c.B.words.xml#id(ES2006c.B.words1199)..id(ES2006c.B.words1234)"/>
   </ae>
   <ae nite:id="ES2006c.B.argumentstructs.Erik.12">
      <nite:pointer role="type"  href="ae-types.xml#id(ae_1)"/>
      <nite:child href="ES2006c.B.words.xml#id(ES2006c.B.words1235)..id(ES2006c.B.words1240)"/>
   </ae>
   <ae nite:id="ES2006c.B.argumentstructs.Erik.13">
      <nite:pointer role="type"  href="ae-types.xml#id(ae_1)"/>
      <nite:child href="ES2006c.B.words.xml#id(ES2006c.B.words1241)..id(ES2006c.B.words1256)"/>
   </ae>
   <ae nite:id="ES2006c.B.argumentstructs.Erik.14">
      <nite:pointer role="type"  href="ae-types.xml#id(ae_5)"/>
      <nite:child href="ES2006c.B.words.xml#id(ES2006c.B.words1257)..id(ES2006c.B.words1266)"/>
   </ae>
   <ae nite:id="ES2006c.B.argumentstructs.Erik.16">
      <nite:pointer role="type"  href="ae-types.xml#id(ae_1)"/>
      <nite:child href="ES2006c.B.words.xml#id(ES2006c.B.words1267)..id(ES2006c.B.words1271)"/>
   </ae>
   <ae nite:id="ES2006c.B.argumentstructs.Erik.17">
      <nite:pointer role="type"  href="ae-types.xml#id(ae_1)"/>
      <nite:child href="ES2006c.B.words.xml#id(ES2006c.B.words1274)..id(ES2006c.B.words1275)"/>
   </ae>
   <ae nite:id="ES2006c.B.argumentstructs.Erik.18">
      <nite:pointer role="type"  href="ae-types.xml#id(ae_1)"/>
      <nite:child href="ES2006c.B.words.xml#id(ES2006c.B.words1276)..id(ES2006c.B.words1316)"/>
   </ae>
   <ae nite:id="ES2006c.B.argumentstructs.Erik.19">
      <nite:pointer role="type"  href="ae-types.xml#id(ae_1)"/>
      <nite:child href="ES2006c.B.words.xml#id(ES2006c.B.words1317)..id(ES2006c.B.words1318)"/>
   </ae>
   <ae nite:id="ES2006c.B.argumentstructs.Erik.20">
      <nite:pointer role="type"  href="ae-types.xml#id(ae_1)"/>
      <nite:child href="ES2006c.B.words.xml#id(ES2006c.B.words1321)..id(ES2006c.B.words1330)"/>
   </ae>
   <ae nite:id="ES2006c.B.argumentstructs.Erik.21">
      <nite:pointer role="type"  href="ae-types.xml#id(ae_1)"/>
      <nite:child href="ES2006c.B.words.xml#id(ES2006c.B.words1331)..id(ES2006c.B.words1439)"/>
   </ae>
   <ae nite:id="ES2006c.B.argumentstructs.22">
      <nite:pointer role="type"  href="ae-types.xml#id(ae_6)"/>
      <nite:child href="ES2006c.B.words.xml#id(ES2006c.B.words110)..id(ES2006c.B.words113)"/>
   </ae>
   <ae nite:id="ES2006c.B.argumentstructs.23">
      <nite:pointer role="type"  href="ae-types.xml#id(ae_6)"/>
      <nite:child href="ES2006c.B.words.xml#id(ES2006c.B.words444)..id(ES2006c.B.words449)"/>
   </ae>
   <ae nite:id="ES2006c.B.argumentstructs.24">
      <nite:pointer role="type"  href="ae-types.xml#id(ae_6)"/>
      <nite:child href="ES2006c.B.words.xml#id(ES2006c.B.words565)..id(ES2006c.B.words567)"/>
   </ae>
   <ae nite:id="ES2006c.B.argumentstructs.25">
      <nite:pointer role="type"  href="ae-types.xml#id(ae_6)"/>
      <nite:child href="ES2006c.B.words.xml#id(ES2006c.B.words1319)..id(ES2006c.B.words1320)"/>
   </ae>
</nite:root>