<?xml version="1.0" encoding="ISO-8859-1" standalone="yes"?>
<nite:root nite:id="ES2006b.B.argumentstructs" xmlns:nite="http://nite.sourceforge.net/">
   <ae nite:id="ES2006b.B.argumentstructs.Erik.1">
      <nite:pointer role="type"  href="ae-types.xml#id(ae_1)"/>
      <nite:child href="ES2006b.B.words.xml#id(ES2006b.B.words1312)..id(ES2006b.B.words1359)"/>
   </ae>
   <ae nite:id="ES2006b.B.argumentstructs.Erik.2">
      <nite:pointer role="type"  href="ae-types.xml#id(ae_5)"/>
      <nite:child href="ES2006b.B.words.xml#id(ES2006b.B.words1360)..id(ES2006b.B.words1375)"/>
   </ae>
   <ae nite:id="ES2006b.B.argumentstructs.Erik.3">
      <nite:pointer role="type"  href="ae-types.xml#id(ae_1)"/>
      <nite:child href="ES2006b.B.words.xml#id(ES2006b.B.words1377)..id(ES2006b.B.words1378)"/>
   </ae>
   <ae nite:id="ES2006b.B.argumentstructs.Erik.5">
      <nite:pointer role="type"  href="ae-types.xml#id(ae_1)"/>
      <nite:child href="ES2006b.B.words.xml#id(ES2006b.B.words1393)..id(ES2006b.B.words1398)"/>
   </ae>
   <ae nite:id="ES2006b.B.argumentstructs.Erik.6">
      <nite:pointer role="type"  href="ae-types.xml#id(ae_1)"/>
      <nite:child href="ES2006b.B.words.xml#id(ES2006b.B.words1399)..id(ES2006b.B.words1400)"/>
   </ae>
   <ae nite:id="ES2006b.B.argumentstructs.Erik.7">
      <nite:pointer role="type"  href="ae-types.xml#id(ae_1)"/>
      <nite:child href="ES2006b.B.words.xml#id(ES2006b.B.words1479)..id(ES2006b.B.words1525)"/>
   </ae>
   <ae nite:id="ES2006b.B.argumentstructs.Erik.8">
      <nite:pointer role="type"  href="ae-types.xml#id(ae_1)"/>
      <nite:child href="ES2006b.B.words.xml#id(ES2006b.B.words1526)..id(ES2006b.B.words1543)"/>
   </ae>
   <ae nite:id="ES2006b.B.argumentstructs.Erik.9">
      <nite:pointer role="type"  href="ae-types.xml#id(ae_1)"/>
      <nite:child href="ES2006b.B.words.xml#id(ES2006b.B.words1677)..id(ES2006b.B.words1710)"/>
   </ae>
   <ae nite:id="ES2006b.B.argumentstructs.Erik.10">
      <nite:pointer role="type"  href="ae-types.xml#id(ae_1)"/>
      <nite:child href="ES2006b.B.words.xml#id(ES2006b.B.words1711)..id(ES2006b.B.words1714)"/>
   </ae>
   <ae nite:id="ES2006b.B.argumentstructs.Erik.11">
      <nite:pointer role="type"  href="ae-types.xml#id(ae_1)"/>
      <nite:child href="ES2006b.B.words.xml#id(ES2006b.B.words1715)..id(ES2006b.B.words1716)"/>
   </ae>
   <ae nite:id="ES2006b.B.argumentstructs.Erik.12">
      <nite:pointer role="type"  href="ae-types.xml#id(ae_1)"/>
      <nite:child href="ES2006b.B.words.xml#id(ES2006b.B.words1720)..id(ES2006b.B.words1804)"/>
   </ae>
   <ae nite:id="ES2006b.B.argumentstructs.Erik.13">
      <nite:pointer role="type"  href="ae-types.xml#id(ae_1)"/>
      <nite:child href="ES2006b.B.words.xml#id(ES2006b.B.words1818)..id(ES2006b.B.words1828)"/>
   </ae>
   <ae nite:id="ES2006b.B.argumentstructs.Erik.14">
      <nite:pointer role="type"  href="ae-types.xml#id(ae_1)"/>
      <nite:child href="ES2006b.B.words.xml#id(ES2006b.B.words1829)..id(ES2006b.B.words1883)"/>
   </ae>
   <ae nite:id="ES2006b.B.argumentstructs.Erik.15">
      <nite:pointer role="type"  href="ae-types.xml#id(ae_1)"/>
      <nite:child href="ES2006b.B.words.xml#id(ES2006b.B.words1884)..id(ES2006b.B.words1894)"/>
   </ae>
   <ae nite:id="ES2006b.B.argumentstructs.16">
      <nite:pointer role="type"  href="ae-types.xml#id(ae_6)"/>
      <nite:child href="ES2006b.B.words.xml#id(ES2006b.B.words1307)..id(ES2006b.B.words1309)"/>
      <nite:child href="ES2006b.B.words.xml#id(ES2006b.B.words1311)"/>
   </ae>
   <ae nite:id="ES2006b.B.argumentstructs.17">
      <nite:pointer role="type"  href="ae-types.xml#id(ae_6)"/>
      <nite:child href="ES2006b.B.words.xml#id(ES2006b.B.words1379)..id(ES2006b.B.words1389)"/>
      <nite:child href="ES2006b.B.words.xml#id(ES2006b.B.words1391)..id(ES2006b.B.words1392)"/>
   </ae>
   <ae nite:id="ES2006b.B.argumentstructs.18">
      <nite:pointer role="type"  href="ae-types.xml#id(ae_6)"/>
      <nite:child href="ES2006b.B.words.xml#id(ES2006b.B.words1401)..id(ES2006b.B.words1444)"/>
      <nite:child href="ES2006b.B.words.xml#id(ES2006b.B.words1446)..id(ES2006b.B.words1478)"/>
   </ae>
   <ae nite:id="ES2006b.B.argumentstructs.19">
      <nite:pointer role="type"  href="ae-types.xml#id(ae_6)"/>
      <nite:child href="ES2006b.B.words.xml#id(ES2006b.B.words1717)..id(ES2006b.B.words1718)"/>
   </ae>
</nite:root>