<?xml version="1.0" encoding="ISO-8859-1" standalone="yes"?>
<nite:root nite:id="ES2002b.A.argumentstructs" xmlns:nite="http://nite.sourceforge.net/">
   <ae nite:id="ES2002b.A.argumentstructs.Erik.1">
      <nite:pointer role="type"  href="ae-types.xml#id(ae_1)"/>
      <nite:child href="ES2002b.A.words.xml#id(ES2002b.A.words126)..id(ES2002b.A.words145)"/>
   </ae>
   <ae nite:id="ES2002b.A.argumentstructs.Erik.2">
      <nite:pointer role="type"  href="ae-types.xml#id(ae_4)"/>
      <nite:child href="ES2002b.A.words.xml#id(ES2002b.A.words146)..id(ES2002b.A.words162)"/>
   </ae>
   <ae nite:id="ES2002b.A.argumentstructs.Erik.3">
      <nite:pointer role="type"  href="ae-types.xml#id(ae_3)"/>
      <nite:child href="ES2002b.A.words.xml#id(ES2002b.A.words163)..id(ES2002b.A.words259)"/>
   </ae>
   <ae nite:id="ES2002b.A.argumentstructs.Erik.4">
      <nite:pointer role="type"  href="ae-types.xml#id(ae_1)"/>
      <nite:child href="ES2002b.A.words.xml#id(ES2002b.A.words260)..id(ES2002b.A.words261)"/>
   </ae>
   <ae nite:id="ES2002b.A.argumentstructs.Erik.5">
      <nite:pointer role="type"  href="ae-types.xml#id(ae_1)"/>
      <nite:child href="ES2002b.A.words.xml#id(ES2002b.A.words264)..id(ES2002b.A.words305)"/>
   </ae>
   <ae nite:id="ES2002b.A.argumentstructs.Erik.6">
      <nite:pointer role="type"  href="ae-types.xml#id(ae_1)"/>
      <nite:child href="ES2002b.A.words.xml#id(ES2002b.A.words306)..id(ES2002b.A.words307)"/>
   </ae>
   <ae nite:id="ES2002b.A.argumentstructs.7">
      <nite:pointer role="type"  href="ae-types.xml#id(ae_6)"/>
      <nite:child href="ES2002b.A.words.xml#id(ES2002b.A.words262)..id(ES2002b.A.words263)"/>
   </ae>
</nite:root>