<?xml version="1.0" encoding="ISO-8859-1" standalone="yes"?>
<nite:root nite:id="ES2002a.D.argumentstructs" xmlns:nite="http://nite.sourceforge.net/">
   <ae nite:id="ES2002a.D.argumentstructs.Erik.1">
      <nite:pointer role="type"  href="ae-types.xml#id(ae_3)"/>
      <nite:child href="ES2002a.D.words.xml#id(ES2002a.D.words307)..id(ES2002a.D.words349)"/>
   </ae>
   <ae nite:id="ES2002a.D.argumentstructs.Erik.2">
      <nite:pointer role="type"  href="ae-types.xml#id(ae_1)"/>
      <nite:child href="ES2002a.D.words.xml#id(ES2002a.D.words352)..id(ES2002a.D.words355)"/>
   </ae>
   <ae nite:id="ES2002a.D.argumentstructs.Erik.3">
      <nite:pointer role="type"  href="ae-types.xml#id(ae_1)"/>
      <nite:child href="ES2002a.D.words.xml#id(ES2002a.D.words356)..id(ES2002a.D.words357)"/>
   </ae>
   <ae nite:id="ES2002a.D.argumentstructs.Erik.4">
      <nite:pointer role="type"  href="ae-types.xml#id(ae_1)"/>
      <nite:child href="ES2002a.D.words.xml#id(ES2002a.D.words358)..id(ES2002a.D.words359)"/>
   </ae>
   <ae nite:id="ES2002a.D.argumentstructs.Erik.5">
      <nite:pointer role="type"  href="ae-types.xml#id(ae_5)"/>
      <nite:child href="ES2002a.D.words.xml#id(ES2002a.D.words1155)..id(ES2002a.D.words1192)"/>
   </ae>
   <ae nite:id="ES2002a.D.argumentstructs.Erik.6">
      <nite:pointer role="type"  href="ae-types.xml#id(ae_1)"/>
      <nite:child href="ES2002a.D.words.xml#id(ES2002a.D.words1193)..id(ES2002a.D.words1197)"/>
   </ae>
   <ae nite:id="ES2002a.D.argumentstructs.Erik.7">
      <nite:pointer role="type"  href="ae-types.xml#id(ae_1)"/>
      <nite:child href="ES2002a.D.words.xml#id(ES2002a.D.words1198)..id(ES2002a.D.words1203)"/>
   </ae>
   <ae nite:id="ES2002a.D.argumentstructs.Erik.8">
      <nite:pointer role="type"  href="ae-types.xml#id(ae_1)"/>
      <nite:child href="ES2002a.D.words.xml#id(ES2002a.D.words1204)..id(ES2002a.D.words1205)"/>
   </ae>
   <ae nite:id="ES2002a.D.argumentstructs.Erik.9">
      <nite:pointer role="type"  href="ae-types.xml#id(ae_1)"/>
      <nite:child href="ES2002a.D.words.xml#id(ES2002a.D.words1206)..id(ES2002a.D.words1209)"/>
   </ae>
   <ae nite:id="ES2002a.D.argumentstructs.Erik.10">
      <nite:pointer role="type"  href="ae-types.xml#id(ae_1)"/>
      <nite:child href="ES2002a.D.words.xml#id(ES2002a.D.words1210)..id(ES2002a.D.words1211)"/>
   </ae>
   <ae nite:id="ES2002a.D.argumentstructs.Erik.11">
      <nite:pointer role="type"  href="ae-types.xml#id(ae_1)"/>
      <nite:child href="ES2002a.D.words.xml#id(ES2002a.D.words1214)..id(ES2002a.D.words1215)"/>
   </ae>
   <ae nite:id="ES2002a.D.argumentstructs.Erik.12">
      <nite:pointer role="type"  href="ae-types.xml#id(ae_1)"/>
      <nite:child href="ES2002a.D.words.xml#id(ES2002a.D.words1216)..id(ES2002a.D.words1217)"/>
   </ae>
   <ae nite:id="ES2002a.D.argumentstructs.Erik.13">
      <nite:pointer role="type"  href="ae-types.xml#id(ae_1)"/>
      <nite:child href="ES2002a.D.words.xml#id(ES2002a.D.words570)..id(ES2002a.D.words624)"/>
   </ae>
   <ae nite:id="ES2002a.D.argumentstructs.Erik.14">
      <nite:pointer role="type"  href="ae-types.xml#id(ae_1)"/>
      <nite:child href="ES2002a.D.words.xml#id(ES2002a.D.words625)..id(ES2002a.D.words695)"/>
   </ae>
   <ae nite:id="ES2002a.D.argumentstructs.Erik.15">
      <nite:pointer role="type"  href="ae-types.xml#id(ae_1)"/>
      <nite:child href="ES2002a.D.words.xml#id(ES2002a.D.words698)..id(ES2002a.D.words704)"/>
   </ae>
   <ae nite:id="ES2002a.D.argumentstructs.Erik.16">
      <nite:pointer role="type"  href="ae-types.xml#id(ae_1)"/>
      <nite:child href="ES2002a.D.words.xml#id(ES2002a.D.words705)..id(ES2002a.D.words720)"/>
   </ae>
   <ae nite:id="ES2002a.D.argumentstructs.Erik.17">
      <nite:pointer role="type"  href="ae-types.xml#id(ae_1)"/>
      <nite:child href="ES2002a.D.words.xml#id(ES2002a.D.words722)..id(ES2002a.D.words729)"/>
   </ae>
   <ae nite:id="ES2002a.D.argumentstructs.Erik.18">
      <nite:pointer role="type"  href="ae-types.xml#id(ae_2)"/>
      <nite:child href="ES2002a.D.words.xml#id(ES2002a.D.words732)..id(ES2002a.D.words809)"/>
   </ae>
   <ae nite:id="ES2002a.D.argumentstructs.Erik.19">
      <nite:pointer role="type"  href="ae-types.xml#id(ae_1)"/>
      <nite:child href="ES2002a.D.words.xml#id(ES2002a.D.words814)..id(ES2002a.D.words817)"/>
   </ae>
   <ae nite:id="ES2002a.D.argumentstructs.Erik.20">
      <nite:pointer role="type"  href="ae-types.xml#id(ae_1)"/>
      <nite:child href="ES2002a.D.words.xml#id(ES2002a.D.words819)..id(ES2002a.D.words902)"/>
   </ae>
   <ae nite:id="ES2002a.D.argumentstructs.Erik.21">
      <nite:pointer role="type"  href="ae-types.xml#id(ae_1)"/>
      <nite:child href="ES2002a.D.words.xml#id(ES2002a.D.words913)..id(ES2002a.D.words914)"/>
   </ae>
   <ae nite:id="ES2002a.D.argumentstructs.Erik.22">
      <nite:pointer role="type"  href="ae-types.xml#id(ae_1)"/>
      <nite:child href="ES2002a.D.words.xml#id(ES2002a.D.words917)..id(ES2002a.D.words921)"/>
   </ae>
   <ae nite:id="ES2002a.D.argumentstructs.Erik.23">
      <nite:pointer role="type"  href="ae-types.xml#id(ae_5)"/>
      <nite:child href="ES2002a.D.words.xml#id(ES2002a.D.words924)..id(ES2002a.D.words1024)"/>
   </ae>
   <ae nite:id="ES2002a.D.argumentstructs.Erik.24">
      <nite:pointer role="type"  href="ae-types.xml#id(ae_1)"/>
      <nite:child href="ES2002a.D.words.xml#id(ES2002a.D.words1025)..id(ES2002a.D.words1037)"/>
   </ae>
   <ae nite:id="ES2002a.D.argumentstructs.Erik.25">
      <nite:pointer role="type"  href="ae-types.xml#id(ae_1)"/>
      <nite:child href="ES2002a.D.words.xml#id(ES2002a.D.words1038)..id(ES2002a.D.words1106)"/>
   </ae>
   <ae nite:id="ES2002a.D.argumentstructs.26">
      <nite:pointer role="type"  href="ae-types.xml#id(ae_6)"/>
      <nite:child href="ES2002a.D.words.xml#id(ES2002a.D.words350)..id(ES2002a.D.words351)"/>
   </ae>
   <ae nite:id="ES2002a.D.argumentstructs.27">
      <nite:pointer role="type"  href="ae-types.xml#id(ae_6)"/>
      <nite:child href="ES2002a.D.words.xml#id(ES2002a.D.words1212)..id(ES2002a.D.words1213)"/>
   </ae>
   <ae nite:id="ES2002a.D.argumentstructs.28">
      <nite:pointer role="type"  href="ae-types.xml#id(ae_6)"/>
      <nite:child href="ES2002a.D.words.xml#id(ES2002a.D.words696)"/>
   </ae>
   <ae nite:id="ES2002a.D.argumentstructs.29">
      <nite:pointer role="type"  href="ae-types.xml#id(ae_6)"/>
      <nite:child href="ES2002a.D.words.xml#id(ES2002a.D.words730)..id(ES2002a.D.words731)"/>
   </ae>
   <ae nite:id="ES2002a.D.argumentstructs.30">
      <nite:pointer role="type"  href="ae-types.xml#id(ae_6)"/>
      <nite:child href="ES2002a.D.words.xml#id(ES2002a.D.words810)..id(ES2002a.D.words812)"/>
   </ae>
   <ae nite:id="ES2002a.D.argumentstructs.31">
      <nite:pointer role="type"  href="ae-types.xml#id(ae_6)"/>
      <nite:child href="ES2002a.D.words.xml#id(ES2002a.D.words818)"/>
   </ae>
   <ae nite:id="ES2002a.D.argumentstructs.32">
      <nite:pointer role="type"  href="ae-types.xml#id(ae_6)"/>
      <nite:child href="ES2002a.D.words.xml#id(ES2002a.D.words903)..id(ES2002a.D.words912)"/>
   </ae>
   <ae nite:id="ES2002a.D.argumentstructs.33">
      <nite:pointer role="type"  href="ae-types.xml#id(ae_6)"/>
      <nite:child href="ES2002a.D.words.xml#id(ES2002a.D.words915)..id(ES2002a.D.words916)"/>
   </ae>
   <ae nite:id="ES2002a.D.argumentstructs.34">
      <nite:pointer role="type"  href="ae-types.xml#id(ae_6)"/>
      <nite:child href="ES2002a.D.words.xml#id(ES2002a.D.words922)..id(ES2002a.D.words923)"/>
   </ae>
</nite:root>