<?xml version="1.0" encoding="ISO-8859-1" standalone="yes"?>
<nite:root nite:id="ES2008c.C.argumentstructs" xmlns:nite="http://nite.sourceforge.net/">
   <ae nite:id="ES2008c.C.argumentstructs.Erik.1">
      <nite:pointer role="type"  href="ae-types.xml#id(ae_1)"/>
      <nite:child href="ES2008c.C.words.xml#id(ES2008c.C.words838)..id(ES2008c.C.words849)"/>
   </ae>
   <ae nite:id="ES2008c.C.argumentstructs.Erik.2">
      <nite:pointer role="type"  href="ae-types.xml#id(ae_1)"/>
      <nite:child href="ES2008c.C.words.xml#id(ES2008c.C.words850)..id(ES2008c.C.words894)"/>
   </ae>
   <ae nite:id="ES2008c.C.argumentstructs.Erik.3">
      <nite:pointer role="type"  href="ae-types.xml#id(ae_1)"/>
      <nite:child href="ES2008c.C.words.xml#id(ES2008c.C.words895)..id(ES2008c.C.words969)"/>
   </ae>
   <ae nite:id="ES2008c.C.argumentstructs.Erik.4">
      <nite:pointer role="type"  href="ae-types.xml#id(ae_1)"/>
      <nite:child href="ES2008c.C.words.xml#id(ES2008c.C.words992)..id(ES2008c.C.words1075)"/>
   </ae>
   <ae nite:id="ES2008c.C.argumentstructs.Erik.5">
      <nite:pointer role="type"  href="ae-types.xml#id(ae_1)"/>
      <nite:child href="ES2008c.C.words.xml#id(ES2008c.C.words1076)..id(ES2008c.C.words1088)"/>
   </ae>
   <ae nite:id="ES2008c.C.argumentstructs.Erik.6">
      <nite:pointer role="type"  href="ae-types.xml#id(ae_1)"/>
      <nite:child href="ES2008c.C.words.xml#id(ES2008c.C.words1189)..id(ES2008c.C.words1190)"/>
   </ae>
   <ae nite:id="ES2008c.C.argumentstructs.Erik.7">
      <nite:pointer role="type"  href="ae-types.xml#id(ae_1)"/>
      <nite:child href="ES2008c.C.words.xml#id(ES2008c.C.words1192)..id(ES2008c.C.words1195)"/>
   </ae>
   <ae nite:id="ES2008c.C.argumentstructs.Erik.8">
      <nite:pointer role="type"  href="ae-types.xml#id(ae_1)"/>
      <nite:child href="ES2008c.C.words.xml#id(ES2008c.C.words1197)..id(ES2008c.C.words1219)"/>
   </ae>
   <ae nite:id="ES2008c.C.argumentstructs.Erik.9">
      <nite:pointer role="type"  href="ae-types.xml#id(ae_1)"/>
      <nite:child href="ES2008c.C.words.xml#id(ES2008c.C.words1225)..id(ES2008c.C.words1230)"/>
   </ae>
   <ae nite:id="ES2008c.C.argumentstructs.Erik.10">
      <nite:pointer role="type"  href="ae-types.xml#id(ae_1)"/>
      <nite:child href="ES2008c.C.words.xml#id(ES2008c.C.words1232)..id(ES2008c.C.words1233)"/>
   </ae>
   <ae nite:id="ES2008c.C.argumentstructs.Erik.11">
      <nite:pointer role="type"  href="ae-types.xml#id(ae_5)"/>
      <nite:child href="ES2008c.C.words.xml#id(ES2008c.C.words1236)..id(ES2008c.C.words1254)"/>
   </ae>
   <ae nite:id="ES2008c.C.argumentstructs.Erik.12">
      <nite:pointer role="type"  href="ae-types.xml#id(ae_4)"/>
      <nite:child href="ES2008c.C.words.xml#id(ES2008c.C.words1255)..id(ES2008c.C.words1258)"/>
   </ae>
   <ae nite:id="ES2008c.C.argumentstructs.Erik.13">
      <nite:pointer role="type"  href="ae-types.xml#id(ae_1)"/>
      <nite:child href="ES2008c.C.words.xml#id(ES2008c.C.words1259)..id(ES2008c.C.words1288)"/>
   </ae>
   <ae nite:id="ES2008c.C.argumentstructs.Erik.14">
      <nite:pointer role="type"  href="ae-types.xml#id(ae_1)"/>
      <nite:child href="ES2008c.C.words.xml#id(ES2008c.C.words1289)..id(ES2008c.C.words1291)"/>
   </ae>
   <ae nite:id="ES2008c.C.argumentstructs.Erik.15">
      <nite:pointer role="type"  href="ae-types.xml#id(ae_2)"/>
      <nite:child href="ES2008c.C.words.xml#id(ES2008c.C.words1292)..id(ES2008c.C.words1316)"/>
   </ae>
   <ae nite:id="ES2008c.C.argumentstructs.Erik.16">
      <nite:pointer role="type"  href="ae-types.xml#id(ae_5)"/>
      <nite:child href="ES2008c.C.words.xml#id(ES2008c.C.words1317)..id(ES2008c.C.words1335)"/>
   </ae>
   <ae nite:id="ES2008c.C.argumentstructs.Erik.17">
      <nite:pointer role="type"  href="ae-types.xml#id(ae_5)"/>
      <nite:child href="ES2008c.C.words.xml#id(ES2008c.C.words1336)..id(ES2008c.C.words1343)"/>
   </ae>
   <ae nite:id="ES2008c.C.argumentstructs.Erik.18">
      <nite:pointer role="type"  href="ae-types.xml#id(ae_4)"/>
      <nite:child href="ES2008c.C.words.xml#id(ES2008c.C.words1344)..id(ES2008c.C.words1374)"/>
   </ae>
   <ae nite:id="ES2008c.C.argumentstructs.Erik.19">
      <nite:pointer role="type"  href="ae-types.xml#id(ae_1)"/>
      <nite:child href="ES2008c.C.words.xml#id(ES2008c.C.words1375)..id(ES2008c.C.words1376)"/>
   </ae>
   <ae nite:id="ES2008c.C.argumentstructs.Erik.20">
      <nite:pointer role="type"  href="ae-types.xml#id(ae_1)"/>
      <nite:child href="ES2008c.C.words.xml#id(ES2008c.C.words1377)..id(ES2008c.C.words1397)"/>
   </ae>
   <ae nite:id="ES2008c.C.argumentstructs.Erik.21">
      <nite:pointer role="type"  href="ae-types.xml#id(ae_1)"/>
      <nite:child href="ES2008c.C.words.xml#id(ES2008c.C.words1558)..id(ES2008c.C.words1580)"/>
   </ae>
   <ae nite:id="ES2008c.C.argumentstructs.Erik.22">
      <nite:pointer role="type"  href="ae-types.xml#id(ae_1)"/>
      <nite:child href="ES2008c.C.words.xml#id(ES2008c.C.words1584)..id(ES2008c.C.words1591)"/>
   </ae>
   <ae nite:id="ES2008c.C.argumentstructs.Erik.23">
      <nite:pointer role="type"  href="ae-types.xml#id(ae_1)"/>
      <nite:child href="ES2008c.C.words.xml#id(ES2008c.C.words1592)..id(ES2008c.C.words1602)"/>
   </ae>
   <ae nite:id="ES2008c.C.argumentstructs.Erik.24">
      <nite:pointer role="type"  href="ae-types.xml#id(ae_1)"/>
      <nite:child href="ES2008c.C.words.xml#id(ES2008c.C.words1603)..id(ES2008c.C.words1604)"/>
   </ae>
   <ae nite:id="ES2008c.C.argumentstructs.Erik.25">
      <nite:pointer role="type"  href="ae-types.xml#id(ae_1)"/>
      <nite:child href="ES2008c.C.words.xml#id(ES2008c.C.words1609)..id(ES2008c.C.words1627)"/>
   </ae>
   <ae nite:id="ES2008c.C.argumentstructs.Erik.26">
      <nite:pointer role="type"  href="ae-types.xml#id(ae_1)"/>
      <nite:child href="ES2008c.C.words.xml#id(ES2008c.C.words1630)..id(ES2008c.C.words1631)"/>
   </ae>
   <ae nite:id="ES2008c.C.argumentstructs.Erik.27">
      <nite:pointer role="type"  href="ae-types.xml#id(ae_1)"/>
      <nite:child href="ES2008c.C.words.xml#id(ES2008c.C.words1632)..id(ES2008c.C.words1635)"/>
   </ae>
   <ae nite:id="ES2008c.C.argumentstructs.Erik.28">
      <nite:pointer role="type"  href="ae-types.xml#id(ae_1)"/>
      <nite:child href="ES2008c.C.words.xml#id(ES2008c.C.words1638)..id(ES2008c.C.words1639)"/>
   </ae>
   <ae nite:id="ES2008c.C.argumentstructs.Erik.29">
      <nite:pointer role="type"  href="ae-types.xml#id(ae_3)"/>
      <nite:child href="ES2008c.C.words.xml#id(ES2008c.C.words1727)..id(ES2008c.C.words1736)"/>
   </ae>
   <ae nite:id="ES2008c.C.argumentstructs.Erik.30">
      <nite:pointer role="type"  href="ae-types.xml#id(ae_1)"/>
      <nite:child href="ES2008c.C.words.xml#id(ES2008c.C.words1741)..id(ES2008c.C.words1742)"/>
   </ae>
   <ae nite:id="ES2008c.C.argumentstructs.Erik.31">
      <nite:pointer role="type"  href="ae-types.xml#id(ae_1)"/>
      <nite:child href="ES2008c.C.words.xml#id(ES2008c.C.words1746)..id(ES2008c.C.words1747)"/>
   </ae>
   <ae nite:id="ES2008c.C.argumentstructs.Erik.32">
      <nite:pointer role="type"  href="ae-types.xml#id(ae_1)"/>
      <nite:child href="ES2008c.C.words.xml#id(ES2008c.C.words1748)..id(ES2008c.C.words1778)"/>
   </ae>
   <ae nite:id="ES2008c.C.argumentstructs.Erik.33">
      <nite:pointer role="type"  href="ae-types.xml#id(ae_1)"/>
      <nite:child href="ES2008c.C.words.xml#id(ES2008c.C.words1779)..id(ES2008c.C.words1786)"/>
   </ae>
   <ae nite:id="ES2008c.C.argumentstructs.Erik.34">
      <nite:pointer role="type"  href="ae-types.xml#id(ae_1)"/>
      <nite:child href="ES2008c.C.words.xml#id(ES2008c.C.words1787)..id(ES2008c.C.words1797)"/>
   </ae>
   <ae nite:id="ES2008c.C.argumentstructs.Erik.35">
      <nite:pointer role="type"  href="ae-types.xml#id(ae_1)"/>
      <nite:child href="ES2008c.C.words.xml#id(ES2008c.C.words1798)..id(ES2008c.C.words1835)"/>
   </ae>
   <ae nite:id="ES2008c.C.argumentstructs.36">
      <nite:pointer role="type"  href="ae-types.xml#id(ae_6)"/>
      <nite:child href="ES2008c.C.words.xml#id(ES2008c.C.words970)..id(ES2008c.C.words975)"/>
      <nite:child href="ES2008c.C.words.xml#id(ES2008c.C.words977)..id(ES2008c.C.words991)"/>
   </ae>
   <ae nite:id="ES2008c.C.argumentstructs.37">
      <nite:pointer role="type"  href="ae-types.xml#id(ae_6)"/>
      <nite:child href="ES2008c.C.words.xml#id(ES2008c.C.words1183)..id(ES2008c.C.words1187)"/>
   </ae>
   <ae nite:id="ES2008c.C.argumentstructs.38">
      <nite:pointer role="type"  href="ae-types.xml#id(ae_6)"/>
      <nite:child href="ES2008c.C.words.xml#id(ES2008c.C.words1221)..id(ES2008c.C.words1223)"/>
   </ae>
   <ae nite:id="ES2008c.C.argumentstructs.39">
      <nite:pointer role="type"  href="ae-types.xml#id(ae_6)"/>
      <nite:child href="ES2008c.C.words.xml#id(ES2008c.C.words1234)..id(ES2008c.C.words1235)"/>
   </ae>
   <ae nite:id="ES2008c.C.argumentstructs.40">
      <nite:pointer role="type"  href="ae-types.xml#id(ae_6)"/>
      <nite:child href="ES2008c.C.words.xml#id(ES2008c.C.words1557)"/>
   </ae>
   <ae nite:id="ES2008c.C.argumentstructs.41">
      <nite:pointer role="type"  href="ae-types.xml#id(ae_6)"/>
      <nite:child href="ES2008c.C.words.xml#id(ES2008c.C.words1581)..id(ES2008c.C.words1582)"/>
   </ae>
   <ae nite:id="ES2008c.C.argumentstructs.42">
      <nite:pointer role="type"  href="ae-types.xml#id(ae_6)"/>
      <nite:child href="ES2008c.C.words.xml#id(ES2008c.C.words1605)..id(ES2008c.C.words1608)"/>
   </ae>
   <ae nite:id="ES2008c.C.argumentstructs.43">
      <nite:pointer role="type"  href="ae-types.xml#id(ae_6)"/>
      <nite:child href="ES2008c.C.words.xml#id(ES2008c.C.words1628)"/>
   </ae>
   <ae nite:id="ES2008c.C.argumentstructs.44">
      <nite:pointer role="type"  href="ae-types.xml#id(ae_6)"/>
      <nite:child href="ES2008c.C.words.xml#id(ES2008c.C.words1636)..id(ES2008c.C.words1637)"/>
   </ae>
   <ae nite:id="ES2008c.C.argumentstructs.45">
      <nite:pointer role="type"  href="ae-types.xml#id(ae_6)"/>
      <nite:child href="ES2008c.C.words.xml#id(ES2008c.C.words1737)"/>
      <nite:child href="ES2008c.C.words.xml#id(ES2008c.C.words1739)..id(ES2008c.C.words1740)"/>
   </ae>
   <ae nite:id="ES2008c.C.argumentstructs.46">
      <nite:pointer role="type"  href="ae-types.xml#id(ae_6)"/>
      <nite:child href="ES2008c.C.words.xml#id(ES2008c.C.words1743)..id(ES2008c.C.words1744)"/>
   </ae>
</nite:root>