<?xml version="1.0" encoding="ISO-8859-1" standalone="yes"?>
<nite:root nite:id="ES2004d.C.argumentstructs" xmlns:nite="http://nite.sourceforge.net/">
   <ae nite:id="ES2004d.C.argumentstructs.Erik.1">
      <nite:pointer role="type"  href="ae-types.xml#id(ae_1)"/>
      <nite:child href="ES2004d.C.words.xml#id(ES2004d.C.words1272)..id(ES2004d.C.words1273)"/>
   </ae>
   <ae nite:id="ES2004d.C.argumentstructs.Erik.2">
      <nite:pointer role="type"  href="ae-types.xml#id(ae_1)"/>
      <nite:child href="ES2004d.C.words.xml#id(ES2004d.C.words1274)..id(ES2004d.C.words1277)"/>
   </ae>
   <ae nite:id="ES2004d.C.argumentstructs.Erik.3">
      <nite:pointer role="type"  href="ae-types.xml#id(ae_1)"/>
      <nite:child href="ES2004d.C.words.xml#id(ES2004d.C.words1278)..id(ES2004d.C.words1279)"/>
   </ae>
   <ae nite:id="ES2004d.C.argumentstructs.Erik.4">
      <nite:pointer role="type"  href="ae-types.xml#id(ae_1)"/>
      <nite:child href="ES2004d.C.words.xml#id(ES2004d.C.words1280)..id(ES2004d.C.words1281)"/>
   </ae>
   <ae nite:id="ES2004d.C.argumentstructs.Erik.5">
      <nite:pointer role="type"  href="ae-types.xml#id(ae_1)"/>
      <nite:child href="ES2004d.C.words.xml#id(ES2004d.C.words1282)..id(ES2004d.C.words1292)"/>
   </ae>
   <ae nite:id="ES2004d.C.argumentstructs.Erik.6">
      <nite:pointer role="type"  href="ae-types.xml#id(ae_1)"/>
      <nite:child href="ES2004d.C.words.xml#id(ES2004d.C.words1293)..id(ES2004d.C.words1315)"/>
   </ae>
   <ae nite:id="ES2004d.C.argumentstructs.Erik.7">
      <nite:pointer role="type"  href="ae-types.xml#id(ae_1)"/>
      <nite:child href="ES2004d.C.words.xml#id(ES2004d.C.words1317)..id(ES2004d.C.words1320)"/>
   </ae>
   <ae nite:id="ES2004d.C.argumentstructs.8">
      <nite:pointer role="type"  href="ae-types.xml#id(ae_6)"/>
      <nite:child href="ES2004d.C.words.xml#id(ES2004d.C.words1269)..id(ES2004d.C.words1271)"/>
   </ae>
</nite:root>