<?xml version="1.0" encoding="ISO-8859-1" standalone="yes"?>
<nite:root nite:id="ES2002d.A.argumentstructs" xmlns:nite="http://nite.sourceforge.net/">
   <ae nite:id="ES2002d.A.argumentstructs.Erik.1">
      <nite:pointer role="type"  href="ae-types.xml#id(ae_1)"/>
      <nite:child href="ES2002d.A.words.xml#id(ES2002d.A.words263)..id(ES2002d.A.words270)"/>
   </ae>
   <ae nite:id="ES2002d.A.argumentstructs.Erik.2">
      <nite:pointer role="type"  href="ae-types.xml#id(ae_1)"/>
      <nite:child href="ES2002d.A.words.xml#id(ES2002d.A.words271)..id(ES2002d.A.words279)"/>
   </ae>
   <ae nite:id="ES2002d.A.argumentstructs.Erik.3">
      <nite:pointer role="type"  href="ae-types.xml#id(ae_1)"/>
      <nite:child href="ES2002d.A.words.xml#id(ES2002d.A.words284)..id(ES2002d.A.words285)"/>
   </ae>
   <ae nite:id="ES2002d.A.argumentstructs.Erik.4">
      <nite:pointer role="type"  href="ae-types.xml#id(ae_3)"/>
      <nite:child href="ES2002d.A.words.xml#id(ES2002d.A.words292)..id(ES2002d.A.words306)"/>
   </ae>
   <ae nite:id="ES2002d.A.argumentstructs.Erik.5">
      <nite:pointer role="type"  href="ae-types.xml#id(ae_3)"/>
      <nite:child href="ES2002d.A.words.xml#id(ES2002d.A.words308)..id(ES2002d.A.words319)"/>
   </ae>
   <ae nite:id="ES2002d.A.argumentstructs.Erik.6">
      <nite:pointer role="type"  href="ae-types.xml#id(ae_1)"/>
      <nite:child href="ES2002d.A.words.xml#id(ES2002d.A.words320)..id(ES2002d.A.words338)"/>
   </ae>
   <ae nite:id="ES2002d.A.argumentstructs.Erik.7">
      <nite:pointer role="type"  href="ae-types.xml#id(ae_1)"/>
      <nite:child href="ES2002d.A.words.xml#id(ES2002d.A.words339)..id(ES2002d.A.words342)"/>
   </ae>
   <ae nite:id="ES2002d.A.argumentstructs.Erik.10">
      <nite:pointer role="type"  href="ae-types.xml#id(ae_1)"/>
      <nite:child href="ES2002d.A.words.xml#id(ES2002d.A.words343)..id(ES2002d.A.words356)"/>
   </ae>
   <ae nite:id="ES2002d.A.argumentstructs.Erik.11">
      <nite:pointer role="type"  href="ae-types.xml#id(ae_3)"/>
      <nite:child href="ES2002d.A.words.xml#id(ES2002d.A.words359)..id(ES2002d.A.words384)"/>
   </ae>
   <ae nite:id="ES2002d.A.argumentstructs.Erik.12">
      <nite:pointer role="type"  href="ae-types.xml#id(ae_1)"/>
      <nite:child href="ES2002d.A.words.xml#id(ES2002d.A.words387)..id(ES2002d.A.words412)"/>
   </ae>
   <ae nite:id="ES2002d.A.argumentstructs.Erik.13">
      <nite:pointer role="type"  href="ae-types.xml#id(ae_1)"/>
      <nite:child href="ES2002d.A.words.xml#id(ES2002d.A.words413)..id(ES2002d.A.words430)"/>
   </ae>
   <ae nite:id="ES2002d.A.argumentstructs.Erik.14">
      <nite:pointer role="type"  href="ae-types.xml#id(ae_1)"/>
      <nite:child href="ES2002d.A.words.xml#id(ES2002d.A.words433)..id(ES2002d.A.words478)"/>
   </ae>
   <ae nite:id="ES2002d.A.argumentstructs.Erik.15">
      <nite:pointer role="type"  href="ae-types.xml#id(ae_1)"/>
      <nite:child href="ES2002d.A.words.xml#id(ES2002d.A.words479)..id(ES2002d.A.words480)"/>
   </ae>
   <ae nite:id="ES2002d.A.argumentstructs.Erik.16">
      <nite:pointer role="type"  href="ae-types.xml#id(ae_1)"/>
      <nite:child href="ES2002d.A.words.xml#id(ES2002d.A.words970)..id(ES2002d.A.words1001)"/>
   </ae>
   <ae nite:id="ES2002d.A.argumentstructs.Erik.17">
      <nite:pointer role="type"  href="ae-types.xml#id(ae_1)"/>
      <nite:child href="ES2002d.A.words.xml#id(ES2002d.A.words1002)..id(ES2002d.A.words1003)"/>
   </ae>
   <ae nite:id="ES2002d.A.argumentstructs.Erik.18">
      <nite:pointer role="type"  href="ae-types.xml#id(ae_1)"/>
      <nite:child href="ES2002d.A.words.xml#id(ES2002d.A.words1006)..id(ES2002d.A.words1007)"/>
   </ae>
   <ae nite:id="ES2002d.A.argumentstructs.Erik.19">
      <nite:pointer role="type"  href="ae-types.xml#id(ae_1)"/>
      <nite:child href="ES2002d.A.words.xml#id(ES2002d.A.words1008)..id(ES2002d.A.words1015)"/>
   </ae>
   <ae nite:id="ES2002d.A.argumentstructs.Erik.20">
      <nite:pointer role="type"  href="ae-types.xml#id(ae_1)"/>
      <nite:child href="ES2002d.A.words.xml#id(ES2002d.A.words1016)..id(ES2002d.A.words1022)"/>
   </ae>
   <ae nite:id="ES2002d.A.argumentstructs.Erik.21">
      <nite:pointer role="type"  href="ae-types.xml#id(ae_1)"/>
      <nite:child href="ES2002d.A.words.xml#id(ES2002d.A.words1023)..id(ES2002d.A.words1024)"/>
   </ae>
   <ae nite:id="ES2002d.A.argumentstructs.Erik.22">
      <nite:pointer role="type"  href="ae-types.xml#id(ae_1)"/>
      <nite:child href="ES2002d.A.words.xml#id(ES2002d.A.words1626)..id(ES2002d.A.words1749)"/>
   </ae>
   <ae nite:id="ES2002d.A.argumentstructs.Erik.23">
      <nite:pointer role="type"  href="ae-types.xml#id(ae_1)"/>
      <nite:child href="ES2002d.A.words.xml#id(ES2002d.A.words1750)..id(ES2002d.A.words1794)"/>
   </ae>
   <ae nite:id="ES2002d.A.argumentstructs.Erik.24">
      <nite:pointer role="type"  href="ae-types.xml#id(ae_1)"/>
      <nite:child href="ES2002d.A.words.xml#id(ES2002d.A.words1795)..id(ES2002d.A.words1796)"/>
   </ae>
   <ae nite:id="ES2002d.A.argumentstructs.Erik.25">
      <nite:pointer role="type"  href="ae-types.xml#id(ae_1)"/>
      <nite:child href="ES2002d.A.words.xml#id(ES2002d.A.words1799)..id(ES2002d.A.words1846)"/>
   </ae>
   <ae nite:id="ES2002d.A.argumentstructs.Erik.26">
      <nite:pointer role="type"  href="ae-types.xml#id(ae_1)"/>
      <nite:child href="ES2002d.A.words.xml#id(ES2002d.A.words1847)..id(ES2002d.A.words1852)"/>
   </ae>
   <ae nite:id="ES2002d.A.argumentstructs.Erik.27">
      <nite:pointer role="type"  href="ae-types.xml#id(ae_1)"/>
      <nite:child href="ES2002d.A.words.xml#id(ES2002d.A.words1853)..id(ES2002d.A.words1857)"/>
   </ae>
   <ae nite:id="ES2002d.A.argumentstructs.Erik.28">
      <nite:pointer role="type"  href="ae-types.xml#id(ae_1)"/>
      <nite:child href="ES2002d.A.words.xml#id(ES2002d.A.words2017)..id(ES2002d.A.words2021)"/>
   </ae>
   <ae nite:id="ES2002d.A.argumentstructs.Erik.29">
      <nite:pointer role="type"  href="ae-types.xml#id(ae_1)"/>
      <nite:child href="ES2002d.A.words.xml#id(ES2002d.A.words2023)..id(ES2002d.A.words2059)"/>
   </ae>
   <ae nite:id="ES2002d.A.argumentstructs.Erik.30">
      <nite:pointer role="type"  href="ae-types.xml#id(ae_1)"/>
      <nite:child href="ES2002d.A.words.xml#id(ES2002d.A.words2060)..id(ES2002d.A.words2097)"/>
   </ae>
   <ae nite:id="ES2002d.A.argumentstructs.31">
      <nite:pointer role="type"  href="ae-types.xml#id(ae_6)"/>
      <nite:child href="ES2002d.A.words.xml#id(ES2002d.A.words247)..id(ES2002d.A.words262)"/>
   </ae>
   <ae nite:id="ES2002d.A.argumentstructs.32">
      <nite:pointer role="type"  href="ae-types.xml#id(ae_6)"/>
      <nite:child href="ES2002d.A.words.xml#id(ES2002d.A.words280)..id(ES2002d.A.words283)"/>
   </ae>
   <ae nite:id="ES2002d.A.argumentstructs.33">
      <nite:pointer role="type"  href="ae-types.xml#id(ae_6)"/>
      <nite:child href="ES2002d.A.words.xml#id(ES2002d.A.words357)..id(ES2002d.A.words358)"/>
   </ae>
   <ae nite:id="ES2002d.A.argumentstructs.34">
      <nite:pointer role="type"  href="ae-types.xml#id(ae_6)"/>
      <nite:child href="ES2002d.A.words.xml#id(ES2002d.A.words385)..id(ES2002d.A.words386)"/>
   </ae>
   <ae nite:id="ES2002d.A.argumentstructs.35">
      <nite:pointer role="type"  href="ae-types.xml#id(ae_6)"/>
      <nite:child href="ES2002d.A.words.xml#id(ES2002d.A.words431)..id(ES2002d.A.words432)"/>
   </ae>
   <ae nite:id="ES2002d.A.argumentstructs.36">
      <nite:pointer role="type"  href="ae-types.xml#id(ae_6)"/>
      <nite:child href="ES2002d.A.words.xml#id(ES2002d.A.words1004)..id(ES2002d.A.words1005)"/>
   </ae>
   <ae nite:id="ES2002d.A.argumentstructs.37">
      <nite:pointer role="type"  href="ae-types.xml#id(ae_6)"/>
      <nite:child href="ES2002d.A.words.xml#id(ES2002d.A.words1621)..id(ES2002d.A.words1623)"/>
   </ae>
   <ae nite:id="ES2002d.A.argumentstructs.38">
      <nite:pointer role="type"  href="ae-types.xml#id(ae_6)"/>
      <nite:child href="ES2002d.A.words.xml#id(ES2002d.A.words1797)..id(ES2002d.A.words1798)"/>
   </ae>
</nite:root>