<?xml version="1.0" encoding="ISO-8859-1" standalone="yes"?>
<nite:root nite:id="ES2007b.A.argumentstructs" xmlns:nite="http://nite.sourceforge.net/">
   <ae nite:id="ES2007b.A.argumentstructs.Erik.1">
      <nite:pointer role="type"  href="ae-types.xml#id(ae_3)"/>
      <nite:child href="ES2007b.A.words.xml#id(ES2007b.A.words680)..id(ES2007b.A.words686)"/>
   </ae>
   <ae nite:id="ES2007b.A.argumentstructs.Erik.2">
      <nite:pointer role="type"  href="ae-types.xml#id(ae_1)"/>
      <nite:child href="ES2007b.A.words.xml#id(ES2007b.A.words687)..id(ES2007b.A.words742)"/>
   </ae>
   <ae nite:id="ES2007b.A.argumentstructs.Erik.3">
      <nite:pointer role="type"  href="ae-types.xml#id(ae_1)"/>
      <nite:child href="ES2007b.A.words.xml#id(ES2007b.A.words743)..id(ES2007b.A.words766)"/>
   </ae>
   <ae nite:id="ES2007b.A.argumentstructs.Erik.4">
      <nite:pointer role="type"  href="ae-types.xml#id(ae_1)"/>
      <nite:child href="ES2007b.A.words.xml#id(ES2007b.A.words767)..id(ES2007b.A.words816)"/>
   </ae>
   <ae nite:id="ES2007b.A.argumentstructs.Erik.5">
      <nite:pointer role="type"  href="ae-types.xml#id(ae_1)"/>
      <nite:child href="ES2007b.A.words.xml#id(ES2007b.A.words817)..id(ES2007b.A.words818)"/>
   </ae>
   <ae nite:id="ES2007b.A.argumentstructs.Erik.6">
      <nite:pointer role="type"  href="ae-types.xml#id(ae_1)"/>
      <nite:child href="ES2007b.A.words.xml#id(ES2007b.A.words1209)..id(ES2007b.A.words1215)"/>
   </ae>
   <ae nite:id="ES2007b.A.argumentstructs.Erik.7">
      <nite:pointer role="type"  href="ae-types.xml#id(ae_5)"/>
      <nite:child href="ES2007b.A.words.xml#id(ES2007b.A.words1216)..id(ES2007b.A.words1225)"/>
   </ae>
   <ae nite:id="ES2007b.A.argumentstructs.Erik.8">
      <nite:pointer role="type"  href="ae-types.xml#id(ae_1)"/>
      <nite:child href="ES2007b.A.words.xml#id(ES2007b.A.words1226)..id(ES2007b.A.words1242)"/>
   </ae>
   <ae nite:id="ES2007b.A.argumentstructs.Erik.9">
      <nite:pointer role="type"  href="ae-types.xml#id(ae_1)"/>
      <nite:child href="ES2007b.A.words.xml#id(ES2007b.A.words1243)..id(ES2007b.A.words1277)"/>
   </ae>
   <ae nite:id="ES2007b.A.argumentstructs.Erik.10">
      <nite:pointer role="type"  href="ae-types.xml#id(ae_1)"/>
      <nite:child href="ES2007b.A.words.xml#id(ES2007b.A.words1278)..id(ES2007b.A.words1348)"/>
   </ae>
   <ae nite:id="ES2007b.A.argumentstructs.Erik.11">
      <nite:pointer role="type"  href="ae-types.xml#id(ae_1)"/>
      <nite:child href="ES2007b.A.words.xml#id(ES2007b.A.words1349)..id(ES2007b.A.words1350)"/>
   </ae>
   <ae nite:id="ES2007b.A.argumentstructs.Erik.12">
      <nite:pointer role="type"  href="ae-types.xml#id(ae_1)"/>
      <nite:child href="ES2007b.A.words.xml#id(ES2007b.A.words1351)..id(ES2007b.A.words1361)"/>
   </ae>
   <ae nite:id="ES2007b.A.argumentstructs.Erik.13">
      <nite:pointer role="type"  href="ae-types.xml#id(ae_1)"/>
      <nite:child href="ES2007b.A.words.xml#id(ES2007b.A.words1865)..id(ES2007b.A.words1901)"/>
   </ae>
   <ae nite:id="ES2007b.A.argumentstructs.Erik.14">
      <nite:pointer role="type"  href="ae-types.xml#id(ae_1)"/>
      <nite:child href="ES2007b.A.words.xml#id(ES2007b.A.words1902)..id(ES2007b.A.words1909)"/>
   </ae>
   <ae nite:id="ES2007b.A.argumentstructs.Erik.15">
      <nite:pointer role="type"  href="ae-types.xml#id(ae_1)"/>
      <nite:child href="ES2007b.A.words.xml#id(ES2007b.A.words1910)..id(ES2007b.A.words1927)"/>
   </ae>
   <ae nite:id="ES2007b.A.argumentstructs.Erik.16">
      <nite:pointer role="type"  href="ae-types.xml#id(ae_1)"/>
      <nite:child href="ES2007b.A.words.xml#id(ES2007b.A.words1928)..id(ES2007b.A.words1929)"/>
   </ae>
   <ae nite:id="ES2007b.A.argumentstructs.Erik.17">
      <nite:pointer role="type"  href="ae-types.xml#id(ae_1)"/>
      <nite:child href="ES2007b.A.words.xml#id(ES2007b.A.words1930)..id(ES2007b.A.words1941)"/>
   </ae>
   <ae nite:id="ES2007b.A.argumentstructs.Erik.18">
      <nite:pointer role="type"  href="ae-types.xml#id(ae_1)"/>
      <nite:child href="ES2007b.A.words.xml#id(ES2007b.A.words1942)..id(ES2007b.A.words2016)"/>
   </ae>
   <ae nite:id="ES2007b.A.argumentstructs.Erik.19">
      <nite:pointer role="type"  href="ae-types.xml#id(ae_1)"/>
      <nite:child href="ES2007b.A.words.xml#id(ES2007b.A.words2017)..id(ES2007b.A.words2018)"/>
   </ae>
   <ae nite:id="ES2007b.A.argumentstructs.20">
      <nite:pointer role="type"  href="ae-types.xml#id(ae_6)"/>
      <nite:child href="ES2007b.A.words.xml#id(ES2007b.A.words819)..id(ES2007b.A.words840)"/>
   </ae>
   <ae nite:id="ES2007b.A.argumentstructs.21">
      <nite:pointer role="type"  href="ae-types.xml#id(ae_6)"/>
      <nite:child href="ES2007b.A.words.xml#id(ES2007b.A.words2019)..id(ES2007b.A.words2020)"/>
   </ae>
</nite:root>