<?xml version="1.0" encoding="ISO-8859-1" standalone="yes"?>
<nite:root nite:id="ES2009d.C.argumentstructs" xmlns:nite="http://nite.sourceforge.net/">
   <ae nite:id="ES2009d.C.argumentstructs.Erik.1">
      <nite:pointer role="type"  href="ae-types.xml#id(ae_1)"/>
      <nite:child href="ES2009d.C.words.xml#id(ES2009d.C.words487)..id(ES2009d.C.words496)"/>
   </ae>
   <ae nite:id="ES2009d.C.argumentstructs.Erik.2">
      <nite:pointer role="type"  href="ae-types.xml#id(ae_1)"/>
      <nite:child href="ES2009d.C.words.xml#id(ES2009d.C.words497)..id(ES2009d.C.words504)"/>
   </ae>
   <ae nite:id="ES2009d.C.argumentstructs.Erik.3">
      <nite:pointer role="type"  href="ae-types.xml#id(ae_1)"/>
      <nite:child href="ES2009d.C.words.xml#id(ES2009d.C.words505)..id(ES2009d.C.words586)"/>
   </ae>
   <ae nite:id="ES2009d.C.argumentstructs.Erik.4">
      <nite:pointer role="type"  href="ae-types.xml#id(ae_1)"/>
      <nite:child href="ES2009d.C.words.xml#id(ES2009d.C.words605)..id(ES2009d.C.words655)"/>
   </ae>
   <ae nite:id="ES2009d.C.argumentstructs.Erik.5">
      <nite:pointer role="type"  href="ae-types.xml#id(ae_5)"/>
      <nite:child href="ES2009d.C.words.xml#id(ES2009d.C.words658)..id(ES2009d.C.words693)"/>
   </ae>
   <ae nite:id="ES2009d.C.argumentstructs.Erik.6">
      <nite:pointer role="type"  href="ae-types.xml#id(ae_1)"/>
      <nite:child href="ES2009d.C.words.xml#id(ES2009d.C.words694)..id(ES2009d.C.words769)"/>
   </ae>
</nite:root>