<?xml version="1.0" encoding="ISO-8859-1" standalone="yes"?>
<nite:root nite:id="ES2003a.D.argumentstructs" xmlns:nite="http://nite.sourceforge.net/">
   <ae nite:id="ES2003a.D.argumentstructs.Erik.1">
      <nite:pointer role="type"  href="ae-types.xml#id(ae_1)"/>
      <nite:child href="ES2003a.D.words.xml#id(ES2003a.D.words177)..id(ES2003a.D.words178)"/>
   </ae>
   <ae nite:id="ES2003a.D.argumentstructs.Erik.2">
      <nite:pointer role="type"  href="ae-types.xml#id(ae_1)"/>
      <nite:child href="ES2003a.D.words.xml#id(ES2003a.D.words181)..id(ES2003a.D.words206)"/>
   </ae>
   <ae nite:id="ES2003a.D.argumentstructs.Erik.3">
      <nite:pointer role="type"  href="ae-types.xml#id(ae_5)"/>
      <nite:child href="ES2003a.D.words.xml#id(ES2003a.D.words207)..id(ES2003a.D.words226)"/>
   </ae>
   <ae nite:id="ES2003a.D.argumentstructs.Erik.4">
      <nite:pointer role="type"  href="ae-types.xml#id(ae_1)"/>
      <nite:child href="ES2003a.D.words.xml#id(ES2003a.D.words227)..id(ES2003a.D.words228)"/>
   </ae>
</nite:root>