<?xml version="1.0" encoding="ISO-8859-1" standalone="yes"?>
<nite:root nite:id="ES2002c.A.argumentstructs" xmlns:nite="http://nite.sourceforge.net/">
   <ae nite:id="ES2002c.A.argumentstructs.Erik.1">
      <nite:pointer role="type"  href="ae-types.xml#id(ae_1)"/>
      <nite:child href="ES2002c.A.words.xml#id(ES2002c.A.words1417)..id(ES2002c.A.words1440)"/>
   </ae>
   <ae nite:id="ES2002c.A.argumentstructs.Erik.2">
      <nite:pointer role="type"  href="ae-types.xml#id(ae_4)"/>
      <nite:child href="ES2002c.A.words.xml#id(ES2002c.A.words1441)..id(ES2002c.A.words1477)"/>
   </ae>
   <ae nite:id="ES2002c.A.argumentstructs.Erik.3">
      <nite:pointer role="type"  href="ae-types.xml#id(ae_1)"/>
      <nite:child href="ES2002c.A.words.xml#id(ES2002c.A.words1478)..id(ES2002c.A.words1479)"/>
   </ae>
   <ae nite:id="ES2002c.A.argumentstructs.Erik.4">
      <nite:pointer role="type"  href="ae-types.xml#id(ae_1)"/>
      <nite:child href="ES2002c.A.words.xml#id(ES2002c.A.words1484)..id(ES2002c.A.words1512)"/>
   </ae>
   <ae nite:id="ES2002c.A.argumentstructs.Erik.5">
      <nite:pointer role="type"  href="ae-types.xml#id(ae_2)"/>
      <nite:child href="ES2002c.A.words.xml#id(ES2002c.A.words1513)..id(ES2002c.A.words1571)"/>
   </ae>
   <ae nite:id="ES2002c.A.argumentstructs.Erik.6">
      <nite:pointer role="type"  href="ae-types.xml#id(ae_3)"/>
      <nite:child href="ES2002c.A.words.xml#id(ES2002c.A.words1580)..id(ES2002c.A.words1613)"/>
   </ae>
   <ae nite:id="ES2002c.A.argumentstructs.Erik.7">
      <nite:pointer role="type"  href="ae-types.xml#id(ae_1)"/>
      <nite:child href="ES2002c.A.words.xml#id(ES2002c.A.words1614)..id(ES2002c.A.words1625)"/>
   </ae>
   <ae nite:id="ES2002c.A.argumentstructs.Erik.8">
      <nite:pointer role="type"  href="ae-types.xml#id(ae_1)"/>
      <nite:child href="ES2002c.A.words.xml#id(ES2002c.A.words1626)..id(ES2002c.A.words1640)"/>
   </ae>
   <ae nite:id="ES2002c.A.argumentstructs.Erik.9">
      <nite:pointer role="type"  href="ae-types.xml#id(ae_5)"/>
      <nite:child href="ES2002c.A.words.xml#id(ES2002c.A.words1641)..id(ES2002c.A.words1647)"/>
   </ae>
   <ae nite:id="ES2002c.A.argumentstructs.Erik.10">
      <nite:pointer role="type"  href="ae-types.xml#id(ae_3)"/>
      <nite:child href="ES2002c.A.words.xml#id(ES2002c.A.words1648)..id(ES2002c.A.words1654)"/>
   </ae>
   <ae nite:id="ES2002c.A.argumentstructs.Erik.11">
      <nite:pointer role="type"  href="ae-types.xml#id(ae_1)"/>
      <nite:child href="ES2002c.A.words.xml#id(ES2002c.A.words1655)..id(ES2002c.A.words1697)"/>
   </ae>
   <ae nite:id="ES2002c.A.argumentstructs.Erik.12">
      <nite:pointer role="type"  href="ae-types.xml#id(ae_1)"/>
      <nite:child href="ES2002c.A.words.xml#id(ES2002c.A.words1700)..id(ES2002c.A.words1736)"/>
   </ae>
   <ae nite:id="ES2002c.A.argumentstructs.Erik.13">
      <nite:pointer role="type"  href="ae-types.xml#id(ae_5)"/>
      <nite:child href="ES2002c.A.words.xml#id(ES2002c.A.words1737)..id(ES2002c.A.words1824)"/>
   </ae>
   <ae nite:id="ES2002c.A.argumentstructs.Erik.14">
      <nite:pointer role="type"  href="ae-types.xml#id(ae_1)"/>
      <nite:child href="ES2002c.A.words.xml#id(ES2002c.A.words1913)..id(ES2002c.A.words1956)"/>
   </ae>
   <ae nite:id="ES2002c.A.argumentstructs.Erik.15">
      <nite:pointer role="type"  href="ae-types.xml#id(ae_1)"/>
      <nite:child href="ES2002c.A.words.xml#id(ES2002c.A.words1957)..id(ES2002c.A.words1959)"/>
   </ae>
   <ae nite:id="ES2002c.A.argumentstructs.Erik.16">
      <nite:pointer role="type"  href="ae-types.xml#id(ae_2)"/>
      <nite:child href="ES2002c.A.words.xml#id(ES2002c.A.words1962)..id(ES2002c.A.words2014)"/>
   </ae>
   <ae nite:id="ES2002c.A.argumentstructs.Erik.17">
      <nite:pointer role="type"  href="ae-types.xml#id(ae_1)"/>
      <nite:child href="ES2002c.A.words.xml#id(ES2002c.A.words2015)..id(ES2002c.A.words2037)"/>
   </ae>
   <ae nite:id="ES2002c.A.argumentstructs.18">
      <nite:pointer role="type"  href="ae-types.xml#id(ae_6)"/>
      <nite:child href="ES2002c.A.words.xml#id(ES2002c.A.words1480)..id(ES2002c.A.words1483)"/>
   </ae>
   <ae nite:id="ES2002c.A.argumentstructs.19">
      <nite:pointer role="type"  href="ae-types.xml#id(ae_6)"/>
      <nite:child href="ES2002c.A.words.xml#id(ES2002c.A.words1698)..id(ES2002c.A.words1699)"/>
   </ae>
   <ae nite:id="ES2002c.A.argumentstructs.20">
      <nite:pointer role="type"  href="ae-types.xml#id(ae_6)"/>
      <nite:child href="ES2002c.A.words.xml#id(ES2002c.A.words1960)..id(ES2002c.A.words1961)"/>
   </ae>
</nite:root>