<?xml version="1.0" encoding="ISO-8859-1" standalone="yes"?>
<nite:root nite:id="ES2010c.C.argumentstructs" xmlns:nite="http://nite.sourceforge.net/">
   <ae nite:id="ES2010c.C.argumentstructs.Erik.1">
      <nite:pointer role="type"  href="ae-types.xml#id(ae_1)"/>
      <nite:child href="ES2010c.C.words.xml#id(ES2010c.C.words1226)..id(ES2010c.C.words1234)"/>
   </ae>
   <ae nite:id="ES2010c.C.argumentstructs.Erik.2">
      <nite:pointer role="type"  href="ae-types.xml#id(ae_1)"/>
      <nite:child href="ES2010c.C.words.xml#id(ES2010c.C.words1235)..id(ES2010c.C.words1236)"/>
   </ae>
   <ae nite:id="ES2010c.C.argumentstructs.Erik.3">
      <nite:pointer role="type"  href="ae-types.xml#id(ae_1)"/>
      <nite:child href="ES2010c.C.words.xml#id(ES2010c.C.words1243)..id(ES2010c.C.words1248)"/>
   </ae>
   <ae nite:id="ES2010c.C.argumentstructs.Erik.4">
      <nite:pointer role="type"  href="ae-types.xml#id(ae_5)"/>
      <nite:child href="ES2010c.C.words.xml#id(ES2010c.C.words1249)..id(ES2010c.C.words1254)"/>
   </ae>
   <ae nite:id="ES2010c.C.argumentstructs.Erik.5">
      <nite:pointer role="type"  href="ae-types.xml#id(ae_4)"/>
      <nite:child href="ES2010c.C.words.xml#id(ES2010c.C.words1260)..id(ES2010c.C.words1291)"/>
   </ae>
   <ae nite:id="ES2010c.C.argumentstructs.Erik.6">
      <nite:pointer role="type"  href="ae-types.xml#id(ae_1)"/>
      <nite:child href="ES2010c.C.words.xml#id(ES2010c.C.words1292)..id(ES2010c.C.words1293)"/>
   </ae>
   <ae nite:id="ES2010c.C.argumentstructs.Erik.7">
      <nite:pointer role="type"  href="ae-types.xml#id(ae_5)"/>
      <nite:child href="ES2010c.C.words.xml#id(ES2010c.C.words1294)..id(ES2010c.C.words1302)"/>
   </ae>
   <ae nite:id="ES2010c.C.argumentstructs.Erik.8">
      <nite:pointer role="type"  href="ae-types.xml#id(ae_1)"/>
      <nite:child href="ES2010c.C.words.xml#id(ES2010c.C.words1303)..id(ES2010c.C.words1304)"/>
   </ae>
   <ae nite:id="ES2010c.C.argumentstructs.Erik.9">
      <nite:pointer role="type"  href="ae-types.xml#id(ae_1)"/>
      <nite:child href="ES2010c.C.words.xml#id(ES2010c.C.words1305)..id(ES2010c.C.words1309)"/>
   </ae>
   <ae nite:id="ES2010c.C.argumentstructs.Erik.10">
      <nite:pointer role="type"  href="ae-types.xml#id(ae_1)"/>
      <nite:child href="ES2010c.C.words.xml#id(ES2010c.C.words1310)..id(ES2010c.C.words1372)"/>
   </ae>
   <ae nite:id="ES2010c.C.argumentstructs.Erik.11">
      <nite:pointer role="type"  href="ae-types.xml#id(ae_1)"/>
      <nite:child href="ES2010c.C.words.xml#id(ES2010c.C.words1377)..id(ES2010c.C.words1380)"/>
   </ae>
   <ae nite:id="ES2010c.C.argumentstructs.Erik.12">
      <nite:pointer role="type"  href="ae-types.xml#id(ae_1)"/>
      <nite:child href="ES2010c.C.words.xml#id(ES2010c.C.words1381)..id(ES2010c.C.words1391)"/>
   </ae>
   <ae nite:id="ES2010c.C.argumentstructs.Erik.13">
      <nite:pointer role="type"  href="ae-types.xml#id(ae_1)"/>
      <nite:child href="ES2010c.C.words.xml#id(ES2010c.C.words1392)..id(ES2010c.C.words1400)"/>
   </ae>
   <ae nite:id="ES2010c.C.argumentstructs.Erik.14">
      <nite:pointer role="type"  href="ae-types.xml#id(ae_1)"/>
      <nite:child href="ES2010c.C.words.xml#id(ES2010c.C.words1401)..id(ES2010c.C.words1407)"/>
   </ae>
   <ae nite:id="ES2010c.C.argumentstructs.Erik.15">
      <nite:pointer role="type"  href="ae-types.xml#id(ae_3)"/>
      <nite:child href="ES2010c.C.words.xml#id(ES2010c.C.words1408)..id(ES2010c.C.words1419)"/>
   </ae>
   <ae nite:id="ES2010c.C.argumentstructs.Erik.17">
      <nite:pointer role="type"  href="ae-types.xml#id(ae_1)"/>
      <nite:child href="ES2010c.C.words.xml#id(ES2010c.C.words1422)..id(ES2010c.C.words1462)"/>
   </ae>
   <ae nite:id="ES2010c.C.argumentstructs.Erik.18">
      <nite:pointer role="type"  href="ae-types.xml#id(ae_5)"/>
      <nite:child href="ES2010c.C.words.xml#id(ES2010c.C.words1463)..id(ES2010c.C.words1479)"/>
   </ae>
   <ae nite:id="ES2010c.C.argumentstructs.Erik.19">
      <nite:pointer role="type"  href="ae-types.xml#id(ae_1)"/>
      <nite:child href="ES2010c.C.words.xml#id(ES2010c.C.words1480)..id(ES2010c.C.words1481)"/>
   </ae>
   <ae nite:id="ES2010c.C.argumentstructs.Erik.20">
      <nite:pointer role="type"  href="ae-types.xml#id(ae_3)"/>
      <nite:child href="ES2010c.C.words.xml#id(ES2010c.C.words1482)..id(ES2010c.C.words1489)"/>
   </ae>
   <ae nite:id="ES2010c.C.argumentstructs.Erik.21">
      <nite:pointer role="type"  href="ae-types.xml#id(ae_5)"/>
      <nite:child href="ES2010c.C.words.xml#id(ES2010c.C.words1490)..id(ES2010c.C.words1495)"/>
   </ae>
   <ae nite:id="ES2010c.C.argumentstructs.Erik.22">
      <nite:pointer role="type"  href="ae-types.xml#id(ae_1)"/>
      <nite:child href="ES2010c.C.words.xml#id(ES2010c.C.words1496)..id(ES2010c.C.words1521)"/>
   </ae>
   <ae nite:id="ES2010c.C.argumentstructs.23">
      <nite:pointer role="type"  href="ae-types.xml#id(ae_6)"/>
      <nite:child href="ES2010c.C.words.xml#id(ES2010c.C.words1211)..id(ES2010c.C.words1225)"/>
   </ae>
   <ae nite:id="ES2010c.C.argumentstructs.24">
      <nite:pointer role="type"  href="ae-types.xml#id(ae_6)"/>
      <nite:child href="ES2010c.C.words.xml#id(ES2010c.C.words1237)"/>
      <nite:child href="ES2010c.C.words.xml#id(ES2010c.C.words1239)..id(ES2010c.C.words1242)"/>
   </ae>
   <ae nite:id="ES2010c.C.argumentstructs.25">
      <nite:pointer role="type"  href="ae-types.xml#id(ae_6)"/>
      <nite:child href="ES2010c.C.words.xml#id(ES2010c.C.words1255)..id(ES2010c.C.words1257)"/>
   </ae>
   <ae nite:id="ES2010c.C.argumentstructs.26">
      <nite:pointer role="type"  href="ae-types.xml#id(ae_6)"/>
      <nite:child href="ES2010c.C.words.xml#id(ES2010c.C.words1373)..id(ES2010c.C.words1375)"/>
   </ae>
   <ae nite:id="ES2010c.C.argumentstructs.27">
      <nite:pointer role="type"  href="ae-types.xml#id(ae_6)"/>
      <nite:child href="ES2010c.C.words.xml#id(ES2010c.C.words1420)..id(ES2010c.C.words1421)"/>
   </ae>
</nite:root>