<?xml version="1.0" encoding="ISO-8859-1" standalone="yes"?>
<nite:root nite:id="ES2010c.D.argumentstructs" xmlns:nite="http://nite.sourceforge.net/">
   <ae nite:id="ES2010c.D.argumentstructs.Erik.1">
      <nite:pointer role="type"  href="ae-types.xml#id(ae_1)"/>
      <nite:child href="ES2010c.D.words.xml#id(ES2010c.D.words887)..id(ES2010c.D.words889)"/>
   </ae>
   <ae nite:id="ES2010c.D.argumentstructs.Erik.2">
      <nite:pointer role="type"  href="ae-types.xml#id(ae_1)"/>
      <nite:child href="ES2010c.D.words.xml#id(ES2010c.D.words890)..id(ES2010c.D.words909)"/>
   </ae>
   <ae nite:id="ES2010c.D.argumentstructs.Erik.3">
      <nite:pointer role="type"  href="ae-types.xml#id(ae_1)"/>
      <nite:child href="ES2010c.D.words.xml#id(ES2010c.D.words910)..id(ES2010c.D.words911)"/>
   </ae>
   <ae nite:id="ES2010c.D.argumentstructs.Erik.4">
      <nite:pointer role="type"  href="ae-types.xml#id(ae_1)"/>
      <nite:child href="ES2010c.D.words.xml#id(ES2010c.D.words912)..id(ES2010c.D.words931)"/>
   </ae>
   <ae nite:id="ES2010c.D.argumentstructs.Erik.5">
      <nite:pointer role="type"  href="ae-types.xml#id(ae_1)"/>
      <nite:child href="ES2010c.D.words.xml#id(ES2010c.D.words932)..id(ES2010c.D.words934)"/>
   </ae>
   <ae nite:id="ES2010c.D.argumentstructs.Erik.6">
      <nite:pointer role="type"  href="ae-types.xml#id(ae_1)"/>
      <nite:child href="ES2010c.D.words.xml#id(ES2010c.D.words937)..id(ES2010c.D.words941)"/>
   </ae>
   <ae nite:id="ES2010c.D.argumentstructs.Erik.7">
      <nite:pointer role="type"  href="ae-types.xml#id(ae_1)"/>
      <nite:child href="ES2010c.D.words.xml#id(ES2010c.D.words942)..id(ES2010c.D.words950)"/>
   </ae>
   <ae nite:id="ES2010c.D.argumentstructs.Erik.8">
      <nite:pointer role="type"  href="ae-types.xml#id(ae_1)"/>
      <nite:child href="ES2010c.D.words.xml#id(ES2010c.D.words951)..id(ES2010c.D.words952)"/>
   </ae>
   <ae nite:id="ES2010c.D.argumentstructs.Erik.9">
      <nite:pointer role="type"  href="ae-types.xml#id(ae_1)"/>
      <nite:child href="ES2010c.D.words.xml#id(ES2010c.D.words954)..id(ES2010c.D.words955)"/>
   </ae>
   <ae nite:id="ES2010c.D.argumentstructs.Erik.10">
      <nite:pointer role="type"  href="ae-types.xml#id(ae_1)"/>
      <nite:child href="ES2010c.D.words.xml#id(ES2010c.D.words956)..id(ES2010c.D.words982)"/>
   </ae>
   <ae nite:id="ES2010c.D.argumentstructs.Erik.11">
      <nite:pointer role="type"  href="ae-types.xml#id(ae_1)"/>
      <nite:child href="ES2010c.D.words.xml#id(ES2010c.D.words1010)..id(ES2010c.D.words1026)"/>
   </ae>
   <ae nite:id="ES2010c.D.argumentstructs.Erik.12">
      <nite:pointer role="type"  href="ae-types.xml#id(ae_1)"/>
      <nite:child href="ES2010c.D.words.xml#id(ES2010c.D.words1030)..id(ES2010c.D.words1064)"/>
   </ae>
   <ae nite:id="ES2010c.D.argumentstructs.Erik.13">
      <nite:pointer role="type"  href="ae-types.xml#id(ae_2)"/>
      <nite:child href="ES2010c.D.words.xml#id(ES2010c.D.words1070)..id(ES2010c.D.words1076)"/>
   </ae>
   <ae nite:id="ES2010c.D.argumentstructs.Erik.14">
      <nite:pointer role="type"  href="ae-types.xml#id(ae_1)"/>
      <nite:child href="ES2010c.D.words.xml#id(ES2010c.D.words1077)..id(ES2010c.D.words1091)"/>
   </ae>
   <ae nite:id="ES2010c.D.argumentstructs.Erik.15">
      <nite:pointer role="type"  href="ae-types.xml#id(ae_1)"/>
      <nite:child href="ES2010c.D.words.xml#id(ES2010c.D.words1113)..id(ES2010c.D.words1121)"/>
   </ae>
   <ae nite:id="ES2010c.D.argumentstructs.Erik.16">
      <nite:pointer role="type"  href="ae-types.xml#id(ae_1)"/>
      <nite:child href="ES2010c.D.words.xml#id(ES2010c.D.words1122)..id(ES2010c.D.words1132)"/>
   </ae>
   <ae nite:id="ES2010c.D.argumentstructs.Erik.17">
      <nite:pointer role="type"  href="ae-types.xml#id(ae_1)"/>
      <nite:child href="ES2010c.D.words.xml#id(ES2010c.D.words1133)..id(ES2010c.D.words1136)"/>
   </ae>
   <ae nite:id="ES2010c.D.argumentstructs.Erik.18">
      <nite:pointer role="type"  href="ae-types.xml#id(ae_1)"/>
      <nite:child href="ES2010c.D.words.xml#id(ES2010c.D.words1158)..id(ES2010c.D.words1198)"/>
   </ae>
   <ae nite:id="ES2010c.D.argumentstructs.Erik.19">
      <nite:pointer role="type"  href="ae-types.xml#id(ae_1)"/>
      <nite:child href="ES2010c.D.words.xml#id(ES2010c.D.words1199)..id(ES2010c.D.words1203)"/>
   </ae>
   <ae nite:id="ES2010c.D.argumentstructs.Erik.20">
      <nite:pointer role="type"  href="ae-types.xml#id(ae_1)"/>
      <nite:child href="ES2010c.D.words.xml#id(ES2010c.D.words1204)..id(ES2010c.D.words1206)"/>
   </ae>
   <ae nite:id="ES2010c.D.argumentstructs.Erik.21">
      <nite:pointer role="type"  href="ae-types.xml#id(ae_5)"/>
      <nite:child href="ES2010c.D.words.xml#id(ES2010c.D.words1207)..id(ES2010c.D.words1218)"/>
   </ae>
   <ae nite:id="ES2010c.D.argumentstructs.Erik.22">
      <nite:pointer role="type"  href="ae-types.xml#id(ae_1)"/>
      <nite:child href="ES2010c.D.words.xml#id(ES2010c.D.words1219)..id(ES2010c.D.words1239)"/>
   </ae>
   <ae nite:id="ES2010c.D.argumentstructs.Erik.23">
      <nite:pointer role="type"  href="ae-types.xml#id(ae_1)"/>
      <nite:child href="ES2010c.D.words.xml#id(ES2010c.D.words1240)..id(ES2010c.D.words1256)"/>
   </ae>
   <ae nite:id="ES2010c.D.argumentstructs.Erik.24">
      <nite:pointer role="type"  href="ae-types.xml#id(ae_1)"/>
      <nite:child href="ES2010c.D.words.xml#id(ES2010c.D.words1257)..id(ES2010c.D.words1266)"/>
   </ae>
   <ae nite:id="ES2010c.D.argumentstructs.Erik.25">
      <nite:pointer role="type"  href="ae-types.xml#id(ae_1)"/>
      <nite:child href="ES2010c.D.words.xml#id(ES2010c.D.words1267)..id(ES2010c.D.words1274)"/>
   </ae>
   <ae nite:id="ES2010c.D.argumentstructs.Erik.26">
      <nite:pointer role="type"  href="ae-types.xml#id(ae_1)"/>
      <nite:child href="ES2010c.D.words.xml#id(ES2010c.D.words1279)..id(ES2010c.D.words1283)"/>
   </ae>
   <ae nite:id="ES2010c.D.argumentstructs.27">
      <nite:pointer role="type"  href="ae-types.xml#id(ae_6)"/>
      <nite:child href="ES2010c.D.words.xml#id(ES2010c.D.words935)..id(ES2010c.D.words936)"/>
   </ae>
   <ae nite:id="ES2010c.D.argumentstructs.28">
      <nite:pointer role="type"  href="ae-types.xml#id(ae_6)"/>
      <nite:child href="ES2010c.D.words.xml#id(ES2010c.D.words983)..id(ES2010c.D.words985)"/>
      <nite:child href="ES2010c.D.words.xml#id(ES2010c.D.words987)..id(ES2010c.D.words1009)"/>
   </ae>
   <ae nite:id="ES2010c.D.argumentstructs.29">
      <nite:pointer role="type"  href="ae-types.xml#id(ae_6)"/>
      <nite:child href="ES2010c.D.words.xml#id(ES2010c.D.words1027)..id(ES2010c.D.words1028)"/>
   </ae>
   <ae nite:id="ES2010c.D.argumentstructs.30">
      <nite:pointer role="type"  href="ae-types.xml#id(ae_6)"/>
      <nite:child href="ES2010c.D.words.xml#id(ES2010c.D.words1065)..id(ES2010c.D.words1069)"/>
   </ae>
   <ae nite:id="ES2010c.D.argumentstructs.31">
      <nite:pointer role="type"  href="ae-types.xml#id(ae_6)"/>
      <nite:child href="ES2010c.D.words.xml#id(ES2010c.D.words1137)"/>
   </ae>
   <ae nite:id="ES2010c.D.argumentstructs.32">
      <nite:pointer role="type"  href="ae-types.xml#id(ae_6)"/>
      <nite:child href="ES2010c.D.words.xml#id(ES2010c.D.words1276)..id(ES2010c.D.words1278)"/>
   </ae>
</nite:root>