<?xml version="1.0" encoding="ISO-8859-1" standalone="yes"?>
<nite:root nite:id="ES2007b.B.argumentstructs" xmlns:nite="http://nite.sourceforge.net/">
   <ae nite:id="ES2007b.B.argumentstructs.Erik.1">
      <nite:pointer role="type"  href="ae-types.xml#id(ae_1)"/>
      <nite:child href="ES2007b.B.words.xml#id(ES2007b.B.words373)..id(ES2007b.B.words374)"/>
   </ae>
   <ae nite:id="ES2007b.B.argumentstructs.Erik.2">
      <nite:pointer role="type"  href="ae-types.xml#id(ae_1)"/>
      <nite:child href="ES2007b.B.words.xml#id(ES2007b.B.words385)..id(ES2007b.B.words404)"/>
   </ae>
   <ae nite:id="ES2007b.B.argumentstructs.Erik.3">
      <nite:pointer role="type"  href="ae-types.xml#id(ae_3)"/>
      <nite:child href="ES2007b.B.words.xml#id(ES2007b.B.words412)..id(ES2007b.B.words414)"/>
   </ae>
   <ae nite:id="ES2007b.B.argumentstructs.Erik.4">
      <nite:pointer role="type"  href="ae-types.xml#id(ae_1)"/>
      <nite:child href="ES2007b.B.words.xml#id(ES2007b.B.words415)..id(ES2007b.B.words435)"/>
   </ae>
   <ae nite:id="ES2007b.B.argumentstructs.Erik.5">
      <nite:pointer role="type"  href="ae-types.xml#id(ae_1)"/>
      <nite:child href="ES2007b.B.words.xml#id(ES2007b.B.words436)..id(ES2007b.B.words470)"/>
   </ae>
   <ae nite:id="ES2007b.B.argumentstructs.Erik.6">
      <nite:pointer role="type"  href="ae-types.xml#id(ae_2)"/>
      <nite:child href="ES2007b.B.words.xml#id(ES2007b.B.words485)..id(ES2007b.B.words497)"/>
   </ae>
   <ae nite:id="ES2007b.B.argumentstructs.Erik.7">
      <nite:pointer role="type"  href="ae-types.xml#id(ae_1)"/>
      <nite:child href="ES2007b.B.words.xml#id(ES2007b.B.words473)..id(ES2007b.B.words484)"/>
   </ae>
   <ae nite:id="ES2007b.B.argumentstructs.Erik.8">
      <nite:pointer role="type"  href="ae-types.xml#id(ae_5)"/>
      <nite:child href="ES2007b.B.words.xml#id(ES2007b.B.words609)..id(ES2007b.B.words638)"/>
   </ae>
   <ae nite:id="ES2007b.B.argumentstructs.9">
      <nite:pointer role="type"  href="ae-types.xml#id(ae_6)"/>
      <nite:child href="ES2007b.B.words.xml#id(ES2007b.B.words375)..id(ES2007b.B.words383)"/>
   </ae>
   <ae nite:id="ES2007b.B.argumentstructs.10">
      <nite:pointer role="type"  href="ae-types.xml#id(ae_6)"/>
      <nite:child href="ES2007b.B.words.xml#id(ES2007b.B.words405)..id(ES2007b.B.words410)"/>
   </ae>
   <ae nite:id="ES2007b.B.argumentstructs.11">
      <nite:pointer role="type"  href="ae-types.xml#id(ae_6)"/>
      <nite:child href="ES2007b.B.words.xml#id(ES2007b.B.words471)"/>
   </ae>
   <ae nite:id="ES2007b.B.argumentstructs.12">
      <nite:pointer role="type"  href="ae-types.xml#id(ae_6)"/>
      <nite:child href="ES2007b.B.words.xml#id(ES2007b.B.words601)..id(ES2007b.B.words603)"/>
      <nite:child href="ES2007b.B.words.xml#id(ES2007b.B.words605)..id(ES2007b.B.words607)"/>
   </ae>
</nite:root>