<?xml version="1.0" encoding="ISO-8859-1" standalone="yes"?>
<nite:root nite:id="ES2006c.C.argumentstructs" xmlns:nite="http://nite.sourceforge.net/">
   <ae nite:id="ES2006c.C.argumentstructs.Erik.1">
      <nite:pointer role="type"  href="ae-types.xml#id(ae_1)"/>
      <nite:child href="ES2006c.C.words.xml#id(ES2006c.C.words359)..id(ES2006c.C.words360)"/>
   </ae>
   <ae nite:id="ES2006c.C.argumentstructs.Erik.2">
      <nite:pointer role="type"  href="ae-types.xml#id(ae_5)"/>
      <nite:child href="ES2006c.C.words.xml#id(ES2006c.C.words367)..id(ES2006c.C.words381)"/>
   </ae>
   <ae nite:id="ES2006c.C.argumentstructs.Erik.3">
      <nite:pointer role="type"  href="ae-types.xml#id(ae_1)"/>
      <nite:child href="ES2006c.C.words.xml#id(ES2006c.C.words466)..id(ES2006c.C.words477)"/>
   </ae>
   <ae nite:id="ES2006c.C.argumentstructs.Erik.4">
      <nite:pointer role="type"  href="ae-types.xml#id(ae_1)"/>
      <nite:child href="ES2006c.C.words.xml#id(ES2006c.C.words478)..id(ES2006c.C.words479)"/>
   </ae>
   <ae nite:id="ES2006c.C.argumentstructs.Erik.5">
      <nite:pointer role="type"  href="ae-types.xml#id(ae_1)"/>
      <nite:child href="ES2006c.C.words.xml#id(ES2006c.C.words480)..id(ES2006c.C.words495)"/>
   </ae>
   <ae nite:id="ES2006c.C.argumentstructs.Erik.6">
      <nite:pointer role="type"  href="ae-types.xml#id(ae_1)"/>
      <nite:child href="ES2006c.C.words.xml#id(ES2006c.C.words500)..id(ES2006c.C.words527)"/>
   </ae>
   <ae nite:id="ES2006c.C.argumentstructs.Erik.7">
      <nite:pointer role="type"  href="ae-types.xml#id(ae_1)"/>
      <nite:child href="ES2006c.C.words.xml#id(ES2006c.C.words528)..id(ES2006c.C.words538)"/>
   </ae>
   <ae nite:id="ES2006c.C.argumentstructs.Erik.8">
      <nite:pointer role="type"  href="ae-types.xml#id(ae_1)"/>
      <nite:child href="ES2006c.C.words.xml#id(ES2006c.C.words785)..id(ES2006c.C.words786)"/>
   </ae>
   <ae nite:id="ES2006c.C.argumentstructs.Erik.9">
      <nite:pointer role="type"  href="ae-types.xml#id(ae_2)"/>
      <nite:child href="ES2006c.C.words.xml#id(ES2006c.C.words787)..id(ES2006c.C.words809)"/>
   </ae>
   <ae nite:id="ES2006c.C.argumentstructs.Erik.10">
      <nite:pointer role="type"  href="ae-types.xml#id(ae_1)"/>
      <nite:child href="ES2006c.C.words.xml#id(ES2006c.C.words810)..id(ES2006c.C.words811)"/>
   </ae>
   <ae nite:id="ES2006c.C.argumentstructs.Erik.11">
      <nite:pointer role="type"  href="ae-types.xml#id(ae_1)"/>
      <nite:child href="ES2006c.C.words.xml#id(ES2006c.C.words812)..id(ES2006c.C.words813)"/>
   </ae>
   <ae nite:id="ES2006c.C.argumentstructs.Erik.12">
      <nite:pointer role="type"  href="ae-types.xml#id(ae_1)"/>
      <nite:child href="ES2006c.C.words.xml#id(ES2006c.C.words814)..id(ES2006c.C.words815)"/>
   </ae>
   <ae nite:id="ES2006c.C.argumentstructs.Erik.13">
      <nite:pointer role="type"  href="ae-types.xml#id(ae_1)"/>
      <nite:child href="ES2006c.C.words.xml#id(ES2006c.C.words824)..id(ES2006c.C.words825)"/>
   </ae>
   <ae nite:id="ES2006c.C.argumentstructs.Erik.14">
      <nite:pointer role="type"  href="ae-types.xml#id(ae_1)"/>
      <nite:child href="ES2006c.C.words.xml#id(ES2006c.C.words828)..id(ES2006c.C.words829)"/>
   </ae>
   <ae nite:id="ES2006c.C.argumentstructs.Erik.15">
      <nite:pointer role="type"  href="ae-types.xml#id(ae_4)"/>
      <nite:child href="ES2006c.C.words.xml#id(ES2006c.C.words839)..id(ES2006c.C.words853)"/>
   </ae>
   <ae nite:id="ES2006c.C.argumentstructs.Erik.16">
      <nite:pointer role="type"  href="ae-types.xml#id(ae_1)"/>
      <nite:child href="ES2006c.C.words.xml#id(ES2006c.C.words854)..id(ES2006c.C.words855)"/>
   </ae>
   <ae nite:id="ES2006c.C.argumentstructs.Erik.17">
      <nite:pointer role="type"  href="ae-types.xml#id(ae_1)"/>
      <nite:child href="ES2006c.C.words.xml#id(ES2006c.C.words858)..id(ES2006c.C.words859)"/>
   </ae>
   <ae nite:id="ES2006c.C.argumentstructs.18">
      <nite:pointer role="type"  href="ae-types.xml#id(ae_6)"/>
      <nite:child href="ES2006c.C.words.xml#id(ES2006c.C.words361)..id(ES2006c.C.words363)"/>
      <nite:child href="ES2006c.C.words.xml#id(ES2006c.C.words365)..id(ES2006c.C.words366)"/>
   </ae>
   <ae nite:id="ES2006c.C.argumentstructs.19">
      <nite:pointer role="type"  href="ae-types.xml#id(ae_6)"/>
      <nite:child href="ES2006c.C.words.xml#id(ES2006c.C.words383)..id(ES2006c.C.words392)"/>
   </ae>
   <ae nite:id="ES2006c.C.argumentstructs.20">
      <nite:pointer role="type"  href="ae-types.xml#id(ae_6)"/>
      <nite:child href="ES2006c.C.words.xml#id(ES2006c.C.words458)..id(ES2006c.C.words465)"/>
   </ae>
   <ae nite:id="ES2006c.C.argumentstructs.21">
      <nite:pointer role="type"  href="ae-types.xml#id(ae_6)"/>
      <nite:child href="ES2006c.C.words.xml#id(ES2006c.C.words496)..id(ES2006c.C.words499)"/>
   </ae>
   <ae nite:id="ES2006c.C.argumentstructs.22">
      <nite:pointer role="type"  href="ae-types.xml#id(ae_6)"/>
      <nite:child href="ES2006c.C.words.xml#id(ES2006c.C.words781)..id(ES2006c.C.words784)"/>
   </ae>
   <ae nite:id="ES2006c.C.argumentstructs.23">
      <nite:pointer role="type"  href="ae-types.xml#id(ae_6)"/>
      <nite:child href="ES2006c.C.words.xml#id(ES2006c.C.words818)..id(ES2006c.C.words822)"/>
   </ae>
   <ae nite:id="ES2006c.C.argumentstructs.24">
      <nite:pointer role="type"  href="ae-types.xml#id(ae_6)"/>
      <nite:child href="ES2006c.C.words.xml#id(ES2006c.C.words826)..id(ES2006c.C.words827)"/>
   </ae>
   <ae nite:id="ES2006c.C.argumentstructs.25">
      <nite:pointer role="type"  href="ae-types.xml#id(ae_6)"/>
      <nite:child href="ES2006c.C.words.xml#id(ES2006c.C.words830)..id(ES2006c.C.words831)"/>
      <nite:child href="ES2006c.C.words.xml#id(ES2006c.C.words833)"/>
      <nite:child href="ES2006c.C.words.xml#id(ES2006c.C.words835)"/>
      <nite:child href="ES2006c.C.words.xml#id(ES2006c.C.words837)..id(ES2006c.C.words838)"/>
   </ae>
   <ae nite:id="ES2006c.C.argumentstructs.26">
      <nite:pointer role="type"  href="ae-types.xml#id(ae_6)"/>
      <nite:child href="ES2006c.C.words.xml#id(ES2006c.C.words856)..id(ES2006c.C.words857)"/>
   </ae>
   <ae nite:id="ES2006c.C.argumentstructs.27">
      <nite:pointer role="type"  href="ae-types.xml#id(ae_6)"/>
      <nite:child href="ES2006c.C.words.xml#id(ES2006c.C.words860)..id(ES2006c.C.words861)"/>
   </ae>
</nite:root>