<?xml version="1.0" encoding="ISO-8859-1" standalone="yes"?>
<nite:root nite:id="ES2010b.B.argumentstructs" xmlns:nite="http://nite.sourceforge.net/">
   <ae nite:id="ES2010b.B.argumentstructs.Erik.1">
      <nite:pointer role="type"  href="ae-types.xml#id(ae_1)"/>
      <nite:child href="ES2010b.B.words.xml#id(ES2010b.B.words590)..id(ES2010b.B.words651)"/>
   </ae>
   <ae nite:id="ES2010b.B.argumentstructs.Erik.2">
      <nite:pointer role="type"  href="ae-types.xml#id(ae_1)"/>
      <nite:child href="ES2010b.B.words.xml#id(ES2010b.B.words652)..id(ES2010b.B.words661)"/>
   </ae>
   <ae nite:id="ES2010b.B.argumentstructs.Erik.3">
      <nite:pointer role="type"  href="ae-types.xml#id(ae_1)"/>
      <nite:child href="ES2010b.B.words.xml#id(ES2010b.B.words664)..id(ES2010b.B.words685)"/>
   </ae>
   <ae nite:id="ES2010b.B.argumentstructs.4">
      <nite:pointer role="type"  href="ae-types.xml#id(ae_6)"/>
      <nite:child href="ES2010b.B.words.xml#id(ES2010b.B.words860)..id(ES2010b.B.words861)"/>
   </ae>
</nite:root>