<?xml version="1.0" encoding="ISO-8859-1" standalone="yes"?>
<nite:root nite:id="ES2003d.B.argumentstructs" xmlns:nite="http://nite.sourceforge.net/">
   <ae nite:id="ES2003d.B.argumentstructs.Erik.1">
      <nite:pointer role="type"  href="ae-types.xml#id(ae_2)"/>
      <nite:child href="ES2003d.B.words.xml#id(ES2003d.B.words247)..id(ES2003d.B.words252)"/>
   </ae>
   <ae nite:id="ES2003d.B.argumentstructs.Erik.2">
      <nite:pointer role="type"  href="ae-types.xml#id(ae_1)"/>
      <nite:child href="ES2003d.B.words.xml#id(ES2003d.B.words253)..id(ES2003d.B.words296)"/>
   </ae>
   <ae nite:id="ES2003d.B.argumentstructs.Erik.3">
      <nite:pointer role="type"  href="ae-types.xml#id(ae_1)"/>
      <nite:child href="ES2003d.B.words.xml#id(ES2003d.B.words298)..id(ES2003d.B.words299)"/>
   </ae>
   <ae nite:id="ES2003d.B.argumentstructs.Erik.4">
      <nite:pointer role="type"  href="ae-types.xml#id(ae_1)"/>
      <nite:child href="ES2003d.B.words.xml#id(ES2003d.B.words427)..id(ES2003d.B.words520)"/>
   </ae>
   <ae nite:id="ES2003d.B.argumentstructs.Erik.5">
      <nite:pointer role="type"  href="ae-types.xml#id(ae_1)"/>
      <nite:child href="ES2003d.B.words.xml#id(ES2003d.B.words521)..id(ES2003d.B.words636)"/>
   </ae>
   <ae nite:id="ES2003d.B.argumentstructs.Erik.6">
      <nite:pointer role="type"  href="ae-types.xml#id(ae_1)"/>
      <nite:child href="ES2003d.B.words.xml#id(ES2003d.B.words637)..id(ES2003d.B.words669)"/>
   </ae>
   <ae nite:id="ES2003d.B.argumentstructs.Erik.7">
      <nite:pointer role="type"  href="ae-types.xml#id(ae_1)"/>
      <nite:child href="ES2003d.B.words.xml#id(ES2003d.B.words670)..id(ES2003d.B.words704)"/>
   </ae>
   <ae nite:id="ES2003d.B.argumentstructs.Erik.8">
      <nite:pointer role="type"  href="ae-types.xml#id(ae_1)"/>
      <nite:child href="ES2003d.B.words.xml#id(ES2003d.B.words705)..id(ES2003d.B.words744)"/>
   </ae>
   <ae nite:id="ES2003d.B.argumentstructs.Erik.9">
      <nite:pointer role="type"  href="ae-types.xml#id(ae_1)"/>
      <nite:child href="ES2003d.B.words.xml#id(ES2003d.B.words747)..id(ES2003d.B.words829)"/>
   </ae>
   <ae nite:id="ES2003d.B.argumentstructs.Erik.10">
      <nite:pointer role="type"  href="ae-types.xml#id(ae_1)"/>
      <nite:child href="ES2003d.B.words.xml#id(ES2003d.B.words830)..id(ES2003d.B.words831)"/>
   </ae>
   <ae nite:id="ES2003d.B.argumentstructs.Erik.11">
      <nite:pointer role="type"  href="ae-types.xml#id(ae_1)"/>
      <nite:child href="ES2003d.B.words.xml#id(ES2003d.B.words832)..id(ES2003d.B.words841)"/>
   </ae>
   <ae nite:id="ES2003d.B.argumentstructs.Erik.12">
      <nite:pointer role="type"  href="ae-types.xml#id(ae_1)"/>
      <nite:child href="ES2003d.B.words.xml#id(ES2003d.B.words844)..id(ES2003d.B.words873)"/>
   </ae>
   <ae nite:id="ES2003d.B.argumentstructs.Erik.13">
      <nite:pointer role="type"  href="ae-types.xml#id(ae_1)"/>
      <nite:child href="ES2003d.B.words.xml#id(ES2003d.B.words877)..id(ES2003d.B.words923)"/>
   </ae>
   <ae nite:id="ES2003d.B.argumentstructs.Erik.14">
      <nite:pointer role="type"  href="ae-types.xml#id(ae_1)"/>
      <nite:child href="ES2003d.B.words.xml#id(ES2003d.B.words924)..id(ES2003d.B.words989)"/>
   </ae>
   <ae nite:id="ES2003d.B.argumentstructs.Erik.15">
      <nite:pointer role="type"  href="ae-types.xml#id(ae_1)"/>
      <nite:child href="ES2003d.B.words.xml#id(ES2003d.B.words990)..id(ES2003d.B.words1134)"/>
   </ae>
   <ae nite:id="ES2003d.B.argumentstructs.Erik.16">
      <nite:pointer role="type"  href="ae-types.xml#id(ae_1)"/>
      <nite:child href="ES2003d.B.words.xml#id(ES2003d.B.words1137)..id(ES2003d.B.words1148)"/>
   </ae>
   <ae nite:id="ES2003d.B.argumentstructs.Erik.17">
      <nite:pointer role="type"  href="ae-types.xml#id(ae_1)"/>
      <nite:child href="ES2003d.B.words.xml#id(ES2003d.B.words1150)..id(ES2003d.B.words1231)"/>
   </ae>
   <ae nite:id="ES2003d.B.argumentstructs.Erik.18">
      <nite:pointer role="type"  href="ae-types.xml#id(ae_1)"/>
      <nite:child href="ES2003d.B.words.xml#id(ES2003d.B.words1232)..id(ES2003d.B.words1238)"/>
   </ae>
   <ae nite:id="ES2003d.B.argumentstructs.Erik.19">
      <nite:pointer role="type"  href="ae-types.xml#id(ae_1)"/>
      <nite:child href="ES2003d.B.words.xml#id(ES2003d.B.words1240)..id(ES2003d.B.words1249)"/>
   </ae>
   <ae nite:id="ES2003d.B.argumentstructs.Erik.20">
      <nite:pointer role="type"  href="ae-types.xml#id(ae_1)"/>
      <nite:child href="ES2003d.B.words.xml#id(ES2003d.B.words1255)..id(ES2003d.B.words1259)"/>
   </ae>
   <ae nite:id="ES2003d.B.argumentstructs.Erik.21">
      <nite:pointer role="type"  href="ae-types.xml#id(ae_1)"/>
      <nite:child href="ES2003d.B.words.xml#id(ES2003d.B.words1263)..id(ES2003d.B.words1270)"/>
   </ae>
   <ae nite:id="ES2003d.B.argumentstructs.Erik.22">
      <nite:pointer role="type"  href="ae-types.xml#id(ae_1)"/>
      <nite:child href="ES2003d.B.words.xml#id(ES2003d.B.words1272)..id(ES2003d.B.words1277)"/>
   </ae>
   <ae nite:id="ES2003d.B.argumentstructs.Erik.23">
      <nite:pointer role="type"  href="ae-types.xml#id(ae_1)"/>
      <nite:child href="ES2003d.B.words.xml#id(ES2003d.B.words1278)..id(ES2003d.B.words1290)"/>
   </ae>
   <ae nite:id="ES2003d.B.argumentstructs.Erik.24">
      <nite:pointer role="type"  href="ae-types.xml#id(ae_1)"/>
      <nite:child href="ES2003d.B.words.xml#id(ES2003d.B.words1291)..id(ES2003d.B.words1296)"/>
   </ae>
   <ae nite:id="ES2003d.B.argumentstructs.Erik.25">
      <nite:pointer role="type"  href="ae-types.xml#id(ae_2)"/>
      <nite:child href="ES2003d.B.words.xml#id(ES2003d.B.words1297)..id(ES2003d.B.words1314)"/>
   </ae>
   <ae nite:id="ES2003d.B.argumentstructs.Erik.26">
      <nite:pointer role="type"  href="ae-types.xml#id(ae_1)"/>
      <nite:child href="ES2003d.B.words.xml#id(ES2003d.B.words1315)..id(ES2003d.B.words1322)"/>
   </ae>
   <ae nite:id="ES2003d.B.argumentstructs.Erik.27">
      <nite:pointer role="type"  href="ae-types.xml#id(ae_1)"/>
      <nite:child href="ES2003d.B.words.xml#id(ES2003d.B.words1323)..id(ES2003d.B.words1329)"/>
   </ae>
   <ae nite:id="ES2003d.B.argumentstructs.Erik.28">
      <nite:pointer role="type"  href="ae-types.xml#id(ae_1)"/>
      <nite:child href="ES2003d.B.words.xml#id(ES2003d.B.words1332)..id(ES2003d.B.words1360)"/>
   </ae>
   <ae nite:id="ES2003d.B.argumentstructs.Erik.29">
      <nite:pointer role="type"  href="ae-types.xml#id(ae_1)"/>
      <nite:child href="ES2003d.B.words.xml#id(ES2003d.B.words1361)..id(ES2003d.B.words1375)"/>
   </ae>
   <ae nite:id="ES2003d.B.argumentstructs.Erik.30">
      <nite:pointer role="type"  href="ae-types.xml#id(ae_1)"/>
      <nite:child href="ES2003d.B.words.xml#id(ES2003d.B.words1381)..id(ES2003d.B.words1384)"/>
   </ae>
   <ae nite:id="ES2003d.B.argumentstructs.Erik.31">
      <nite:pointer role="type"  href="ae-types.xml#id(ae_1)"/>
      <nite:child href="ES2003d.B.words.xml#id(ES2003d.B.words1390)..id(ES2003d.B.words1413)"/>
   </ae>
   <ae nite:id="ES2003d.B.argumentstructs.Erik.32">
      <nite:pointer role="type"  href="ae-types.xml#id(ae_1)"/>
      <nite:child href="ES2003d.B.words.xml#id(ES2003d.B.words1414)..id(ES2003d.B.words1446)"/>
   </ae>
   <ae nite:id="ES2003d.B.argumentstructs.Erik.33">
      <nite:pointer role="type"  href="ae-types.xml#id(ae_1)"/>
      <nite:child href="ES2003d.B.words.xml#id(ES2003d.B.words1447)..id(ES2003d.B.words1482)"/>
   </ae>
   <ae nite:id="ES2003d.B.argumentstructs.Erik.34">
      <nite:pointer role="type"  href="ae-types.xml#id(ae_5)"/>
      <nite:child href="ES2003d.B.words.xml#id(ES2003d.B.words1484)..id(ES2003d.B.words1511)"/>
   </ae>
   <ae nite:id="ES2003d.B.argumentstructs.Erik.35">
      <nite:pointer role="type"  href="ae-types.xml#id(ae_1)"/>
      <nite:child href="ES2003d.B.words.xml#id(ES2003d.B.words1512)..id(ES2003d.B.words1544)"/>
   </ae>
   <ae nite:id="ES2003d.B.argumentstructs.Erik.36">
      <nite:pointer role="type"  href="ae-types.xml#id(ae_3)"/>
      <nite:child href="ES2003d.B.words.xml#id(ES2003d.B.words1545)..id(ES2003d.B.words1549)"/>
   </ae>
   <ae nite:id="ES2003d.B.argumentstructs.Erik.37">
      <nite:pointer role="type"  href="ae-types.xml#id(ae_5)"/>
      <nite:child href="ES2003d.B.words.xml#id(ES2003d.B.words1551)..id(ES2003d.B.words1562)"/>
   </ae>
   <ae nite:id="ES2003d.B.argumentstructs.Erik.38">
      <nite:pointer role="type"  href="ae-types.xml#id(ae_1)"/>
      <nite:child href="ES2003d.B.words.xml#id(ES2003d.B.words1563)..id(ES2003d.B.words1606)"/>
   </ae>
   <ae nite:id="ES2003d.B.argumentstructs.Erik.39">
      <nite:pointer role="type"  href="ae-types.xml#id(ae_5)"/>
      <nite:child href="ES2003d.B.words.xml#id(ES2003d.B.words1607)..id(ES2003d.B.words1649)"/>
   </ae>
   <ae nite:id="ES2003d.B.argumentstructs.Erik.40">
      <nite:pointer role="type"  href="ae-types.xml#id(ae_2)"/>
      <nite:child href="ES2003d.B.words.xml#id(ES2003d.B.words1650)..id(ES2003d.B.words1654)"/>
   </ae>
   <ae nite:id="ES2003d.B.argumentstructs.Erik.41">
      <nite:pointer role="type"  href="ae-types.xml#id(ae_1)"/>
      <nite:child href="ES2003d.B.words.xml#id(ES2003d.B.words1661)..id(ES2003d.B.words1671)"/>
   </ae>
   <ae nite:id="ES2003d.B.argumentstructs.Erik.42">
      <nite:pointer role="type"  href="ae-types.xml#id(ae_1)"/>
      <nite:child href="ES2003d.B.words.xml#id(ES2003d.B.words1672)..id(ES2003d.B.words1679)"/>
   </ae>
   <ae nite:id="ES2003d.B.argumentstructs.Erik.43">
      <nite:pointer role="type"  href="ae-types.xml#id(ae_1)"/>
      <nite:child href="ES2003d.B.words.xml#id(ES2003d.B.words1691)..id(ES2003d.B.words1709)"/>
   </ae>
   <ae nite:id="ES2003d.B.argumentstructs.Erik.44">
      <nite:pointer role="type"  href="ae-types.xml#id(ae_1)"/>
      <nite:child href="ES2003d.B.words.xml#id(ES2003d.B.words1710)..id(ES2003d.B.words1733)"/>
   </ae>
   <ae nite:id="ES2003d.B.argumentstructs.Erik.45">
      <nite:pointer role="type"  href="ae-types.xml#id(ae_1)"/>
      <nite:child href="ES2003d.B.words.xml#id(ES2003d.B.words1745)..id(ES2003d.B.words1749)"/>
   </ae>
   <ae nite:id="ES2003d.B.argumentstructs.Erik.46">
      <nite:pointer role="type"  href="ae-types.xml#id(ae_1)"/>
      <nite:child href="ES2003d.B.words.xml#id(ES2003d.B.words1750)..id(ES2003d.B.words1780)"/>
   </ae>
   <ae nite:id="ES2003d.B.argumentstructs.Erik.47">
      <nite:pointer role="type"  href="ae-types.xml#id(ae_1)"/>
      <nite:child href="ES2003d.B.words.xml#id(ES2003d.B.words1788)..id(ES2003d.B.words1824)"/>
   </ae>
   <ae nite:id="ES2003d.B.argumentstructs.Erik.48">
      <nite:pointer role="type"  href="ae-types.xml#id(ae_1)"/>
      <nite:child href="ES2003d.B.words.xml#id(ES2003d.B.words1978)..id(ES2003d.B.words1982)"/>
   </ae>
   <ae nite:id="ES2003d.B.argumentstructs.Erik.49">
      <nite:pointer role="type"  href="ae-types.xml#id(ae_1)"/>
      <nite:child href="ES2003d.B.words.xml#id(ES2003d.B.words1985)..id(ES2003d.B.words1992)"/>
   </ae>
   <ae nite:id="ES2003d.B.argumentstructs.Erik.50">
      <nite:pointer role="type"  href="ae-types.xml#id(ae_1)"/>
      <nite:child href="ES2003d.B.words.xml#id(ES2003d.B.words2053)..id(ES2003d.B.words2069)"/>
   </ae>
   <ae nite:id="ES2003d.B.argumentstructs.Erik.51">
      <nite:pointer role="type"  href="ae-types.xml#id(ae_5)"/>
      <nite:child href="ES2003d.B.words.xml#id(ES2003d.B.words2070)..id(ES2003d.B.words2077)"/>
   </ae>
   <ae nite:id="ES2003d.B.argumentstructs.Erik.52">
      <nite:pointer role="type"  href="ae-types.xml#id(ae_1)"/>
      <nite:child href="ES2003d.B.words.xml#id(ES2003d.B.words2079)..id(ES2003d.B.words2080)"/>
   </ae>
   <ae nite:id="ES2003d.B.argumentstructs.Erik.53">
      <nite:pointer role="type"  href="ae-types.xml#id(ae_4)"/>
      <nite:child href="ES2003d.B.words.xml#id(ES2003d.B.words2089)..id(ES2003d.B.words2115)"/>
   </ae>
   <ae nite:id="ES2003d.B.argumentstructs.Erik.54">
      <nite:pointer role="type"  href="ae-types.xml#id(ae_5)"/>
      <nite:child href="ES2003d.B.words.xml#id(ES2003d.B.words2116)..id(ES2003d.B.words2121)"/>
   </ae>
   <ae nite:id="ES2003d.B.argumentstructs.Erik.55">
      <nite:pointer role="type"  href="ae-types.xml#id(ae_5)"/>
      <nite:child href="ES2003d.B.words.xml#id(ES2003d.B.words2127)..id(ES2003d.B.words2132)"/>
   </ae>
   <ae nite:id="ES2003d.B.argumentstructs.Erik.56">
      <nite:pointer role="type"  href="ae-types.xml#id(ae_1)"/>
      <nite:child href="ES2003d.B.words.xml#id(ES2003d.B.words2134)..id(ES2003d.B.words2153)"/>
   </ae>
   <ae nite:id="ES2003d.B.argumentstructs.Erik.57">
      <nite:pointer role="type"  href="ae-types.xml#id(ae_1)"/>
      <nite:child href="ES2003d.B.words.xml#id(ES2003d.B.words2154)..id(ES2003d.B.words2161)"/>
   </ae>
   <ae nite:id="ES2003d.B.argumentstructs.Erik.58">
      <nite:pointer role="type"  href="ae-types.xml#id(ae_5)"/>
      <nite:child href="ES2003d.B.words.xml#id(ES2003d.B.words2162)..id(ES2003d.B.words2177)"/>
   </ae>
   <ae nite:id="ES2003d.B.argumentstructs.59">
      <nite:pointer role="type"  href="ae-types.xml#id(ae_6)"/>
      <nite:child href="ES2003d.B.words.xml#id(ES2003d.B.words300)"/>
   </ae>
   <ae nite:id="ES2003d.B.argumentstructs.60">
      <nite:pointer role="type"  href="ae-types.xml#id(ae_6)"/>
      <nite:child href="ES2003d.B.words.xml#id(ES2003d.B.words425)..id(ES2003d.B.words426)"/>
   </ae>
   <ae nite:id="ES2003d.B.argumentstructs.61">
      <nite:pointer role="type"  href="ae-types.xml#id(ae_6)"/>
      <nite:child href="ES2003d.B.words.xml#id(ES2003d.B.words745)..id(ES2003d.B.words746)"/>
   </ae>
   <ae nite:id="ES2003d.B.argumentstructs.62">
      <nite:pointer role="type"  href="ae-types.xml#id(ae_6)"/>
      <nite:child href="ES2003d.B.words.xml#id(ES2003d.B.words842)..id(ES2003d.B.words843)"/>
   </ae>
   <ae nite:id="ES2003d.B.argumentstructs.63">
      <nite:pointer role="type"  href="ae-types.xml#id(ae_6)"/>
      <nite:child href="ES2003d.B.words.xml#id(ES2003d.B.words875)..id(ES2003d.B.words876)"/>
   </ae>
   <ae nite:id="ES2003d.B.argumentstructs.64">
      <nite:pointer role="type"  href="ae-types.xml#id(ae_6)"/>
      <nite:child href="ES2003d.B.words.xml#id(ES2003d.B.words1135)"/>
   </ae>
   <ae nite:id="ES2003d.B.argumentstructs.65">
      <nite:pointer role="type"  href="ae-types.xml#id(ae_6)"/>
      <nite:child href="ES2003d.B.words.xml#id(ES2003d.B.words1149)"/>
   </ae>
   <ae nite:id="ES2003d.B.argumentstructs.66">
      <nite:pointer role="type"  href="ae-types.xml#id(ae_6)"/>
      <nite:child href="ES2003d.B.words.xml#id(ES2003d.B.words1250)..id(ES2003d.B.words1253)"/>
   </ae>
   <ae nite:id="ES2003d.B.argumentstructs.67">
      <nite:pointer role="type"  href="ae-types.xml#id(ae_6)"/>
      <nite:child href="ES2003d.B.words.xml#id(ES2003d.B.words1261)..id(ES2003d.B.words1262)"/>
   </ae>
   <ae nite:id="ES2003d.B.argumentstructs.68">
      <nite:pointer role="type"  href="ae-types.xml#id(ae_6)"/>
      <nite:child href="ES2003d.B.words.xml#id(ES2003d.B.words1330)..id(ES2003d.B.words1331)"/>
   </ae>
   <ae nite:id="ES2003d.B.argumentstructs.69">
      <nite:pointer role="type"  href="ae-types.xml#id(ae_6)"/>
      <nite:child href="ES2003d.B.words.xml#id(ES2003d.B.words1376)..id(ES2003d.B.words1378)"/>
   </ae>
   <ae nite:id="ES2003d.B.argumentstructs.70">
      <nite:pointer role="type"  href="ae-types.xml#id(ae_6)"/>
      <nite:child href="ES2003d.B.words.xml#id(ES2003d.B.words1385)..id(ES2003d.B.words1388)"/>
   </ae>
   <ae nite:id="ES2003d.B.argumentstructs.71">
      <nite:pointer role="type"  href="ae-types.xml#id(ae_6)"/>
      <nite:child href="ES2003d.B.words.xml#id(ES2003d.B.words1483)"/>
   </ae>
   <ae nite:id="ES2003d.B.argumentstructs.72">
      <nite:pointer role="type"  href="ae-types.xml#id(ae_6)"/>
      <nite:child href="ES2003d.B.words.xml#id(ES2003d.B.words1655)..id(ES2003d.B.words1659)"/>
   </ae>
   <ae nite:id="ES2003d.B.argumentstructs.73">
      <nite:pointer role="type"  href="ae-types.xml#id(ae_6)"/>
      <nite:child href="ES2003d.B.words.xml#id(ES2003d.B.words1680)..id(ES2003d.B.words1689)"/>
   </ae>
   <ae nite:id="ES2003d.B.argumentstructs.74">
      <nite:pointer role="type"  href="ae-types.xml#id(ae_6)"/>
      <nite:child href="ES2003d.B.words.xml#id(ES2003d.B.words1735)..id(ES2003d.B.words1737)"/>
      <nite:child href="ES2003d.B.words.xml#id(ES2003d.B.words1739)..id(ES2003d.B.words1744)"/>
   </ae>
   <ae nite:id="ES2003d.B.argumentstructs.75">
      <nite:pointer role="type"  href="ae-types.xml#id(ae_6)"/>
      <nite:child href="ES2003d.B.words.xml#id(ES2003d.B.words1781)..id(ES2003d.B.words1786)"/>
   </ae>
   <ae nite:id="ES2003d.B.argumentstructs.76">
      <nite:pointer role="type"  href="ae-types.xml#id(ae_6)"/>
      <nite:child href="ES2003d.B.words.xml#id(ES2003d.B.words1983)..id(ES2003d.B.words1984)"/>
   </ae>
   <ae nite:id="ES2003d.B.argumentstructs.77">
      <nite:pointer role="type"  href="ae-types.xml#id(ae_6)"/>
      <nite:child href="ES2003d.B.words.xml#id(ES2003d.B.words2081)..id(ES2003d.B.words2085)"/>
   </ae>
   <ae nite:id="ES2003d.B.argumentstructs.78">
      <nite:pointer role="type"  href="ae-types.xml#id(ae_6)"/>
      <nite:child href="ES2003d.B.words.xml#id(ES2003d.B.words2122)..id(ES2003d.B.words2124)"/>
      <nite:child href="ES2003d.B.words.xml#id(ES2003d.B.words2126)"/>
   </ae>
</nite:root>