<?xml version="1.0" encoding="ISO-8859-1" standalone="yes"?>
<nite:root nite:id="ES2014b.C.argumentstructs" xmlns:nite="http://nite.sourceforge.net/">
   <ae nite:id="ES2014b.C.argumentstructs.Rutger.1">
      <nite:pointer role="type"  href="ae-types.xml#id(ae_1)"/>
      <nite:child href="ES2014b.C.words.xml#id(ES2014b.C.words404)..id(ES2014b.C.words445)"/>
   </ae>
   <ae nite:id="ES2014b.C.argumentstructs.Rutger.2">
      <nite:pointer role="type"  href="ae-types.xml#id(ae_4)"/>
      <nite:child href="ES2014b.C.words.xml#id(ES2014b.C.words446)..id(ES2014b.C.words453)"/>
   </ae>
   <ae nite:id="ES2014b.C.argumentstructs.Rutger.4">
      <nite:pointer role="type"  href="ae-types.xml#id(ae_1)"/>
      <nite:child href="ES2014b.C.words.xml#id(ES2014b.C.words458)..id(ES2014b.C.words490)"/>
   </ae>
   <ae nite:id="ES2014b.C.argumentstructs.Rutger.5">
      <nite:pointer role="type"  href="ae-types.xml#id(ae_1)"/>
      <nite:child href="ES2014b.C.words.xml#id(ES2014b.C.words493)..id(ES2014b.C.words541)"/>
   </ae>
   <ae nite:id="ES2014b.C.argumentstructs.Rutger.6">
      <nite:pointer role="type"  href="ae-types.xml#id(ae_1)"/>
      <nite:child href="ES2014b.C.words.xml#id(ES2014b.C.words542)..id(ES2014b.C.words543)"/>
   </ae>
   <ae nite:id="ES2014b.C.argumentstructs.Rutger.7">
      <nite:pointer role="type"  href="ae-types.xml#id(ae_1)"/>
      <nite:child href="ES2014b.C.words.xml#id(ES2014b.C.words544)..id(ES2014b.C.words560)"/>
   </ae>
   <ae nite:id="ES2014b.C.argumentstructs.Rutger.8">
      <nite:pointer role="type"  href="ae-types.xml#id(ae_1)"/>
      <nite:child href="ES2014b.C.words.xml#id(ES2014b.C.words561)..id(ES2014b.C.words562)"/>
   </ae>
   <ae nite:id="ES2014b.C.argumentstructs.Rutger.9">
      <nite:pointer role="type"  href="ae-types.xml#id(ae_3)"/>
      <nite:child href="ES2014b.C.words.xml#id(ES2014b.C.words603)..id(ES2014b.C.words609)"/>
   </ae>
   <ae nite:id="ES2014b.C.argumentstructs.Rutger.10">
      <nite:pointer role="type"  href="ae-types.xml#id(ae_1)"/>
      <nite:child href="ES2014b.C.words.xml#id(ES2014b.C.words611)..id(ES2014b.C.words648)"/>
   </ae>
   <ae nite:id="ES2014b.C.argumentstructs.11">
      <nite:pointer role="type"  href="ae-types.xml#id(ae_6)"/>
      <nite:child href="ES2014b.C.words.xml#id(ES2014b.C.words454)..id(ES2014b.C.words455)"/>
   </ae>
   <ae nite:id="ES2014b.C.argumentstructs.12">
      <nite:pointer role="type"  href="ae-types.xml#id(ae_6)"/>
      <nite:child href="ES2014b.C.words.xml#id(ES2014b.C.words491)..id(ES2014b.C.words492)"/>
   </ae>
</nite:root>