<?xml version="1.0" encoding="ISO-8859-1" standalone="yes"?>
<nite:root nite:id="ES2008b.A.argumentstructs" xmlns:nite="http://nite.sourceforge.net/">
   <ae nite:id="ES2008b.A.argumentstructs.Erik.1">
      <nite:pointer role="type"  href="ae-types.xml#id(ae_3)"/>
      <nite:child href="ES2008b.A.words.xml#id(ES2008b.A.words920)..id(ES2008b.A.words1000)"/>
   </ae>
   <ae nite:id="ES2008b.A.argumentstructs.Erik.2">
      <nite:pointer role="type"  href="ae-types.xml#id(ae_1)"/>
      <nite:child href="ES2008b.A.words.xml#id(ES2008b.A.words1003)..id(ES2008b.A.words1024)"/>
   </ae>
   <ae nite:id="ES2008b.A.argumentstructs.Erik.3">
      <nite:pointer role="type"  href="ae-types.xml#id(ae_1)"/>
      <nite:child href="ES2008b.A.words.xml#id(ES2008b.A.words1025)..id(ES2008b.A.words1055)"/>
   </ae>
   <ae nite:id="ES2008b.A.argumentstructs.Erik.4">
      <nite:pointer role="type"  href="ae-types.xml#id(ae_1)"/>
      <nite:child href="ES2008b.A.words.xml#id(ES2008b.A.words1157)..id(ES2008b.A.words1164)"/>
   </ae>
   <ae nite:id="ES2008b.A.argumentstructs.Erik.5">
      <nite:pointer role="type"  href="ae-types.xml#id(ae_1)"/>
      <nite:child href="ES2008b.A.words.xml#id(ES2008b.A.words1175)..id(ES2008b.A.words1202)"/>
   </ae>
   <ae nite:id="ES2008b.A.argumentstructs.Erik.6">
      <nite:pointer role="type"  href="ae-types.xml#id(ae_3)"/>
      <nite:child href="ES2008b.A.words.xml#id(ES2008b.A.words1664)..id(ES2008b.A.words1671)"/>
   </ae>
   <ae nite:id="ES2008b.A.argumentstructs.Erik.7">
      <nite:pointer role="type"  href="ae-types.xml#id(ae_5)"/>
      <nite:child href="ES2008b.A.words.xml#id(ES2008b.A.words1672)..id(ES2008b.A.words1680)"/>
   </ae>
   <ae nite:id="ES2008b.A.argumentstructs.Erik.8">
      <nite:pointer role="type"  href="ae-types.xml#id(ae_1)"/>
      <nite:child href="ES2008b.A.words.xml#id(ES2008b.A.words1681)..id(ES2008b.A.words1686)"/>
   </ae>
   <ae nite:id="ES2008b.A.argumentstructs.Erik.9">
      <nite:pointer role="type"  href="ae-types.xml#id(ae_1)"/>
      <nite:child href="ES2008b.A.words.xml#id(ES2008b.A.words1687)..id(ES2008b.A.words1702)"/>
   </ae>
   <ae nite:id="ES2008b.A.argumentstructs.10">
      <nite:pointer role="type"  href="ae-types.xml#id(ae_6)"/>
      <nite:child href="ES2008b.A.words.xml#id(ES2008b.A.words1001)..id(ES2008b.A.words1002)"/>
   </ae>
   <ae nite:id="ES2008b.A.argumentstructs.11">
      <nite:pointer role="type"  href="ae-types.xml#id(ae_6)"/>
      <nite:child href="ES2008b.A.words.xml#id(ES2008b.A.words1165)..id(ES2008b.A.words1174)"/>
   </ae>
   <ae nite:id="ES2008b.A.argumentstructs.12">
      <nite:pointer role="type"  href="ae-types.xml#id(ae_6)"/>
      <nite:child href="ES2008b.A.words.xml#id(ES2008b.A.words1659)..id(ES2008b.A.words1663)"/>
   </ae>
   <ae nite:id="ES2008b.A.argumentstructs.13">
      <nite:pointer role="type"  href="ae-types.xml#id(ae_6)"/>
      <nite:child href="ES2008b.A.words.xml#id(ES2008b.A.words1703)..id(ES2008b.A.words1706)"/>
   </ae>
</nite:root>