<?xml version="1.0" encoding="ISO-8859-1" standalone="yes"?>
<nite:root nite:id="ES2016c.C.argumentstructs" xmlns:nite="http://nite.sourceforge.net/">
   <ae nite:id="ES2016c.C.argumentstructs.Rutger.1">
      <nite:pointer role="type"  href="ae-types.xml#id(ae_5)"/>
      <nite:child href="ES2016c.C.words.xml#id(ES2016c.C.words886)..id(ES2016c.C.words899)"/>
   </ae>
   <ae nite:id="ES2016c.C.argumentstructs.Rutger.2">
      <nite:pointer role="type"  href="ae-types.xml#id(ae_1)"/>
      <nite:child href="ES2016c.C.words.xml#id(ES2016c.C.words900)..id(ES2016c.C.words901)"/>
   </ae>
   <ae nite:id="ES2016c.C.argumentstructs.Rutger.3">
      <nite:pointer role="type"  href="ae-types.xml#id(ae_1)"/>
      <nite:child href="ES2016c.C.words.xml#id(ES2016c.C.words902)..id(ES2016c.C.words903)"/>
   </ae>
   <ae nite:id="ES2016c.C.argumentstructs.Rutger.4">
      <nite:pointer role="type"  href="ae-types.xml#id(ae_1)"/>
      <nite:child href="ES2016c.C.words.xml#id(ES2016c.C.words1119)..id(ES2016c.C.words1145)"/>
   </ae>
   <ae nite:id="ES2016c.C.argumentstructs.Rutger.5">
      <nite:pointer role="type"  href="ae-types.xml#id(ae_1)"/>
      <nite:child href="ES2016c.C.words.xml#id(ES2016c.C.words1152)..id(ES2016c.C.words1155)"/>
   </ae>
   <ae nite:id="ES2016c.C.argumentstructs.Rutger.6">
      <nite:pointer role="type"  href="ae-types.xml#id(ae_1)"/>
      <nite:child href="ES2016c.C.words.xml#id(ES2016c.C.words1156)..id(ES2016c.C.words1157)"/>
   </ae>
   <ae nite:id="ES2016c.C.argumentstructs.Rutger.7">
      <nite:pointer role="type"  href="ae-types.xml#id(ae_1)"/>
      <nite:child href="ES2016c.C.words.xml#id(ES2016c.C.words1160)..id(ES2016c.C.words1161)"/>
   </ae>
   <ae nite:id="ES2016c.C.argumentstructs.Rutger.8">
      <nite:pointer role="type"  href="ae-types.xml#id(ae_1)"/>
      <nite:child href="ES2016c.C.words.xml#id(ES2016c.C.words1162)..id(ES2016c.C.words1163)"/>
   </ae>
   <ae nite:id="ES2016c.C.argumentstructs.Rutger.9">
      <nite:pointer role="type"  href="ae-types.xml#id(ae_1)"/>
      <nite:child href="ES2016c.C.words.xml#id(ES2016c.C.words1164)..id(ES2016c.C.words1165)"/>
   </ae>
   <ae nite:id="ES2016c.C.argumentstructs.Rutger.10">
      <nite:pointer role="type"  href="ae-types.xml#id(ae_1)"/>
      <nite:child href="ES2016c.C.words.xml#id(ES2016c.C.words1166)..id(ES2016c.C.words1182)"/>
   </ae>
   <ae nite:id="ES2016c.C.argumentstructs.Rutger.13">
      <nite:pointer role="type"  href="ae-types.xml#id(ae_1)"/>
      <nite:child href="ES2016c.C.words.xml#id(ES2016c.C.words1197)..id(ES2016c.C.words1198)"/>
   </ae>
   <ae nite:id="ES2016c.C.argumentstructs.Rutger.14">
      <nite:pointer role="type"  href="ae-types.xml#id(ae_1)"/>
      <nite:child href="ES2016c.C.words.xml#id(ES2016c.C.words1183)..id(ES2016c.C.words1185)"/>
   </ae>
   <ae nite:id="ES2016c.C.argumentstructs.Rutger.15">
      <nite:pointer role="type"  href="ae-types.xml#id(ae_1)"/>
      <nite:child href="ES2016c.C.words.xml#id(ES2016c.C.words1186)..id(ES2016c.C.words1196)"/>
   </ae>
   <ae nite:id="ES2016c.C.argumentstructs.Rutger.16">
      <nite:pointer role="type"  href="ae-types.xml#id(ae_1)"/>
      <nite:child href="ES2016c.C.words.xml#id(ES2016c.C.words1199)..id(ES2016c.C.words1231)"/>
   </ae>
   <ae nite:id="ES2016c.C.argumentstructs.Rutger.17">
      <nite:pointer role="type"  href="ae-types.xml#id(ae_1)"/>
      <nite:child href="ES2016c.C.words.xml#id(ES2016c.C.words1233)..id(ES2016c.C.words1236)"/>
   </ae>
   <ae nite:id="ES2016c.C.argumentstructs.18">
      <nite:pointer role="type"  href="ae-types.xml#id(ae_6)"/>
      <nite:child href="ES2016c.C.words.xml#id(ES2016c.C.words884)..id(ES2016c.C.words885)"/>
   </ae>
   <ae nite:id="ES2016c.C.argumentstructs.19">
      <nite:pointer role="type"  href="ae-types.xml#id(ae_6)"/>
      <nite:child href="ES2016c.C.words.xml#id(ES2016c.C.words1116)..id(ES2016c.C.words1117)"/>
   </ae>
   <ae nite:id="ES2016c.C.argumentstructs.20">
      <nite:pointer role="type"  href="ae-types.xml#id(ae_6)"/>
      <nite:child href="ES2016c.C.words.xml#id(ES2016c.C.words1146)..id(ES2016c.C.words1151)"/>
   </ae>
   <ae nite:id="ES2016c.C.argumentstructs.21">
      <nite:pointer role="type"  href="ae-types.xml#id(ae_6)"/>
      <nite:child href="ES2016c.C.words.xml#id(ES2016c.C.words1159)"/>
   </ae>
</nite:root>