<?xml version="1.0" encoding="ISO-8859-1" standalone="yes"?>
<nite:root nite:id="ES2016b.C.argumentstructs" xmlns:nite="http://nite.sourceforge.net/">
   <ae nite:id="ES2016b.C.argumentstructs.Rutger.1">
      <nite:pointer role="type"  href="ae-types.xml#id(ae_1)"/>
      <nite:child href="ES2016b.C.words.xml#id(ES2016b.C.words687)..id(ES2016b.C.words727)"/>
   </ae>
   <ae nite:id="ES2016b.C.argumentstructs.Rutger.2">
      <nite:pointer role="type"  href="ae-types.xml#id(ae_1)"/>
      <nite:child href="ES2016b.C.words.xml#id(ES2016b.C.words728)..id(ES2016b.C.words747)"/>
   </ae>
   <ae nite:id="ES2016b.C.argumentstructs.Rutger.3">
      <nite:pointer role="type"  href="ae-types.xml#id(ae_1)"/>
      <nite:child href="ES2016b.C.words.xml#id(ES2016b.C.words748)..id(ES2016b.C.words749)"/>
   </ae>
   <ae nite:id="ES2016b.C.argumentstructs.Rutger.4">
      <nite:pointer role="type"  href="ae-types.xml#id(ae_1)"/>
      <nite:child href="ES2016b.C.words.xml#id(ES2016b.C.words750)..id(ES2016b.C.words751)"/>
   </ae>
   <ae nite:id="ES2016b.C.argumentstructs.Rutger.5">
      <nite:pointer role="type"  href="ae-types.xml#id(ae_1)"/>
      <nite:child href="ES2016b.C.words.xml#id(ES2016b.C.words752)..id(ES2016b.C.words783)"/>
   </ae>
   <ae nite:id="ES2016b.C.argumentstructs.Rutger.6">
      <nite:pointer role="type"  href="ae-types.xml#id(ae_1)"/>
      <nite:child href="ES2016b.C.words.xml#id(ES2016b.C.words784)..id(ES2016b.C.words785)"/>
   </ae>
   <ae nite:id="ES2016b.C.argumentstructs.Rutger.7">
      <nite:pointer role="type"  href="ae-types.xml#id(ae_1)"/>
      <nite:child href="ES2016b.C.words.xml#id(ES2016b.C.words786)..id(ES2016b.C.words809)"/>
   </ae>
   <ae nite:id="ES2016b.C.argumentstructs.Rutger.8">
      <nite:pointer role="type"  href="ae-types.xml#id(ae_1)"/>
      <nite:child href="ES2016b.C.words.xml#id(ES2016b.C.words810)..id(ES2016b.C.words815)"/>
   </ae>
</nite:root>