<?xml version="1.0" encoding="ISO-8859-1" standalone="yes"?>
<nite:root nite:id="ES2003a.C.argumentstructs" xmlns:nite="http://nite.sourceforge.net/">
   <ae nite:id="ES2003a.C.argumentstructs.Erik.1">
      <nite:pointer role="type"  href="ae-types.xml#id(ae_1)"/>
      <nite:child href="ES2003a.C.words.xml#id(ES2003a.C.words226)"/>
   </ae>
   <ae nite:id="ES2003a.C.argumentstructs.Erik.2">
      <nite:pointer role="type"  href="ae-types.xml#id(ae_1)"/>
      <nite:child href="ES2003a.C.words.xml#id(ES2003a.C.words227)..id(ES2003a.C.words373)"/>
   </ae>
   <ae nite:id="ES2003a.C.argumentstructs.Erik.3">
      <nite:pointer role="type"  href="ae-types.xml#id(ae_1)"/>
      <nite:child href="ES2003a.C.words.xml#id(ES2003a.C.words374)..id(ES2003a.C.words381)"/>
   </ae>
   <ae nite:id="ES2003a.C.argumentstructs.Erik.5">
      <nite:pointer role="type"  href="ae-types.xml#id(ae_1)"/>
      <nite:child href="ES2003a.C.words.xml#id(ES2003a.C.words423)..id(ES2003a.C.words453)"/>
   </ae>
   <ae nite:id="ES2003a.C.argumentstructs.Erik.6">
      <nite:pointer role="type"  href="ae-types.xml#id(ae_1)"/>
      <nite:child href="ES2003a.C.words.xml#id(ES2003a.C.words382)..id(ES2003a.C.words421)"/>
   </ae>
   <ae nite:id="ES2003a.C.argumentstructs.Erik.7">
      <nite:pointer role="type"  href="ae-types.xml#id(ae_1)"/>
      <nite:child href="ES2003a.C.words.xml#id(ES2003a.C.words464)..id(ES2003a.C.words469)"/>
   </ae>
   <ae nite:id="ES2003a.C.argumentstructs.Erik.8">
      <nite:pointer role="type"  href="ae-types.xml#id(ae_1)"/>
      <nite:child href="ES2003a.C.words.xml#id(ES2003a.C.words470)..id(ES2003a.C.words471)"/>
   </ae>
   <ae nite:id="ES2003a.C.argumentstructs.9">
      <nite:pointer role="type"  href="ae-types.xml#id(ae_6)"/>
      <nite:child href="ES2003a.C.words.xml#id(ES2003a.C.words224)..id(ES2003a.C.words225)"/>
   </ae>
   <ae nite:id="ES2003a.C.argumentstructs.10">
      <nite:pointer role="type"  href="ae-types.xml#id(ae_6)"/>
      <nite:child href="ES2003a.C.words.xml#id(ES2003a.C.words462)..id(ES2003a.C.words463)"/>
   </ae>
</nite:root>