<?xml version="1.0" encoding="ISO-8859-1" standalone="yes"?>
<nite:root nite:id="ES2009b.B.argumentstructs" xmlns:nite="http://nite.sourceforge.net/">
   <ae nite:id="ES2009b.B.argumentstructs.Erik.1">
      <nite:pointer role="type"  href="ae-types.xml#id(ae_1)"/>
      <nite:child href="ES2009b.B.words.xml#id(ES2009b.B.words515)..id(ES2009b.B.words534)"/>
   </ae>
   <ae nite:id="ES2009b.B.argumentstructs.Erik.2">
      <nite:pointer role="type"  href="ae-types.xml#id(ae_1)"/>
      <nite:child href="ES2009b.B.words.xml#id(ES2009b.B.words550)..id(ES2009b.B.words553)"/>
   </ae>
   <ae nite:id="ES2009b.B.argumentstructs.Erik.3">
      <nite:pointer role="type"  href="ae-types.xml#id(ae_1)"/>
      <nite:child href="ES2009b.B.words.xml#id(ES2009b.B.words554)..id(ES2009b.B.words561)"/>
   </ae>
   <ae nite:id="ES2009b.B.argumentstructs.Erik.4">
      <nite:pointer role="type"  href="ae-types.xml#id(ae_1)"/>
      <nite:child href="ES2009b.B.words.xml#id(ES2009b.B.words564)..id(ES2009b.B.words568)"/>
   </ae>
   <ae nite:id="ES2009b.B.argumentstructs.Erik.5">
      <nite:pointer role="type"  href="ae-types.xml#id(ae_1)"/>
      <nite:child href="ES2009b.B.words.xml#id(ES2009b.B.words569)..id(ES2009b.B.words570)"/>
   </ae>
   <ae nite:id="ES2009b.B.argumentstructs.Erik.6">
      <nite:pointer role="type"  href="ae-types.xml#id(ae_5)"/>
      <nite:child href="ES2009b.B.words.xml#id(ES2009b.B.words796)..id(ES2009b.B.words846)"/>
   </ae>
   <ae nite:id="ES2009b.B.argumentstructs.Erik.7">
      <nite:pointer role="type"  href="ae-types.xml#id(ae_3)"/>
      <nite:child href="ES2009b.B.words.xml#id(ES2009b.B.words847)..id(ES2009b.B.words855)"/>
   </ae>
   <ae nite:id="ES2009b.B.argumentstructs.Erik.8">
      <nite:pointer role="type"  href="ae-types.xml#id(ae_1)"/>
      <nite:child href="ES2009b.B.words.xml#id(ES2009b.B.words856)..id(ES2009b.B.words883)"/>
   </ae>
   <ae nite:id="ES2009b.B.argumentstructs.Erik.9">
      <nite:pointer role="type"  href="ae-types.xml#id(ae_1)"/>
      <nite:child href="ES2009b.B.words.xml#id(ES2009b.B.words884)..id(ES2009b.B.words887)"/>
   </ae>
   <ae nite:id="ES2009b.B.argumentstructs.Erik.10">
      <nite:pointer role="type"  href="ae-types.xml#id(ae_1)"/>
      <nite:child href="ES2009b.B.words.xml#id(ES2009b.B.words888)..id(ES2009b.B.words910)"/>
   </ae>
   <ae nite:id="ES2009b.B.argumentstructs.Erik.11">
      <nite:pointer role="type"  href="ae-types.xml#id(ae_1)"/>
      <nite:child href="ES2009b.B.words.xml#id(ES2009b.B.words911)..id(ES2009b.B.words914)"/>
   </ae>
   <ae nite:id="ES2009b.B.argumentstructs.Erik.12">
      <nite:pointer role="type"  href="ae-types.xml#id(ae_1)"/>
      <nite:child href="ES2009b.B.words.xml#id(ES2009b.B.words916)..id(ES2009b.B.words944)"/>
   </ae>
   <ae nite:id="ES2009b.B.argumentstructs.13">
      <nite:pointer role="type"  href="ae-types.xml#id(ae_6)"/>
      <nite:child href="ES2009b.B.words.xml#id(ES2009b.B.words512)..id(ES2009b.B.words513)"/>
   </ae>
   <ae nite:id="ES2009b.B.argumentstructs.14">
      <nite:pointer role="type"  href="ae-types.xml#id(ae_6)"/>
      <nite:child href="ES2009b.B.words.xml#id(ES2009b.B.words535)..id(ES2009b.B.words549)"/>
   </ae>
   <ae nite:id="ES2009b.B.argumentstructs.15">
      <nite:pointer role="type"  href="ae-types.xml#id(ae_6)"/>
      <nite:child href="ES2009b.B.words.xml#id(ES2009b.B.words562)..id(ES2009b.B.words563)"/>
   </ae>
</nite:root>