<?xml version="1.0" encoding="ISO-8859-1" standalone="yes"?>
<nite:root nite:id="ES2006d.A.argumentstructs" xmlns:nite="http://nite.sourceforge.net/">
   <ae nite:id="ES2006d.A.argumentstructs.Erik.1">
      <nite:pointer role="type"  href="ae-types.xml#id(ae_1)"/>
      <nite:child href="ES2006d.A.words.xml#id(ES2006d.A.words402)..id(ES2006d.A.words425)"/>
   </ae>
   <ae nite:id="ES2006d.A.argumentstructs.Erik.2">
      <nite:pointer role="type"  href="ae-types.xml#id(ae_1)"/>
      <nite:child href="ES2006d.A.words.xml#id(ES2006d.A.words427)..id(ES2006d.A.words443)"/>
   </ae>
   <ae nite:id="ES2006d.A.argumentstructs.Erik.3">
      <nite:pointer role="type"  href="ae-types.xml#id(ae_1)"/>
      <nite:child href="ES2006d.A.words.xml#id(ES2006d.A.words446)..id(ES2006d.A.words460)"/>
   </ae>
   <ae nite:id="ES2006d.A.argumentstructs.Erik.4">
      <nite:pointer role="type"  href="ae-types.xml#id(ae_1)"/>
      <nite:child href="ES2006d.A.words.xml#id(ES2006d.A.words483)..id(ES2006d.A.words484)"/>
   </ae>
   <ae nite:id="ES2006d.A.argumentstructs.Erik.5">
      <nite:pointer role="type"  href="ae-types.xml#id(ae_1)"/>
      <nite:child href="ES2006d.A.words.xml#id(ES2006d.A.words485)..id(ES2006d.A.words486)"/>
   </ae>
   <ae nite:id="ES2006d.A.argumentstructs.Erik.6">
      <nite:pointer role="type"  href="ae-types.xml#id(ae_1)"/>
      <nite:child href="ES2006d.A.words.xml#id(ES2006d.A.words651)..id(ES2006d.A.words665)"/>
   </ae>
   <ae nite:id="ES2006d.A.argumentstructs.Erik.7">
      <nite:pointer role="type"  href="ae-types.xml#id(ae_1)"/>
      <nite:child href="ES2006d.A.words.xml#id(ES2006d.A.words667)..id(ES2006d.A.words677)"/>
   </ae>
   <ae nite:id="ES2006d.A.argumentstructs.Erik.8">
      <nite:pointer role="type"  href="ae-types.xml#id(ae_1)"/>
      <nite:child href="ES2006d.A.words.xml#id(ES2006d.A.words679)..id(ES2006d.A.words680)"/>
   </ae>
   <ae nite:id="ES2006d.A.argumentstructs.9">
      <nite:pointer role="type"  href="ae-types.xml#id(ae_6)"/>
      <nite:child href="ES2006d.A.words.xml#id(ES2006d.A.words396)..id(ES2006d.A.words401)"/>
   </ae>
   <ae nite:id="ES2006d.A.argumentstructs.10">
      <nite:pointer role="type"  href="ae-types.xml#id(ae_6)"/>
      <nite:child href="ES2006d.A.words.xml#id(ES2006d.A.words444)..id(ES2006d.A.words445)"/>
   </ae>
   <ae nite:id="ES2006d.A.argumentstructs.11">
      <nite:pointer role="type"  href="ae-types.xml#id(ae_6)"/>
      <nite:child href="ES2006d.A.words.xml#id(ES2006d.A.words462)..id(ES2006d.A.words470)"/>
      <nite:child href="ES2006d.A.words.xml#id(ES2006d.A.words472)..id(ES2006d.A.words482)"/>
   </ae>
</nite:root>