<?xml version="1.0" encoding="ISO-8859-1" standalone="yes"?>
<nite:root nite:id="ES2007c.D.argumentstructs" xmlns:nite="http://nite.sourceforge.net/">
   <ae nite:id="ES2007c.D.argumentstructs.Erik.1">
      <nite:pointer role="type"  href="ae-types.xml#id(ae_1)"/>
      <nite:child href="ES2007c.D.words.xml#id(ES2007c.D.words78)..id(ES2007c.D.words81)"/>
   </ae>
   <ae nite:id="ES2007c.D.argumentstructs.Erik.2">
      <nite:pointer role="type"  href="ae-types.xml#id(ae_1)"/>
      <nite:child href="ES2007c.D.words.xml#id(ES2007c.D.words82)..id(ES2007c.D.words98)"/>
   </ae>
   <ae nite:id="ES2007c.D.argumentstructs.Erik.3">
      <nite:pointer role="type"  href="ae-types.xml#id(ae_3)"/>
      <nite:child href="ES2007c.D.words.xml#id(ES2007c.D.words103)..id(ES2007c.D.words111)"/>
   </ae>
   <ae nite:id="ES2007c.D.argumentstructs.Erik.4">
      <nite:pointer role="type"  href="ae-types.xml#id(ae_1)"/>
      <nite:child href="ES2007c.D.words.xml#id(ES2007c.D.words112)..id(ES2007c.D.words122)"/>
   </ae>
   <ae nite:id="ES2007c.D.argumentstructs.Erik.5">
      <nite:pointer role="type"  href="ae-types.xml#id(ae_1)"/>
      <nite:child href="ES2007c.D.words.xml#id(ES2007c.D.words123)..id(ES2007c.D.words127)"/>
   </ae>
   <ae nite:id="ES2007c.D.argumentstructs.Erik.7">
      <nite:pointer role="type"  href="ae-types.xml#id(ae_1)"/>
      <nite:child href="ES2007c.D.words.xml#id(ES2007c.D.words136)..id(ES2007c.D.words143)"/>
   </ae>
   <ae nite:id="ES2007c.D.argumentstructs.Erik.8">
      <nite:pointer role="type"  href="ae-types.xml#id(ae_1)"/>
      <nite:child href="ES2007c.D.words.xml#id(ES2007c.D.words160)..id(ES2007c.D.words205)"/>
   </ae>
   <ae nite:id="ES2007c.D.argumentstructs.Erik.9">
      <nite:pointer role="type"  href="ae-types.xml#id(ae_1)"/>
      <nite:child href="ES2007c.D.words.xml#id(ES2007c.D.words522)..id(ES2007c.D.words534)"/>
   </ae>
   <ae nite:id="ES2007c.D.argumentstructs.Erik.10">
      <nite:pointer role="type"  href="ae-types.xml#id(ae_1)"/>
      <nite:child href="ES2007c.D.words.xml#id(ES2007c.D.words535)..id(ES2007c.D.words545)"/>
   </ae>
   <ae nite:id="ES2007c.D.argumentstructs.Erik.11">
      <nite:pointer role="type"  href="ae-types.xml#id(ae_1)"/>
      <nite:child href="ES2007c.D.words.xml#id(ES2007c.D.words546)..id(ES2007c.D.words568)"/>
   </ae>
   <ae nite:id="ES2007c.D.argumentstructs.Erik.12">
      <nite:pointer role="type"  href="ae-types.xml#id(ae_1)"/>
      <nite:child href="ES2007c.D.words.xml#id(ES2007c.D.words572)..id(ES2007c.D.words578)"/>
   </ae>
   <ae nite:id="ES2007c.D.argumentstructs.Erik.13">
      <nite:pointer role="type"  href="ae-types.xml#id(ae_1)"/>
      <nite:child href="ES2007c.D.words.xml#id(ES2007c.D.words579)..id(ES2007c.D.words588)"/>
   </ae>
   <ae nite:id="ES2007c.D.argumentstructs.Erik.14">
      <nite:pointer role="type"  href="ae-types.xml#id(ae_1)"/>
      <nite:child href="ES2007c.D.words.xml#id(ES2007c.D.words589)..id(ES2007c.D.words627)"/>
   </ae>
   <ae nite:id="ES2007c.D.argumentstructs.Erik.15">
      <nite:pointer role="type"  href="ae-types.xml#id(ae_1)"/>
      <nite:child href="ES2007c.D.words.xml#id(ES2007c.D.words724)..id(ES2007c.D.words729)"/>
   </ae>
   <ae nite:id="ES2007c.D.argumentstructs.Erik.16">
      <nite:pointer role="type"  href="ae-types.xml#id(ae_1)"/>
      <nite:child href="ES2007c.D.words.xml#id(ES2007c.D.words1008)..id(ES2007c.D.words1050)"/>
   </ae>
   <ae nite:id="ES2007c.D.argumentstructs.Erik.17">
      <nite:pointer role="type"  href="ae-types.xml#id(ae_1)"/>
      <nite:child href="ES2007c.D.words.xml#id(ES2007c.D.words1051)..id(ES2007c.D.words1057)"/>
   </ae>
   <ae nite:id="ES2007c.D.argumentstructs.Erik.18">
      <nite:pointer role="type"  href="ae-types.xml#id(ae_1)"/>
      <nite:child href="ES2007c.D.words.xml#id(ES2007c.D.words1058)..id(ES2007c.D.words1092)"/>
   </ae>
   <ae nite:id="ES2007c.D.argumentstructs.Erik.19">
      <nite:pointer role="type"  href="ae-types.xml#id(ae_1)"/>
      <nite:child href="ES2007c.D.words.xml#id(ES2007c.D.words1093)..id(ES2007c.D.words1104)"/>
   </ae>
   <ae nite:id="ES2007c.D.argumentstructs.Erik.20">
      <nite:pointer role="type"  href="ae-types.xml#id(ae_1)"/>
      <nite:child href="ES2007c.D.words.xml#id(ES2007c.D.words1109)..id(ES2007c.D.words1131)"/>
   </ae>
   <ae nite:id="ES2007c.D.argumentstructs.Erik.21">
      <nite:pointer role="type"  href="ae-types.xml#id(ae_1)"/>
      <nite:child href="ES2007c.D.words.xml#id(ES2007c.D.words1132)..id(ES2007c.D.words1198)"/>
   </ae>
   <ae nite:id="ES2007c.D.argumentstructs.Erik.22">
      <nite:pointer role="type"  href="ae-types.xml#id(ae_1)"/>
      <nite:child href="ES2007c.D.words.xml#id(ES2007c.D.words1199)..id(ES2007c.D.words1217)"/>
   </ae>
   <ae nite:id="ES2007c.D.argumentstructs.Erik.23">
      <nite:pointer role="type"  href="ae-types.xml#id(ae_1)"/>
      <nite:child href="ES2007c.D.words.xml#id(ES2007c.D.words1218)..id(ES2007c.D.words1282)"/>
   </ae>
   <ae nite:id="ES2007c.D.argumentstructs.Erik.24">
      <nite:pointer role="type"  href="ae-types.xml#id(ae_1)"/>
      <nite:child href="ES2007c.D.words.xml#id(ES2007c.D.words1283)..id(ES2007c.D.words1284)"/>
   </ae>
   <ae nite:id="ES2007c.D.argumentstructs.Erik.25">
      <nite:pointer role="type"  href="ae-types.xml#id(ae_1)"/>
      <nite:child href="ES2007c.D.words.xml#id(ES2007c.D.words1285)..id(ES2007c.D.words1377)"/>
   </ae>
   <ae nite:id="ES2007c.D.argumentstructs.Erik.26">
      <nite:pointer role="type"  href="ae-types.xml#id(ae_1)"/>
      <nite:child href="ES2007c.D.words.xml#id(ES2007c.D.words1378)..id(ES2007c.D.words1391)"/>
   </ae>
   <ae nite:id="ES2007c.D.argumentstructs.Erik.27">
      <nite:pointer role="type"  href="ae-types.xml#id(ae_1)"/>
      <nite:child href="ES2007c.D.words.xml#id(ES2007c.D.words1395)..id(ES2007c.D.words1396)"/>
   </ae>
   <ae nite:id="ES2007c.D.argumentstructs.28">
      <nite:pointer role="type"  href="ae-types.xml#id(ae_6)"/>
      <nite:child href="ES2007c.D.words.xml#id(ES2007c.D.words74)..id(ES2007c.D.words77)"/>
   </ae>
   <ae nite:id="ES2007c.D.argumentstructs.29">
      <nite:pointer role="type"  href="ae-types.xml#id(ae_6)"/>
      <nite:child href="ES2007c.D.words.xml#id(ES2007c.D.words99)..id(ES2007c.D.words100)"/>
   </ae>
   <ae nite:id="ES2007c.D.argumentstructs.30">
      <nite:pointer role="type"  href="ae-types.xml#id(ae_6)"/>
      <nite:child href="ES2007c.D.words.xml#id(ES2007c.D.words128)..id(ES2007c.D.words130)"/>
      <nite:child href="ES2007c.D.words.xml#id(ES2007c.D.words132)..id(ES2007c.D.words134)"/>
   </ae>
   <ae nite:id="ES2007c.D.argumentstructs.31">
      <nite:pointer role="type"  href="ae-types.xml#id(ae_6)"/>
      <nite:child href="ES2007c.D.words.xml#id(ES2007c.D.words144)..id(ES2007c.D.words147)"/>
      <nite:child href="ES2007c.D.words.xml#id(ES2007c.D.words149)..id(ES2007c.D.words154)"/>
      <nite:child href="ES2007c.D.words.xml#id(ES2007c.D.words156)..id(ES2007c.D.words158)"/>
   </ae>
   <ae nite:id="ES2007c.D.argumentstructs.32">
      <nite:pointer role="type"  href="ae-types.xml#id(ae_6)"/>
      <nite:child href="ES2007c.D.words.xml#id(ES2007c.D.words452)..id(ES2007c.D.words493)"/>
      <nite:child href="ES2007c.D.words.xml#id(ES2007c.D.words495)..id(ES2007c.D.words497)"/>
      <nite:child href="ES2007c.D.words.xml#id(ES2007c.D.words499)..id(ES2007c.D.words521)"/>
   </ae>
   <ae nite:id="ES2007c.D.argumentstructs.33">
      <nite:pointer role="type"  href="ae-types.xml#id(ae_6)"/>
      <nite:child href="ES2007c.D.words.xml#id(ES2007c.D.words569)..id(ES2007c.D.words570)"/>
   </ae>
   <ae nite:id="ES2007c.D.argumentstructs.34">
      <nite:pointer role="type"  href="ae-types.xml#id(ae_6)"/>
      <nite:child href="ES2007c.D.words.xml#id(ES2007c.D.words628)..id(ES2007c.D.words631)"/>
      <nite:child href="ES2007c.D.words.xml#id(ES2007c.D.words633)..id(ES2007c.D.words668)"/>
      <nite:child href="ES2007c.D.words.xml#id(ES2007c.D.words670)..id(ES2007c.D.words681)"/>
      <nite:child href="ES2007c.D.words.xml#id(ES2007c.D.words683)..id(ES2007c.D.words723)"/>
   </ae>
   <ae nite:id="ES2007c.D.argumentstructs.35">
      <nite:pointer role="type"  href="ae-types.xml#id(ae_6)"/>
      <nite:child href="ES2007c.D.words.xml#id(ES2007c.D.words1106)"/>
   </ae>
   <ae nite:id="ES2007c.D.argumentstructs.36">
      <nite:pointer role="type"  href="ae-types.xml#id(ae_6)"/>
      <nite:child href="ES2007c.D.words.xml#id(ES2007c.D.words1392)..id(ES2007c.D.words1393)"/>
   </ae>
   <ae nite:id="ES2007c.D.argumentstructs.37">
      <nite:pointer role="type"  href="ae-types.xml#id(ae_6)"/>
      <nite:child href="ES2007c.D.words.xml#id(ES2007c.D.words1397)..id(ES2007c.D.words1402)"/>
   </ae>
</nite:root>