<?xml version="1.0" encoding="ISO-8859-1" standalone="yes"?>
<nite:root nite:id="ES2008d.A.argumentstructs" xmlns:nite="http://nite.sourceforge.net/">
   <ae nite:id="ES2008d.A.argumentstructs.Erik.1">
      <nite:pointer role="type"  href="ae-types.xml#id(ae_1)"/>
      <nite:child href="ES2008d.A.words.xml#id(ES2008d.A.words585)..id(ES2008d.A.words594)"/>
   </ae>
   <ae nite:id="ES2008d.A.argumentstructs.Erik.2">
      <nite:pointer role="type"  href="ae-types.xml#id(ae_3)"/>
      <nite:child href="ES2008d.A.words.xml#id(ES2008d.A.words595)..id(ES2008d.A.words618)"/>
   </ae>
   <ae nite:id="ES2008d.A.argumentstructs.Erik.3">
      <nite:pointer role="type"  href="ae-types.xml#id(ae_3)"/>
      <nite:child href="ES2008d.A.words.xml#id(ES2008d.A.words619)..id(ES2008d.A.words642)"/>
   </ae>
   <ae nite:id="ES2008d.A.argumentstructs.Erik.4">
      <nite:pointer role="type"  href="ae-types.xml#id(ae_1)"/>
      <nite:child href="ES2008d.A.words.xml#id(ES2008d.A.words643)..id(ES2008d.A.words644)"/>
   </ae>
   <ae nite:id="ES2008d.A.argumentstructs.Erik.5">
      <nite:pointer role="type"  href="ae-types.xml#id(ae_5)"/>
      <nite:child href="ES2008d.A.words.xml#id(ES2008d.A.words646)..id(ES2008d.A.words655)"/>
   </ae>
   <ae nite:id="ES2008d.A.argumentstructs.Erik.6">
      <nite:pointer role="type"  href="ae-types.xml#id(ae_1)"/>
      <nite:child href="ES2008d.A.words.xml#id(ES2008d.A.words656)..id(ES2008d.A.words657)"/>
   </ae>
   <ae nite:id="ES2008d.A.argumentstructs.Erik.7">
      <nite:pointer role="type"  href="ae-types.xml#id(ae_1)"/>
      <nite:child href="ES2008d.A.words.xml#id(ES2008d.A.words767)..id(ES2008d.A.words772)"/>
   </ae>
   <ae nite:id="ES2008d.A.argumentstructs.Erik.8">
      <nite:pointer role="type"  href="ae-types.xml#id(ae_1)"/>
      <nite:child href="ES2008d.A.words.xml#id(ES2008d.A.words773)..id(ES2008d.A.words793)"/>
   </ae>
   <ae nite:id="ES2008d.A.argumentstructs.Erik.9">
      <nite:pointer role="type"  href="ae-types.xml#id(ae_1)"/>
      <nite:child href="ES2008d.A.words.xml#id(ES2008d.A.words796)..id(ES2008d.A.words799)"/>
   </ae>
   <ae nite:id="ES2008d.A.argumentstructs.Erik.10">
      <nite:pointer role="type"  href="ae-types.xml#id(ae_1)"/>
      <nite:child href="ES2008d.A.words.xml#id(ES2008d.A.words800)..id(ES2008d.A.words809)"/>
   </ae>
   <ae nite:id="ES2008d.A.argumentstructs.Erik.11">
      <nite:pointer role="type"  href="ae-types.xml#id(ae_1)"/>
      <nite:child href="ES2008d.A.words.xml#id(ES2008d.A.words810)..id(ES2008d.A.words817)"/>
   </ae>
   <ae nite:id="ES2008d.A.argumentstructs.Erik.12">
      <nite:pointer role="type"  href="ae-types.xml#id(ae_1)"/>
      <nite:child href="ES2008d.A.words.xml#id(ES2008d.A.words844)..id(ES2008d.A.words922)"/>
   </ae>
   <ae nite:id="ES2008d.A.argumentstructs.Erik.13">
      <nite:pointer role="type"  href="ae-types.xml#id(ae_5)"/>
      <nite:child href="ES2008d.A.words.xml#id(ES2008d.A.words923)..id(ES2008d.A.words937)"/>
   </ae>
   <ae nite:id="ES2008d.A.argumentstructs.Erik.14">
      <nite:pointer role="type"  href="ae-types.xml#id(ae_1)"/>
      <nite:child href="ES2008d.A.words.xml#id(ES2008d.A.words945)..id(ES2008d.A.words953)"/>
   </ae>
   <ae nite:id="ES2008d.A.argumentstructs.Erik.15">
      <nite:pointer role="type"  href="ae-types.xml#id(ae_1)"/>
      <nite:child href="ES2008d.A.words.xml#id(ES2008d.A.words954)..id(ES2008d.A.words955)"/>
   </ae>
   <ae nite:id="ES2008d.A.argumentstructs.Erik.16">
      <nite:pointer role="type"  href="ae-types.xml#id(ae_1)"/>
      <nite:child href="ES2008d.A.words.xml#id(ES2008d.A.words958)..id(ES2008d.A.words959)"/>
   </ae>
   <ae nite:id="ES2008d.A.argumentstructs.17">
      <nite:pointer role="type"  href="ae-types.xml#id(ae_6)"/>
      <nite:child href="ES2008d.A.words.xml#id(ES2008d.A.words583)..id(ES2008d.A.words584)"/>
   </ae>
   <ae nite:id="ES2008d.A.argumentstructs.18">
      <nite:pointer role="type"  href="ae-types.xml#id(ae_6)"/>
      <nite:child href="ES2008d.A.words.xml#id(ES2008d.A.words658)..id(ES2008d.A.words659)"/>
   </ae>
   <ae nite:id="ES2008d.A.argumentstructs.19">
      <nite:pointer role="type"  href="ae-types.xml#id(ae_6)"/>
      <nite:child href="ES2008d.A.words.xml#id(ES2008d.A.words794)..id(ES2008d.A.words795)"/>
   </ae>
   <ae nite:id="ES2008d.A.argumentstructs.20">
      <nite:pointer role="type"  href="ae-types.xml#id(ae_6)"/>
      <nite:child href="ES2008d.A.words.xml#id(ES2008d.A.words938)..id(ES2008d.A.words944)"/>
   </ae>
   <ae nite:id="ES2008d.A.argumentstructs.21">
      <nite:pointer role="type"  href="ae-types.xml#id(ae_6)"/>
      <nite:child href="ES2008d.A.words.xml#id(ES2008d.A.words956)..id(ES2008d.A.words957)"/>
   </ae>
</nite:root>