<?xml version="1.0" encoding="ISO-8859-1" standalone="yes"?>
<nite:root nite:id="ES2010a.D.argumentstructs" xmlns:nite="http://nite.sourceforge.net/">
   <ae nite:id="ES2010a.D.argumentstructs.Erik.1">
      <nite:pointer role="type"  href="ae-types.xml#id(ae_1)"/>
      <nite:child href="ES2010a.D.words.xml#id(ES2010a.D.words241)..id(ES2010a.D.words243)"/>
   </ae>
   <ae nite:id="ES2010a.D.argumentstructs.Erik.2">
      <nite:pointer role="type"  href="ae-types.xml#id(ae_1)"/>
      <nite:child href="ES2010a.D.words.xml#id(ES2010a.D.words244)..id(ES2010a.D.words249)"/>
   </ae>
   <ae nite:id="ES2010a.D.argumentstructs.Erik.3">
      <nite:pointer role="type"  href="ae-types.xml#id(ae_4)"/>
      <nite:child href="ES2010a.D.words.xml#id(ES2010a.D.words250)..id(ES2010a.D.words254)"/>
   </ae>
   <ae nite:id="ES2010a.D.argumentstructs.Erik.4">
      <nite:pointer role="type"  href="ae-types.xml#id(ae_1)"/>
      <nite:child href="ES2010a.D.words.xml#id(ES2010a.D.words255)..id(ES2010a.D.words275)"/>
   </ae>
</nite:root>