<?xml version="1.0" encoding="ISO-8859-1" standalone="yes"?>
<nite:root nite:id="ES2007d.C.argumentstructs" xmlns:nite="http://nite.sourceforge.net/">
   <ae nite:id="ES2007d.C.argumentstructs.Erik.1">
      <nite:pointer role="type"  href="ae-types.xml#id(ae_1)"/>
      <nite:child href="ES2007d.C.words.xml#id(ES2007d.C.words403)..id(ES2007d.C.words410)"/>
   </ae>
   <ae nite:id="ES2007d.C.argumentstructs.Erik.2">
      <nite:pointer role="type"  href="ae-types.xml#id(ae_1)"/>
      <nite:child href="ES2007d.C.words.xml#id(ES2007d.C.words411)..id(ES2007d.C.words427)"/>
   </ae>
   <ae nite:id="ES2007d.C.argumentstructs.Erik.3">
      <nite:pointer role="type"  href="ae-types.xml#id(ae_1)"/>
      <nite:child href="ES2007d.C.words.xml#id(ES2007d.C.words429)..id(ES2007d.C.words445)"/>
   </ae>
   <ae nite:id="ES2007d.C.argumentstructs.Erik.4">
      <nite:pointer role="type"  href="ae-types.xml#id(ae_1)"/>
      <nite:child href="ES2007d.C.words.xml#id(ES2007d.C.words448)..id(ES2007d.C.words449)"/>
   </ae>
   <ae nite:id="ES2007d.C.argumentstructs.Erik.5">
      <nite:pointer role="type"  href="ae-types.xml#id(ae_1)"/>
      <nite:child href="ES2007d.C.words.xml#id(ES2007d.C.words608)..id(ES2007d.C.words609)"/>
   </ae>
   <ae nite:id="ES2007d.C.argumentstructs.Erik.6">
      <nite:pointer role="type"  href="ae-types.xml#id(ae_1)"/>
      <nite:child href="ES2007d.C.words.xml#id(ES2007d.C.words610)..id(ES2007d.C.words635)"/>
   </ae>
   <ae nite:id="ES2007d.C.argumentstructs.Erik.7">
      <nite:pointer role="type"  href="ae-types.xml#id(ae_1)"/>
      <nite:child href="ES2007d.C.words.xml#id(ES2007d.C.words636)..id(ES2007d.C.words656)"/>
   </ae>
   <ae nite:id="ES2007d.C.argumentstructs.Erik.8">
      <nite:pointer role="type"  href="ae-types.xml#id(ae_2)"/>
      <nite:child href="ES2007d.C.words.xml#id(ES2007d.C.words657)..id(ES2007d.C.words673)"/>
   </ae>
   <ae nite:id="ES2007d.C.argumentstructs.Erik.9">
      <nite:pointer role="type"  href="ae-types.xml#id(ae_2)"/>
      <nite:child href="ES2007d.C.words.xml#id(ES2007d.C.words674)..id(ES2007d.C.words678)"/>
   </ae>
   <ae nite:id="ES2007d.C.argumentstructs.Erik.10">
      <nite:pointer role="type"  href="ae-types.xml#id(ae_1)"/>
      <nite:child href="ES2007d.C.words.xml#id(ES2007d.C.words717)..id(ES2007d.C.words723)"/>
   </ae>
   <ae nite:id="ES2007d.C.argumentstructs.Erik.11">
      <nite:pointer role="type"  href="ae-types.xml#id(ae_1)"/>
      <nite:child href="ES2007d.C.words.xml#id(ES2007d.C.words724)..id(ES2007d.C.words742)"/>
   </ae>
   <ae nite:id="ES2007d.C.argumentstructs.Erik.12">
      <nite:pointer role="type"  href="ae-types.xml#id(ae_1)"/>
      <nite:child href="ES2007d.C.words.xml#id(ES2007d.C.words743)..id(ES2007d.C.words748)"/>
   </ae>
   <ae nite:id="ES2007d.C.argumentstructs.Erik.13">
      <nite:pointer role="type"  href="ae-types.xml#id(ae_5)"/>
      <nite:child href="ES2007d.C.words.xml#id(ES2007d.C.words749)..id(ES2007d.C.words754)"/>
   </ae>
   <ae nite:id="ES2007d.C.argumentstructs.Erik.14">
      <nite:pointer role="type"  href="ae-types.xml#id(ae_1)"/>
      <nite:child href="ES2007d.C.words.xml#id(ES2007d.C.words757)..id(ES2007d.C.words758)"/>
   </ae>
   <ae nite:id="ES2007d.C.argumentstructs.Erik.15">
      <nite:pointer role="type"  href="ae-types.xml#id(ae_1)"/>
      <nite:child href="ES2007d.C.words.xml#id(ES2007d.C.words759)..id(ES2007d.C.words777)"/>
   </ae>
   <ae nite:id="ES2007d.C.argumentstructs.Erik.16">
      <nite:pointer role="type"  href="ae-types.xml#id(ae_1)"/>
      <nite:child href="ES2007d.C.words.xml#id(ES2007d.C.words778)..id(ES2007d.C.words786)"/>
   </ae>
   <ae nite:id="ES2007d.C.argumentstructs.Erik.17">
      <nite:pointer role="type"  href="ae-types.xml#id(ae_1)"/>
      <nite:child href="ES2007d.C.words.xml#id(ES2007d.C.words787)..id(ES2007d.C.words796)"/>
   </ae>
   <ae nite:id="ES2007d.C.argumentstructs.Erik.18">
      <nite:pointer role="type"  href="ae-types.xml#id(ae_1)"/>
      <nite:child href="ES2007d.C.words.xml#id(ES2007d.C.words797)..id(ES2007d.C.words800)"/>
   </ae>
   <ae nite:id="ES2007d.C.argumentstructs.19">
      <nite:pointer role="type"  href="ae-types.xml#id(ae_6)"/>
      <nite:child href="ES2007d.C.words.xml#id(ES2007d.C.words446)..id(ES2007d.C.words447)"/>
   </ae>
   <ae nite:id="ES2007d.C.argumentstructs.20">
      <nite:pointer role="type"  href="ae-types.xml#id(ae_6)"/>
      <nite:child href="ES2007d.C.words.xml#id(ES2007d.C.words755)..id(ES2007d.C.words756)"/>
   </ae>
</nite:root>