<?xml version="1.0" encoding="ISO-8859-1" standalone="yes"?>
<nite:root nite:id="ES2004b.D.argumentstructs" xmlns:nite="http://nite.sourceforge.net/">
   <ae nite:id="ES2004b.D.argumentstructs.Erik.1">
      <nite:pointer role="type"  href="ae-types.xml#id(ae_5)"/>
      <nite:child href="ES2004b.D.words.xml#id(ES2004b.D.words869)..id(ES2004b.D.words882)"/>
   </ae>
   <ae nite:id="ES2004b.D.argumentstructs.Erik.2">
      <nite:pointer role="type"  href="ae-types.xml#id(ae_1)"/>
      <nite:child href="ES2004b.D.words.xml#id(ES2004b.D.words883)..id(ES2004b.D.words885)"/>
   </ae>
   <ae nite:id="ES2004b.D.argumentstructs.Erik.3">
      <nite:pointer role="type"  href="ae-types.xml#id(ae_5)"/>
      <nite:child href="ES2004b.D.words.xml#id(ES2004b.D.words886)..id(ES2004b.D.words891)"/>
   </ae>
   <ae nite:id="ES2004b.D.argumentstructs.Erik.4">
      <nite:pointer role="type"  href="ae-types.xml#id(ae_1)"/>
      <nite:child href="ES2004b.D.words.xml#id(ES2004b.D.words892)..id(ES2004b.D.words895)"/>
   </ae>
   <ae nite:id="ES2004b.D.argumentstructs.Erik.5">
      <nite:pointer role="type"  href="ae-types.xml#id(ae_1)"/>
      <nite:child href="ES2004b.D.words.xml#id(ES2004b.D.words896)..id(ES2004b.D.words897)"/>
   </ae>
   <ae nite:id="ES2004b.D.argumentstructs.Erik.6">
      <nite:pointer role="type"  href="ae-types.xml#id(ae_1)"/>
      <nite:child href="ES2004b.D.words.xml#id(ES2004b.D.words898)..id(ES2004b.D.words980)"/>
   </ae>
   <ae nite:id="ES2004b.D.argumentstructs.Erik.7">
      <nite:pointer role="type"  href="ae-types.xml#id(ae_1)"/>
      <nite:child href="ES2004b.D.words.xml#id(ES2004b.D.words1224)..id(ES2004b.D.words1233)"/>
   </ae>
   <ae nite:id="ES2004b.D.argumentstructs.Erik.8">
      <nite:pointer role="type"  href="ae-types.xml#id(ae_4)"/>
      <nite:child href="ES2004b.D.words.xml#id(ES2004b.D.words1398)..id(ES2004b.D.words1421)"/>
   </ae>
   <ae nite:id="ES2004b.D.argumentstructs.Erik.9">
      <nite:pointer role="type"  href="ae-types.xml#id(ae_1)"/>
      <nite:child href="ES2004b.D.words.xml#id(ES2004b.D.words1426)..id(ES2004b.D.words1446)"/>
   </ae>
   <ae nite:id="ES2004b.D.argumentstructs.Erik.10">
      <nite:pointer role="type"  href="ae-types.xml#id(ae_1)"/>
      <nite:child href="ES2004b.D.words.xml#id(ES2004b.D.words1535)..id(ES2004b.D.words1548)"/>
   </ae>
   <ae nite:id="ES2004b.D.argumentstructs.Erik.11">
      <nite:pointer role="type"  href="ae-types.xml#id(ae_1)"/>
      <nite:child href="ES2004b.D.words.xml#id(ES2004b.D.words1553)..id(ES2004b.D.words1554)"/>
   </ae>
   <ae nite:id="ES2004b.D.argumentstructs.Erik.12">
      <nite:pointer role="type"  href="ae-types.xml#id(ae_1)"/>
      <nite:child href="ES2004b.D.words.xml#id(ES2004b.D.words1555)..id(ES2004b.D.words1556)"/>
   </ae>
   <ae nite:id="ES2004b.D.argumentstructs.Erik.13">
      <nite:pointer role="type"  href="ae-types.xml#id(ae_1)"/>
      <nite:child href="ES2004b.D.words.xml#id(ES2004b.D.words1559)..id(ES2004b.D.words1560)"/>
   </ae>
   <ae nite:id="ES2004b.D.argumentstructs.Erik.14">
      <nite:pointer role="type"  href="ae-types.xml#id(ae_1)"/>
      <nite:child href="ES2004b.D.words.xml#id(ES2004b.D.words1569)..id(ES2004b.D.words1570)"/>
   </ae>
   <ae nite:id="ES2004b.D.argumentstructs.Erik.15">
      <nite:pointer role="type"  href="ae-types.xml#id(ae_1)"/>
      <nite:child href="ES2004b.D.words.xml#id(ES2004b.D.words1946)..id(ES2004b.D.words1952)"/>
   </ae>
   <ae nite:id="ES2004b.D.argumentstructs.Erik.16">
      <nite:pointer role="type"  href="ae-types.xml#id(ae_1)"/>
      <nite:child href="ES2004b.D.words.xml#id(ES2004b.D.words1953)..id(ES2004b.D.words2095)"/>
   </ae>
   <ae nite:id="ES2004b.D.argumentstructs.Erik.17">
      <nite:pointer role="type"  href="ae-types.xml#id(ae_1)"/>
      <nite:child href="ES2004b.D.words.xml#id(ES2004b.D.words2098)..id(ES2004b.D.words2099)"/>
   </ae>
   <ae nite:id="ES2004b.D.argumentstructs.Erik.18">
      <nite:pointer role="type"  href="ae-types.xml#id(ae_1)"/>
      <nite:child href="ES2004b.D.words.xml#id(ES2004b.D.words2102)..id(ES2004b.D.words2168)"/>
   </ae>
   <ae nite:id="ES2004b.D.argumentstructs.Erik.19">
      <nite:pointer role="type"  href="ae-types.xml#id(ae_1)"/>
      <nite:child href="ES2004b.D.words.xml#id(ES2004b.D.words2171)..id(ES2004b.D.words2172)"/>
   </ae>
   <ae nite:id="ES2004b.D.argumentstructs.20">
      <nite:pointer role="type"  href="ae-types.xml#id(ae_6)"/>
      <nite:child href="ES2004b.D.words.xml#id(ES2004b.D.words1220)..id(ES2004b.D.words1223)"/>
   </ae>
   <ae nite:id="ES2004b.D.argumentstructs.21">
      <nite:pointer role="type"  href="ae-types.xml#id(ae_6)"/>
      <nite:child href="ES2004b.D.words.xml#id(ES2004b.D.words1234)..id(ES2004b.D.words1239)"/>
   </ae>
   <ae nite:id="ES2004b.D.argumentstructs.22">
      <nite:pointer role="type"  href="ae-types.xml#id(ae_6)"/>
      <nite:child href="ES2004b.D.words.xml#id(ES2004b.D.words1381)..id(ES2004b.D.words1397)"/>
   </ae>
   <ae nite:id="ES2004b.D.argumentstructs.23">
      <nite:pointer role="type"  href="ae-types.xml#id(ae_6)"/>
      <nite:child href="ES2004b.D.words.xml#id(ES2004b.D.words1422)..id(ES2004b.D.words1425)"/>
   </ae>
   <ae nite:id="ES2004b.D.argumentstructs.24">
      <nite:pointer role="type"  href="ae-types.xml#id(ae_6)"/>
      <nite:child href="ES2004b.D.words.xml#id(ES2004b.D.words1448)..id(ES2004b.D.words1450)"/>
      <nite:child href="ES2004b.D.words.xml#id(ES2004b.D.words1452)..id(ES2004b.D.words1454)"/>
   </ae>
   <ae nite:id="ES2004b.D.argumentstructs.25">
      <nite:pointer role="type"  href="ae-types.xml#id(ae_6)"/>
      <nite:child href="ES2004b.D.words.xml#id(ES2004b.D.words1533)..id(ES2004b.D.words1534)"/>
   </ae>
   <ae nite:id="ES2004b.D.argumentstructs.26">
      <nite:pointer role="type"  href="ae-types.xml#id(ae_6)"/>
      <nite:child href="ES2004b.D.words.xml#id(ES2004b.D.words1549)..id(ES2004b.D.words1552)"/>
   </ae>
   <ae nite:id="ES2004b.D.argumentstructs.27">
      <nite:pointer role="type"  href="ae-types.xml#id(ae_6)"/>
      <nite:child href="ES2004b.D.words.xml#id(ES2004b.D.words1557)..id(ES2004b.D.words1558)"/>
   </ae>
   <ae nite:id="ES2004b.D.argumentstructs.28">
      <nite:pointer role="type"  href="ae-types.xml#id(ae_6)"/>
      <nite:child href="ES2004b.D.words.xml#id(ES2004b.D.words1561)..id(ES2004b.D.words1568)"/>
   </ae>
   <ae nite:id="ES2004b.D.argumentstructs.29">
      <nite:pointer role="type"  href="ae-types.xml#id(ae_6)"/>
      <nite:child href="ES2004b.D.words.xml#id(ES2004b.D.words1848)..id(ES2004b.D.words1867)"/>
   </ae>
   <ae nite:id="ES2004b.D.argumentstructs.30">
      <nite:pointer role="type"  href="ae-types.xml#id(ae_6)"/>
      <nite:child href="ES2004b.D.words.xml#id(ES2004b.D.words2096)..id(ES2004b.D.words2097)"/>
   </ae>
   <ae nite:id="ES2004b.D.argumentstructs.31">
      <nite:pointer role="type"  href="ae-types.xml#id(ae_6)"/>
      <nite:child href="ES2004b.D.words.xml#id(ES2004b.D.words2100)..id(ES2004b.D.words2101)"/>
   </ae>
   <ae nite:id="ES2004b.D.argumentstructs.32">
      <nite:pointer role="type"  href="ae-types.xml#id(ae_6)"/>
      <nite:child href="ES2004b.D.words.xml#id(ES2004b.D.words2169)..id(ES2004b.D.words2170)"/>
   </ae>
</nite:root>