<?xml version="1.0" encoding="ISO-8859-1" standalone="yes"?>
<nite:root nite:id="IS1001c.B.argumentstructs" xmlns:nite="http://nite.sourceforge.net/">
   <ae nite:id="IS1001c.B.argumentstructs.Rutger.1">
      <nite:pointer role="type"  href="ae-types.xml#id(ae_1)"/>
      <nite:child href="IS1001c.B.words.xml#id(IS1001c.B.words339)..id(IS1001c.B.words358)"/>
   </ae>
   <ae nite:id="IS1001c.B.argumentstructs.Rutger.2">
      <nite:pointer role="type"  href="ae-types.xml#id(ae_1)"/>
      <nite:child href="IS1001c.B.words.xml#id(IS1001c.B.words359)..id(IS1001c.B.words362)"/>
   </ae>
   <ae nite:id="IS1001c.B.argumentstructs.Rutger.3">
      <nite:pointer role="type"  href="ae-types.xml#id(ae_1)"/>
      <nite:child href="IS1001c.B.words.xml#id(IS1001c.B.words363)..id(IS1001c.B.words378)"/>
   </ae>
   <ae nite:id="IS1001c.B.argumentstructs.Rutger.4">
      <nite:pointer role="type"  href="ae-types.xml#id(ae_1)"/>
      <nite:child href="IS1001c.B.words.xml#id(IS1001c.B.words379)..id(IS1001c.B.words382)"/>
   </ae>
   <ae nite:id="IS1001c.B.argumentstructs.Rutger.6">
      <nite:pointer role="type"  href="ae-types.xml#id(ae_1)"/>
      <nite:child href="IS1001c.B.words.xml#id(IS1001c.B.words383)..id(IS1001c.B.words391)"/>
   </ae>
   <ae nite:id="IS1001c.B.argumentstructs.Rutger.7">
      <nite:pointer role="type"  href="ae-types.xml#id(ae_1)"/>
      <nite:child href="IS1001c.B.words.xml#id(IS1001c.B.words392)..id(IS1001c.B.words412)"/>
   </ae>
   <ae nite:id="IS1001c.B.argumentstructs.Rutger.8">
      <nite:pointer role="type"  href="ae-types.xml#id(ae_1)"/>
      <nite:child href="IS1001c.B.words.xml#id(IS1001c.B.words414)..id(IS1001c.B.words456)"/>
   </ae>
   <ae nite:id="IS1001c.B.argumentstructs.Rutger.9">
      <nite:pointer role="type"  href="ae-types.xml#id(ae_1)"/>
      <nite:child href="IS1001c.B.words.xml#id(IS1001c.B.words463)..id(IS1001c.B.words466)"/>
   </ae>
   <ae nite:id="IS1001c.B.argumentstructs.Rutger.10">
      <nite:pointer role="type"  href="ae-types.xml#id(ae_1)"/>
      <nite:child href="IS1001c.B.words.xml#id(IS1001c.B.words467)..id(IS1001c.B.words468)"/>
   </ae>
   <ae nite:id="IS1001c.B.argumentstructs.Rutger.11">
      <nite:pointer role="type"  href="ae-types.xml#id(ae_1)"/>
      <nite:child href="IS1001c.B.words.xml#id(IS1001c.B.words549)..id(IS1001c.B.words557)"/>
   </ae>
   <ae nite:id="IS1001c.B.argumentstructs.Rutger.13">
      <nite:pointer role="type"  href="ae-types.xml#id(ae_1)"/>
      <nite:child href="IS1001c.B.words.xml#id(IS1001c.B.words562)..id(IS1001c.B.words605)"/>
   </ae>
   <ae nite:id="IS1001c.B.argumentstructs.Rutger.14">
      <nite:pointer role="type"  href="ae-types.xml#id(ae_1)"/>
      <nite:child href="IS1001c.B.words.xml#id(IS1001c.B.words606)..id(IS1001c.B.words607)"/>
   </ae>
   <ae nite:id="IS1001c.B.argumentstructs.Rutger.15">
      <nite:pointer role="type"  href="ae-types.xml#id(ae_1)"/>
      <nite:child href="IS1001c.B.words.xml#id(IS1001c.B.words608)..id(IS1001c.B.words631)"/>
   </ae>
   <ae nite:id="IS1001c.B.argumentstructs.Rutger.16">
      <nite:pointer role="type"  href="ae-types.xml#id(ae_1)"/>
      <nite:child href="IS1001c.B.words.xml#id(IS1001c.B.words632)..id(IS1001c.B.words635)"/>
   </ae>
   <ae nite:id="IS1001c.B.argumentstructs.Rutger.17">
      <nite:pointer role="type"  href="ae-types.xml#id(ae_3)"/>
      <nite:child href="IS1001c.B.words.xml#id(IS1001c.B.words744)..id(IS1001c.B.words758)"/>
   </ae>
   <ae nite:id="IS1001c.B.argumentstructs.Rutger.18">
      <nite:pointer role="type"  href="ae-types.xml#id(ae_1)"/>
      <nite:child href="IS1001c.B.words.xml#id(IS1001c.B.words759)..id(IS1001c.B.words760)"/>
   </ae>
   <ae nite:id="IS1001c.B.argumentstructs.Rutger.19">
      <nite:pointer role="type"  href="ae-types.xml#id(ae_1)"/>
      <nite:child href="IS1001c.B.words.xml#id(IS1001c.B.words761)..id(IS1001c.B.words764)"/>
   </ae>
   <ae nite:id="IS1001c.B.argumentstructs.20">
      <nite:pointer role="type"  href="ae-types.xml#id(ae_6)"/>
      <nite:child href="IS1001c.B.words.xml#id(IS1001c.B.words457)..id(IS1001c.B.words462)"/>
   </ae>
   <ae nite:id="IS1001c.B.argumentstructs.21">
      <nite:pointer role="type"  href="ae-types.xml#id(ae_6)"/>
      <nite:child href="IS1001c.B.words.xml#id(IS1001c.B.words558)"/>
      <nite:child href="IS1001c.B.words.xml#id(IS1001c.B.words560)"/>
   </ae>
   <ae nite:id="IS1001c.B.argumentstructs.22">
      <nite:pointer role="type"  href="ae-types.xml#id(ae_6)"/>
      <nite:child href="IS1001c.B.words.xml#id(IS1001c.B.words765)..id(IS1001c.B.words768)"/>
   </ae>
</nite:root>