<?xml version="1.0" encoding="ISO-8859-1" standalone="yes"?>
<nite:root nite:id="IS1005c.D.argumentstructs" xmlns:nite="http://nite.sourceforge.net/">
   <ae nite:id="IS1005c.D.argumentstructs.Rutger.1">
      <nite:pointer role="type"  href="ae-types.xml#id(ae_3)"/>
      <nite:child href="IS1005c.D.words.xml#id(IS1005c.D.words600)..id(IS1005c.D.words618)"/>
   </ae>
   <ae nite:id="IS1005c.D.argumentstructs.Rutger.2">
      <nite:pointer role="type"  href="ae-types.xml#id(ae_1)"/>
      <nite:child href="IS1005c.D.words.xml#id(IS1005c.D.words620)..id(IS1005c.D.words622)"/>
   </ae>
   <ae nite:id="IS1005c.D.argumentstructs.Rutger.3">
      <nite:pointer role="type"  href="ae-types.xml#id(ae_1)"/>
      <nite:child href="IS1005c.D.words.xml#id(IS1005c.D.words624)..id(IS1005c.D.words625)"/>
   </ae>
   <ae nite:id="IS1005c.D.argumentstructs.Rutger.4">
      <nite:pointer role="type"  href="ae-types.xml#id(ae_1)"/>
      <nite:child href="IS1005c.D.words.xml#id(IS1005c.D.words627)..id(IS1005c.D.words633)"/>
   </ae>
   <ae nite:id="IS1005c.D.argumentstructs.Rutger.5">
      <nite:pointer role="type"  href="ae-types.xml#id(ae_1)"/>
      <nite:child href="IS1005c.D.words.xml#id(IS1005c.D.words634)..id(IS1005c.D.words645)"/>
   </ae>
   <ae nite:id="IS1005c.D.argumentstructs.Rutger.6">
      <nite:pointer role="type"  href="ae-types.xml#id(ae_1)"/>
      <nite:child href="IS1005c.D.words.xml#id(IS1005c.D.words646)..id(IS1005c.D.words651)"/>
   </ae>
   <ae nite:id="IS1005c.D.argumentstructs.Rutger.7">
      <nite:pointer role="type"  href="ae-types.xml#id(ae_1)"/>
      <nite:child href="IS1005c.D.words.xml#id(IS1005c.D.words661)..id(IS1005c.D.words668)"/>
   </ae>
   <ae nite:id="IS1005c.D.argumentstructs.Rutger.8">
      <nite:pointer role="type"  href="ae-types.xml#id(ae_5)"/>
      <nite:child href="IS1005c.D.words.xml#id(IS1005c.D.words652)..id(IS1005c.D.words660)"/>
   </ae>
   <ae nite:id="IS1005c.D.argumentstructs.Rutger.9">
      <nite:pointer role="type"  href="ae-types.xml#id(ae_1)"/>
      <nite:child href="IS1005c.D.words.xml#id(IS1005c.D.words670)..id(IS1005c.D.words671)"/>
   </ae>
   <ae nite:id="IS1005c.D.argumentstructs.Rutger.10">
      <nite:pointer role="type"  href="ae-types.xml#id(ae_1)"/>
      <nite:child href="IS1005c.D.words.xml#id(IS1005c.D.words672)..id(IS1005c.D.words676)"/>
   </ae>
   <ae nite:id="IS1005c.D.argumentstructs.11">
      <nite:pointer role="type"  href="ae-types.xml#id(ae_6)"/>
      <nite:child href="IS1005c.D.words.xml#id(IS1005c.D.words669)"/>
   </ae>
   <ae nite:id="IS1005c.D.argumentstructs.12">
      <nite:pointer role="type"  href="ae-types.xml#id(ae_6)"/>
      <nite:child href="IS1005c.D.words.xml#id(IS1005c.D.words677)"/>
   </ae>
</nite:root>