<?xml version="1.0" encoding="ISO-8859-1" standalone="yes"?>
<nite:root nite:id="IS1006b.B.argumentstructs" xmlns:nite="http://nite.sourceforge.net/">
   <ae nite:id="IS1006b.B.argumentstructs.Daan.1">
      <nite:pointer role="type"  href="ae-types.xml#id(ae_5)"/>
      <nite:child href="IS1006b.B.words.xml#id(IS1006b.B.words72)..id(IS1006b.B.words93)"/>
   </ae>
   <ae nite:id="IS1006b.B.argumentstructs.Daan.2">
      <nite:pointer role="type"  href="ae-types.xml#id(ae_1)"/>
      <nite:child href="IS1006b.B.words.xml#id(IS1006b.B.words94)..id(IS1006b.B.words101)"/>
   </ae>
   <ae nite:id="IS1006b.B.argumentstructs.Daan.4">
      <nite:pointer role="type"  href="ae-types.xml#id(ae_1)"/>
      <nite:child href="IS1006b.B.words.xml#id(IS1006b.B.words1003)..id(IS1006b.B.words1058)"/>
   </ae>
   <ae nite:id="IS1006b.B.argumentstructs.Daan.5">
      <nite:pointer role="type"  href="ae-types.xml#id(ae_5)"/>
      <nite:child href="IS1006b.B.words.xml#id(IS1006b.B.words1079)..id(IS1006b.B.words1110)"/>
   </ae>
   <ae nite:id="IS1006b.B.argumentstructs.Daan.6">
      <nite:pointer role="type"  href="ae-types.xml#id(ae_1)"/>
      <nite:child href="IS1006b.B.words.xml#id(IS1006b.B.words1061)..id(IS1006b.B.words1078)"/>
   </ae>
   <ae nite:id="IS1006b.B.argumentstructs.7">
      <nite:pointer role="type"  href="ae-types.xml#id(ae_6)"/>
      <nite:child href="IS1006b.B.words.xml#id(IS1006b.B.words102)..id(IS1006b.B.words111)"/>
   </ae>
   <ae nite:id="IS1006b.B.argumentstructs.8">
      <nite:pointer role="type"  href="ae-types.xml#id(ae_6)"/>
      <nite:child href="IS1006b.B.words.xml#id(IS1006b.B.words997)..id(IS1006b.B.words1002)"/>
   </ae>
   <ae nite:id="IS1006b.B.argumentstructs.9">
      <nite:pointer role="type"  href="ae-types.xml#id(ae_6)"/>
      <nite:child href="IS1006b.B.words.xml#id(IS1006b.B.words1059)..id(IS1006b.B.words1060)"/>
   </ae>
   <ae nite:id="IS1006b.B.argumentstructs.10">
      <nite:pointer role="type"  href="ae-types.xml#id(ae_6)"/>
      <nite:child href="IS1006b.B.words.xml#id(IS1006b.B.words1112)..id(IS1006b.B.words1113)"/>
   </ae>
</nite:root>