<?xml version="1.0" encoding="ISO-8859-1" standalone="yes"?>
<nite:root nite:id="IS1000b.C.argumentstructs" xmlns:nite="http://nite.sourceforge.net/">
   <ae nite:id="IS1000b.C.argumentstructs.Rutger.1">
      <nite:pointer role="type"  href="ae-types.xml#id(ae_1)"/>
      <nite:child href="IS1000b.C.words.xml#id(IS1000b.C.words55)..id(IS1000b.C.words59)"/>
   </ae>
   <ae nite:id="IS1000b.C.argumentstructs.Rutger.2">
      <nite:pointer role="type"  href="ae-types.xml#id(ae_1)"/>
      <nite:child href="IS1000b.C.words.xml#id(IS1000b.C.words60)..id(IS1000b.C.words63)"/>
   </ae>
   <ae nite:id="IS1000b.C.argumentstructs.Rutger.3">
      <nite:pointer role="type"  href="ae-types.xml#id(ae_1)"/>
      <nite:child href="IS1000b.C.words.xml#id(IS1000b.C.words98)..id(IS1000b.C.words101)"/>
   </ae>
   <ae nite:id="IS1000b.C.argumentstructs.Rutger.5">
      <nite:pointer role="type"  href="ae-types.xml#id(ae_1)"/>
      <nite:child href="IS1000b.C.words.xml#id(IS1000b.C.words132)..id(IS1000b.C.words135)"/>
   </ae>
   <ae nite:id="IS1000b.C.argumentstructs.Rutger.6">
      <nite:pointer role="type"  href="ae-types.xml#id(ae_1)"/>
      <nite:child href="IS1000b.C.words.xml#id(IS1000b.C.words136)..id(IS1000b.C.words142)"/>
   </ae>
   <ae nite:id="IS1000b.C.argumentstructs.Rutger.7">
      <nite:pointer role="type"  href="ae-types.xml#id(ae_1)"/>
      <nite:child href="IS1000b.C.words.xml#id(IS1000b.C.words1687)..id(IS1000b.C.words1688)"/>
   </ae>
   <ae nite:id="IS1000b.C.argumentstructs.Rutger.8">
      <nite:pointer role="type"  href="ae-types.xml#id(ae_1)"/>
      <nite:child href="IS1000b.C.words.xml#id(IS1000b.C.words1692)..id(IS1000b.C.words1699)"/>
   </ae>
   <ae nite:id="IS1000b.C.argumentstructs.Rutger.9">
      <nite:pointer role="type"  href="ae-types.xml#id(ae_1)"/>
      <nite:child href="IS1000b.C.words.xml#id(IS1000b.C.words1700)..id(IS1000b.C.words1712)"/>
   </ae>
   <ae nite:id="IS1000b.C.argumentstructs.Rutger.10">
      <nite:pointer role="type"  href="ae-types.xml#id(ae_1)"/>
      <nite:child href="IS1000b.C.words.xml#id(IS1000b.C.words1723)..id(IS1000b.C.words1732)"/>
   </ae>
   <ae nite:id="IS1000b.C.argumentstructs.11">
      <nite:pointer role="type"  href="ae-types.xml#id(ae_6)"/>
      <nite:child href="IS1000b.C.words.xml#id(IS1000b.C.words64)..id(IS1000b.C.words67)"/>
      <nite:child href="IS1000b.C.words.xml#id(IS1000b.C.words69)..id(IS1000b.C.words97)"/>
   </ae>
   <ae nite:id="IS1000b.C.argumentstructs.12">
      <nite:pointer role="type"  href="ae-types.xml#id(ae_6)"/>
      <nite:child href="IS1000b.C.words.xml#id(IS1000b.C.words102)..id(IS1000b.C.words131)"/>
   </ae>
   <ae nite:id="IS1000b.C.argumentstructs.13">
      <nite:pointer role="type"  href="ae-types.xml#id(ae_6)"/>
      <nite:child href="IS1000b.C.words.xml#id(IS1000b.C.words1690)..id(IS1000b.C.words1691)"/>
   </ae>
   <ae nite:id="IS1000b.C.argumentstructs.14">
      <nite:pointer role="type"  href="ae-types.xml#id(ae_6)"/>
      <nite:child href="IS1000b.C.words.xml#id(IS1000b.C.words1713)..id(IS1000b.C.words1717)"/>
      <nite:child href="IS1000b.C.words.xml#id(IS1000b.C.words1719)..id(IS1000b.C.words1722)"/>
   </ae>
</nite:root>