<?xml version="1.0" encoding="ISO-8859-1" standalone="yes"?>
<nite:root nite:id="IS1006a.B.argumentstructs" xmlns:nite="http://nite.sourceforge.net/">
   <ae nite:id="IS1006a.B.argumentstructs.Daan.1">
      <nite:pointer role="type"  href="ae-types.xml#id(ae_1)"/>
      <nite:child href="IS1006a.B.words.xml#id(IS1006a.B.words120)..id(IS1006a.B.words125)"/>
   </ae>
   <ae nite:id="IS1006a.B.argumentstructs.Daan.3">
      <nite:pointer role="type"  href="ae-types.xml#id(ae_1)"/>
      <nite:child href="IS1006a.B.words.xml#id(IS1006a.B.words131)..id(IS1006a.B.words134)"/>
   </ae>
   <ae nite:id="IS1006a.B.argumentstructs.4">
      <nite:pointer role="type"  href="ae-types.xml#id(ae_6)"/>
      <nite:child href="IS1006a.B.words.xml#id(IS1006a.B.words126)..id(IS1006a.B.words130)"/>
   </ae>
   <ae nite:id="IS1006a.B.argumentstructs.5">
      <nite:pointer role="type"  href="ae-types.xml#id(ae_6)"/>
      <nite:child href="IS1006a.B.words.xml#id(IS1006a.B.words135)..id(IS1006a.B.words136)"/>
   </ae>
</nite:root>