<?xml version="1.0" encoding="ISO-8859-1" standalone="yes"?>
<nite:root nite:id="IS1001a.B.argumentstructs" xmlns:nite="http://nite.sourceforge.net/">
   <ae nite:id="IS1001a.B.argumentstructs.Rutger.1">
      <nite:pointer role="type"  href="ae-types.xml#id(ae_1)"/>
      <nite:child href="IS1001a.B.words.xml#id(IS1001a.B.words379)..id(IS1001a.B.words381)"/>
   </ae>
   <ae nite:id="IS1001a.B.argumentstructs.Rutger.2">
      <nite:pointer role="type"  href="ae-types.xml#id(ae_1)"/>
      <nite:child href="IS1001a.B.words.xml#id(IS1001a.B.words385)..id(IS1001a.B.words467)"/>
   </ae>
   <ae nite:id="IS1001a.B.argumentstructs.Rutger.3">
      <nite:pointer role="type"  href="ae-types.xml#id(ae_1)"/>
      <nite:child href="IS1001a.B.words.xml#id(IS1001a.B.words468)..id(IS1001a.B.words477)"/>
   </ae>
   <ae nite:id="IS1001a.B.argumentstructs.Rutger.4">
      <nite:pointer role="type"  href="ae-types.xml#id(ae_5)"/>
      <nite:child href="IS1001a.B.words.xml#id(IS1001a.B.words478)..id(IS1001a.B.words483)"/>
   </ae>
   <ae nite:id="IS1001a.B.argumentstructs.5">
      <nite:pointer role="type"  href="ae-types.xml#id(ae_6)"/>
      <nite:child href="IS1001a.B.words.xml#id(IS1001a.B.words383)..id(IS1001a.B.words384)"/>
   </ae>
</nite:root>