<?xml version="1.0" encoding="ISO-8859-1" standalone="yes"?>
<nite:root nite:id="IS1005a.A.argumentstructs" xmlns:nite="http://nite.sourceforge.net/">
   <ae nite:id="IS1005a.A.argumentstructs.Rutger.1">
      <nite:pointer role="type"  href="ae-types.xml#id(ae_1)"/>
      <nite:child href="IS1005a.A.words.xml#id(IS1005a.A.words636)..id(IS1005a.A.words637)"/>
   </ae>
   <ae nite:id="IS1005a.A.argumentstructs.Rutger.2">
      <nite:pointer role="type"  href="ae-types.xml#id(ae_1)"/>
      <nite:child href="IS1005a.A.words.xml#id(IS1005a.A.words638)..id(IS1005a.A.words639)"/>
   </ae>
   <ae nite:id="IS1005a.A.argumentstructs.Rutger.3">
      <nite:pointer role="type"  href="ae-types.xml#id(ae_1)"/>
      <nite:child href="IS1005a.A.words.xml#id(IS1005a.A.words642)..id(IS1005a.A.words643)"/>
   </ae>
   <ae nite:id="IS1005a.A.argumentstructs.Rutger.4">
      <nite:pointer role="type"  href="ae-types.xml#id(ae_5)"/>
      <nite:child href="IS1005a.A.words.xml#id(IS1005a.A.words644)..id(IS1005a.A.words677)"/>
   </ae>
   <ae nite:id="IS1005a.A.argumentstructs.Rutger.5">
      <nite:pointer role="type"  href="ae-types.xml#id(ae_1)"/>
      <nite:child href="IS1005a.A.words.xml#id(IS1005a.A.words678)..id(IS1005a.A.words718)"/>
   </ae>
   <ae nite:id="IS1005a.A.argumentstructs.Rutger.6">
      <nite:pointer role="type"  href="ae-types.xml#id(ae_1)"/>
      <nite:child href="IS1005a.A.words.xml#id(IS1005a.A.words719)..id(IS1005a.A.words720)"/>
   </ae>
   <ae nite:id="IS1005a.A.argumentstructs.7">
      <nite:pointer role="type"  href="ae-types.xml#id(ae_6)"/>
      <nite:child href="IS1005a.A.words.xml#id(IS1005a.A.words640)..id(IS1005a.A.words641)"/>
   </ae>
</nite:root>