<?xml version="1.0" encoding="ISO-8859-1" standalone="yes"?>
<nite:root nite:id="IS1001a.A.argumentstructs" xmlns:nite="http://nite.sourceforge.net/">
   <ae nite:id="IS1001a.A.argumentstructs.Rutger.1">
      <nite:pointer role="type"  href="ae-types.xml#id(ae_2)"/>
      <nite:child href="IS1001a.A.words.xml#id(IS1001a.A.words843)..id(IS1001a.A.words883)"/>
   </ae>
   <ae nite:id="IS1001a.A.argumentstructs.Rutger.2">
      <nite:pointer role="type"  href="ae-types.xml#id(ae_2)"/>
      <nite:child href="IS1001a.A.words.xml#id(IS1001a.A.words884)..id(IS1001a.A.words890)"/>
   </ae>
   <ae nite:id="IS1001a.A.argumentstructs.Rutger.3">
      <nite:pointer role="type"  href="ae-types.xml#id(ae_1)"/>
      <nite:child href="IS1001a.A.words.xml#id(IS1001a.A.words891)..id(IS1001a.A.words908)"/>
   </ae>
   <ae nite:id="IS1001a.A.argumentstructs.Rutger.4">
      <nite:pointer role="type"  href="ae-types.xml#id(ae_1)"/>
      <nite:child href="IS1001a.A.words.xml#id(IS1001a.A.words914)..id(IS1001a.A.words933)"/>
   </ae>
   <ae nite:id="IS1001a.A.argumentstructs.Rutger.5">
      <nite:pointer role="type"  href="ae-types.xml#id(ae_2)"/>
      <nite:child href="IS1001a.A.words.xml#id(IS1001a.A.words934)..id(IS1001a.A.words958)"/>
   </ae>
   <ae nite:id="IS1001a.A.argumentstructs.Rutger.7">
      <nite:pointer role="type"  href="ae-types.xml#id(ae_2)"/>
      <nite:child href="IS1001a.A.words.xml#id(IS1001a.A.words959)..id(IS1001a.A.words973)"/>
   </ae>
   <ae nite:id="IS1001a.A.argumentstructs.Rutger.8">
      <nite:pointer role="type"  href="ae-types.xml#id(ae_1)"/>
      <nite:child href="IS1001a.A.words.xml#id(IS1001a.A.words974)..id(IS1001a.A.words991)"/>
   </ae>
   <ae nite:id="IS1001a.A.argumentstructs.9">
      <nite:pointer role="type"  href="ae-types.xml#id(ae_6)"/>
      <nite:child href="IS1001a.A.words.xml#id(IS1001a.A.words909)..id(IS1001a.A.words912)"/>
   </ae>
</nite:root>