<?xml version="1.0" encoding="ISO-8859-1" standalone="yes"?>
<nite:root nite:id="IS1002b.C.argumentstructs" xmlns:nite="http://nite.sourceforge.net/">
   <ae nite:id="IS1002b.C.argumentstructs.Rutger.1">
      <nite:pointer role="type"  href="ae-types.xml#id(ae_2)"/>
      <nite:child href="IS1002b.C.words.xml#id(IS1002b.C.words339)..id(IS1002b.C.words369)"/>
   </ae>
   <ae nite:id="IS1002b.C.argumentstructs.Rutger.2">
      <nite:pointer role="type"  href="ae-types.xml#id(ae_1)"/>
      <nite:child href="IS1002b.C.words.xml#id(IS1002b.C.words370)..id(IS1002b.C.words371)"/>
   </ae>
   <ae nite:id="IS1002b.C.argumentstructs.Rutger.3">
      <nite:pointer role="type"  href="ae-types.xml#id(ae_1)"/>
      <nite:child href="IS1002b.C.words.xml#id(IS1002b.C.words373)..id(IS1002b.C.words417)"/>
   </ae>
   <ae nite:id="IS1002b.C.argumentstructs.Rutger.4">
      <nite:pointer role="type"  href="ae-types.xml#id(ae_1)"/>
      <nite:child href="IS1002b.C.words.xml#id(IS1002b.C.words418)..id(IS1002b.C.words428)"/>
   </ae>
   <ae nite:id="IS1002b.C.argumentstructs.Rutger.5">
      <nite:pointer role="type"  href="ae-types.xml#id(ae_1)"/>
      <nite:child href="IS1002b.C.words.xml#id(IS1002b.C.words429)..id(IS1002b.C.words445)"/>
   </ae>
   <ae nite:id="IS1002b.C.argumentstructs.Rutger.6">
      <nite:pointer role="type"  href="ae-types.xml#id(ae_1)"/>
      <nite:child href="IS1002b.C.words.xml#id(IS1002b.C.words446)..id(IS1002b.C.words455)"/>
   </ae>
   <ae nite:id="IS1002b.C.argumentstructs.Rutger.7">
      <nite:pointer role="type"  href="ae-types.xml#id(ae_1)"/>
      <nite:child href="IS1002b.C.words.xml#id(IS1002b.C.words456)..id(IS1002b.C.words488)"/>
   </ae>
   <ae nite:id="IS1002b.C.argumentstructs.Rutger.8">
      <nite:pointer role="type"  href="ae-types.xml#id(ae_1)"/>
      <nite:child href="IS1002b.C.words.xml#id(IS1002b.C.words489)..id(IS1002b.C.words506)"/>
   </ae>
   <ae nite:id="IS1002b.C.argumentstructs.Rutger.9">
      <nite:pointer role="type"  href="ae-types.xml#id(ae_1)"/>
      <nite:child href="IS1002b.C.words.xml#id(IS1002b.C.words507)..id(IS1002b.C.words535)"/>
   </ae>
   <ae nite:id="IS1002b.C.argumentstructs.Rutger.10">
      <nite:pointer role="type"  href="ae-types.xml#id(ae_1)"/>
      <nite:child href="IS1002b.C.words.xml#id(IS1002b.C.words538)..id(IS1002b.C.words539)"/>
   </ae>
   <ae nite:id="IS1002b.C.argumentstructs.Rutger.11">
      <nite:pointer role="type"  href="ae-types.xml#id(ae_1)"/>
      <nite:child href="IS1002b.C.words.xml#id(IS1002b.C.words541)..id(IS1002b.C.words542)"/>
   </ae>
   <ae nite:id="IS1002b.C.argumentstructs.Rutger.12">
      <nite:pointer role="type"  href="ae-types.xml#id(ae_1)"/>
      <nite:child href="IS1002b.C.words.xml#id(IS1002b.C.words545)..id(IS1002b.C.words567)"/>
   </ae>
   <ae nite:id="IS1002b.C.argumentstructs.Rutger.13">
      <nite:pointer role="type"  href="ae-types.xml#id(ae_1)"/>
      <nite:child href="IS1002b.C.words.xml#id(IS1002b.C.words568)..id(IS1002b.C.words569)"/>
   </ae>
   <ae nite:id="IS1002b.C.argumentstructs.Rutger.14">
      <nite:pointer role="type"  href="ae-types.xml#id(ae_1)"/>
      <nite:child href="IS1002b.C.words.xml#id(IS1002b.C.words570)..id(IS1002b.C.words625)"/>
   </ae>
   <ae nite:id="IS1002b.C.argumentstructs.Rutger.15">
      <nite:pointer role="type"  href="ae-types.xml#id(ae_1)"/>
      <nite:child href="IS1002b.C.words.xml#id(IS1002b.C.words629)..id(IS1002b.C.words631)"/>
   </ae>
   <ae nite:id="IS1002b.C.argumentstructs.Rutger.18">
      <nite:pointer role="type"  href="ae-types.xml#id(ae_1)"/>
      <nite:child href="IS1002b.C.words.xml#id(IS1002b.C.words31)..id(IS1002b.C.words39)"/>
   </ae>
   <ae nite:id="IS1002b.C.argumentstructs.Rutger.19">
      <nite:pointer role="type"  href="ae-types.xml#id(ae_1)"/>
      <nite:child href="IS1002b.C.words.xml#id(IS1002b.C.words40)..id(IS1002b.C.words47)"/>
   </ae>
   <ae nite:id="IS1002b.C.argumentstructs.Rutger.20">
      <nite:pointer role="type"  href="ae-types.xml#id(ae_1)"/>
      <nite:child href="IS1002b.C.words.xml#id(IS1002b.C.words748)..id(IS1002b.C.words750)"/>
   </ae>
   <ae nite:id="IS1002b.C.argumentstructs.Rutger.21">
      <nite:pointer role="type"  href="ae-types.xml#id(ae_1)"/>
      <nite:child href="IS1002b.C.words.xml#id(IS1002b.C.words752)..id(IS1002b.C.words757)"/>
   </ae>
   <ae nite:id="IS1002b.C.argumentstructs.Rutger.22">
      <nite:pointer role="type"  href="ae-types.xml#id(ae_1)"/>
      <nite:child href="IS1002b.C.words.xml#id(IS1002b.C.words717)..id(IS1002b.C.words737)"/>
   </ae>
   <ae nite:id="IS1002b.C.argumentstructs.23">
      <nite:pointer role="type"  href="ae-types.xml#id(ae_6)"/>
      <nite:child href="IS1002b.C.words.xml#id(IS1002b.C.words295)..id(IS1002b.C.words322)"/>
      <nite:child href="IS1002b.C.words.xml#id(IS1002b.C.words324)..id(IS1002b.C.words338)"/>
   </ae>
   <ae nite:id="IS1002b.C.argumentstructs.24">
      <nite:pointer role="type"  href="ae-types.xml#id(ae_6)"/>
      <nite:child href="IS1002b.C.words.xml#id(IS1002b.C.words372)"/>
   </ae>
   <ae nite:id="IS1002b.C.argumentstructs.25">
      <nite:pointer role="type"  href="ae-types.xml#id(ae_6)"/>
      <nite:child href="IS1002b.C.words.xml#id(IS1002b.C.words536)..id(IS1002b.C.words537)"/>
   </ae>
   <ae nite:id="IS1002b.C.argumentstructs.26">
      <nite:pointer role="type"  href="ae-types.xml#id(ae_6)"/>
      <nite:child href="IS1002b.C.words.xml#id(IS1002b.C.words543)..id(IS1002b.C.words544)"/>
   </ae>
   <ae nite:id="IS1002b.C.argumentstructs.27">
      <nite:pointer role="type"  href="ae-types.xml#id(ae_6)"/>
      <nite:child href="IS1002b.C.words.xml#id(IS1002b.C.words627)..id(IS1002b.C.words628)"/>
   </ae>
   <ae nite:id="IS1002b.C.argumentstructs.28">
      <nite:pointer role="type"  href="ae-types.xml#id(ae_6)"/>
      <nite:child href="IS1002b.C.words.xml#id(IS1002b.C.words3)..id(IS1002b.C.words30)"/>
   </ae>
   <ae nite:id="IS1002b.C.argumentstructs.29">
      <nite:pointer role="type"  href="ae-types.xml#id(ae_6)"/>
      <nite:child href="IS1002b.C.words.xml#id(IS1002b.C.words751)"/>
   </ae>
   <ae nite:id="IS1002b.C.argumentstructs.30">
      <nite:pointer role="type"  href="ae-types.xml#id(ae_6)"/>
      <nite:child href="IS1002b.C.words.xml#id(IS1002b.C.words758)..id(IS1002b.C.words759)"/>
   </ae>
</nite:root>