<?xml version="1.0" encoding="ISO-8859-1" standalone="yes"?>
<nite:root nite:id="IS1008b.B.argumentstructs" xmlns:nite="http://nite.sourceforge.net/">
   <ae nite:id="IS1008b.B.argumentstructs.Daan.1">
      <nite:pointer role="type"  href="ae-types.xml#id(ae_1)"/>
      <nite:child href="IS1008b.B.words.xml#id(IS1008b.B.words792)..id(IS1008b.B.words807)"/>
   </ae>
   <ae nite:id="IS1008b.B.argumentstructs.Daan.2">
      <nite:pointer role="type"  href="ae-types.xml#id(ae_1)"/>
      <nite:child href="IS1008b.B.words.xml#id(IS1008b.B.words810)..id(IS1008b.B.words816)"/>
   </ae>
   <ae nite:id="IS1008b.B.argumentstructs.Daan.3">
      <nite:pointer role="type"  href="ae-types.xml#id(ae_1)"/>
      <nite:child href="IS1008b.B.words.xml#id(IS1008b.B.words817)..id(IS1008b.B.words827)"/>
   </ae>
   <ae nite:id="IS1008b.B.argumentstructs.Daan.4">
      <nite:pointer role="type"  href="ae-types.xml#id(ae_5)"/>
      <nite:child href="IS1008b.B.words.xml#id(IS1008b.B.words835)..id(IS1008b.B.words848)"/>
   </ae>
   <ae nite:id="IS1008b.B.argumentstructs.Daan.5">
      <nite:pointer role="type"  href="ae-types.xml#id(ae_1)"/>
      <nite:child href="IS1008b.B.words.xml#id(IS1008b.B.words849)..id(IS1008b.B.words882)"/>
   </ae>
   <ae nite:id="IS1008b.B.argumentstructs.Daan.6">
      <nite:pointer role="type"  href="ae-types.xml#id(ae_1)"/>
      <nite:child href="IS1008b.B.words.xml#id(IS1008b.B.words883)..id(IS1008b.B.words890)"/>
   </ae>
   <ae nite:id="IS1008b.B.argumentstructs.Daan.7">
      <nite:pointer role="type"  href="ae-types.xml#id(ae_1)"/>
      <nite:child href="IS1008b.B.words.xml#id(IS1008b.B.words891)..id(IS1008b.B.words921)"/>
   </ae>
   <ae nite:id="IS1008b.B.argumentstructs.Daan.8">
      <nite:pointer role="type"  href="ae-types.xml#id(ae_1)"/>
      <nite:child href="IS1008b.B.words.xml#id(IS1008b.B.words922)..id(IS1008b.B.words935)"/>
   </ae>
   <ae nite:id="IS1008b.B.argumentstructs.Daan.9">
      <nite:pointer role="type"  href="ae-types.xml#id(ae_1)"/>
      <nite:child href="IS1008b.B.words.xml#id(IS1008b.B.words970)..id(IS1008b.B.words981)"/>
   </ae>
   <ae nite:id="IS1008b.B.argumentstructs.Daan.10">
      <nite:pointer role="type"  href="ae-types.xml#id(ae_1)"/>
      <nite:child href="IS1008b.B.words.xml#id(IS1008b.B.words982)..id(IS1008b.B.words1020)"/>
   </ae>
   <ae nite:id="IS1008b.B.argumentstructs.Daan.11">
      <nite:pointer role="type"  href="ae-types.xml#id(ae_1)"/>
      <nite:child href="IS1008b.B.words.xml#id(IS1008b.B.words1021)..id(IS1008b.B.words1024)"/>
   </ae>
   <ae nite:id="IS1008b.B.argumentstructs.Daan.12">
      <nite:pointer role="type"  href="ae-types.xml#id(ae_1)"/>
      <nite:child href="IS1008b.B.words.xml#id(IS1008b.B.words1025)..id(IS1008b.B.words1043)"/>
   </ae>
   <ae nite:id="IS1008b.B.argumentstructs.Daan.13">
      <nite:pointer role="type"  href="ae-types.xml#id(ae_1)"/>
      <nite:child href="IS1008b.B.words.xml#id(IS1008b.B.words1045)..id(IS1008b.B.words1065)"/>
   </ae>
   <ae nite:id="IS1008b.B.argumentstructs.Daan.14">
      <nite:pointer role="type"  href="ae-types.xml#id(ae_1)"/>
      <nite:child href="IS1008b.B.words.xml#id(IS1008b.B.words1066)..id(IS1008b.B.words1125)"/>
   </ae>
   <ae nite:id="IS1008b.B.argumentstructs.Daan.15">
      <nite:pointer role="type"  href="ae-types.xml#id(ae_1)"/>
      <nite:child href="IS1008b.B.words.xml#id(IS1008b.B.words1129)..id(IS1008b.B.words1132)"/>
   </ae>
   <ae nite:id="IS1008b.B.argumentstructs.Daan.16">
      <nite:pointer role="type"  href="ae-types.xml#id(ae_5)"/>
      <nite:child href="IS1008b.B.words.xml#id(IS1008b.B.words1323)..id(IS1008b.B.words1341)"/>
   </ae>
   <ae nite:id="IS1008b.B.argumentstructs.Daan.17">
      <nite:pointer role="type"  href="ae-types.xml#id(ae_1)"/>
      <nite:child href="IS1008b.B.words.xml#id(IS1008b.B.words1342)..id(IS1008b.B.words1346)"/>
   </ae>
   <ae nite:id="IS1008b.B.argumentstructs.Daan.18">
      <nite:pointer role="type"  href="ae-types.xml#id(ae_5)"/>
      <nite:child href="IS1008b.B.words.xml#id(IS1008b.B.words1347)..id(IS1008b.B.words1365)"/>
   </ae>
   <ae nite:id="IS1008b.B.argumentstructs.Daan.19">
      <nite:pointer role="type"  href="ae-types.xml#id(ae_1)"/>
      <nite:child href="IS1008b.B.words.xml#id(IS1008b.B.words1366)..id(IS1008b.B.words1383)"/>
   </ae>
   <ae nite:id="IS1008b.B.argumentstructs.Daan.20">
      <nite:pointer role="type"  href="ae-types.xml#id(ae_1)"/>
      <nite:child href="IS1008b.B.words.xml#id(IS1008b.B.words1384)..id(IS1008b.B.words1395)"/>
   </ae>
   <ae nite:id="IS1008b.B.argumentstructs.Daan.21">
      <nite:pointer role="type"  href="ae-types.xml#id(ae_1)"/>
      <nite:child href="IS1008b.B.words.xml#id(IS1008b.B.words1396)..id(IS1008b.B.words1426)"/>
   </ae>
   <ae nite:id="IS1008b.B.argumentstructs.Daan.22">
      <nite:pointer role="type"  href="ae-types.xml#id(ae_1)"/>
      <nite:child href="IS1008b.B.words.xml#id(IS1008b.B.words1427)..id(IS1008b.B.words1435)"/>
   </ae>
   <ae nite:id="IS1008b.B.argumentstructs.23">
      <nite:pointer role="type"  href="ae-types.xml#id(ae_6)"/>
      <nite:child href="IS1008b.B.words.xml#id(IS1008b.B.words808)..id(IS1008b.B.words809)"/>
   </ae>
   <ae nite:id="IS1008b.B.argumentstructs.24">
      <nite:pointer role="type"  href="ae-types.xml#id(ae_6)"/>
      <nite:child href="IS1008b.B.words.xml#id(IS1008b.B.words828)..id(IS1008b.B.words834)"/>
   </ae>
   <ae nite:id="IS1008b.B.argumentstructs.25">
      <nite:pointer role="type"  href="ae-types.xml#id(ae_6)"/>
      <nite:child href="IS1008b.B.words.xml#id(IS1008b.B.words1044)"/>
   </ae>
   <ae nite:id="IS1008b.B.argumentstructs.26">
      <nite:pointer role="type"  href="ae-types.xml#id(ae_6)"/>
      <nite:child href="IS1008b.B.words.xml#id(IS1008b.B.words1126)..id(IS1008b.B.words1127)"/>
   </ae>
</nite:root>