<?xml version="1.0" encoding="ISO-8859-1" standalone="yes"?>
<nite:root nite:id="IS1007b.D.argumentstructs" xmlns:nite="http://nite.sourceforge.net/">
   <ae nite:id="IS1007b.D.argumentstructs.Daan.1">
      <nite:pointer role="type"  href="ae-types.xml#id(ae_1)"/>
      <nite:child href="IS1007b.D.words.xml#id(IS1007b.D.words29)..id(IS1007b.D.words39)"/>
   </ae>
   <ae nite:id="IS1007b.D.argumentstructs.Daan.2">
      <nite:pointer role="type"  href="ae-types.xml#id(ae_1)"/>
      <nite:child href="IS1007b.D.words.xml#id(IS1007b.D.words43)..id(IS1007b.D.words74)"/>
   </ae>
   <ae nite:id="IS1007b.D.argumentstructs.Daan.3">
      <nite:pointer role="type"  href="ae-types.xml#id(ae_1)"/>
      <nite:child href="IS1007b.D.words.xml#id(IS1007b.D.words193)..id(IS1007b.D.words197)"/>
   </ae>
   <ae nite:id="IS1007b.D.argumentstructs.4">
      <nite:pointer role="type"  href="ae-types.xml#id(ae_6)"/>
      <nite:child href="IS1007b.D.words.xml#id(IS1007b.D.words40)"/>
      <nite:child href="IS1007b.D.words.xml#id(IS1007b.D.words42)"/>
   </ae>
   <ae nite:id="IS1007b.D.argumentstructs.5">
      <nite:pointer role="type"  href="ae-types.xml#id(ae_6)"/>
      <nite:child href="IS1007b.D.words.xml#id(IS1007b.D.words75)..id(IS1007b.D.words76)"/>
   </ae>
   <ae nite:id="IS1007b.D.argumentstructs.6">
      <nite:pointer role="type"  href="ae-types.xml#id(ae_6)"/>
      <nite:child href="IS1007b.D.words.xml#id(IS1007b.D.words185)..id(IS1007b.D.words192)"/>
   </ae>
</nite:root>