<?xml version="1.0" encoding="ISO-8859-1" standalone="yes"?>
<nite:root nite:id="IS1003c.D.argumentstructs" xmlns:nite="http://nite.sourceforge.net/">
   <ae nite:id="IS1003c.D.argumentstructs.1">
      <nite:pointer role="type"  href="ae-types.xml#id(ae_6)"/>
      <nite:child href="IS1003c.D.words.xml#id(IS1003c.D.words26)..id(IS1003c.D.words32)"/>
      <nite:child href="IS1003c.D.words.xml#id(IS1003c.D.words34)..id(IS1003c.D.words53)"/>
      <nite:child href="IS1003c.D.words.xml#id(IS1003c.D.words55)..id(IS1003c.D.words62)"/>
      <nite:child href="IS1003c.D.words.xml#id(IS1003c.D.words64)..id(IS1003c.D.words67)"/>
      <nite:child href="IS1003c.D.words.xml#id(IS1003c.D.words69)..id(IS1003c.D.words71)"/>
      <nite:child href="IS1003c.D.words.xml#id(IS1003c.D.words73)..id(IS1003c.D.words78)"/>
      <nite:child href="IS1003c.D.words.xml#id(IS1003c.D.words80)..id(IS1003c.D.words110)"/>
   </ae>
   <ae nite:id="IS1003c.D.argumentstructs.2">
      <nite:pointer role="type"  href="ae-types.xml#id(ae_6)"/>
      <nite:child href="IS1003c.D.words.xml#id(IS1003c.D.words270)..id(IS1003c.D.words271)"/>
      <nite:child href="IS1003c.D.words.xml#id(IS1003c.D.words273)..id(IS1003c.D.words313)"/>
      <nite:child href="IS1003c.D.words.xml#id(IS1003c.D.words315)..id(IS1003c.D.words346)"/>
      <nite:child href="IS1003c.D.words.xml#id(IS1003c.D.words348)..id(IS1003c.D.words354)"/>
      <nite:child href="IS1003c.D.words.xml#id(IS1003c.D.words356)..id(IS1003c.D.words365)"/>
      <nite:child href="IS1003c.D.words.xml#id(IS1003c.D.words367)..id(IS1003c.D.words409)"/>
      <nite:child href="IS1003c.D.words.xml#id(IS1003c.D.words411)..id(IS1003c.D.words444)"/>
      <nite:child href="IS1003c.D.words.xml#id(IS1003c.D.words446)..id(IS1003c.D.words461)"/>
      <nite:child href="IS1003c.D.words.xml#id(IS1003c.D.words463)..id(IS1003c.D.words472)"/>
      <nite:child href="IS1003c.D.words.xml#id(IS1003c.D.words474)..id(IS1003c.D.words489)"/>
      <nite:child href="IS1003c.D.words.xml#id(IS1003c.D.words492)..id(IS1003c.D.words537)"/>
   </ae>
</nite:root>