<?xml version="1.0" encoding="ISO-8859-1" standalone="yes"?>
<nite:root nite:id="IS1003d.C.argumentstructs" xmlns:nite="http://nite.sourceforge.net/">
   <ae nite:id="IS1003d.C.argumentstructs.Rutger.1">
      <nite:pointer role="type"  href="ae-types.xml#id(ae_1)"/>
      <nite:child href="IS1003d.C.words.xml#id(IS1003d.C.words1708)..id(IS1003d.C.words1718)"/>
   </ae>
   <ae nite:id="IS1003d.C.argumentstructs.Rutger.2">
      <nite:pointer role="type"  href="ae-types.xml#id(ae_1)"/>
      <nite:child href="IS1003d.C.words.xml#id(IS1003d.C.words1720)..id(IS1003d.C.words1723)"/>
   </ae>
   <ae nite:id="IS1003d.C.argumentstructs.Rutger.3">
      <nite:pointer role="type"  href="ae-types.xml#id(ae_1)"/>
      <nite:child href="IS1003d.C.words.xml#id(IS1003d.C.words1724)..id(IS1003d.C.words1727)"/>
   </ae>
   <ae nite:id="IS1003d.C.argumentstructs.Rutger.4">
      <nite:pointer role="type"  href="ae-types.xml#id(ae_1)"/>
      <nite:child href="IS1003d.C.words.xml#id(IS1003d.C.words1728)..id(IS1003d.C.words1730)"/>
   </ae>
   <ae nite:id="IS1003d.C.argumentstructs.Rutger.5">
      <nite:pointer role="type"  href="ae-types.xml#id(ae_1)"/>
      <nite:child href="IS1003d.C.words.xml#id(IS1003d.C.words1731)..id(IS1003d.C.words1735)"/>
   </ae>
   <ae nite:id="IS1003d.C.argumentstructs.Rutger.6">
      <nite:pointer role="type"  href="ae-types.xml#id(ae_1)"/>
      <nite:child href="IS1003d.C.words.xml#id(IS1003d.C.words1736)..id(IS1003d.C.words1737)"/>
   </ae>
   <ae nite:id="IS1003d.C.argumentstructs.7">
      <nite:pointer role="type"  href="ae-types.xml#id(ae_6)"/>
      <nite:child href="IS1003d.C.words.xml#id(IS1003d.C.words659)..id(IS1003d.C.words664)"/>
      <nite:child href="IS1003d.C.words.xml#id(IS1003d.C.words666)..id(IS1003d.C.words669)"/>
      <nite:child href="IS1003d.C.words.xml#id(IS1003d.C.words671)..id(IS1003d.C.words679)"/>
      <nite:child href="IS1003d.C.words.xml#id(IS1003d.C.words681)..id(IS1003d.C.words684)"/>
      <nite:child href="IS1003d.C.words.xml#id(IS1003d.C.words686)..id(IS1003d.C.words694)"/>
      <nite:child href="IS1003d.C.words.xml#id(IS1003d.C.words696)..id(IS1003d.C.words737)"/>
      <nite:child href="IS1003d.C.words.xml#id(IS1003d.C.words739)..id(IS1003d.C.words752)"/>
      <nite:child href="IS1003d.C.words.xml#id(IS1003d.C.words754)"/>
      <nite:child href="IS1003d.C.words.xml#id(IS1003d.C.words756)..id(IS1003d.C.words790)"/>
      <nite:child href="IS1003d.C.words.xml#id(IS1003d.C.words792)..id(IS1003d.C.words795)"/>
      <nite:child href="IS1003d.C.words.xml#id(IS1003d.C.words797)..id(IS1003d.C.words813)"/>
      <nite:child href="IS1003d.C.words.xml#id(IS1003d.C.words815)..id(IS1003d.C.words828)"/>
      <nite:child href="IS1003d.C.words.xml#id(IS1003d.C.words830)..id(IS1003d.C.words837)"/>
      <nite:child href="IS1003d.C.words.xml#id(IS1003d.C.words839)..id(IS1003d.C.words856)"/>
      <nite:child href="IS1003d.C.words.xml#id(IS1003d.C.words858)..id(IS1003d.C.words865)"/>
   </ae>
   <ae nite:id="IS1003d.C.argumentstructs.8">
      <nite:pointer role="type"  href="ae-types.xml#id(ae_6)"/>
      <nite:child href="IS1003d.C.words.xml#id(IS1003d.C.words1719)"/>
   </ae>
</nite:root>