<?xml version="1.0" encoding="ISO-8859-1" standalone="yes"?>
<nite:root nite:id="IS1004b.D.argumentstructs" xmlns:nite="http://nite.sourceforge.net/">
   <ae nite:id="IS1004b.D.argumentstructs.Rutger.3">
      <nite:pointer role="type"  href="ae-types.xml#id(ae_1)"/>
      <nite:child href="IS1004b.D.words.xml#id(IS1004b.D.words10)..id(IS1004b.D.words11)"/>
   </ae>
   <ae nite:id="IS1004b.D.argumentstructs.Rutger.4">
      <nite:pointer role="type"  href="ae-types.xml#id(ae_1)"/>
      <nite:child href="IS1004b.D.words.xml#id(IS1004b.D.words12)..id(IS1004b.D.words13)"/>
   </ae>
   <ae nite:id="IS1004b.D.argumentstructs.Rutger.5">
      <nite:pointer role="type"  href="ae-types.xml#id(ae_1)"/>
      <nite:child href="IS1004b.D.words.xml#id(IS1004b.D.words14)..id(IS1004b.D.words17)"/>
   </ae>
   <ae nite:id="IS1004b.D.argumentstructs.Rutger.6">
      <nite:pointer role="type"  href="ae-types.xml#id(ae_1)"/>
      <nite:child href="IS1004b.D.words.xml#id(IS1004b.D.words18)..id(IS1004b.D.words37)"/>
   </ae>
   <ae nite:id="IS1004b.D.argumentstructs.Rutger.7">
      <nite:pointer role="type"  href="ae-types.xml#id(ae_1)"/>
      <nite:child href="IS1004b.D.words.xml#id(IS1004b.D.words38)..id(IS1004b.D.words39)"/>
   </ae>
   <ae nite:id="IS1004b.D.argumentstructs.Rutger.9">
      <nite:pointer role="type"  href="ae-types.xml#id(ae_1)"/>
      <nite:child href="IS1004b.D.words.xml#id(IS1004b.D.words48)..id(IS1004b.D.words51)"/>
   </ae>
   <ae nite:id="IS1004b.D.argumentstructs.Rutger.11">
      <nite:pointer role="type"  href="ae-types.xml#id(ae_3)"/>
      <nite:child href="IS1004b.D.words.xml#id(IS1004b.D.words898)..id(IS1004b.D.words903)"/>
   </ae>
   <ae nite:id="IS1004b.D.argumentstructs.Rutger.12">
      <nite:pointer role="type"  href="ae-types.xml#id(ae_1)"/>
      <nite:child href="IS1004b.D.words.xml#id(IS1004b.D.words904)..id(IS1004b.D.words915)"/>
   </ae>
   <ae nite:id="IS1004b.D.argumentstructs.Rutger.13">
      <nite:pointer role="type"  href="ae-types.xml#id(ae_1)"/>
      <nite:child href="IS1004b.D.words.xml#id(IS1004b.D.words918)..id(IS1004b.D.words928)"/>
   </ae>
   <ae nite:id="IS1004b.D.argumentstructs.Rutger.14">
      <nite:pointer role="type"  href="ae-types.xml#id(ae_1)"/>
      <nite:child href="IS1004b.D.words.xml#id(IS1004b.D.words929)..id(IS1004b.D.words930)"/>
   </ae>
   <ae nite:id="IS1004b.D.argumentstructs.Rutger.15">
      <nite:pointer role="type"  href="ae-types.xml#id(ae_3)"/>
      <nite:child href="IS1004b.D.words.xml#id(IS1004b.D.words931)..id(IS1004b.D.words942)"/>
   </ae>
   <ae nite:id="IS1004b.D.argumentstructs.Rutger.16">
      <nite:pointer role="type"  href="ae-types.xml#id(ae_1)"/>
      <nite:child href="IS1004b.D.words.xml#id(IS1004b.D.words943)..id(IS1004b.D.words944)"/>
   </ae>
   <ae nite:id="IS1004b.D.argumentstructs.Rutger.17">
      <nite:pointer role="type"  href="ae-types.xml#id(ae_1)"/>
      <nite:child href="IS1004b.D.words.xml#id(IS1004b.D.words947)..id(IS1004b.D.words948)"/>
   </ae>
   <ae nite:id="IS1004b.D.argumentstructs.18">
      <nite:pointer role="type"  href="ae-types.xml#id(ae_6)"/>
      <nite:child href="IS1004b.D.words.xml#id(IS1004b.D.words0)..id(IS1004b.D.words1)"/>
      <nite:child href="IS1004b.D.words.xml#id(IS1004b.D.words3)..id(IS1004b.D.words8)"/>
   </ae>
   <ae nite:id="IS1004b.D.argumentstructs.19">
      <nite:pointer role="type"  href="ae-types.xml#id(ae_6)"/>
      <nite:child href="IS1004b.D.words.xml#id(IS1004b.D.words40)"/>
      <nite:child href="IS1004b.D.words.xml#id(IS1004b.D.words42)..id(IS1004b.D.words47)"/>
   </ae>
   <ae nite:id="IS1004b.D.argumentstructs.20">
      <nite:pointer role="type"  href="ae-types.xml#id(ae_6)"/>
      <nite:child href="IS1004b.D.words.xml#id(IS1004b.D.words875)..id(IS1004b.D.words879)"/>
      <nite:child href="IS1004b.D.words.xml#id(IS1004b.D.words881)..id(IS1004b.D.words897)"/>
   </ae>
   <ae nite:id="IS1004b.D.argumentstructs.21">
      <nite:pointer role="type"  href="ae-types.xml#id(ae_6)"/>
      <nite:child href="IS1004b.D.words.xml#id(IS1004b.D.words916)..id(IS1004b.D.words917)"/>
   </ae>
   <ae nite:id="IS1004b.D.argumentstructs.22">
      <nite:pointer role="type"  href="ae-types.xml#id(ae_6)"/>
      <nite:child href="IS1004b.D.words.xml#id(IS1004b.D.words945)"/>
   </ae>
</nite:root>