<?xml version="1.0" encoding="ISO-8859-1" standalone="yes"?>
<nite:root nite:id="IS1005c.C.argumentstructs" xmlns:nite="http://nite.sourceforge.net/">
   <ae nite:id="IS1005c.C.argumentstructs.Rutger.1">
      <nite:pointer role="type"  href="ae-types.xml#id(ae_1)"/>
      <nite:child href="IS1005c.C.words.xml#id(IS1005c.C.words758)..id(IS1005c.C.words759)"/>
   </ae>
   <ae nite:id="IS1005c.C.argumentstructs.Rutger.2">
      <nite:pointer role="type"  href="ae-types.xml#id(ae_1)"/>
      <nite:child href="IS1005c.C.words.xml#id(IS1005c.C.words765)..id(IS1005c.C.words929)"/>
   </ae>
   <ae nite:id="IS1005c.C.argumentstructs.Rutger.3">
      <nite:pointer role="type"  href="ae-types.xml#id(ae_1)"/>
      <nite:child href="IS1005c.C.words.xml#id(IS1005c.C.words930)..id(IS1005c.C.words932)"/>
   </ae>
   <ae nite:id="IS1005c.C.argumentstructs.Rutger.4">
      <nite:pointer role="type"  href="ae-types.xml#id(ae_2)"/>
      <nite:child href="IS1005c.C.words.xml#id(IS1005c.C.words937)..id(IS1005c.C.words960)"/>
   </ae>
   <ae nite:id="IS1005c.C.argumentstructs.Rutger.5">
      <nite:pointer role="type"  href="ae-types.xml#id(ae_1)"/>
      <nite:child href="IS1005c.C.words.xml#id(IS1005c.C.words961)..id(IS1005c.C.words1001)"/>
   </ae>
   <ae nite:id="IS1005c.C.argumentstructs.Rutger.6">
      <nite:pointer role="type"  href="ae-types.xml#id(ae_1)"/>
      <nite:child href="IS1005c.C.words.xml#id(IS1005c.C.words1002)..id(IS1005c.C.words1030)"/>
   </ae>
   <ae nite:id="IS1005c.C.argumentstructs.Rutger.7">
      <nite:pointer role="type"  href="ae-types.xml#id(ae_1)"/>
      <nite:child href="IS1005c.C.words.xml#id(IS1005c.C.words1032)..id(IS1005c.C.words1035)"/>
   </ae>
   <ae nite:id="IS1005c.C.argumentstructs.8">
      <nite:pointer role="type"  href="ae-types.xml#id(ae_6)"/>
      <nite:child href="IS1005c.C.words.xml#id(IS1005c.C.words752)..id(IS1005c.C.words753)"/>
      <nite:child href="IS1005c.C.words.xml#id(IS1005c.C.words756)..id(IS1005c.C.words757)"/>
   </ae>
   <ae nite:id="IS1005c.C.argumentstructs.9">
      <nite:pointer role="type"  href="ae-types.xml#id(ae_6)"/>
      <nite:child href="IS1005c.C.words.xml#id(IS1005c.C.words760)..id(IS1005c.C.words761)"/>
   </ae>
   <ae nite:id="IS1005c.C.argumentstructs.10">
      <nite:pointer role="type"  href="ae-types.xml#id(ae_6)"/>
      <nite:child href="IS1005c.C.words.xml#id(IS1005c.C.words763)..id(IS1005c.C.words764)"/>
   </ae>
   <ae nite:id="IS1005c.C.argumentstructs.11">
      <nite:pointer role="type"  href="ae-types.xml#id(ae_6)"/>
      <nite:child href="IS1005c.C.words.xml#id(IS1005c.C.words933)..id(IS1005c.C.words936)"/>
   </ae>
   <ae nite:id="IS1005c.C.argumentstructs.12">
      <nite:pointer role="type"  href="ae-types.xml#id(ae_6)"/>
      <nite:child href="IS1005c.C.words.xml#id(IS1005c.C.words1036)"/>
   </ae>
</nite:root>