<?xml version="1.0" encoding="ISO-8859-1" standalone="yes"?>
<nite:root nite:id="IS1000d.B.argumentstructs" xmlns:nite="http://nite.sourceforge.net/">
   <ae nite:id="IS1000d.B.argumentstructs.Rutger.1">
      <nite:pointer role="type"  href="ae-types.xml#id(ae_1)"/>
      <nite:child href="IS1000d.B.words.xml#id(IS1000d.B.words983)..id(IS1000d.B.words990)"/>
   </ae>
   <ae nite:id="IS1000d.B.argumentstructs.Rutger.2">
      <nite:pointer role="type"  href="ae-types.xml#id(ae_1)"/>
      <nite:child href="IS1000d.B.words.xml#id(IS1000d.B.words991)..id(IS1000d.B.words999)"/>
   </ae>
   <ae nite:id="IS1000d.B.argumentstructs.Rutger.3">
      <nite:pointer role="type"  href="ae-types.xml#id(ae_1)"/>
      <nite:child href="IS1000d.B.words.xml#id(IS1000d.B.words1005)..id(IS1000d.B.words1028)"/>
   </ae>
   <ae nite:id="IS1000d.B.argumentstructs.Rutger.4">
      <nite:pointer role="type"  href="ae-types.xml#id(ae_3)"/>
      <nite:child href="IS1000d.B.words.xml#id(IS1000d.B.words1029)..id(IS1000d.B.words1040)"/>
   </ae>
   <ae nite:id="IS1000d.B.argumentstructs.Rutger.5">
      <nite:pointer role="type"  href="ae-types.xml#id(ae_1)"/>
      <nite:child href="IS1000d.B.words.xml#id(IS1000d.B.words1041)..id(IS1000d.B.words1046)"/>
   </ae>
   <ae nite:id="IS1000d.B.argumentstructs.Rutger.6">
      <nite:pointer role="type"  href="ae-types.xml#id(ae_1)"/>
      <nite:child href="IS1000d.B.words.xml#id(IS1000d.B.words1047)..id(IS1000d.B.words1055)"/>
   </ae>
   <ae nite:id="IS1000d.B.argumentstructs.Rutger.7">
      <nite:pointer role="type"  href="ae-types.xml#id(ae_1)"/>
      <nite:child href="IS1000d.B.words.xml#id(IS1000d.B.words1060)..id(IS1000d.B.words1065)"/>
   </ae>
   <ae nite:id="IS1000d.B.argumentstructs.Rutger.8">
      <nite:pointer role="type"  href="ae-types.xml#id(ae_1)"/>
      <nite:child href="IS1000d.B.words.xml#id(IS1000d.B.words1066)..id(IS1000d.B.words1070)"/>
   </ae>
   <ae nite:id="IS1000d.B.argumentstructs.Rutger.9">
      <nite:pointer role="type"  href="ae-types.xml#id(ae_1)"/>
      <nite:child href="IS1000d.B.words.xml#id(IS1000d.B.words1071)..id(IS1000d.B.words1078)"/>
   </ae>
   <ae nite:id="IS1000d.B.argumentstructs.Rutger.10">
      <nite:pointer role="type"  href="ae-types.xml#id(ae_1)"/>
      <nite:child href="IS1000d.B.words.xml#id(IS1000d.B.words1081)..id(IS1000d.B.words1092)"/>
   </ae>
   <ae nite:id="IS1000d.B.argumentstructs.Rutger.11">
      <nite:pointer role="type"  href="ae-types.xml#id(ae_1)"/>
      <nite:child href="IS1000d.B.words.xml#id(IS1000d.B.words1099)..id(IS1000d.B.words1115)"/>
   </ae>
   <ae nite:id="IS1000d.B.argumentstructs.Rutger.12">
      <nite:pointer role="type"  href="ae-types.xml#id(ae_2)"/>
      <nite:child href="IS1000d.B.words.xml#id(IS1000d.B.words1118)..id(IS1000d.B.words1127)"/>
   </ae>
   <ae nite:id="IS1000d.B.argumentstructs.Rutger.13">
      <nite:pointer role="type"  href="ae-types.xml#id(ae_1)"/>
      <nite:child href="IS1000d.B.words.xml#id(IS1000d.B.words1128)..id(IS1000d.B.words1149)"/>
   </ae>
   <ae nite:id="IS1000d.B.argumentstructs.Rutger.14">
      <nite:pointer role="type"  href="ae-types.xml#id(ae_1)"/>
      <nite:child href="IS1000d.B.words.xml#id(IS1000d.B.words1150)..id(IS1000d.B.words1151)"/>
   </ae>
   <ae nite:id="IS1000d.B.argumentstructs.Rutger.15">
      <nite:pointer role="type"  href="ae-types.xml#id(ae_1)"/>
      <nite:child href="IS1000d.B.words.xml#id(IS1000d.B.words1152)..id(IS1000d.B.words1153)"/>
   </ae>
   <ae nite:id="IS1000d.B.argumentstructs.Rutger.16">
      <nite:pointer role="type"  href="ae-types.xml#id(ae_1)"/>
      <nite:child href="IS1000d.B.words.xml#id(IS1000d.B.words1154)..id(IS1000d.B.words1155)"/>
   </ae>
   <ae nite:id="IS1000d.B.argumentstructs.Rutger.17">
      <nite:pointer role="type"  href="ae-types.xml#id(ae_3)"/>
      <nite:child href="IS1000d.B.words.xml#id(IS1000d.B.words1156)..id(IS1000d.B.words1160)"/>
   </ae>
   <ae nite:id="IS1000d.B.argumentstructs.Rutger.18">
      <nite:pointer role="type"  href="ae-types.xml#id(ae_1)"/>
      <nite:child href="IS1000d.B.words.xml#id(IS1000d.B.words1167)"/>
   </ae>
   <ae nite:id="IS1000d.B.argumentstructs.Rutger.19">
      <nite:pointer role="type"  href="ae-types.xml#id(ae_1)"/>
      <nite:child href="IS1000d.B.words.xml#id(IS1000d.B.words1169)..id(IS1000d.B.words1178)"/>
   </ae>
   <ae nite:id="IS1000d.B.argumentstructs.Rutger.20">
      <nite:pointer role="type"  href="ae-types.xml#id(ae_1)"/>
      <nite:child href="IS1000d.B.words.xml#id(IS1000d.B.words1179)..id(IS1000d.B.words1195)"/>
   </ae>
   <ae nite:id="IS1000d.B.argumentstructs.Rutger.21">
      <nite:pointer role="type"  href="ae-types.xml#id(ae_1)"/>
      <nite:child href="IS1000d.B.words.xml#id(IS1000d.B.words1201)..id(IS1000d.B.words1207)"/>
   </ae>
   <ae nite:id="IS1000d.B.argumentstructs.Rutger.22">
      <nite:pointer role="type"  href="ae-types.xml#id(ae_1)"/>
      <nite:child href="IS1000d.B.words.xml#id(IS1000d.B.words1212)..id(IS1000d.B.words1229)"/>
   </ae>
   <ae nite:id="IS1000d.B.argumentstructs.Rutger.23">
      <nite:pointer role="type"  href="ae-types.xml#id(ae_1)"/>
      <nite:child href="IS1000d.B.words.xml#id(IS1000d.B.words1230)..id(IS1000d.B.words1240)"/>
   </ae>
   <ae nite:id="IS1000d.B.argumentstructs.Rutger.24">
      <nite:pointer role="type"  href="ae-types.xml#id(ae_1)"/>
      <nite:child href="IS1000d.B.words.xml#id(IS1000d.B.words1249)..id(IS1000d.B.words1256)"/>
   </ae>
   <ae nite:id="IS1000d.B.argumentstructs.Rutger.25">
      <nite:pointer role="type"  href="ae-types.xml#id(ae_2)"/>
      <nite:child href="IS1000d.B.words.xml#id(IS1000d.B.words1260)..id(IS1000d.B.words1285)"/>
   </ae>
   <ae nite:id="IS1000d.B.argumentstructs.Rutger.27">
      <nite:pointer role="type"  href="ae-types.xml#id(ae_2)"/>
      <nite:child href="IS1000d.B.words.xml#id(IS1000d.B.words1286)..id(IS1000d.B.words1309)"/>
   </ae>
   <ae nite:id="IS1000d.B.argumentstructs.Rutger.28">
      <nite:pointer role="type"  href="ae-types.xml#id(ae_1)"/>
      <nite:child href="IS1000d.B.words.xml#id(IS1000d.B.words1322)..id(IS1000d.B.words1327)"/>
   </ae>
   <ae nite:id="IS1000d.B.argumentstructs.Rutger.29">
      <nite:pointer role="type"  href="ae-types.xml#id(ae_5)"/>
      <nite:child href="IS1000d.B.words.xml#id(IS1000d.B.words1328)..id(IS1000d.B.words1331)"/>
   </ae>
   <ae nite:id="IS1000d.B.argumentstructs.Rutger.30">
      <nite:pointer role="type"  href="ae-types.xml#id(ae_1)"/>
      <nite:child href="IS1000d.B.words.xml#id(IS1000d.B.words1332)..id(IS1000d.B.words1340)"/>
   </ae>
   <ae nite:id="IS1000d.B.argumentstructs.Rutger.31">
      <nite:pointer role="type"  href="ae-types.xml#id(ae_1)"/>
      <nite:child href="IS1000d.B.words.xml#id(IS1000d.B.words1341)..id(IS1000d.B.words1356)"/>
   </ae>
   <ae nite:id="IS1000d.B.argumentstructs.Rutger.32">
      <nite:pointer role="type"  href="ae-types.xml#id(ae_1)"/>
      <nite:child href="IS1000d.B.words.xml#id(IS1000d.B.words1358)..id(IS1000d.B.words1363)"/>
   </ae>
   <ae nite:id="IS1000d.B.argumentstructs.Rutger.33">
      <nite:pointer role="type"  href="ae-types.xml#id(ae_1)"/>
      <nite:child href="IS1000d.B.words.xml#id(IS1000d.B.words1393)..id(IS1000d.B.words1399)"/>
   </ae>
   <ae nite:id="IS1000d.B.argumentstructs.Rutger.34">
      <nite:pointer role="type"  href="ae-types.xml#id(ae_1)"/>
      <nite:child href="IS1000d.B.words.xml#id(IS1000d.B.words1400)..id(IS1000d.B.words1414)"/>
   </ae>
   <ae nite:id="IS1000d.B.argumentstructs.Rutger.35">
      <nite:pointer role="type"  href="ae-types.xml#id(ae_2)"/>
      <nite:child href="IS1000d.B.words.xml#id(IS1000d.B.words1415)..id(IS1000d.B.words1428)"/>
   </ae>
   <ae nite:id="IS1000d.B.argumentstructs.Rutger.36">
      <nite:pointer role="type"  href="ae-types.xml#id(ae_3)"/>
      <nite:child href="IS1000d.B.words.xml#id(IS1000d.B.words1429)..id(IS1000d.B.words1433)"/>
   </ae>
   <ae nite:id="IS1000d.B.argumentstructs.Rutger.37">
      <nite:pointer role="type"  href="ae-types.xml#id(ae_5)"/>
      <nite:child href="IS1000d.B.words.xml#id(IS1000d.B.words1434)..id(IS1000d.B.words1441)"/>
   </ae>
   <ae nite:id="IS1000d.B.argumentstructs.38">
      <nite:pointer role="type"  href="ae-types.xml#id(ae_6)"/>
      <nite:child href="IS1000d.B.words.xml#id(IS1000d.B.words958)..id(IS1000d.B.words962)"/>
      <nite:child href="IS1000d.B.words.xml#id(IS1000d.B.words964)"/>
      <nite:child href="IS1000d.B.words.xml#id(IS1000d.B.words966)"/>
      <nite:child href="IS1000d.B.words.xml#id(IS1000d.B.words968)..id(IS1000d.B.words972)"/>
      <nite:child href="IS1000d.B.words.xml#id(IS1000d.B.words974)..id(IS1000d.B.words982)"/>
   </ae>
   <ae nite:id="IS1000d.B.argumentstructs.39">
      <nite:pointer role="type"  href="ae-types.xml#id(ae_6)"/>
      <nite:child href="IS1000d.B.words.xml#id(IS1000d.B.words1000)..id(IS1000d.B.words1004)"/>
   </ae>
   <ae nite:id="IS1000d.B.argumentstructs.40">
      <nite:pointer role="type"  href="ae-types.xml#id(ae_6)"/>
      <nite:child href="IS1000d.B.words.xml#id(IS1000d.B.words1056)..id(IS1000d.B.words1059)"/>
   </ae>
   <ae nite:id="IS1000d.B.argumentstructs.41">
      <nite:pointer role="type"  href="ae-types.xml#id(ae_6)"/>
      <nite:child href="IS1000d.B.words.xml#id(IS1000d.B.words1079)..id(IS1000d.B.words1080)"/>
   </ae>
   <ae nite:id="IS1000d.B.argumentstructs.42">
      <nite:pointer role="type"  href="ae-types.xml#id(ae_6)"/>
      <nite:child href="IS1000d.B.words.xml#id(IS1000d.B.words1093)..id(IS1000d.B.words1095)"/>
      <nite:child href="IS1000d.B.words.xml#id(IS1000d.B.words1097)..id(IS1000d.B.words1098)"/>
   </ae>
   <ae nite:id="IS1000d.B.argumentstructs.43">
      <nite:pointer role="type"  href="ae-types.xml#id(ae_6)"/>
      <nite:child href="IS1000d.B.words.xml#id(IS1000d.B.words1116)..id(IS1000d.B.words1117)"/>
   </ae>
   <ae nite:id="IS1000d.B.argumentstructs.44">
      <nite:pointer role="type"  href="ae-types.xml#id(ae_6)"/>
      <nite:child href="IS1000d.B.words.xml#id(IS1000d.B.words1162)..id(IS1000d.B.words1163)"/>
      <nite:child href="IS1000d.B.words.xml#id(IS1000d.B.words1165)..id(IS1000d.B.words1166)"/>
   </ae>
   <ae nite:id="IS1000d.B.argumentstructs.45">
      <nite:pointer role="type"  href="ae-types.xml#id(ae_6)"/>
      <nite:child href="IS1000d.B.words.xml#id(IS1000d.B.words1168)"/>
   </ae>
   <ae nite:id="IS1000d.B.argumentstructs.46">
      <nite:pointer role="type"  href="ae-types.xml#id(ae_6)"/>
      <nite:child href="IS1000d.B.words.xml#id(IS1000d.B.words1197)..id(IS1000d.B.words1200)"/>
   </ae>
   <ae nite:id="IS1000d.B.argumentstructs.47">
      <nite:pointer role="type"  href="ae-types.xml#id(ae_6)"/>
      <nite:child href="IS1000d.B.words.xml#id(IS1000d.B.words1208)..id(IS1000d.B.words1211)"/>
   </ae>
   <ae nite:id="IS1000d.B.argumentstructs.48">
      <nite:pointer role="type"  href="ae-types.xml#id(ae_6)"/>
      <nite:child href="IS1000d.B.words.xml#id(IS1000d.B.words1241)..id(IS1000d.B.words1246)"/>
   </ae>
   <ae nite:id="IS1000d.B.argumentstructs.49">
      <nite:pointer role="type"  href="ae-types.xml#id(ae_6)"/>
      <nite:child href="IS1000d.B.words.xml#id(IS1000d.B.words1247)"/>
   </ae>
   <ae nite:id="IS1000d.B.argumentstructs.50">
      <nite:pointer role="type"  href="ae-types.xml#id(ae_6)"/>
      <nite:child href="IS1000d.B.words.xml#id(IS1000d.B.words1258)..id(IS1000d.B.words1259)"/>
   </ae>
   <ae nite:id="IS1000d.B.argumentstructs.51">
      <nite:pointer role="type"  href="ae-types.xml#id(ae_6)"/>
      <nite:child href="IS1000d.B.words.xml#id(IS1000d.B.words1310)..id(IS1000d.B.words1321)"/>
   </ae>
   <ae nite:id="IS1000d.B.argumentstructs.52">
      <nite:pointer role="type"  href="ae-types.xml#id(ae_6)"/>
      <nite:child href="IS1000d.B.words.xml#id(IS1000d.B.words1357)"/>
   </ae>
   <ae nite:id="IS1000d.B.argumentstructs.53">
      <nite:pointer role="type"  href="ae-types.xml#id(ae_6)"/>
      <nite:child href="IS1000d.B.words.xml#id(IS1000d.B.words1364)..id(IS1000d.B.words1370)"/>
      <nite:child href="IS1000d.B.words.xml#id(IS1000d.B.words1372)..id(IS1000d.B.words1392)"/>
   </ae>
   <ae nite:id="IS1000d.B.argumentstructs.54">
      <nite:pointer role="type"  href="ae-types.xml#id(ae_6)"/>
      <nite:child href="IS1000d.B.words.xml#id(IS1000d.B.words1442)..id(IS1000d.B.words1449)"/>
   </ae>
</nite:root>