<?xml version="1.0" encoding="ISO-8859-1" standalone="yes"?>
<nite:root nite:id="IS1001a.C.argumentstructs" xmlns:nite="http://nite.sourceforge.net/">
   <ae nite:id="IS1001a.C.argumentstructs.Rutger.1">
      <nite:pointer role="type"  href="ae-types.xml#id(ae_1)"/>
      <nite:child href="IS1001a.C.words.xml#id(IS1001a.C.words106)..id(IS1001a.C.words115)"/>
   </ae>
   <ae nite:id="IS1001a.C.argumentstructs.Rutger.2">
      <nite:pointer role="type"  href="ae-types.xml#id(ae_1)"/>
      <nite:child href="IS1001a.C.words.xml#id(IS1001a.C.words116)..id(IS1001a.C.words118)"/>
   </ae>
   <ae nite:id="IS1001a.C.argumentstructs.Rutger.3">
      <nite:pointer role="type"  href="ae-types.xml#id(ae_1)"/>
      <nite:child href="IS1001a.C.words.xml#id(IS1001a.C.words119)..id(IS1001a.C.words123)"/>
   </ae>
   <ae nite:id="IS1001a.C.argumentstructs.Rutger.4">
      <nite:pointer role="type"  href="ae-types.xml#id(ae_1)"/>
      <nite:child href="IS1001a.C.words.xml#id(IS1001a.C.words124)..id(IS1001a.C.words125)"/>
   </ae>
   <ae nite:id="IS1001a.C.argumentstructs.5">
      <nite:pointer role="type"  href="ae-types.xml#id(ae_6)"/>
      <nite:child href="IS1001a.C.words.xml#id(IS1001a.C.words104)..id(IS1001a.C.words105)"/>
   </ae>
</nite:root>