<?xml version="1.0" encoding="ISO-8859-1" standalone="yes"?>
<nite:root nite:id="IS1009d.B.argumentstructs" xmlns:nite="http://nite.sourceforge.net/">
   <ae nite:id="IS1009d.B.argumentstructs.Daan.1">
      <nite:pointer role="type"  href="ae-types.xml#id(ae_1)"/>
      <nite:child href="IS1009d.B.words.xml#id(IS1009d.B.words466)..id(IS1009d.B.words497)"/>
   </ae>
   <ae nite:id="IS1009d.B.argumentstructs.Daan.2">
      <nite:pointer role="type"  href="ae-types.xml#id(ae_1)"/>
      <nite:child href="IS1009d.B.words.xml#id(IS1009d.B.words633)..id(IS1009d.B.words638)"/>
   </ae>
   <ae nite:id="IS1009d.B.argumentstructs.Daan.3">
      <nite:pointer role="type"  href="ae-types.xml#id(ae_1)"/>
      <nite:child href="IS1009d.B.words.xml#id(IS1009d.B.words639)..id(IS1009d.B.words640)"/>
   </ae>
   <ae nite:id="IS1009d.B.argumentstructs.Daan.4">
      <nite:pointer role="type"  href="ae-types.xml#id(ae_1)"/>
      <nite:child href="IS1009d.B.words.xml#id(IS1009d.B.words643)..id(IS1009d.B.words646)"/>
   </ae>
   <ae nite:id="IS1009d.B.argumentstructs.Daan.5">
      <nite:pointer role="type"  href="ae-types.xml#id(ae_1)"/>
      <nite:child href="IS1009d.B.words.xml#id(IS1009d.B.words647)..id(IS1009d.B.words650)"/>
   </ae>
   <ae nite:id="IS1009d.B.argumentstructs.Daan.6">
      <nite:pointer role="type"  href="ae-types.xml#id(ae_1)"/>
      <nite:child href="IS1009d.B.words.xml#id(IS1009d.B.words651)..id(IS1009d.B.words652)"/>
   </ae>
   <ae nite:id="IS1009d.B.argumentstructs.7">
      <nite:pointer role="type"  href="ae-types.xml#id(ae_6)"/>
      <nite:child href="IS1009d.B.words.xml#id(IS1009d.B.words498)..id(IS1009d.B.words509)"/>
   </ae>
   <ae nite:id="IS1009d.B.argumentstructs.8">
      <nite:pointer role="type"  href="ae-types.xml#id(ae_6)"/>
      <nite:child href="IS1009d.B.words.xml#id(IS1009d.B.words624)..id(IS1009d.B.words625)"/>
   </ae>
</nite:root>