<?xml version="1.0" encoding="ISO-8859-1" standalone="yes"?>
<nite:root nite:id="IS1008b.A.argumentstructs" xmlns:nite="http://nite.sourceforge.net/">
   <ae nite:id="IS1008b.A.argumentstructs.Daan.1">
      <nite:pointer role="type"  href="ae-types.xml#id(ae_1)"/>
      <nite:child href="IS1008b.A.words.xml#id(IS1008b.A.words393)..id(IS1008b.A.words414)"/>
   </ae>
   <ae nite:id="IS1008b.A.argumentstructs.Daan.2">
      <nite:pointer role="type"  href="ae-types.xml#id(ae_1)"/>
      <nite:child href="IS1008b.A.words.xml#id(IS1008b.A.words415)..id(IS1008b.A.words449)"/>
   </ae>
   <ae nite:id="IS1008b.A.argumentstructs.Daan.3">
      <nite:pointer role="type"  href="ae-types.xml#id(ae_1)"/>
      <nite:child href="IS1008b.A.words.xml#id(IS1008b.A.words452)..id(IS1008b.A.words492)"/>
   </ae>
   <ae nite:id="IS1008b.A.argumentstructs.Daan.4">
      <nite:pointer role="type"  href="ae-types.xml#id(ae_5)"/>
      <nite:child href="IS1008b.A.words.xml#id(IS1008b.A.words507)..id(IS1008b.A.words530)"/>
   </ae>
   <ae nite:id="IS1008b.A.argumentstructs.Daan.5">
      <nite:pointer role="type"  href="ae-types.xml#id(ae_1)"/>
      <nite:child href="IS1008b.A.words.xml#id(IS1008b.A.words537)..id(IS1008b.A.words556)"/>
   </ae>
   <ae nite:id="IS1008b.A.argumentstructs.Daan.6">
      <nite:pointer role="type"  href="ae-types.xml#id(ae_3)"/>
      <nite:child href="IS1008b.A.words.xml#id(IS1008b.A.words872)..id(IS1008b.A.words892)"/>
   </ae>
   <ae nite:id="IS1008b.A.argumentstructs.Daan.7">
      <nite:pointer role="type"  href="ae-types.xml#id(ae_1)"/>
      <nite:child href="IS1008b.A.words.xml#id(IS1008b.A.words1489)..id(IS1008b.A.words1490)"/>
   </ae>
   <ae nite:id="IS1008b.A.argumentstructs.Daan.8">
      <nite:pointer role="type"  href="ae-types.xml#id(ae_1)"/>
      <nite:child href="IS1008b.A.words.xml#id(IS1008b.A.words1491)..id(IS1008b.A.words1508)"/>
   </ae>
   <ae nite:id="IS1008b.A.argumentstructs.9">
      <nite:pointer role="type"  href="ae-types.xml#id(ae_6)"/>
      <nite:child href="IS1008b.A.words.xml#id(IS1008b.A.words450)..id(IS1008b.A.words451)"/>
   </ae>
   <ae nite:id="IS1008b.A.argumentstructs.10">
      <nite:pointer role="type"  href="ae-types.xml#id(ae_6)"/>
      <nite:child href="IS1008b.A.words.xml#id(IS1008b.A.words493)..id(IS1008b.A.words506)"/>
   </ae>
   <ae nite:id="IS1008b.A.argumentstructs.11">
      <nite:pointer role="type"  href="ae-types.xml#id(ae_6)"/>
      <nite:child href="IS1008b.A.words.xml#id(IS1008b.A.words531)..id(IS1008b.A.words532)"/>
      <nite:child href="IS1008b.A.words.xml#id(IS1008b.A.words534)..id(IS1008b.A.words535)"/>
   </ae>
   <ae nite:id="IS1008b.A.argumentstructs.12">
      <nite:pointer role="type"  href="ae-types.xml#id(ae_6)"/>
      <nite:child href="IS1008b.A.words.xml#id(IS1008b.A.words893)..id(IS1008b.A.words894)"/>
   </ae>
   <ae nite:id="IS1008b.A.argumentstructs.13">
      <nite:pointer role="type"  href="ae-types.xml#id(ae_6)"/>
      <nite:child href="IS1008b.A.words.xml#id(IS1008b.A.words1478)..id(IS1008b.A.words1488)"/>
   </ae>
   <ae nite:id="IS1008b.A.argumentstructs.14">
      <nite:pointer role="type"  href="ae-types.xml#id(ae_6)"/>
      <nite:child href="IS1008b.A.words.xml#id(IS1008b.A.words1509)..id(IS1008b.A.words1510)"/>
   </ae>
</nite:root>