<?xml version="1.0" encoding="ISO-8859-1" standalone="yes"?>
<nite:root nite:id="IS1009c.A.argumentstructs" xmlns:nite="http://nite.sourceforge.net/">
   <ae nite:id="IS1009c.A.argumentstructs.Daan.1">
      <nite:pointer role="type"  href="ae-types.xml#id(ae_5)"/>
      <nite:child href="IS1009c.A.words.xml#id(IS1009c.A.words605)..id(IS1009c.A.words612)"/>
   </ae>
   <ae nite:id="IS1009c.A.argumentstructs.Daan.2">
      <nite:pointer role="type"  href="ae-types.xml#id(ae_1)"/>
      <nite:child href="IS1009c.A.words.xml#id(IS1009c.A.words613)..id(IS1009c.A.words624)"/>
   </ae>
   <ae nite:id="IS1009c.A.argumentstructs.Daan.3">
      <nite:pointer role="type"  href="ae-types.xml#id(ae_3)"/>
      <nite:child href="IS1009c.A.words.xml#id(IS1009c.A.words826)..id(IS1009c.A.words831)"/>
   </ae>
   <ae nite:id="IS1009c.A.argumentstructs.Daan.4">
      <nite:pointer role="type"  href="ae-types.xml#id(ae_1)"/>
      <nite:child href="IS1009c.A.words.xml#id(IS1009c.A.words864)..id(IS1009c.A.words891)"/>
   </ae>
   <ae nite:id="IS1009c.A.argumentstructs.Daan.5">
      <nite:pointer role="type"  href="ae-types.xml#id(ae_3)"/>
      <nite:child href="IS1009c.A.words.xml#id(IS1009c.A.words892)..id(IS1009c.A.words901)"/>
   </ae>
   <ae nite:id="IS1009c.A.argumentstructs.Daan.6">
      <nite:pointer role="type"  href="ae-types.xml#id(ae_5)"/>
      <nite:child href="IS1009c.A.words.xml#id(IS1009c.A.words902)..id(IS1009c.A.words905)"/>
   </ae>
   <ae nite:id="IS1009c.A.argumentstructs.Daan.7">
      <nite:pointer role="type"  href="ae-types.xml#id(ae_1)"/>
      <nite:child href="IS1009c.A.words.xml#id(IS1009c.A.words921)..id(IS1009c.A.words932)"/>
   </ae>
   <ae nite:id="IS1009c.A.argumentstructs.Daan.8">
      <nite:pointer role="type"  href="ae-types.xml#id(ae_1)"/>
      <nite:child href="IS1009c.A.words.xml#id(IS1009c.A.words972)..id(IS1009c.A.words997)"/>
   </ae>
   <ae nite:id="IS1009c.A.argumentstructs.Daan.9">
      <nite:pointer role="type"  href="ae-types.xml#id(ae_1)"/>
      <nite:child href="IS1009c.A.words.xml#id(IS1009c.A.words1000)..id(IS1009c.A.words1006)"/>
   </ae>
   <ae nite:id="IS1009c.A.argumentstructs.10">
      <nite:pointer role="type"  href="ae-types.xml#id(ae_6)"/>
      <nite:child href="IS1009c.A.words.xml#id(IS1009c.A.words625)..id(IS1009c.A.words632)"/>
   </ae>
   <ae nite:id="IS1009c.A.argumentstructs.11">
      <nite:pointer role="type"  href="ae-types.xml#id(ae_6)"/>
      <nite:child href="IS1009c.A.words.xml#id(IS1009c.A.words832)..id(IS1009c.A.words860)"/>
   </ae>
   <ae nite:id="IS1009c.A.argumentstructs.12">
      <nite:pointer role="type"  href="ae-types.xml#id(ae_6)"/>
      <nite:child href="IS1009c.A.words.xml#id(IS1009c.A.words907)"/>
      <nite:child href="IS1009c.A.words.xml#id(IS1009c.A.words910)..id(IS1009c.A.words913)"/>
      <nite:child href="IS1009c.A.words.xml#id(IS1009c.A.words915)..id(IS1009c.A.words917)"/>
      <nite:child href="IS1009c.A.words.xml#id(IS1009c.A.words919)..id(IS1009c.A.words920)"/>
   </ae>
   <ae nite:id="IS1009c.A.argumentstructs.13">
      <nite:pointer role="type"  href="ae-types.xml#id(ae_6)"/>
      <nite:child href="IS1009c.A.words.xml#id(IS1009c.A.words998)..id(IS1009c.A.words999)"/>
   </ae>
</nite:root>