<?xml version="1.0" encoding="ISO-8859-1" standalone="yes"?>
<nite:root nite:id="IS1001b.D.argumentstructs" xmlns:nite="http://nite.sourceforge.net/">
   <ae nite:id="IS1001b.D.argumentstructs.Rutger.1">
      <nite:pointer role="type"  href="ae-types.xml#id(ae_1)"/>
      <nite:child href="IS1001b.D.words.xml#id(IS1001b.D.words791)..id(IS1001b.D.words792)"/>
   </ae>
   <ae nite:id="IS1001b.D.argumentstructs.Rutger.2">
      <nite:pointer role="type"  href="ae-types.xml#id(ae_2)"/>
      <nite:child href="IS1001b.D.words.xml#id(IS1001b.D.words797)..id(IS1001b.D.words832)"/>
   </ae>
   <ae nite:id="IS1001b.D.argumentstructs.Rutger.3">
      <nite:pointer role="type"  href="ae-types.xml#id(ae_1)"/>
      <nite:child href="IS1001b.D.words.xml#id(IS1001b.D.words833)..id(IS1001b.D.words834)"/>
   </ae>
   <ae nite:id="IS1001b.D.argumentstructs.4">
      <nite:pointer role="type"  href="ae-types.xml#id(ae_6)"/>
      <nite:child href="IS1001b.D.words.xml#id(IS1001b.D.words793)..id(IS1001b.D.words796)"/>
   </ae>
   <ae nite:id="IS1001b.D.argumentstructs.5">
      <nite:pointer role="type"  href="ae-types.xml#id(ae_6)"/>
      <nite:child href="IS1001b.D.words.xml#id(IS1001b.D.words836)..id(IS1001b.D.words843)"/>
   </ae>
   <ae nite:id="IS1001b.D.argumentstructs.6">
      <nite:pointer role="type"  href="ae-types.xml#id(ae_6)"/>
      <nite:child href="IS1001b.D.words.xml#id(IS1001b.D.words845)..id(IS1001b.D.words850)"/>
      <nite:child href="IS1001b.D.words.xml#id(IS1001b.D.words852)..id(IS1001b.D.words853)"/>
   </ae>
</nite:root>