<?xml version="1.0" encoding="ISO-8859-1" standalone="yes"?>
<nite:root nite:id="IS1002b.D.argumentstructs" xmlns:nite="http://nite.sourceforge.net/">
   <ae nite:id="IS1002b.D.argumentstructs.Rutger.1">
      <nite:pointer role="type"  href="ae-types.xml#id(ae_1)"/>
      <nite:child href="IS1002b.D.words.xml#id(IS1002b.D.words1716)..id(IS1002b.D.words1768)"/>
   </ae>
   <ae nite:id="IS1002b.D.argumentstructs.Rutger.2">
      <nite:pointer role="type"  href="ae-types.xml#id(ae_1)"/>
      <nite:child href="IS1002b.D.words.xml#id(IS1002b.D.words1777)..id(IS1002b.D.words1779)"/>
   </ae>
   <ae nite:id="IS1002b.D.argumentstructs.Rutger.3">
      <nite:pointer role="type"  href="ae-types.xml#id(ae_1)"/>
      <nite:child href="IS1002b.D.words.xml#id(IS1002b.D.words1781)..id(IS1002b.D.words1803)"/>
   </ae>
   <ae nite:id="IS1002b.D.argumentstructs.Rutger.4">
      <nite:pointer role="type"  href="ae-types.xml#id(ae_1)"/>
      <nite:child href="IS1002b.D.words.xml#id(IS1002b.D.words1804)..id(IS1002b.D.words1834)"/>
   </ae>
   <ae nite:id="IS1002b.D.argumentstructs.Rutger.5">
      <nite:pointer role="type"  href="ae-types.xml#id(ae_1)"/>
      <nite:child href="IS1002b.D.words.xml#id(IS1002b.D.words1835)..id(IS1002b.D.words1842)"/>
   </ae>
   <ae nite:id="IS1002b.D.argumentstructs.Rutger.6">
      <nite:pointer role="type"  href="ae-types.xml#id(ae_1)"/>
      <nite:child href="IS1002b.D.words.xml#id(IS1002b.D.words1843)..id(IS1002b.D.words1846)"/>
   </ae>
   <ae nite:id="IS1002b.D.argumentstructs.Rutger.7">
      <nite:pointer role="type"  href="ae-types.xml#id(ae_1)"/>
      <nite:child href="IS1002b.D.words.xml#id(IS1002b.D.words1847)..id(IS1002b.D.words1873)"/>
   </ae>
   <ae nite:id="IS1002b.D.argumentstructs.Rutger.8">
      <nite:pointer role="type"  href="ae-types.xml#id(ae_1)"/>
      <nite:child href="IS1002b.D.words.xml#id(IS1002b.D.words1875)..id(IS1002b.D.words1893)"/>
   </ae>
   <ae nite:id="IS1002b.D.argumentstructs.Rutger.9">
      <nite:pointer role="type"  href="ae-types.xml#id(ae_1)"/>
      <nite:child href="IS1002b.D.words.xml#id(IS1002b.D.words1894)..id(IS1002b.D.words1966)"/>
   </ae>
   <ae nite:id="IS1002b.D.argumentstructs.Rutger.10">
      <nite:pointer role="type"  href="ae-types.xml#id(ae_1)"/>
      <nite:child href="IS1002b.D.words.xml#id(IS1002b.D.words1967)..id(IS1002b.D.words2014)"/>
   </ae>
   <ae nite:id="IS1002b.D.argumentstructs.Rutger.11">
      <nite:pointer role="type"  href="ae-types.xml#id(ae_3)"/>
      <nite:child href="IS1002b.D.words.xml#id(IS1002b.D.words406)..id(IS1002b.D.words476)"/>
   </ae>
   <ae nite:id="IS1002b.D.argumentstructs.Rutger.12">
      <nite:pointer role="type"  href="ae-types.xml#id(ae_1)"/>
      <nite:child href="IS1002b.D.words.xml#id(IS1002b.D.words479)..id(IS1002b.D.words551)"/>
   </ae>
   <ae nite:id="IS1002b.D.argumentstructs.Rutger.13">
      <nite:pointer role="type"  href="ae-types.xml#id(ae_1)"/>
      <nite:child href="IS1002b.D.words.xml#id(IS1002b.D.words554)..id(IS1002b.D.words555)"/>
   </ae>
   <ae nite:id="IS1002b.D.argumentstructs.Rutger.14">
      <nite:pointer role="type"  href="ae-types.xml#id(ae_1)"/>
      <nite:child href="IS1002b.D.words.xml#id(IS1002b.D.words556)..id(IS1002b.D.words610)"/>
   </ae>
   <ae nite:id="IS1002b.D.argumentstructs.Rutger.15">
      <nite:pointer role="type"  href="ae-types.xml#id(ae_1)"/>
      <nite:child href="IS1002b.D.words.xml#id(IS1002b.D.words611)..id(IS1002b.D.words619)"/>
   </ae>
   <ae nite:id="IS1002b.D.argumentstructs.Rutger.16">
      <nite:pointer role="type"  href="ae-types.xml#id(ae_1)"/>
      <nite:child href="IS1002b.D.words.xml#id(IS1002b.D.words622)..id(IS1002b.D.words705)"/>
   </ae>
   <ae nite:id="IS1002b.D.argumentstructs.Rutger.17">
      <nite:pointer role="type"  href="ae-types.xml#id(ae_1)"/>
      <nite:child href="IS1002b.D.words.xml#id(IS1002b.D.words706)..id(IS1002b.D.words810)"/>
   </ae>
   <ae nite:id="IS1002b.D.argumentstructs.Rutger.18">
      <nite:pointer role="type"  href="ae-types.xml#id(ae_1)"/>
      <nite:child href="IS1002b.D.words.xml#id(IS1002b.D.words811)..id(IS1002b.D.words819)"/>
   </ae>
   <ae nite:id="IS1002b.D.argumentstructs.Rutger.19">
      <nite:pointer role="type"  href="ae-types.xml#id(ae_1)"/>
      <nite:child href="IS1002b.D.words.xml#id(IS1002b.D.words821)..id(IS1002b.D.words892)"/>
   </ae>
   <ae nite:id="IS1002b.D.argumentstructs.Rutger.20">
      <nite:pointer role="type"  href="ae-types.xml#id(ae_1)"/>
      <nite:child href="IS1002b.D.words.xml#id(IS1002b.D.words893)..id(IS1002b.D.words895)"/>
   </ae>
   <ae nite:id="IS1002b.D.argumentstructs.Rutger.21">
      <nite:pointer role="type"  href="ae-types.xml#id(ae_1)"/>
      <nite:child href="IS1002b.D.words.xml#id(IS1002b.D.words2)..id(IS1002b.D.words70)"/>
   </ae>
   <ae nite:id="IS1002b.D.argumentstructs.Rutger.22">
      <nite:pointer role="type"  href="ae-types.xml#id(ae_3)"/>
      <nite:child href="IS1002b.D.words.xml#id(IS1002b.D.words71)..id(IS1002b.D.words112)"/>
   </ae>
   <ae nite:id="IS1002b.D.argumentstructs.Rutger.23">
      <nite:pointer role="type"  href="ae-types.xml#id(ae_1)"/>
      <nite:child href="IS1002b.D.words.xml#id(IS1002b.D.words114)..id(IS1002b.D.words125)"/>
   </ae>
   <ae nite:id="IS1002b.D.argumentstructs.Rutger.24">
      <nite:pointer role="type"  href="ae-types.xml#id(ae_1)"/>
      <nite:child href="IS1002b.D.words.xml#id(IS1002b.D.words126)..id(IS1002b.D.words185)"/>
   </ae>
   <ae nite:id="IS1002b.D.argumentstructs.Rutger.25">
      <nite:pointer role="type"  href="ae-types.xml#id(ae_1)"/>
      <nite:child href="IS1002b.D.words.xml#id(IS1002b.D.words190)..id(IS1002b.D.words191)"/>
   </ae>
   <ae nite:id="IS1002b.D.argumentstructs.Rutger.26">
      <nite:pointer role="type"  href="ae-types.xml#id(ae_1)"/>
      <nite:child href="IS1002b.D.words.xml#id(IS1002b.D.words194)..id(IS1002b.D.words197)"/>
   </ae>
   <ae nite:id="IS1002b.D.argumentstructs.Rutger.27">
      <nite:pointer role="type"  href="ae-types.xml#id(ae_1)"/>
      <nite:child href="IS1002b.D.words.xml#id(IS1002b.D.words198)..id(IS1002b.D.words207)"/>
   </ae>
   <ae nite:id="IS1002b.D.argumentstructs.Rutger.28">
      <nite:pointer role="type"  href="ae-types.xml#id(ae_1)"/>
      <nite:child href="IS1002b.D.words.xml#id(IS1002b.D.words208)..id(IS1002b.D.words277)"/>
   </ae>
   <ae nite:id="IS1002b.D.argumentstructs.Rutger.29">
      <nite:pointer role="type"  href="ae-types.xml#id(ae_1)"/>
      <nite:child href="IS1002b.D.words.xml#id(IS1002b.D.words278)..id(IS1002b.D.words341)"/>
   </ae>
   <ae nite:id="IS1002b.D.argumentstructs.Rutger.30">
      <nite:pointer role="type"  href="ae-types.xml#id(ae_1)"/>
      <nite:child href="IS1002b.D.words.xml#id(IS1002b.D.words3042)..id(IS1002b.D.words3044)"/>
   </ae>
   <ae nite:id="IS1002b.D.argumentstructs.Rutger.31">
      <nite:pointer role="type"  href="ae-types.xml#id(ae_3)"/>
      <nite:child href="IS1002b.D.words.xml#id(IS1002b.D.words3045)..id(IS1002b.D.words3152)"/>
   </ae>
   <ae nite:id="IS1002b.D.argumentstructs.Rutger.32">
      <nite:pointer role="type"  href="ae-types.xml#id(ae_1)"/>
      <nite:child href="IS1002b.D.words.xml#id(IS1002b.D.words3153)..id(IS1002b.D.words3181)"/>
   </ae>
   <ae nite:id="IS1002b.D.argumentstructs.Rutger.33">
      <nite:pointer role="type"  href="ae-types.xml#id(ae_2)"/>
      <nite:child href="IS1002b.D.words.xml#id(IS1002b.D.words2616)..id(IS1002b.D.words2651)"/>
   </ae>
   <ae nite:id="IS1002b.D.argumentstructs.Rutger.34">
      <nite:pointer role="type"  href="ae-types.xml#id(ae_4)"/>
      <nite:child href="IS1002b.D.words.xml#id(IS1002b.D.words2658)..id(IS1002b.D.words2750)"/>
   </ae>
   <ae nite:id="IS1002b.D.argumentstructs.35">
      <nite:pointer role="type"  href="ae-types.xml#id(ae_6)"/>
      <nite:child href="IS1002b.D.words.xml#id(IS1002b.D.words1704)..id(IS1002b.D.words1715)"/>
   </ae>
   <ae nite:id="IS1002b.D.argumentstructs.36">
      <nite:pointer role="type"  href="ae-types.xml#id(ae_6)"/>
      <nite:child href="IS1002b.D.words.xml#id(IS1002b.D.words1769)..id(IS1002b.D.words1772)"/>
      <nite:child href="IS1002b.D.words.xml#id(IS1002b.D.words1774)..id(IS1002b.D.words1775)"/>
   </ae>
   <ae nite:id="IS1002b.D.argumentstructs.37">
      <nite:pointer role="type"  href="ae-types.xml#id(ae_6)"/>
      <nite:child href="IS1002b.D.words.xml#id(IS1002b.D.words1874)"/>
   </ae>
   <ae nite:id="IS1002b.D.argumentstructs.38">
      <nite:pointer role="type"  href="ae-types.xml#id(ae_6)"/>
      <nite:child href="IS1002b.D.words.xml#id(IS1002b.D.words477)..id(IS1002b.D.words478)"/>
   </ae>
   <ae nite:id="IS1002b.D.argumentstructs.39">
      <nite:pointer role="type"  href="ae-types.xml#id(ae_6)"/>
      <nite:child href="IS1002b.D.words.xml#id(IS1002b.D.words552)..id(IS1002b.D.words553)"/>
   </ae>
   <ae nite:id="IS1002b.D.argumentstructs.40">
      <nite:pointer role="type"  href="ae-types.xml#id(ae_6)"/>
      <nite:child href="IS1002b.D.words.xml#id(IS1002b.D.words620)"/>
   </ae>
   <ae nite:id="IS1002b.D.argumentstructs.41">
      <nite:pointer role="type"  href="ae-types.xml#id(ae_6)"/>
      <nite:child href="IS1002b.D.words.xml#id(IS1002b.D.words820)"/>
   </ae>
   <ae nite:id="IS1002b.D.argumentstructs.42">
      <nite:pointer role="type"  href="ae-types.xml#id(ae_6)"/>
      <nite:child href="IS1002b.D.words.xml#id(IS1002b.D.words186)..id(IS1002b.D.words189)"/>
   </ae>
   <ae nite:id="IS1002b.D.argumentstructs.43">
      <nite:pointer role="type"  href="ae-types.xml#id(ae_6)"/>
      <nite:child href="IS1002b.D.words.xml#id(IS1002b.D.words192)..id(IS1002b.D.words193)"/>
   </ae>
   <ae nite:id="IS1002b.D.argumentstructs.44">
      <nite:pointer role="type"  href="ae-types.xml#id(ae_6)"/>
      <nite:child href="IS1002b.D.words.xml#id(IS1002b.D.words2653)..id(IS1002b.D.words2654)"/>
      <nite:child href="IS1002b.D.words.xml#id(IS1002b.D.words2656)..id(IS1002b.D.words2657)"/>
   </ae>
   <ae nite:id="IS1002b.D.argumentstructs.45">
      <nite:pointer role="type"  href="ae-types.xml#id(ae_6)"/>
      <nite:child href="IS1002b.D.words.xml#id(IS1002b.D.words2751)"/>
      <nite:child href="IS1002b.D.words.xml#id(IS1002b.D.words2753)..id(IS1002b.D.words2759)"/>
      <nite:child href="IS1002b.D.words.xml#id(IS1002b.D.words2762)..id(IS1002b.D.words2802)"/>
   </ae>
</nite:root>