<?xml version="1.0" encoding="ISO-8859-1" standalone="yes"?>
<nite:root nite:id="IS1008d.A.argumentstructs" xmlns:nite="http://nite.sourceforge.net/">
   <ae nite:id="IS1008d.A.argumentstructs.Daan.1">
      <nite:pointer role="type"  href="ae-types.xml#id(ae_1)"/>
      <nite:child href="IS1008d.A.words.xml#id(IS1008d.A.words143)..id(IS1008d.A.words163)"/>
   </ae>
   <ae nite:id="IS1008d.A.argumentstructs.Daan.2">
      <nite:pointer role="type"  href="ae-types.xml#id(ae_1)"/>
      <nite:child href="IS1008d.A.words.xml#id(IS1008d.A.words164)..id(IS1008d.A.words191)"/>
   </ae>
   <ae nite:id="IS1008d.A.argumentstructs.Daan.3">
      <nite:pointer role="type"  href="ae-types.xml#id(ae_1)"/>
      <nite:child href="IS1008d.A.words.xml#id(IS1008d.A.words199)..id(IS1008d.A.words270)"/>
   </ae>
   <ae nite:id="IS1008d.A.argumentstructs.Daan.4">
      <nite:pointer role="type"  href="ae-types.xml#id(ae_1)"/>
      <nite:child href="IS1008d.A.words.xml#id(IS1008d.A.words271)..id(IS1008d.A.words283)"/>
   </ae>
   <ae nite:id="IS1008d.A.argumentstructs.Daan.5">
      <nite:pointer role="type"  href="ae-types.xml#id(ae_1)"/>
      <nite:child href="IS1008d.A.words.xml#id(IS1008d.A.words763)..id(IS1008d.A.words765)"/>
   </ae>
   <ae nite:id="IS1008d.A.argumentstructs.Daan.6">
      <nite:pointer role="type"  href="ae-types.xml#id(ae_1)"/>
      <nite:child href="IS1008d.A.words.xml#id(IS1008d.A.words774)..id(IS1008d.A.words777)"/>
   </ae>
   <ae nite:id="IS1008d.A.argumentstructs.Daan.7">
      <nite:pointer role="type"  href="ae-types.xml#id(ae_1)"/>
      <nite:child href="IS1008d.A.words.xml#id(IS1008d.A.words780)..id(IS1008d.A.words784)"/>
   </ae>
   <ae nite:id="IS1008d.A.argumentstructs.Daan.9">
      <nite:pointer role="type"  href="ae-types.xml#id(ae_1)"/>
      <nite:child href="IS1008d.A.words.xml#id(IS1008d.A.words787)..id(IS1008d.A.words793)"/>
   </ae>
   <ae nite:id="IS1008d.A.argumentstructs.Daan.10">
      <nite:pointer role="type"  href="ae-types.xml#id(ae_1)"/>
      <nite:child href="IS1008d.A.words.xml#id(IS1008d.A.words794)..id(IS1008d.A.words800)"/>
   </ae>
   <ae nite:id="IS1008d.A.argumentstructs.Daan.11">
      <nite:pointer role="type"  href="ae-types.xml#id(ae_1)"/>
      <nite:child href="IS1008d.A.words.xml#id(IS1008d.A.words807)..id(IS1008d.A.words809)"/>
   </ae>
   <ae nite:id="IS1008d.A.argumentstructs.Daan.12">
      <nite:pointer role="type"  href="ae-types.xml#id(ae_1)"/>
      <nite:child href="IS1008d.A.words.xml#id(IS1008d.A.words810)..id(IS1008d.A.words857)"/>
   </ae>
   <ae nite:id="IS1008d.A.argumentstructs.Daan.13">
      <nite:pointer role="type"  href="ae-types.xml#id(ae_1)"/>
      <nite:child href="IS1008d.A.words.xml#id(IS1008d.A.words1050)..id(IS1008d.A.words1090)"/>
   </ae>
   <ae nite:id="IS1008d.A.argumentstructs.Daan.14">
      <nite:pointer role="type"  href="ae-types.xml#id(ae_1)"/>
      <nite:child href="IS1008d.A.words.xml#id(IS1008d.A.words1092)..id(IS1008d.A.words1123)"/>
   </ae>
   <ae nite:id="IS1008d.A.argumentstructs.Daan.15">
      <nite:pointer role="type"  href="ae-types.xml#id(ae_1)"/>
      <nite:child href="IS1008d.A.words.xml#id(IS1008d.A.words1124)..id(IS1008d.A.words1126)"/>
   </ae>
   <ae nite:id="IS1008d.A.argumentstructs.Daan.16">
      <nite:pointer role="type"  href="ae-types.xml#id(ae_1)"/>
      <nite:child href="IS1008d.A.words.xml#id(IS1008d.A.words1127)..id(IS1008d.A.words1139)"/>
   </ae>
   <ae nite:id="IS1008d.A.argumentstructs.Daan.17">
      <nite:pointer role="type"  href="ae-types.xml#id(ae_1)"/>
      <nite:child href="IS1008d.A.words.xml#id(IS1008d.A.words1142)..id(IS1008d.A.words1170)"/>
   </ae>
   <ae nite:id="IS1008d.A.argumentstructs.Daan.18">
      <nite:pointer role="type"  href="ae-types.xml#id(ae_1)"/>
      <nite:child href="IS1008d.A.words.xml#id(IS1008d.A.words1172)..id(IS1008d.A.words1195)"/>
   </ae>
   <ae nite:id="IS1008d.A.argumentstructs.Daan.19">
      <nite:pointer role="type"  href="ae-types.xml#id(ae_1)"/>
      <nite:child href="IS1008d.A.words.xml#id(IS1008d.A.words1196)..id(IS1008d.A.words1268)"/>
   </ae>
   <ae nite:id="IS1008d.A.argumentstructs.Daan.20">
      <nite:pointer role="type"  href="ae-types.xml#id(ae_1)"/>
      <nite:child href="IS1008d.A.words.xml#id(IS1008d.A.words1273)..id(IS1008d.A.words1276)"/>
   </ae>
   <ae nite:id="IS1008d.A.argumentstructs.Daan.21">
      <nite:pointer role="type"  href="ae-types.xml#id(ae_1)"/>
      <nite:child href="IS1008d.A.words.xml#id(IS1008d.A.words1277)..id(IS1008d.A.words1278)"/>
   </ae>
   <ae nite:id="IS1008d.A.argumentstructs.Daan.23">
      <nite:pointer role="type"  href="ae-types.xml#id(ae_1)"/>
      <nite:child href="IS1008d.A.words.xml#id(IS1008d.A.words1293)..id(IS1008d.A.words1311)"/>
   </ae>
   <ae nite:id="IS1008d.A.argumentstructs.24">
      <nite:pointer role="type"  href="ae-types.xml#id(ae_6)"/>
      <nite:child href="IS1008d.A.words.xml#id(IS1008d.A.words192)..id(IS1008d.A.words193)"/>
      <nite:child href="IS1008d.A.words.xml#id(IS1008d.A.words195)..id(IS1008d.A.words197)"/>
   </ae>
   <ae nite:id="IS1008d.A.argumentstructs.25">
      <nite:pointer role="type"  href="ae-types.xml#id(ae_6)"/>
      <nite:child href="IS1008d.A.words.xml#id(IS1008d.A.words759)..id(IS1008d.A.words762)"/>
   </ae>
   <ae nite:id="IS1008d.A.argumentstructs.26">
      <nite:pointer role="type"  href="ae-types.xml#id(ae_6)"/>
      <nite:child href="IS1008d.A.words.xml#id(IS1008d.A.words766)..id(IS1008d.A.words773)"/>
   </ae>
   <ae nite:id="IS1008d.A.argumentstructs.27">
      <nite:pointer role="type"  href="ae-types.xml#id(ae_6)"/>
      <nite:child href="IS1008d.A.words.xml#id(IS1008d.A.words778)..id(IS1008d.A.words779)"/>
   </ae>
   <ae nite:id="IS1008d.A.argumentstructs.28">
      <nite:pointer role="type"  href="ae-types.xml#id(ae_6)"/>
      <nite:child href="IS1008d.A.words.xml#id(IS1008d.A.words785)..id(IS1008d.A.words786)"/>
   </ae>
   <ae nite:id="IS1008d.A.argumentstructs.29">
      <nite:pointer role="type"  href="ae-types.xml#id(ae_6)"/>
      <nite:child href="IS1008d.A.words.xml#id(IS1008d.A.words801)..id(IS1008d.A.words806)"/>
   </ae>
   <ae nite:id="IS1008d.A.argumentstructs.30">
      <nite:pointer role="type"  href="ae-types.xml#id(ae_6)"/>
      <nite:child href="IS1008d.A.words.xml#id(IS1008d.A.words1044)..id(IS1008d.A.words1048)"/>
   </ae>
   <ae nite:id="IS1008d.A.argumentstructs.31">
      <nite:pointer role="type"  href="ae-types.xml#id(ae_6)"/>
      <nite:child href="IS1008d.A.words.xml#id(IS1008d.A.words1091)"/>
   </ae>
   <ae nite:id="IS1008d.A.argumentstructs.32">
      <nite:pointer role="type"  href="ae-types.xml#id(ae_6)"/>
      <nite:child href="IS1008d.A.words.xml#id(IS1008d.A.words1140)..id(IS1008d.A.words1141)"/>
   </ae>
   <ae nite:id="IS1008d.A.argumentstructs.33">
      <nite:pointer role="type"  href="ae-types.xml#id(ae_6)"/>
      <nite:child href="IS1008d.A.words.xml#id(IS1008d.A.words1171)"/>
   </ae>
   <ae nite:id="IS1008d.A.argumentstructs.34">
      <nite:pointer role="type"  href="ae-types.xml#id(ae_6)"/>
      <nite:child href="IS1008d.A.words.xml#id(IS1008d.A.words1269)..id(IS1008d.A.words1272)"/>
   </ae>
   <ae nite:id="IS1008d.A.argumentstructs.35">
      <nite:pointer role="type"  href="ae-types.xml#id(ae_6)"/>
      <nite:child href="IS1008d.A.words.xml#id(IS1008d.A.words1279)..id(IS1008d.A.words1292)"/>
   </ae>
</nite:root>