<?xml version="1.0" encoding="ISO-8859-1" standalone="yes"?>
<nite:root nite:id="IS1004d.A.argumentstructs" xmlns:nite="http://nite.sourceforge.net/">
   <ae nite:id="IS1004d.A.argumentstructs.Rutger.1">
      <nite:pointer role="type"  href="ae-types.xml#id(ae_1)"/>
      <nite:child href="IS1004d.A.words.xml#id(IS1004d.A.words799)..id(IS1004d.A.words802)"/>
   </ae>
   <ae nite:id="IS1004d.A.argumentstructs.Rutger.2">
      <nite:pointer role="type"  href="ae-types.xml#id(ae_1)"/>
      <nite:child href="IS1004d.A.words.xml#id(IS1004d.A.words803)..id(IS1004d.A.words827)"/>
   </ae>
   <ae nite:id="IS1004d.A.argumentstructs.Rutger.3">
      <nite:pointer role="type"  href="ae-types.xml#id(ae_1)"/>
      <nite:child href="IS1004d.A.words.xml#id(IS1004d.A.words828)..id(IS1004d.A.words841)"/>
   </ae>
   <ae nite:id="IS1004d.A.argumentstructs.Rutger.4">
      <nite:pointer role="type"  href="ae-types.xml#id(ae_1)"/>
      <nite:child href="IS1004d.A.words.xml#id(IS1004d.A.words842)..id(IS1004d.A.words856)"/>
   </ae>
   <ae nite:id="IS1004d.A.argumentstructs.Rutger.5">
      <nite:pointer role="type"  href="ae-types.xml#id(ae_1)"/>
      <nite:child href="IS1004d.A.words.xml#id(IS1004d.A.words857)..id(IS1004d.A.words869)"/>
   </ae>
   <ae nite:id="IS1004d.A.argumentstructs.Rutger.6">
      <nite:pointer role="type"  href="ae-types.xml#id(ae_1)"/>
      <nite:child href="IS1004d.A.words.xml#id(IS1004d.A.words870)..id(IS1004d.A.words882)"/>
   </ae>
   <ae nite:id="IS1004d.A.argumentstructs.Rutger.7">
      <nite:pointer role="type"  href="ae-types.xml#id(ae_1)"/>
      <nite:child href="IS1004d.A.words.xml#id(IS1004d.A.words883)..id(IS1004d.A.words909)"/>
   </ae>
   <ae nite:id="IS1004d.A.argumentstructs.8">
      <nite:pointer role="type"  href="ae-types.xml#id(ae_6)"/>
      <nite:child href="IS1004d.A.words.xml#id(IS1004d.A.words791)..id(IS1004d.A.words797)"/>
   </ae>
</nite:root>