<?xml version="1.0" encoding="ISO-8859-1" standalone="yes"?>
<nite:root nite:id="IS1004c.A.argumentstructs" xmlns:nite="http://nite.sourceforge.net/">
   <ae nite:id="IS1004c.A.argumentstructs.Rutger.1">
      <nite:pointer role="type"  href="ae-types.xml#id(ae_1)"/>
      <nite:child href="IS1004c.A.words.xml#id(IS1004c.A.words216)..id(IS1004c.A.words228)"/>
   </ae>
   <ae nite:id="IS1004c.A.argumentstructs.Rutger.2">
      <nite:pointer role="type"  href="ae-types.xml#id(ae_1)"/>
      <nite:child href="IS1004c.A.words.xml#id(IS1004c.A.words232)..id(IS1004c.A.words237)"/>
   </ae>
   <ae nite:id="IS1004c.A.argumentstructs.Rutger.3">
      <nite:pointer role="type"  href="ae-types.xml#id(ae_1)"/>
      <nite:child href="IS1004c.A.words.xml#id(IS1004c.A.words238)..id(IS1004c.A.words240)"/>
   </ae>
   <ae nite:id="IS1004c.A.argumentstructs.Rutger.4">
      <nite:pointer role="type"  href="ae-types.xml#id(ae_1)"/>
      <nite:child href="IS1004c.A.words.xml#id(IS1004c.A.words241)..id(IS1004c.A.words244)"/>
   </ae>
   <ae nite:id="IS1004c.A.argumentstructs.Rutger.5">
      <nite:pointer role="type"  href="ae-types.xml#id(ae_2)"/>
      <nite:child href="IS1004c.A.words.xml#id(IS1004c.A.words245)..id(IS1004c.A.words248)"/>
   </ae>
   <ae nite:id="IS1004c.A.argumentstructs.Rutger.6">
      <nite:pointer role="type"  href="ae-types.xml#id(ae_1)"/>
      <nite:child href="IS1004c.A.words.xml#id(IS1004c.A.words655)..id(IS1004c.A.words662)"/>
   </ae>
   <ae nite:id="IS1004c.A.argumentstructs.Rutger.7">
      <nite:pointer role="type"  href="ae-types.xml#id(ae_1)"/>
      <nite:child href="IS1004c.A.words.xml#id(IS1004c.A.words668)..id(IS1004c.A.words677)"/>
   </ae>
   <ae nite:id="IS1004c.A.argumentstructs.Rutger.8">
      <nite:pointer role="type"  href="ae-types.xml#id(ae_1)"/>
      <nite:child href="IS1004c.A.words.xml#id(IS1004c.A.words678)..id(IS1004c.A.words679)"/>
   </ae>
   <ae nite:id="IS1004c.A.argumentstructs.Rutger.9">
      <nite:pointer role="type"  href="ae-types.xml#id(ae_1)"/>
      <nite:child href="IS1004c.A.words.xml#id(IS1004c.A.words680)..id(IS1004c.A.words681)"/>
   </ae>
   <ae nite:id="IS1004c.A.argumentstructs.Rutger.10">
      <nite:pointer role="type"  href="ae-types.xml#id(ae_5)"/>
      <nite:child href="IS1004c.A.words.xml#id(IS1004c.A.words951)..id(IS1004c.A.words957)"/>
   </ae>
   <ae nite:id="IS1004c.A.argumentstructs.Rutger.11">
      <nite:pointer role="type"  href="ae-types.xml#id(ae_1)"/>
      <nite:child href="IS1004c.A.words.xml#id(IS1004c.A.words958)..id(IS1004c.A.words975)"/>
   </ae>
   <ae nite:id="IS1004c.A.argumentstructs.Rutger.12">
      <nite:pointer role="type"  href="ae-types.xml#id(ae_1)"/>
      <nite:child href="IS1004c.A.words.xml#id(IS1004c.A.words979)..id(IS1004c.A.words980)"/>
   </ae>
   <ae nite:id="IS1004c.A.argumentstructs.Rutger.13">
      <nite:pointer role="type"  href="ae-types.xml#id(ae_1)"/>
      <nite:child href="IS1004c.A.words.xml#id(IS1004c.A.words982)..id(IS1004c.A.words983)"/>
   </ae>
   <ae nite:id="IS1004c.A.argumentstructs.14">
      <nite:pointer role="type"  href="ae-types.xml#id(ae_6)"/>
      <nite:child href="IS1004c.A.words.xml#id(IS1004c.A.words201)..id(IS1004c.A.words213)"/>
   </ae>
   <ae nite:id="IS1004c.A.argumentstructs.15">
      <nite:pointer role="type"  href="ae-types.xml#id(ae_6)"/>
      <nite:child href="IS1004c.A.words.xml#id(IS1004c.A.words663)..id(IS1004c.A.words667)"/>
   </ae>
   <ae nite:id="IS1004c.A.argumentstructs.16">
      <nite:pointer role="type"  href="ae-types.xml#id(ae_6)"/>
      <nite:child href="IS1004c.A.words.xml#id(IS1004c.A.words976)..id(IS1004c.A.words977)"/>
   </ae>
</nite:root>