<?xml version="1.0" encoding="ISO-8859-1" standalone="yes"?>
<nite:root nite:id="IS1006c.B.argumentstructs" xmlns:nite="http://nite.sourceforge.net/">
   <ae nite:id="IS1006c.B.argumentstructs.Daan.1">
      <nite:pointer role="type"  href="ae-types.xml#id(ae_1)"/>
      <nite:child href="IS1006c.B.words.xml#id(IS1006c.B.words11)..id(IS1006c.B.words45)"/>
   </ae>
   <ae nite:id="IS1006c.B.argumentstructs.Daan.2">
      <nite:pointer role="type"  href="ae-types.xml#id(ae_1)"/>
      <nite:child href="IS1006c.B.words.xml#id(IS1006c.B.words472)..id(IS1006c.B.words485)"/>
   </ae>
   <ae nite:id="IS1006c.B.argumentstructs.Daan.3">
      <nite:pointer role="type"  href="ae-types.xml#id(ae_1)"/>
      <nite:child href="IS1006c.B.words.xml#id(IS1006c.B.words486)..id(IS1006c.B.words489)"/>
   </ae>
   <ae nite:id="IS1006c.B.argumentstructs.Daan.4">
      <nite:pointer role="type"  href="ae-types.xml#id(ae_1)"/>
      <nite:child href="IS1006c.B.words.xml#id(IS1006c.B.words492)..id(IS1006c.B.words504)"/>
   </ae>
   <ae nite:id="IS1006c.B.argumentstructs.Daan.5">
      <nite:pointer role="type"  href="ae-types.xml#id(ae_5)"/>
      <nite:child href="IS1006c.B.words.xml#id(IS1006c.B.words505)..id(IS1006c.B.words509)"/>
   </ae>
   <ae nite:id="IS1006c.B.argumentstructs.Daan.6">
      <nite:pointer role="type"  href="ae-types.xml#id(ae_1)"/>
      <nite:child href="IS1006c.B.words.xml#id(IS1006c.B.words510)..id(IS1006c.B.words524)"/>
   </ae>
   <ae nite:id="IS1006c.B.argumentstructs.Daan.7">
      <nite:pointer role="type"  href="ae-types.xml#id(ae_1)"/>
      <nite:child href="IS1006c.B.words.xml#id(IS1006c.B.words525)..id(IS1006c.B.words526)"/>
   </ae>
   <ae nite:id="IS1006c.B.argumentstructs.Daan.8">
      <nite:pointer role="type"  href="ae-types.xml#id(ae_1)"/>
      <nite:child href="IS1006c.B.words.xml#id(IS1006c.B.words537)..id(IS1006c.B.words576)"/>
   </ae>
   <ae nite:id="IS1006c.B.argumentstructs.Daan.9">
      <nite:pointer role="type"  href="ae-types.xml#id(ae_1)"/>
      <nite:child href="IS1006c.B.words.xml#id(IS1006c.B.words577)..id(IS1006c.B.words596)"/>
   </ae>
   <ae nite:id="IS1006c.B.argumentstructs.Daan.10">
      <nite:pointer role="type"  href="ae-types.xml#id(ae_1)"/>
      <nite:child href="IS1006c.B.words.xml#id(IS1006c.B.words619)..id(IS1006c.B.words627)"/>
   </ae>
   <ae nite:id="IS1006c.B.argumentstructs.11">
      <nite:pointer role="type"  href="ae-types.xml#id(ae_6)"/>
      <nite:child href="IS1006c.B.words.xml#id(IS1006c.B.words9)..id(IS1006c.B.words10)"/>
   </ae>
   <ae nite:id="IS1006c.B.argumentstructs.12">
      <nite:pointer role="type"  href="ae-types.xml#id(ae_6)"/>
      <nite:child href="IS1006c.B.words.xml#id(IS1006c.B.words47)..id(IS1006c.B.words50)"/>
   </ae>
   <ae nite:id="IS1006c.B.argumentstructs.13">
      <nite:pointer role="type"  href="ae-types.xml#id(ae_6)"/>
      <nite:child href="IS1006c.B.words.xml#id(IS1006c.B.words490)..id(IS1006c.B.words491)"/>
   </ae>
   <ae nite:id="IS1006c.B.argumentstructs.14">
      <nite:pointer role="type"  href="ae-types.xml#id(ae_6)"/>
      <nite:child href="IS1006c.B.words.xml#id(IS1006c.B.words527)..id(IS1006c.B.words536)"/>
   </ae>
   <ae nite:id="IS1006c.B.argumentstructs.15">
      <nite:pointer role="type"  href="ae-types.xml#id(ae_6)"/>
      <nite:child href="IS1006c.B.words.xml#id(IS1006c.B.words597)..id(IS1006c.B.words607)"/>
      <nite:child href="IS1006c.B.words.xml#id(IS1006c.B.words609)..id(IS1006c.B.words615)"/>
      <nite:child href="IS1006c.B.words.xml#id(IS1006c.B.words617)..id(IS1006c.B.words618)"/>
   </ae>
</nite:root>