<?xml version="1.0" encoding="ISO-8859-1" standalone="yes"?>
<nite:root nite:id="IS1002c.C.argumentstructs" xmlns:nite="http://nite.sourceforge.net/">
   <ae nite:id="IS1002c.C.argumentstructs.Rutger.1">
      <nite:pointer role="type"  href="ae-types.xml#id(ae_1)"/>
      <nite:child href="IS1002c.C.words.xml#id(IS1002c.C.words116)..id(IS1002c.C.words153)"/>
   </ae>
   <ae nite:id="IS1002c.C.argumentstructs.Rutger.2">
      <nite:pointer role="type"  href="ae-types.xml#id(ae_1)"/>
      <nite:child href="IS1002c.C.words.xml#id(IS1002c.C.words154)..id(IS1002c.C.words173)"/>
   </ae>
   <ae nite:id="IS1002c.C.argumentstructs.Rutger.3">
      <nite:pointer role="type"  href="ae-types.xml#id(ae_1)"/>
      <nite:child href="IS1002c.C.words.xml#id(IS1002c.C.words174)..id(IS1002c.C.words198)"/>
   </ae>
   <ae nite:id="IS1002c.C.argumentstructs.Rutger.4">
      <nite:pointer role="type"  href="ae-types.xml#id(ae_1)"/>
      <nite:child href="IS1002c.C.words.xml#id(IS1002c.C.words199)..id(IS1002c.C.words213)"/>
   </ae>
   <ae nite:id="IS1002c.C.argumentstructs.Rutger.5">
      <nite:pointer role="type"  href="ae-types.xml#id(ae_3)"/>
      <nite:child href="IS1002c.C.words.xml#id(IS1002c.C.words536)..id(IS1002c.C.words539)"/>
   </ae>
   <ae nite:id="IS1002c.C.argumentstructs.Rutger.6">
      <nite:pointer role="type"  href="ae-types.xml#id(ae_2)"/>
      <nite:child href="IS1002c.C.words.xml#id(IS1002c.C.words540)..id(IS1002c.C.words552)"/>
   </ae>
   <ae nite:id="IS1002c.C.argumentstructs.Rutger.7">
      <nite:pointer role="type"  href="ae-types.xml#id(ae_1)"/>
      <nite:child href="IS1002c.C.words.xml#id(IS1002c.C.words572)..id(IS1002c.C.words605)"/>
   </ae>
   <ae nite:id="IS1002c.C.argumentstructs.Rutger.8">
      <nite:pointer role="type"  href="ae-types.xml#id(ae_1)"/>
      <nite:child href="IS1002c.C.words.xml#id(IS1002c.C.words608)..id(IS1002c.C.words609)"/>
   </ae>
   <ae nite:id="IS1002c.C.argumentstructs.Rutger.9">
      <nite:pointer role="type"  href="ae-types.xml#id(ae_1)"/>
      <nite:child href="IS1002c.C.words.xml#id(IS1002c.C.words611)..id(IS1002c.C.words612)"/>
   </ae>
   <ae nite:id="IS1002c.C.argumentstructs.Rutger.10">
      <nite:pointer role="type"  href="ae-types.xml#id(ae_1)"/>
      <nite:child href="IS1002c.C.words.xml#id(IS1002c.C.words613)..id(IS1002c.C.words615)"/>
   </ae>
   <ae nite:id="IS1002c.C.argumentstructs.11">
      <nite:pointer role="type"  href="ae-types.xml#id(ae_6)"/>
      <nite:child href="IS1002c.C.words.xml#id(IS1002c.C.words606)..id(IS1002c.C.words607)"/>
   </ae>
</nite:root>