<?xml version="1.0" encoding="ISO-8859-1" standalone="yes"?>
<nite:root nite:id="IS1001c.D.argumentstructs" xmlns:nite="http://nite.sourceforge.net/">
   <ae nite:id="IS1001c.D.argumentstructs.Rutger.1">
      <nite:pointer role="type"  href="ae-types.xml#id(ae_1)"/>
      <nite:child href="IS1001c.D.words.xml#id(IS1001c.D.words362)..id(IS1001c.D.words364)"/>
   </ae>
   <ae nite:id="IS1001c.D.argumentstructs.Rutger.2">
      <nite:pointer role="type"  href="ae-types.xml#id(ae_1)"/>
      <nite:child href="IS1001c.D.words.xml#id(IS1001c.D.words365)..id(IS1001c.D.words369)"/>
   </ae>
   <ae nite:id="IS1001c.D.argumentstructs.Rutger.3">
      <nite:pointer role="type"  href="ae-types.xml#id(ae_1)"/>
      <nite:child href="IS1001c.D.words.xml#id(IS1001c.D.words370)..id(IS1001c.D.words372)"/>
   </ae>
</nite:root>