<?xml version="1.0" encoding="ISO-8859-1" standalone="yes"?>
<nite:root nite:id="IS1002c.B.argumentstructs" xmlns:nite="http://nite.sourceforge.net/">
   <ae nite:id="IS1002c.B.argumentstructs.Rutger.1">
      <nite:pointer role="type"  href="ae-types.xml#id(ae_1)"/>
      <nite:child href="IS1002c.B.words.xml#id(IS1002c.B.words1062)..id(IS1002c.B.words1063)"/>
   </ae>
   <ae nite:id="IS1002c.B.argumentstructs.Rutger.2">
      <nite:pointer role="type"  href="ae-types.xml#id(ae_1)"/>
      <nite:child href="IS1002c.B.words.xml#id(IS1002c.B.words1089)..id(IS1002c.B.words1097)"/>
   </ae>
   <ae nite:id="IS1002c.B.argumentstructs.Rutger.3">
      <nite:pointer role="type"  href="ae-types.xml#id(ae_3)"/>
      <nite:child href="IS1002c.B.words.xml#id(IS1002c.B.words1100)..id(IS1002c.B.words1110)"/>
   </ae>
   <ae nite:id="IS1002c.B.argumentstructs.Rutger.4">
      <nite:pointer role="type"  href="ae-types.xml#id(ae_1)"/>
      <nite:child href="IS1002c.B.words.xml#id(IS1002c.B.words1111)..id(IS1002c.B.words1163)"/>
   </ae>
   <ae nite:id="IS1002c.B.argumentstructs.Rutger.5">
      <nite:pointer role="type"  href="ae-types.xml#id(ae_3)"/>
      <nite:child href="IS1002c.B.words.xml#id(IS1002c.B.words1345)..id(IS1002c.B.words1352)"/>
   </ae>
   <ae nite:id="IS1002c.B.argumentstructs.Rutger.6">
      <nite:pointer role="type"  href="ae-types.xml#id(ae_1)"/>
      <nite:child href="IS1002c.B.words.xml#id(IS1002c.B.words1353)..id(IS1002c.B.words1372)"/>
   </ae>
   <ae nite:id="IS1002c.B.argumentstructs.Rutger.7">
      <nite:pointer role="type"  href="ae-types.xml#id(ae_1)"/>
      <nite:child href="IS1002c.B.words.xml#id(IS1002c.B.words1375)..id(IS1002c.B.words1382)"/>
   </ae>
   <ae nite:id="IS1002c.B.argumentstructs.Rutger.8">
      <nite:pointer role="type"  href="ae-types.xml#id(ae_1)"/>
      <nite:child href="IS1002c.B.words.xml#id(IS1002c.B.words1394)..id(IS1002c.B.words1433)"/>
   </ae>
   <ae nite:id="IS1002c.B.argumentstructs.Rutger.9">
      <nite:pointer role="type"  href="ae-types.xml#id(ae_1)"/>
      <nite:child href="IS1002c.B.words.xml#id(IS1002c.B.words1435)..id(IS1002c.B.words1463)"/>
   </ae>
   <ae nite:id="IS1002c.B.argumentstructs.Rutger.10">
      <nite:pointer role="type"  href="ae-types.xml#id(ae_5)"/>
      <nite:child href="IS1002c.B.words.xml#id(IS1002c.B.words1464)..id(IS1002c.B.words1476)"/>
   </ae>
   <ae nite:id="IS1002c.B.argumentstructs.Rutger.12">
      <nite:pointer role="type"  href="ae-types.xml#id(ae_1)"/>
      <nite:child href="IS1002c.B.words.xml#id(IS1002c.B.words1477)"/>
   </ae>
   <ae nite:id="IS1002c.B.argumentstructs.Rutger.13">
      <nite:pointer role="type"  href="ae-types.xml#id(ae_1)"/>
      <nite:child href="IS1002c.B.words.xml#id(IS1002c.B.words1478)..id(IS1002c.B.words1488)"/>
   </ae>
   <ae nite:id="IS1002c.B.argumentstructs.Rutger.14">
      <nite:pointer role="type"  href="ae-types.xml#id(ae_5)"/>
      <nite:child href="IS1002c.B.words.xml#id(IS1002c.B.words1830)..id(IS1002c.B.words1838)"/>
   </ae>
   <ae nite:id="IS1002c.B.argumentstructs.Rutger.15">
      <nite:pointer role="type"  href="ae-types.xml#id(ae_1)"/>
      <nite:child href="IS1002c.B.words.xml#id(IS1002c.B.words1839)..id(IS1002c.B.words1927)"/>
   </ae>
   <ae nite:id="IS1002c.B.argumentstructs.Rutger.16">
      <nite:pointer role="type"  href="ae-types.xml#id(ae_1)"/>
      <nite:child href="IS1002c.B.words.xml#id(IS1002c.B.words1928)..id(IS1002c.B.words1929)"/>
   </ae>
   <ae nite:id="IS1002c.B.argumentstructs.Rutger.17">
      <nite:pointer role="type"  href="ae-types.xml#id(ae_1)"/>
      <nite:child href="IS1002c.B.words.xml#id(IS1002c.B.words1930)..id(IS1002c.B.words1981)"/>
   </ae>
   <ae nite:id="IS1002c.B.argumentstructs.Rutger.18">
      <nite:pointer role="type"  href="ae-types.xml#id(ae_1)"/>
      <nite:child href="IS1002c.B.words.xml#id(IS1002c.B.words1982)..id(IS1002c.B.words2007)"/>
   </ae>
   <ae nite:id="IS1002c.B.argumentstructs.Rutger.19">
      <nite:pointer role="type"  href="ae-types.xml#id(ae_1)"/>
      <nite:child href="IS1002c.B.words.xml#id(IS1002c.B.words2008)..id(IS1002c.B.words2009)"/>
   </ae>
   <ae nite:id="IS1002c.B.argumentstructs.Rutger.20">
      <nite:pointer role="type"  href="ae-types.xml#id(ae_1)"/>
      <nite:child href="IS1002c.B.words.xml#id(IS1002c.B.words2010)..id(IS1002c.B.words2074)"/>
   </ae>
   <ae nite:id="IS1002c.B.argumentstructs.Rutger.21">
      <nite:pointer role="type"  href="ae-types.xml#id(ae_1)"/>
      <nite:child href="IS1002c.B.words.xml#id(IS1002c.B.words2077)..id(IS1002c.B.words2078)"/>
   </ae>
   <ae nite:id="IS1002c.B.argumentstructs.Rutger.22">
      <nite:pointer role="type"  href="ae-types.xml#id(ae_1)"/>
      <nite:child href="IS1002c.B.words.xml#id(IS1002c.B.words2079)..id(IS1002c.B.words2096)"/>
   </ae>
   <ae nite:id="IS1002c.B.argumentstructs.Rutger.23">
      <nite:pointer role="type"  href="ae-types.xml#id(ae_1)"/>
      <nite:child href="IS1002c.B.words.xml#id(IS1002c.B.words2097)..id(IS1002c.B.words2106)"/>
   </ae>
   <ae nite:id="IS1002c.B.argumentstructs.Rutger.24">
      <nite:pointer role="type"  href="ae-types.xml#id(ae_1)"/>
      <nite:child href="IS1002c.B.words.xml#id(IS1002c.B.words2107)..id(IS1002c.B.words2118)"/>
   </ae>
   <ae nite:id="IS1002c.B.argumentstructs.Rutger.25">
      <nite:pointer role="type"  href="ae-types.xml#id(ae_2)"/>
      <nite:child href="IS1002c.B.words.xml#id(IS1002c.B.words2120)..id(IS1002c.B.words2133)"/>
   </ae>
   <ae nite:id="IS1002c.B.argumentstructs.Rutger.26">
      <nite:pointer role="type"  href="ae-types.xml#id(ae_1)"/>
      <nite:child href="IS1002c.B.words.xml#id(IS1002c.B.words2134)..id(IS1002c.B.words2169)"/>
   </ae>
   <ae nite:id="IS1002c.B.argumentstructs.Rutger.27">
      <nite:pointer role="type"  href="ae-types.xml#id(ae_3)"/>
      <nite:child href="IS1002c.B.words.xml#id(IS1002c.B.words2170)..id(IS1002c.B.words2182)"/>
   </ae>
   <ae nite:id="IS1002c.B.argumentstructs.Rutger.28">
      <nite:pointer role="type"  href="ae-types.xml#id(ae_1)"/>
      <nite:child href="IS1002c.B.words.xml#id(IS1002c.B.words2184)..id(IS1002c.B.words2185)"/>
   </ae>
   <ae nite:id="IS1002c.B.argumentstructs.Rutger.29">
      <nite:pointer role="type"  href="ae-types.xml#id(ae_1)"/>
      <nite:child href="IS1002c.B.words.xml#id(IS1002c.B.words2186)..id(IS1002c.B.words2250)"/>
   </ae>
   <ae nite:id="IS1002c.B.argumentstructs.Rutger.30">
      <nite:pointer role="type"  href="ae-types.xml#id(ae_1)"/>
      <nite:child href="IS1002c.B.words.xml#id(IS1002c.B.words2257)..id(IS1002c.B.words2287)"/>
   </ae>
   <ae nite:id="IS1002c.B.argumentstructs.Rutger.31">
      <nite:pointer role="type"  href="ae-types.xml#id(ae_1)"/>
      <nite:child href="IS1002c.B.words.xml#id(IS1002c.B.words2288)..id(IS1002c.B.words2302)"/>
   </ae>
   <ae nite:id="IS1002c.B.argumentstructs.Rutger.32">
      <nite:pointer role="type"  href="ae-types.xml#id(ae_1)"/>
      <nite:child href="IS1002c.B.words.xml#id(IS1002c.B.words2303)..id(IS1002c.B.words2316)"/>
   </ae>
   <ae nite:id="IS1002c.B.argumentstructs.Rutger.33">
      <nite:pointer role="type"  href="ae-types.xml#id(ae_1)"/>
      <nite:child href="IS1002c.B.words.xml#id(IS1002c.B.words2317)..id(IS1002c.B.words2330)"/>
   </ae>
   <ae nite:id="IS1002c.B.argumentstructs.Rutger.34">
      <nite:pointer role="type"  href="ae-types.xml#id(ae_1)"/>
      <nite:child href="IS1002c.B.words.xml#id(IS1002c.B.words2331)..id(IS1002c.B.words2340)"/>
   </ae>
   <ae nite:id="IS1002c.B.argumentstructs.Rutger.35">
      <nite:pointer role="type"  href="ae-types.xml#id(ae_1)"/>
      <nite:child href="IS1002c.B.words.xml#id(IS1002c.B.words2341)"/>
   </ae>
   <ae nite:id="IS1002c.B.argumentstructs.36">
      <nite:pointer role="type"  href="ae-types.xml#id(ae_6)"/>
      <nite:child href="IS1002c.B.words.xml#id(IS1002c.B.words1065)..id(IS1002c.B.words1074)"/>
      <nite:child href="IS1002c.B.words.xml#id(IS1002c.B.words1076)..id(IS1002c.B.words1078)"/>
      <nite:child href="IS1002c.B.words.xml#id(IS1002c.B.words1080)..id(IS1002c.B.words1088)"/>
   </ae>
   <ae nite:id="IS1002c.B.argumentstructs.37">
      <nite:pointer role="type"  href="ae-types.xml#id(ae_6)"/>
      <nite:child href="IS1002c.B.words.xml#id(IS1002c.B.words1098)"/>
   </ae>
   <ae nite:id="IS1002c.B.argumentstructs.38">
      <nite:pointer role="type"  href="ae-types.xml#id(ae_6)"/>
      <nite:child href="IS1002c.B.words.xml#id(IS1002c.B.words1334)..id(IS1002c.B.words1344)"/>
   </ae>
   <ae nite:id="IS1002c.B.argumentstructs.39">
      <nite:pointer role="type"  href="ae-types.xml#id(ae_6)"/>
      <nite:child href="IS1002c.B.words.xml#id(IS1002c.B.words1373)..id(IS1002c.B.words1374)"/>
   </ae>
   <ae nite:id="IS1002c.B.argumentstructs.40">
      <nite:pointer role="type"  href="ae-types.xml#id(ae_6)"/>
      <nite:child href="IS1002c.B.words.xml#id(IS1002c.B.words1383)..id(IS1002c.B.words1392)"/>
   </ae>
   <ae nite:id="IS1002c.B.argumentstructs.41">
      <nite:pointer role="type"  href="ae-types.xml#id(ae_6)"/>
      <nite:child href="IS1002c.B.words.xml#id(IS1002c.B.words1434)"/>
   </ae>
   <ae nite:id="IS1002c.B.argumentstructs.42">
      <nite:pointer role="type"  href="ae-types.xml#id(ae_6)"/>
      <nite:child href="IS1002c.B.words.xml#id(IS1002c.B.words2075)"/>
   </ae>
   <ae nite:id="IS1002c.B.argumentstructs.43">
      <nite:pointer role="type"  href="ae-types.xml#id(ae_6)"/>
      <nite:child href="IS1002c.B.words.xml#id(IS1002c.B.words2183)"/>
   </ae>
   <ae nite:id="IS1002c.B.argumentstructs.44">
      <nite:pointer role="type"  href="ae-types.xml#id(ae_6)"/>
      <nite:child href="IS1002c.B.words.xml#id(IS1002c.B.words2251)..id(IS1002c.B.words2256)"/>
   </ae>
   <ae nite:id="IS1002c.B.argumentstructs.45">
      <nite:pointer role="type"  href="ae-types.xml#id(ae_6)"/>
      <nite:child href="IS1002c.B.words.xml#id(IS1002c.B.words2342)"/>
   </ae>
</nite:root>