<?xml version="1.0" encoding="ISO-8859-1" standalone="yes"?>
<nite:root nite:id="IS1008c.B.argumentstructs" xmlns:nite="http://nite.sourceforge.net/">
   <ae nite:id="IS1008c.B.argumentstructs.Daan.1">
      <nite:pointer role="type"  href="ae-types.xml#id(ae_1)"/>
      <nite:child href="IS1008c.B.words.xml#id(IS1008c.B.words1146)..id(IS1008c.B.words1156)"/>
   </ae>
   <ae nite:id="IS1008c.B.argumentstructs.Daan.2">
      <nite:pointer role="type"  href="ae-types.xml#id(ae_1)"/>
      <nite:child href="IS1008c.B.words.xml#id(IS1008c.B.words1158)..id(IS1008c.B.words1186)"/>
   </ae>
   <ae nite:id="IS1008c.B.argumentstructs.Daan.3">
      <nite:pointer role="type"  href="ae-types.xml#id(ae_1)"/>
      <nite:child href="IS1008c.B.words.xml#id(IS1008c.B.words1196)..id(IS1008c.B.words1209)"/>
   </ae>
   <ae nite:id="IS1008c.B.argumentstructs.Daan.4">
      <nite:pointer role="type"  href="ae-types.xml#id(ae_1)"/>
      <nite:child href="IS1008c.B.words.xml#id(IS1008c.B.words1234)..id(IS1008c.B.words1278)"/>
   </ae>
   <ae nite:id="IS1008c.B.argumentstructs.Daan.5">
      <nite:pointer role="type"  href="ae-types.xml#id(ae_1)"/>
      <nite:child href="IS1008c.B.words.xml#id(IS1008c.B.words1279)..id(IS1008c.B.words1293)"/>
   </ae>
   <ae nite:id="IS1008c.B.argumentstructs.Daan.6">
      <nite:pointer role="type"  href="ae-types.xml#id(ae_1)"/>
      <nite:child href="IS1008c.B.words.xml#id(IS1008c.B.words1294)..id(IS1008c.B.words1349)"/>
   </ae>
   <ae nite:id="IS1008c.B.argumentstructs.Daan.7">
      <nite:pointer role="type"  href="ae-types.xml#id(ae_1)"/>
      <nite:child href="IS1008c.B.words.xml#id(IS1008c.B.words1350)..id(IS1008c.B.words1377)"/>
   </ae>
   <ae nite:id="IS1008c.B.argumentstructs.Daan.8">
      <nite:pointer role="type"  href="ae-types.xml#id(ae_1)"/>
      <nite:child href="IS1008c.B.words.xml#id(IS1008c.B.words1378)..id(IS1008c.B.words1386)"/>
   </ae>
   <ae nite:id="IS1008c.B.argumentstructs.Daan.9">
      <nite:pointer role="type"  href="ae-types.xml#id(ae_3)"/>
      <nite:child href="IS1008c.B.words.xml#id(IS1008c.B.words1390)..id(IS1008c.B.words1396)"/>
   </ae>
   <ae nite:id="IS1008c.B.argumentstructs.Daan.10">
      <nite:pointer role="type"  href="ae-types.xml#id(ae_5)"/>
      <nite:child href="IS1008c.B.words.xml#id(IS1008c.B.words1397)..id(IS1008c.B.words1405)"/>
   </ae>
   <ae nite:id="IS1008c.B.argumentstructs.Daan.11">
      <nite:pointer role="type"  href="ae-types.xml#id(ae_1)"/>
      <nite:child href="IS1008c.B.words.xml#id(IS1008c.B.words1408)..id(IS1008c.B.words1409)"/>
   </ae>
   <ae nite:id="IS1008c.B.argumentstructs.Daan.12">
      <nite:pointer role="type"  href="ae-types.xml#id(ae_1)"/>
      <nite:child href="IS1008c.B.words.xml#id(IS1008c.B.words1410)..id(IS1008c.B.words1411)"/>
   </ae>
   <ae nite:id="IS1008c.B.argumentstructs.13">
      <nite:pointer role="type"  href="ae-types.xml#id(ae_6)"/>
      <nite:child href="IS1008c.B.words.xml#id(IS1008c.B.words1104)..id(IS1008c.B.words1105)"/>
   </ae>
   <ae nite:id="IS1008c.B.argumentstructs.14">
      <nite:pointer role="type"  href="ae-types.xml#id(ae_6)"/>
      <nite:child href="IS1008c.B.words.xml#id(IS1008c.B.words1143)..id(IS1008c.B.words1145)"/>
   </ae>
   <ae nite:id="IS1008c.B.argumentstructs.15">
      <nite:pointer role="type"  href="ae-types.xml#id(ae_6)"/>
      <nite:child href="IS1008c.B.words.xml#id(IS1008c.B.words1187)..id(IS1008c.B.words1191)"/>
      <nite:child href="IS1008c.B.words.xml#id(IS1008c.B.words1194)..id(IS1008c.B.words1195)"/>
   </ae>
   <ae nite:id="IS1008c.B.argumentstructs.16">
      <nite:pointer role="type"  href="ae-types.xml#id(ae_6)"/>
      <nite:child href="IS1008c.B.words.xml#id(IS1008c.B.words1232)..id(IS1008c.B.words1233)"/>
   </ae>
   <ae nite:id="IS1008c.B.argumentstructs.17">
      <nite:pointer role="type"  href="ae-types.xml#id(ae_6)"/>
      <nite:child href="IS1008c.B.words.xml#id(IS1008c.B.words1387)..id(IS1008c.B.words1388)"/>
   </ae>
   <ae nite:id="IS1008c.B.argumentstructs.18">
      <nite:pointer role="type"  href="ae-types.xml#id(ae_6)"/>
      <nite:child href="IS1008c.B.words.xml#id(IS1008c.B.words1406)..id(IS1008c.B.words1407)"/>
   </ae>
</nite:root>