<?xml version="1.0" encoding="ISO-8859-1" standalone="yes"?>
<nite:root nite:id="IS1004c.D.argumentstructs" xmlns:nite="http://nite.sourceforge.net/">
   <ae nite:id="IS1004c.D.argumentstructs.Rutger.1">
      <nite:pointer role="type"  href="ae-types.xml#id(ae_2)"/>
      <nite:child href="IS1004c.D.words.xml#id(IS1004c.D.words452)..id(IS1004c.D.words459)"/>
   </ae>
   <ae nite:id="IS1004c.D.argumentstructs.Rutger.2">
      <nite:pointer role="type"  href="ae-types.xml#id(ae_2)"/>
      <nite:child href="IS1004c.D.words.xml#id(IS1004c.D.words460)..id(IS1004c.D.words466)"/>
   </ae>
   <ae nite:id="IS1004c.D.argumentstructs.Rutger.3">
      <nite:pointer role="type"  href="ae-types.xml#id(ae_1)"/>
      <nite:child href="IS1004c.D.words.xml#id(IS1004c.D.words467)..id(IS1004c.D.words512)"/>
   </ae>
   <ae nite:id="IS1004c.D.argumentstructs.Rutger.4">
      <nite:pointer role="type"  href="ae-types.xml#id(ae_1)"/>
      <nite:child href="IS1004c.D.words.xml#id(IS1004c.D.words519)..id(IS1004c.D.words529)"/>
   </ae>
   <ae nite:id="IS1004c.D.argumentstructs.Rutger.5">
      <nite:pointer role="type"  href="ae-types.xml#id(ae_5)"/>
      <nite:child href="IS1004c.D.words.xml#id(IS1004c.D.words531)..id(IS1004c.D.words544)"/>
   </ae>
   <ae nite:id="IS1004c.D.argumentstructs.Rutger.7">
      <nite:pointer role="type"  href="ae-types.xml#id(ae_1)"/>
      <nite:child href="IS1004c.D.words.xml#id(IS1004c.D.words589)..id(IS1004c.D.words598)"/>
   </ae>
   <ae nite:id="IS1004c.D.argumentstructs.Rutger.8">
      <nite:pointer role="type"  href="ae-types.xml#id(ae_3)"/>
      <nite:child href="IS1004c.D.words.xml#id(IS1004c.D.words601)..id(IS1004c.D.words602)"/>
   </ae>
   <ae nite:id="IS1004c.D.argumentstructs.Rutger.9">
      <nite:pointer role="type"  href="ae-types.xml#id(ae_1)"/>
      <nite:child href="IS1004c.D.words.xml#id(IS1004c.D.words611)..id(IS1004c.D.words613)"/>
   </ae>
   <ae nite:id="IS1004c.D.argumentstructs.Rutger.10">
      <nite:pointer role="type"  href="ae-types.xml#id(ae_1)"/>
      <nite:child href="IS1004c.D.words.xml#id(IS1004c.D.words615)..id(IS1004c.D.words636)"/>
   </ae>
   <ae nite:id="IS1004c.D.argumentstructs.Rutger.11">
      <nite:pointer role="type"  href="ae-types.xml#id(ae_5)"/>
      <nite:child href="IS1004c.D.words.xml#id(IS1004c.D.words639)..id(IS1004c.D.words657)"/>
   </ae>
   <ae nite:id="IS1004c.D.argumentstructs.Rutger.12">
      <nite:pointer role="type"  href="ae-types.xml#id(ae_1)"/>
      <nite:child href="IS1004c.D.words.xml#id(IS1004c.D.words660)..id(IS1004c.D.words662)"/>
   </ae>
   <ae nite:id="IS1004c.D.argumentstructs.Rutger.13">
      <nite:pointer role="type"  href="ae-types.xml#id(ae_1)"/>
      <nite:child href="IS1004c.D.words.xml#id(IS1004c.D.words901)..id(IS1004c.D.words916)"/>
   </ae>
   <ae nite:id="IS1004c.D.argumentstructs.Rutger.14">
      <nite:pointer role="type"  href="ae-types.xml#id(ae_5)"/>
      <nite:child href="IS1004c.D.words.xml#id(IS1004c.D.words917)..id(IS1004c.D.words924)"/>
   </ae>
   <ae nite:id="IS1004c.D.argumentstructs.Rutger.15">
      <nite:pointer role="type"  href="ae-types.xml#id(ae_5)"/>
      <nite:child href="IS1004c.D.words.xml#id(IS1004c.D.words925)..id(IS1004c.D.words936)"/>
   </ae>
   <ae nite:id="IS1004c.D.argumentstructs.Rutger.16">
      <nite:pointer role="type"  href="ae-types.xml#id(ae_1)"/>
      <nite:child href="IS1004c.D.words.xml#id(IS1004c.D.words937)..id(IS1004c.D.words947)"/>
   </ae>
   <ae nite:id="IS1004c.D.argumentstructs.Rutger.17">
      <nite:pointer role="type"  href="ae-types.xml#id(ae_5)"/>
      <nite:child href="IS1004c.D.words.xml#id(IS1004c.D.words948)..id(IS1004c.D.words965)"/>
   </ae>
   <ae nite:id="IS1004c.D.argumentstructs.Rutger.18">
      <nite:pointer role="type"  href="ae-types.xml#id(ae_1)"/>
      <nite:child href="IS1004c.D.words.xml#id(IS1004c.D.words969)..id(IS1004c.D.words989)"/>
   </ae>
   <ae nite:id="IS1004c.D.argumentstructs.Rutger.21">
      <nite:pointer role="type"  href="ae-types.xml#id(ae_1)"/>
      <nite:child href="IS1004c.D.words.xml#id(IS1004c.D.words1194)..id(IS1004c.D.words1198)"/>
   </ae>
   <ae nite:id="IS1004c.D.argumentstructs.22">
      <nite:pointer role="type"  href="ae-types.xml#id(ae_6)"/>
      <nite:child href="IS1004c.D.words.xml#id(IS1004c.D.words390)..id(IS1004c.D.words396)"/>
      <nite:child href="IS1004c.D.words.xml#id(IS1004c.D.words398)"/>
      <nite:child href="IS1004c.D.words.xml#id(IS1004c.D.words401)"/>
      <nite:child href="IS1004c.D.words.xml#id(IS1004c.D.words403)..id(IS1004c.D.words404)"/>
      <nite:child href="IS1004c.D.words.xml#id(IS1004c.D.words406)..id(IS1004c.D.words427)"/>
      <nite:child href="IS1004c.D.words.xml#id(IS1004c.D.words429)..id(IS1004c.D.words451)"/>
   </ae>
   <ae nite:id="IS1004c.D.argumentstructs.23">
      <nite:pointer role="type"  href="ae-types.xml#id(ae_6)"/>
      <nite:child href="IS1004c.D.words.xml#id(IS1004c.D.words513)..id(IS1004c.D.words517)"/>
   </ae>
   <ae nite:id="IS1004c.D.argumentstructs.24">
      <nite:pointer role="type"  href="ae-types.xml#id(ae_6)"/>
      <nite:child href="IS1004c.D.words.xml#id(IS1004c.D.words545)..id(IS1004c.D.words583)"/>
      <nite:child href="IS1004c.D.words.xml#id(IS1004c.D.words585)..id(IS1004c.D.words588)"/>
   </ae>
   <ae nite:id="IS1004c.D.argumentstructs.25">
      <nite:pointer role="type"  href="ae-types.xml#id(ae_6)"/>
      <nite:child href="IS1004c.D.words.xml#id(IS1004c.D.words599)..id(IS1004c.D.words600)"/>
   </ae>
   <ae nite:id="IS1004c.D.argumentstructs.26">
      <nite:pointer role="type"  href="ae-types.xml#id(ae_6)"/>
      <nite:child href="IS1004c.D.words.xml#id(IS1004c.D.words603)..id(IS1004c.D.words605)"/>
      <nite:child href="IS1004c.D.words.xml#id(IS1004c.D.words607)..id(IS1004c.D.words610)"/>
   </ae>
   <ae nite:id="IS1004c.D.argumentstructs.27">
      <nite:pointer role="type"  href="ae-types.xml#id(ae_6)"/>
      <nite:child href="IS1004c.D.words.xml#id(IS1004c.D.words637)..id(IS1004c.D.words638)"/>
   </ae>
   <ae nite:id="IS1004c.D.argumentstructs.28">
      <nite:pointer role="type"  href="ae-types.xml#id(ae_6)"/>
      <nite:child href="IS1004c.D.words.xml#id(IS1004c.D.words658)..id(IS1004c.D.words659)"/>
   </ae>
   <ae nite:id="IS1004c.D.argumentstructs.29">
      <nite:pointer role="type"  href="ae-types.xml#id(ae_6)"/>
      <nite:child href="IS1004c.D.words.xml#id(IS1004c.D.words967)..id(IS1004c.D.words968)"/>
   </ae>
   <ae nite:id="IS1004c.D.argumentstructs.30">
      <nite:pointer role="type"  href="ae-types.xml#id(ae_6)"/>
      <nite:child href="IS1004c.D.words.xml#id(IS1004c.D.words1186)..id(IS1004c.D.words1191)"/>
   </ae>
</nite:root>