<?xml version="1.0" encoding="ISO-8859-1" standalone="yes"?>
<nite:root nite:id="IS1008c.A.argumentstructs" xmlns:nite="http://nite.sourceforge.net/">
   <ae nite:id="IS1008c.A.argumentstructs.Daan.1">
      <nite:pointer role="type"  href="ae-types.xml#id(ae_3)"/>
      <nite:child href="IS1008c.A.words.xml#id(IS1008c.A.words312)..id(IS1008c.A.words322)"/>
   </ae>
   <ae nite:id="IS1008c.A.argumentstructs.Daan.2">
      <nite:pointer role="type"  href="ae-types.xml#id(ae_1)"/>
      <nite:child href="IS1008c.A.words.xml#id(IS1008c.A.words496)..id(IS1008c.A.words528)"/>
   </ae>
   <ae nite:id="IS1008c.A.argumentstructs.Daan.3">
      <nite:pointer role="type"  href="ae-types.xml#id(ae_1)"/>
      <nite:child href="IS1008c.A.words.xml#id(IS1008c.A.words529)..id(IS1008c.A.words547)"/>
   </ae>
   <ae nite:id="IS1008c.A.argumentstructs.Daan.4">
      <nite:pointer role="type"  href="ae-types.xml#id(ae_1)"/>
      <nite:child href="IS1008c.A.words.xml#id(IS1008c.A.words555)..id(IS1008c.A.words559)"/>
   </ae>
   <ae nite:id="IS1008c.A.argumentstructs.Daan.5">
      <nite:pointer role="type"  href="ae-types.xml#id(ae_1)"/>
      <nite:child href="IS1008c.A.words.xml#id(IS1008c.A.words564)..id(IS1008c.A.words568)"/>
   </ae>
   <ae nite:id="IS1008c.A.argumentstructs.Daan.6">
      <nite:pointer role="type"  href="ae-types.xml#id(ae_5)"/>
      <nite:child href="IS1008c.A.words.xml#id(IS1008c.A.words569)..id(IS1008c.A.words645)"/>
   </ae>
   <ae nite:id="IS1008c.A.argumentstructs.7">
      <nite:pointer role="type"  href="ae-types.xml#id(ae_6)"/>
      <nite:child href="IS1008c.A.words.xml#id(IS1008c.A.words323)"/>
   </ae>
   <ae nite:id="IS1008c.A.argumentstructs.8">
      <nite:pointer role="type"  href="ae-types.xml#id(ae_6)"/>
      <nite:child href="IS1008c.A.words.xml#id(IS1008c.A.words333)"/>
      <nite:child href="IS1008c.A.words.xml#id(IS1008c.A.words335)..id(IS1008c.A.words340)"/>
   </ae>
   <ae nite:id="IS1008c.A.argumentstructs.9">
      <nite:pointer role="type"  href="ae-types.xml#id(ae_6)"/>
      <nite:child href="IS1008c.A.words.xml#id(IS1008c.A.words548)..id(IS1008c.A.words549)"/>
      <nite:child href="IS1008c.A.words.xml#id(IS1008c.A.words551)..id(IS1008c.A.words552)"/>
   </ae>
   <ae nite:id="IS1008c.A.argumentstructs.10">
      <nite:pointer role="type"  href="ae-types.xml#id(ae_6)"/>
      <nite:child href="IS1008c.A.words.xml#id(IS1008c.A.words560)..id(IS1008c.A.words563)"/>
   </ae>
</nite:root>