<?xml version="1.0" encoding="ISO-8859-1" standalone="yes"?>
<nite:root nite:id="IS1006c.A.argumentstructs" xmlns:nite="http://nite.sourceforge.net/">
   <ae nite:id="IS1006c.A.argumentstructs.Daan.1">
      <nite:pointer role="type"  href="ae-types.xml#id(ae_3)"/>
      <nite:child href="IS1006c.A.words.xml#id(IS1006c.A.words192)..id(IS1006c.A.words226)"/>
   </ae>
   <ae nite:id="IS1006c.A.argumentstructs.Daan.2">
      <nite:pointer role="type"  href="ae-types.xml#id(ae_1)"/>
      <nite:child href="IS1006c.A.words.xml#id(IS1006c.A.words227)..id(IS1006c.A.words235)"/>
   </ae>
   <ae nite:id="IS1006c.A.argumentstructs.Daan.3">
      <nite:pointer role="type"  href="ae-types.xml#id(ae_5)"/>
      <nite:child href="IS1006c.A.words.xml#id(IS1006c.A.words355)..id(IS1006c.A.words365)"/>
   </ae>
   <ae nite:id="IS1006c.A.argumentstructs.Daan.4">
      <nite:pointer role="type"  href="ae-types.xml#id(ae_1)"/>
      <nite:child href="IS1006c.A.words.xml#id(IS1006c.A.words372)..id(IS1006c.A.words402)"/>
   </ae>
   <ae nite:id="IS1006c.A.argumentstructs.Daan.5">
      <nite:pointer role="type"  href="ae-types.xml#id(ae_1)"/>
      <nite:child href="IS1006c.A.words.xml#id(IS1006c.A.words405)..id(IS1006c.A.words410)"/>
   </ae>
   <ae nite:id="IS1006c.A.argumentstructs.Daan.6">
      <nite:pointer role="type"  href="ae-types.xml#id(ae_2)"/>
      <nite:child href="IS1006c.A.words.xml#id(IS1006c.A.words413)..id(IS1006c.A.words422)"/>
   </ae>
   <ae nite:id="IS1006c.A.argumentstructs.Daan.7">
      <nite:pointer role="type"  href="ae-types.xml#id(ae_2)"/>
      <nite:child href="IS1006c.A.words.xml#id(IS1006c.A.words423)..id(IS1006c.A.words440)"/>
   </ae>
   <ae nite:id="IS1006c.A.argumentstructs.Daan.8">
      <nite:pointer role="type"  href="ae-types.xml#id(ae_5)"/>
      <nite:child href="IS1006c.A.words.xml#id(IS1006c.A.words443)..id(IS1006c.A.words466)"/>
   </ae>
   <ae nite:id="IS1006c.A.argumentstructs.Daan.9">
      <nite:pointer role="type"  href="ae-types.xml#id(ae_1)"/>
      <nite:child href="IS1006c.A.words.xml#id(IS1006c.A.words470)..id(IS1006c.A.words482)"/>
   </ae>
   <ae nite:id="IS1006c.A.argumentstructs.Daan.10">
      <nite:pointer role="type"  href="ae-types.xml#id(ae_1)"/>
      <nite:child href="IS1006c.A.words.xml#id(IS1006c.A.words960)..id(IS1006c.A.words981)"/>
   </ae>
   <ae nite:id="IS1006c.A.argumentstructs.11">
      <nite:pointer role="type"  href="ae-types.xml#id(ae_6)"/>
      <nite:child href="IS1006c.A.words.xml#id(IS1006c.A.words236)..id(IS1006c.A.words238)"/>
      <nite:child href="IS1006c.A.words.xml#id(IS1006c.A.words240)..id(IS1006c.A.words243)"/>
   </ae>
   <ae nite:id="IS1006c.A.argumentstructs.12">
      <nite:pointer role="type"  href="ae-types.xml#id(ae_6)"/>
      <nite:child href="IS1006c.A.words.xml#id(IS1006c.A.words368)..id(IS1006c.A.words371)"/>
   </ae>
   <ae nite:id="IS1006c.A.argumentstructs.13">
      <nite:pointer role="type"  href="ae-types.xml#id(ae_6)"/>
      <nite:child href="IS1006c.A.words.xml#id(IS1006c.A.words403)..id(IS1006c.A.words404)"/>
   </ae>
   <ae nite:id="IS1006c.A.argumentstructs.14">
      <nite:pointer role="type"  href="ae-types.xml#id(ae_6)"/>
      <nite:child href="IS1006c.A.words.xml#id(IS1006c.A.words411)..id(IS1006c.A.words412)"/>
   </ae>
   <ae nite:id="IS1006c.A.argumentstructs.15">
      <nite:pointer role="type"  href="ae-types.xml#id(ae_6)"/>
      <nite:child href="IS1006c.A.words.xml#id(IS1006c.A.words441)..id(IS1006c.A.words442)"/>
   </ae>
   <ae nite:id="IS1006c.A.argumentstructs.16">
      <nite:pointer role="type"  href="ae-types.xml#id(ae_6)"/>
      <nite:child href="IS1006c.A.words.xml#id(IS1006c.A.words467)..id(IS1006c.A.words469)"/>
   </ae>
   <ae nite:id="IS1006c.A.argumentstructs.17">
      <nite:pointer role="type"  href="ae-types.xml#id(ae_6)"/>
      <nite:child href="IS1006c.A.words.xml#id(IS1006c.A.words483)..id(IS1006c.A.words486)"/>
   </ae>
   <ae nite:id="IS1006c.A.argumentstructs.18">
      <nite:pointer role="type"  href="ae-types.xml#id(ae_6)"/>
      <nite:child href="IS1006c.A.words.xml#id(IS1006c.A.words982)..id(IS1006c.A.words989)"/>
   </ae>
</nite:root>