<?xml version="1.0" encoding="ISO-8859-1" standalone="yes"?>
<nite:root nite:id="IS1004d.B.argumentstructs" xmlns:nite="http://nite.sourceforge.net/">
   <ae nite:id="IS1004d.B.argumentstructs.Rutger.1">
      <nite:pointer role="type"  href="ae-types.xml#id(ae_1)"/>
      <nite:child href="IS1004d.B.words.xml#id(IS1004d.B.words928)..id(IS1004d.B.words948)"/>
   </ae>
   <ae nite:id="IS1004d.B.argumentstructs.Rutger.2">
      <nite:pointer role="type"  href="ae-types.xml#id(ae_1)"/>
      <nite:child href="IS1004d.B.words.xml#id(IS1004d.B.words949)..id(IS1004d.B.words963)"/>
   </ae>
   <ae nite:id="IS1004d.B.argumentstructs.Rutger.4">
      <nite:pointer role="type"  href="ae-types.xml#id(ae_1)"/>
      <nite:child href="IS1004d.B.words.xml#id(IS1004d.B.words964)..id(IS1004d.B.words972)"/>
   </ae>
   <ae nite:id="IS1004d.B.argumentstructs.Rutger.5">
      <nite:pointer role="type"  href="ae-types.xml#id(ae_1)"/>
      <nite:child href="IS1004d.B.words.xml#id(IS1004d.B.words973)..id(IS1004d.B.words989)"/>
   </ae>
   <ae nite:id="IS1004d.B.argumentstructs.Rutger.6">
      <nite:pointer role="type"  href="ae-types.xml#id(ae_1)"/>
      <nite:child href="IS1004d.B.words.xml#id(IS1004d.B.words990)..id(IS1004d.B.words1002)"/>
   </ae>
   <ae nite:id="IS1004d.B.argumentstructs.Rutger.7">
      <nite:pointer role="type"  href="ae-types.xml#id(ae_1)"/>
      <nite:child href="IS1004d.B.words.xml#id(IS1004d.B.words1003)..id(IS1004d.B.words1012)"/>
   </ae>
   <ae nite:id="IS1004d.B.argumentstructs.Rutger.8">
      <nite:pointer role="type"  href="ae-types.xml#id(ae_1)"/>
      <nite:child href="IS1004d.B.words.xml#id(IS1004d.B.words1016)..id(IS1004d.B.words1042)"/>
   </ae>
   <ae nite:id="IS1004d.B.argumentstructs.Rutger.9">
      <nite:pointer role="type"  href="ae-types.xml#id(ae_1)"/>
      <nite:child href="IS1004d.B.words.xml#id(IS1004d.B.words1043)..id(IS1004d.B.words1060)"/>
   </ae>
   <ae nite:id="IS1004d.B.argumentstructs.10">
      <nite:pointer role="type"  href="ae-types.xml#id(ae_6)"/>
      <nite:child href="IS1004d.B.words.xml#id(IS1004d.B.words1014)..id(IS1004d.B.words1015)"/>
   </ae>
</nite:root>