<?xml version="1.0" encoding="ISO-8859-1" standalone="yes"?>
<nite:root nite:id="IS1008d.D.argumentstructs" xmlns:nite="http://nite.sourceforge.net/">
   <ae nite:id="IS1008d.D.argumentstructs.Daan.1">
      <nite:pointer role="type"  href="ae-types.xml#id(ae_1)"/>
      <nite:child href="IS1008d.D.words.xml#id(IS1008d.D.words13)..id(IS1008d.D.words22)"/>
   </ae>
   <ae nite:id="IS1008d.D.argumentstructs.Daan.2">
      <nite:pointer role="type"  href="ae-types.xml#id(ae_1)"/>
      <nite:child href="IS1008d.D.words.xml#id(IS1008d.D.words23)..id(IS1008d.D.words29)"/>
   </ae>
   <ae nite:id="IS1008d.D.argumentstructs.Daan.3">
      <nite:pointer role="type"  href="ae-types.xml#id(ae_1)"/>
      <nite:child href="IS1008d.D.words.xml#id(IS1008d.D.words749)..id(IS1008d.D.words816)"/>
   </ae>
   <ae nite:id="IS1008d.D.argumentstructs.Daan.4">
      <nite:pointer role="type"  href="ae-types.xml#id(ae_5)"/>
      <nite:child href="IS1008d.D.words.xml#id(IS1008d.D.words817)..id(IS1008d.D.words877)"/>
   </ae>
   <ae nite:id="IS1008d.D.argumentstructs.Daan.5">
      <nite:pointer role="type"  href="ae-types.xml#id(ae_1)"/>
      <nite:child href="IS1008d.D.words.xml#id(IS1008d.D.words879)..id(IS1008d.D.words885)"/>
   </ae>
   <ae nite:id="IS1008d.D.argumentstructs.Daan.6">
      <nite:pointer role="type"  href="ae-types.xml#id(ae_1)"/>
      <nite:child href="IS1008d.D.words.xml#id(IS1008d.D.words886)..id(IS1008d.D.words895)"/>
   </ae>
   <ae nite:id="IS1008d.D.argumentstructs.Daan.7">
      <nite:pointer role="type"  href="ae-types.xml#id(ae_1)"/>
      <nite:child href="IS1008d.D.words.xml#id(IS1008d.D.words906)..id(IS1008d.D.words946)"/>
   </ae>
   <ae nite:id="IS1008d.D.argumentstructs.Daan.8">
      <nite:pointer role="type"  href="ae-types.xml#id(ae_1)"/>
      <nite:child href="IS1008d.D.words.xml#id(IS1008d.D.words947)..id(IS1008d.D.words959)"/>
   </ae>
   <ae nite:id="IS1008d.D.argumentstructs.Daan.9">
      <nite:pointer role="type"  href="ae-types.xml#id(ae_1)"/>
      <nite:child href="IS1008d.D.words.xml#id(IS1008d.D.words960)..id(IS1008d.D.words1011)"/>
   </ae>
   <ae nite:id="IS1008d.D.argumentstructs.Daan.10">
      <nite:pointer role="type"  href="ae-types.xml#id(ae_1)"/>
      <nite:child href="IS1008d.D.words.xml#id(IS1008d.D.words1040)..id(IS1008d.D.words1047)"/>
   </ae>
   <ae nite:id="IS1008d.D.argumentstructs.Daan.11">
      <nite:pointer role="type"  href="ae-types.xml#id(ae_2)"/>
      <nite:child href="IS1008d.D.words.xml#id(IS1008d.D.words1048)..id(IS1008d.D.words1055)"/>
   </ae>
   <ae nite:id="IS1008d.D.argumentstructs.Daan.12">
      <nite:pointer role="type"  href="ae-types.xml#id(ae_1)"/>
      <nite:child href="IS1008d.D.words.xml#id(IS1008d.D.words1056)..id(IS1008d.D.words1062)"/>
   </ae>
   <ae nite:id="IS1008d.D.argumentstructs.Daan.13">
      <nite:pointer role="type"  href="ae-types.xml#id(ae_1)"/>
      <nite:child href="IS1008d.D.words.xml#id(IS1008d.D.words1069)..id(IS1008d.D.words1110)"/>
   </ae>
   <ae nite:id="IS1008d.D.argumentstructs.Daan.14">
      <nite:pointer role="type"  href="ae-types.xml#id(ae_1)"/>
      <nite:child href="IS1008d.D.words.xml#id(IS1008d.D.words1112)..id(IS1008d.D.words1117)"/>
   </ae>
   <ae nite:id="IS1008d.D.argumentstructs.15">
      <nite:pointer role="type"  href="ae-types.xml#id(ae_6)"/>
      <nite:child href="IS1008d.D.words.xml#id(IS1008d.D.words896)..id(IS1008d.D.words904)"/>
   </ae>
   <ae nite:id="IS1008d.D.argumentstructs.16">
      <nite:pointer role="type"  href="ae-types.xml#id(ae_6)"/>
      <nite:child href="IS1008d.D.words.xml#id(IS1008d.D.words1064)..id(IS1008d.D.words1068)"/>
   </ae>
</nite:root>