<?xml version="1.0" encoding="ISO-8859-1" standalone="yes"?>
<nite:root nite:id="IS1003d.A.argumentstructs" xmlns:nite="http://nite.sourceforge.net/">
   <ae nite:id="IS1003d.A.argumentstructs.Rutger.1">
      <nite:pointer role="type"  href="ae-types.xml#id(ae_1)"/>
      <nite:child href="IS1003d.A.words.xml#id(IS1003d.A.words2066)..id(IS1003d.A.words2094)"/>
   </ae>
   <ae nite:id="IS1003d.A.argumentstructs.Rutger.2">
      <nite:pointer role="type"  href="ae-types.xml#id(ae_1)"/>
      <nite:child href="IS1003d.A.words.xml#id(IS1003d.A.words2095)..id(IS1003d.A.words2099)"/>
   </ae>
   <ae nite:id="IS1003d.A.argumentstructs.3">
      <nite:pointer role="type"  href="ae-types.xml#id(ae_6)"/>
      <nite:child href="IS1003d.A.words.xml#id(IS1003d.A.words534)..id(IS1003d.A.words542)"/>
      <nite:child href="IS1003d.A.words.xml#id(IS1003d.A.words544)..id(IS1003d.A.words547)"/>
      <nite:child href="IS1003d.A.words.xml#id(IS1003d.A.words549)..id(IS1003d.A.words559)"/>
      <nite:child href="IS1003d.A.words.xml#id(IS1003d.A.words561)..id(IS1003d.A.words578)"/>
      <nite:child href="IS1003d.A.words.xml#id(IS1003d.A.words580)..id(IS1003d.A.words584)"/>
      <nite:child href="IS1003d.A.words.xml#id(IS1003d.A.words586)..id(IS1003d.A.words613)"/>
      <nite:child href="IS1003d.A.words.xml#id(IS1003d.A.words615)..id(IS1003d.A.words654)"/>
      <nite:child href="IS1003d.A.words.xml#id(IS1003d.A.words656)..id(IS1003d.A.words736)"/>
   </ae>
</nite:root>