<?xml version="1.0" encoding="ISO-8859-1" standalone="yes"?>
<nite:root nite:id="IS1003c.C.argumentstructs" xmlns:nite="http://nite.sourceforge.net/">
   <ae nite:id="IS1003c.C.argumentstructs.1">
      <nite:pointer role="type"  href="ae-types.xml#id(ae_6)"/>
      <nite:child href="IS1003c.C.words.xml#id(IS1003c.C.words262)..id(IS1003c.C.words299)"/>
      <nite:child href="IS1003c.C.words.xml#id(IS1003c.C.words301)..id(IS1003c.C.words315)"/>
      <nite:child href="IS1003c.C.words.xml#id(IS1003c.C.words317)..id(IS1003c.C.words332)"/>
      <nite:child href="IS1003c.C.words.xml#id(IS1003c.C.words334)..id(IS1003c.C.words363)"/>
      <nite:child href="IS1003c.C.words.xml#id(IS1003c.C.words365)..id(IS1003c.C.words370)"/>
      <nite:child href="IS1003c.C.words.xml#id(IS1003c.C.words372)..id(IS1003c.C.words397)"/>
      <nite:child href="IS1003c.C.words.xml#id(IS1003c.C.words399)..id(IS1003c.C.words416)"/>
      <nite:child href="IS1003c.C.words.xml#id(IS1003c.C.words418)..id(IS1003c.C.words435)"/>
      <nite:child href="IS1003c.C.words.xml#id(IS1003c.C.words437)..id(IS1003c.C.words458)"/>
      <nite:child href="IS1003c.C.words.xml#id(IS1003c.C.words460)..id(IS1003c.C.words477)"/>
      <nite:child href="IS1003c.C.words.xml#id(IS1003c.C.words480)..id(IS1003c.C.words482)"/>
   </ae>
   <ae nite:id="IS1003c.C.argumentstructs.2">
      <nite:pointer role="type"  href="ae-types.xml#id(ae_6)"/>
      <nite:child href="IS1003c.C.words.xml#id(IS1003c.C.words892)..id(IS1003c.C.words896)"/>
      <nite:child href="IS1003c.C.words.xml#id(IS1003c.C.words898)..id(IS1003c.C.words905)"/>
      <nite:child href="IS1003c.C.words.xml#id(IS1003c.C.words907)..id(IS1003c.C.words975)"/>
      <nite:child href="IS1003c.C.words.xml#id(IS1003c.C.words978)..id(IS1003c.C.words1013)"/>
      <nite:child href="IS1003c.C.words.xml#id(IS1003c.C.words1015)..id(IS1003c.C.words1020)"/>
      <nite:child href="IS1003c.C.words.xml#id(IS1003c.C.words1022)..id(IS1003c.C.words1024)"/>
      <nite:child href="IS1003c.C.words.xml#id(IS1003c.C.words1026)..id(IS1003c.C.words1111)"/>
      <nite:child href="IS1003c.C.words.xml#id(IS1003c.C.words1113)..id(IS1003c.C.words1131)"/>
      <nite:child href="IS1003c.C.words.xml#id(IS1003c.C.words1133)..id(IS1003c.C.words1141)"/>
      <nite:child href="IS1003c.C.words.xml#id(IS1003c.C.words1143)..id(IS1003c.C.words1195)"/>
      <nite:child href="IS1003c.C.words.xml#id(IS1003c.C.words1197)..id(IS1003c.C.words1235)"/>
      <nite:child href="IS1003c.C.words.xml#id(IS1003c.C.words1237)..id(IS1003c.C.words1242)"/>
   </ae>
</nite:root>