<?xml version="1.0" encoding="ISO-8859-1" standalone="yes"?>
<nite:root nite:id="IS1009a.D.argumentstructs" xmlns:nite="http://nite.sourceforge.net/">
   <ae nite:id="IS1009a.D.argumentstructs.Daan.1">
      <nite:pointer role="type"  href="ae-types.xml#id(ae_1)"/>
      <nite:child href="IS1009a.D.words.xml#id(IS1009a.D.words234)..id(IS1009a.D.words256)"/>
   </ae>
   <ae nite:id="IS1009a.D.argumentstructs.Daan.2">
      <nite:pointer role="type"  href="ae-types.xml#id(ae_1)"/>
      <nite:child href="IS1009a.D.words.xml#id(IS1009a.D.words257)..id(IS1009a.D.words259)"/>
   </ae>
   <ae nite:id="IS1009a.D.argumentstructs.Daan.3">
      <nite:pointer role="type"  href="ae-types.xml#id(ae_1)"/>
      <nite:child href="IS1009a.D.words.xml#id(IS1009a.D.words260)..id(IS1009a.D.words305)"/>
   </ae>
   <ae nite:id="IS1009a.D.argumentstructs.Daan.4">
      <nite:pointer role="type"  href="ae-types.xml#id(ae_1)"/>
      <nite:child href="IS1009a.D.words.xml#id(IS1009a.D.words313)..id(IS1009a.D.words328)"/>
   </ae>
   <ae nite:id="IS1009a.D.argumentstructs.Daan.5">
      <nite:pointer role="type"  href="ae-types.xml#id(ae_3)"/>
      <nite:child href="IS1009a.D.words.xml#id(IS1009a.D.words332)..id(IS1009a.D.words377)"/>
   </ae>
   <ae nite:id="IS1009a.D.argumentstructs.Daan.6">
      <nite:pointer role="type"  href="ae-types.xml#id(ae_1)"/>
      <nite:child href="IS1009a.D.words.xml#id(IS1009a.D.words387)..id(IS1009a.D.words395)"/>
   </ae>
   <ae nite:id="IS1009a.D.argumentstructs.Daan.7">
      <nite:pointer role="type"  href="ae-types.xml#id(ae_1)"/>
      <nite:child href="IS1009a.D.words.xml#id(IS1009a.D.words398)..id(IS1009a.D.words414)"/>
   </ae>
   <ae nite:id="IS1009a.D.argumentstructs.Daan.8">
      <nite:pointer role="type"  href="ae-types.xml#id(ae_1)"/>
      <nite:child href="IS1009a.D.words.xml#id(IS1009a.D.words415)..id(IS1009a.D.words428)"/>
   </ae>
   <ae nite:id="IS1009a.D.argumentstructs.Daan.9">
      <nite:pointer role="type"  href="ae-types.xml#id(ae_1)"/>
      <nite:child href="IS1009a.D.words.xml#id(IS1009a.D.words429)..id(IS1009a.D.words473)"/>
   </ae>
   <ae nite:id="IS1009a.D.argumentstructs.10">
      <nite:pointer role="type"  href="ae-types.xml#id(ae_6)"/>
      <nite:child href="IS1009a.D.words.xml#id(IS1009a.D.words307)..id(IS1009a.D.words310)"/>
   </ae>
   <ae nite:id="IS1009a.D.argumentstructs.11">
      <nite:pointer role="type"  href="ae-types.xml#id(ae_6)"/>
      <nite:child href="IS1009a.D.words.xml#id(IS1009a.D.words329)..id(IS1009a.D.words331)"/>
   </ae>
   <ae nite:id="IS1009a.D.argumentstructs.12">
      <nite:pointer role="type"  href="ae-types.xml#id(ae_6)"/>
      <nite:child href="IS1009a.D.words.xml#id(IS1009a.D.words378)..id(IS1009a.D.words383)"/>
      <nite:child href="IS1009a.D.words.xml#id(IS1009a.D.words385)..id(IS1009a.D.words386)"/>
   </ae>
   <ae nite:id="IS1009a.D.argumentstructs.13">
      <nite:pointer role="type"  href="ae-types.xml#id(ae_6)"/>
      <nite:child href="IS1009a.D.words.xml#id(IS1009a.D.words396)..id(IS1009a.D.words397)"/>
   </ae>
</nite:root>