<?xml version="1.0" encoding="ISO-8859-1" standalone="yes"?>
<nite:root nite:id="IS1005a.B.argumentstructs" xmlns:nite="http://nite.sourceforge.net/">
   <ae nite:id="IS1005a.B.argumentstructs.Rutger.1">
      <nite:pointer role="type"  href="ae-types.xml#id(ae_1)"/>
      <nite:child href="IS1005a.B.words.xml#id(IS1005a.B.words395)..id(IS1005a.B.words434)"/>
   </ae>
   <ae nite:id="IS1005a.B.argumentstructs.Rutger.2">
      <nite:pointer role="type"  href="ae-types.xml#id(ae_1)"/>
      <nite:child href="IS1005a.B.words.xml#id(IS1005a.B.words435)..id(IS1005a.B.words453)"/>
   </ae>
   <ae nite:id="IS1005a.B.argumentstructs.Rutger.3">
      <nite:pointer role="type"  href="ae-types.xml#id(ae_1)"/>
      <nite:child href="IS1005a.B.words.xml#id(IS1005a.B.words454)..id(IS1005a.B.words477)"/>
   </ae>
   <ae nite:id="IS1005a.B.argumentstructs.Rutger.4">
      <nite:pointer role="type"  href="ae-types.xml#id(ae_1)"/>
      <nite:child href="IS1005a.B.words.xml#id(IS1005a.B.words478)..id(IS1005a.B.words494)"/>
   </ae>
   <ae nite:id="IS1005a.B.argumentstructs.Rutger.5">
      <nite:pointer role="type"  href="ae-types.xml#id(ae_1)"/>
      <nite:child href="IS1005a.B.words.xml#id(IS1005a.B.words495)..id(IS1005a.B.words507)"/>
   </ae>
   <ae nite:id="IS1005a.B.argumentstructs.6">
      <nite:pointer role="type"  href="ae-types.xml#id(ae_6)"/>
      <nite:child href="IS1005a.B.words.xml#id(IS1005a.B.words508)..id(IS1005a.B.words521)"/>
      <nite:child href="IS1005a.B.words.xml#id(IS1005a.B.words523)..id(IS1005a.B.words530)"/>
   </ae>
</nite:root>