<?xml version="1.0" encoding="ISO-8859-1" standalone="yes"?>
<nite:root nite:id="IS1007c.C.argumentstructs" xmlns:nite="http://nite.sourceforge.net/">
   <ae nite:id="IS1007c.C.argumentstructs.Daan.1">
      <nite:pointer role="type"  href="ae-types.xml#id(ae_1)"/>
      <nite:child href="IS1007c.C.words.xml#id(IS1007c.C.words727)..id(IS1007c.C.words816)"/>
   </ae>
   <ae nite:id="IS1007c.C.argumentstructs.Daan.2">
      <nite:pointer role="type"  href="ae-types.xml#id(ae_1)"/>
      <nite:child href="IS1007c.C.words.xml#id(IS1007c.C.words817)..id(IS1007c.C.words829)"/>
   </ae>
   <ae nite:id="IS1007c.C.argumentstructs.Daan.3">
      <nite:pointer role="type"  href="ae-types.xml#id(ae_1)"/>
      <nite:child href="IS1007c.C.words.xml#id(IS1007c.C.words832)..id(IS1007c.C.words848)"/>
   </ae>
   <ae nite:id="IS1007c.C.argumentstructs.Daan.4">
      <nite:pointer role="type"  href="ae-types.xml#id(ae_1)"/>
      <nite:child href="IS1007c.C.words.xml#id(IS1007c.C.words898)..id(IS1007c.C.words934)"/>
   </ae>
   <ae nite:id="IS1007c.C.argumentstructs.Daan.5">
      <nite:pointer role="type"  href="ae-types.xml#id(ae_1)"/>
      <nite:child href="IS1007c.C.words.xml#id(IS1007c.C.words935)..id(IS1007c.C.words957)"/>
   </ae>
   <ae nite:id="IS1007c.C.argumentstructs.Daan.6">
      <nite:pointer role="type"  href="ae-types.xml#id(ae_1)"/>
      <nite:child href="IS1007c.C.words.xml#id(IS1007c.C.words964)..id(IS1007c.C.words984)"/>
   </ae>
   <ae nite:id="IS1007c.C.argumentstructs.Daan.7">
      <nite:pointer role="type"  href="ae-types.xml#id(ae_1)"/>
      <nite:child href="IS1007c.C.words.xml#id(IS1007c.C.words992)..id(IS1007c.C.words1014)"/>
   </ae>
   <ae nite:id="IS1007c.C.argumentstructs.Daan.8">
      <nite:pointer role="type"  href="ae-types.xml#id(ae_1)"/>
      <nite:child href="IS1007c.C.words.xml#id(IS1007c.C.words1015)..id(IS1007c.C.words1045)"/>
   </ae>
   <ae nite:id="IS1007c.C.argumentstructs.Daan.9">
      <nite:pointer role="type"  href="ae-types.xml#id(ae_1)"/>
      <nite:child href="IS1007c.C.words.xml#id(IS1007c.C.words1047)..id(IS1007c.C.words1055)"/>
   </ae>
   <ae nite:id="IS1007c.C.argumentstructs.Daan.10">
      <nite:pointer role="type"  href="ae-types.xml#id(ae_1)"/>
      <nite:child href="IS1007c.C.words.xml#id(IS1007c.C.words1517)..id(IS1007c.C.words1562)"/>
   </ae>
   <ae nite:id="IS1007c.C.argumentstructs.Daan.11">
      <nite:pointer role="type"  href="ae-types.xml#id(ae_1)"/>
      <nite:child href="IS1007c.C.words.xml#id(IS1007c.C.words1563)..id(IS1007c.C.words1569)"/>
   </ae>
   <ae nite:id="IS1007c.C.argumentstructs.Daan.12">
      <nite:pointer role="type"  href="ae-types.xml#id(ae_1)"/>
      <nite:child href="IS1007c.C.words.xml#id(IS1007c.C.words1570)..id(IS1007c.C.words1589)"/>
   </ae>
   <ae nite:id="IS1007c.C.argumentstructs.Daan.13">
      <nite:pointer role="type"  href="ae-types.xml#id(ae_1)"/>
      <nite:child href="IS1007c.C.words.xml#id(IS1007c.C.words1611)..id(IS1007c.C.words1722)"/>
   </ae>
   <ae nite:id="IS1007c.C.argumentstructs.14">
      <nite:pointer role="type"  href="ae-types.xml#id(ae_6)"/>
      <nite:child href="IS1007c.C.words.xml#id(IS1007c.C.words719)..id(IS1007c.C.words723)"/>
      <nite:child href="IS1007c.C.words.xml#id(IS1007c.C.words725)..id(IS1007c.C.words726)"/>
   </ae>
   <ae nite:id="IS1007c.C.argumentstructs.15">
      <nite:pointer role="type"  href="ae-types.xml#id(ae_6)"/>
      <nite:child href="IS1007c.C.words.xml#id(IS1007c.C.words830)..id(IS1007c.C.words831)"/>
   </ae>
   <ae nite:id="IS1007c.C.argumentstructs.16">
      <nite:pointer role="type"  href="ae-types.xml#id(ae_6)"/>
      <nite:child href="IS1007c.C.words.xml#id(IS1007c.C.words849)..id(IS1007c.C.words851)"/>
      <nite:child href="IS1007c.C.words.xml#id(IS1007c.C.words854)..id(IS1007c.C.words860)"/>
   </ae>
   <ae nite:id="IS1007c.C.argumentstructs.17">
      <nite:pointer role="type"  href="ae-types.xml#id(ae_6)"/>
      <nite:child href="IS1007c.C.words.xml#id(IS1007c.C.words889)..id(IS1007c.C.words894)"/>
      <nite:child href="IS1007c.C.words.xml#id(IS1007c.C.words896)..id(IS1007c.C.words897)"/>
   </ae>
   <ae nite:id="IS1007c.C.argumentstructs.18">
      <nite:pointer role="type"  href="ae-types.xml#id(ae_6)"/>
      <nite:child href="IS1007c.C.words.xml#id(IS1007c.C.words958)..id(IS1007c.C.words959)"/>
      <nite:child href="IS1007c.C.words.xml#id(IS1007c.C.words961)..id(IS1007c.C.words963)"/>
   </ae>
   <ae nite:id="IS1007c.C.argumentstructs.19">
      <nite:pointer role="type"  href="ae-types.xml#id(ae_6)"/>
      <nite:child href="IS1007c.C.words.xml#id(IS1007c.C.words985)..id(IS1007c.C.words991)"/>
   </ae>
   <ae nite:id="IS1007c.C.argumentstructs.20">
      <nite:pointer role="type"  href="ae-types.xml#id(ae_6)"/>
      <nite:child href="IS1007c.C.words.xml#id(IS1007c.C.words1515)..id(IS1007c.C.words1516)"/>
   </ae>
   <ae nite:id="IS1007c.C.argumentstructs.21">
      <nite:pointer role="type"  href="ae-types.xml#id(ae_6)"/>
      <nite:child href="IS1007c.C.words.xml#id(IS1007c.C.words1590)..id(IS1007c.C.words1595)"/>
      <nite:child href="IS1007c.C.words.xml#id(IS1007c.C.words1597)..id(IS1007c.C.words1598)"/>
      <nite:child href="IS1007c.C.words.xml#id(IS1007c.C.words1600)..id(IS1007c.C.words1607)"/>
      <nite:child href="IS1007c.C.words.xml#id(IS1007c.C.words1609)..id(IS1007c.C.words1610)"/>
   </ae>
</nite:root>