<?xml version="1.0" encoding="ISO-8859-1" standalone="yes"?>
<nite:root nite:id="IS1005b.C.argumentstructs" xmlns:nite="http://nite.sourceforge.net/">
   <ae nite:id="IS1005b.C.argumentstructs.Rutger.1">
      <nite:pointer role="type"  href="ae-types.xml#id(ae_2)"/>
      <nite:child href="IS1005b.C.words.xml#id(IS1005b.C.words891)..id(IS1005b.C.words892)"/>
   </ae>
   <ae nite:id="IS1005b.C.argumentstructs.Rutger.2">
      <nite:pointer role="type"  href="ae-types.xml#id(ae_1)"/>
      <nite:child href="IS1005b.C.words.xml#id(IS1005b.C.words895)..id(IS1005b.C.words896)"/>
   </ae>
   <ae nite:id="IS1005b.C.argumentstructs.Rutger.3">
      <nite:pointer role="type"  href="ae-types.xml#id(ae_1)"/>
      <nite:child href="IS1005b.C.words.xml#id(IS1005b.C.words901)..id(IS1005b.C.words929)"/>
   </ae>
   <ae nite:id="IS1005b.C.argumentstructs.Rutger.4">
      <nite:pointer role="type"  href="ae-types.xml#id(ae_1)"/>
      <nite:child href="IS1005b.C.words.xml#id(IS1005b.C.words931)..id(IS1005b.C.words935)"/>
   </ae>
   <ae nite:id="IS1005b.C.argumentstructs.Rutger.5">
      <nite:pointer role="type"  href="ae-types.xml#id(ae_1)"/>
      <nite:child href="IS1005b.C.words.xml#id(IS1005b.C.words936)..id(IS1005b.C.words937)"/>
   </ae>
   <ae nite:id="IS1005b.C.argumentstructs.Rutger.6">
      <nite:pointer role="type"  href="ae-types.xml#id(ae_1)"/>
      <nite:child href="IS1005b.C.words.xml#id(IS1005b.C.words945)..id(IS1005b.C.words946)"/>
   </ae>
   <ae nite:id="IS1005b.C.argumentstructs.Rutger.7">
      <nite:pointer role="type"  href="ae-types.xml#id(ae_1)"/>
      <nite:child href="IS1005b.C.words.xml#id(IS1005b.C.words951)..id(IS1005b.C.words952)"/>
   </ae>
   <ae nite:id="IS1005b.C.argumentstructs.8">
      <nite:pointer role="type"  href="ae-types.xml#id(ae_6)"/>
      <nite:child href="IS1005b.C.words.xml#id(IS1005b.C.words889)..id(IS1005b.C.words890)"/>
   </ae>
   <ae nite:id="IS1005b.C.argumentstructs.9">
      <nite:pointer role="type"  href="ae-types.xml#id(ae_6)"/>
      <nite:child href="IS1005b.C.words.xml#id(IS1005b.C.words897)..id(IS1005b.C.words900)"/>
   </ae>
   <ae nite:id="IS1005b.C.argumentstructs.10">
      <nite:pointer role="type"  href="ae-types.xml#id(ae_6)"/>
      <nite:child href="IS1005b.C.words.xml#id(IS1005b.C.words938)..id(IS1005b.C.words939)"/>
   </ae>
   <ae nite:id="IS1005b.C.argumentstructs.11">
      <nite:pointer role="type"  href="ae-types.xml#id(ae_6)"/>
      <nite:child href="IS1005b.C.words.xml#id(IS1005b.C.words947)..id(IS1005b.C.words950)"/>
   </ae>
   <ae nite:id="IS1005b.C.argumentstructs.12">
      <nite:pointer role="type"  href="ae-types.xml#id(ae_6)"/>
      <nite:child href="IS1005b.C.words.xml#id(IS1005b.C.words955)..id(IS1005b.C.words956)"/>
   </ae>
</nite:root>