<?xml version="1.0" encoding="ISO-8859-1" standalone="yes"?>
<nite:root nite:id="IS1002b.B.argumentstructs" xmlns:nite="http://nite.sourceforge.net/">
   <ae nite:id="IS1002b.B.argumentstructs.Rutger.1">
      <nite:pointer role="type"  href="ae-types.xml#id(ae_1)"/>
      <nite:child href="IS1002b.B.words.xml#id(IS1002b.B.words1185)..id(IS1002b.B.words1277)"/>
   </ae>
   <ae nite:id="IS1002b.B.argumentstructs.Rutger.2">
      <nite:pointer role="type"  href="ae-types.xml#id(ae_1)"/>
      <nite:child href="IS1002b.B.words.xml#id(IS1002b.B.words1278)..id(IS1002b.B.words1328)"/>
   </ae>
   <ae nite:id="IS1002b.B.argumentstructs.Rutger.3">
      <nite:pointer role="type"  href="ae-types.xml#id(ae_1)"/>
      <nite:child href="IS1002b.B.words.xml#id(IS1002b.B.words1329)..id(IS1002b.B.words1401)"/>
   </ae>
   <ae nite:id="IS1002b.B.argumentstructs.Rutger.4">
      <nite:pointer role="type"  href="ae-types.xml#id(ae_1)"/>
      <nite:child href="IS1002b.B.words.xml#id(IS1002b.B.words1402)..id(IS1002b.B.words1409)"/>
   </ae>
   <ae nite:id="IS1002b.B.argumentstructs.Rutger.5">
      <nite:pointer role="type"  href="ae-types.xml#id(ae_1)"/>
      <nite:child href="IS1002b.B.words.xml#id(IS1002b.B.words1410)..id(IS1002b.B.words1427)"/>
   </ae>
   <ae nite:id="IS1002b.B.argumentstructs.Rutger.6">
      <nite:pointer role="type"  href="ae-types.xml#id(ae_1)"/>
      <nite:child href="IS1002b.B.words.xml#id(IS1002b.B.words1430)..id(IS1002b.B.words1478)"/>
   </ae>
   <ae nite:id="IS1002b.B.argumentstructs.Rutger.7">
      <nite:pointer role="type"  href="ae-types.xml#id(ae_1)"/>
      <nite:child href="IS1002b.B.words.xml#id(IS1002b.B.words1483)..id(IS1002b.B.words1484)"/>
   </ae>
   <ae nite:id="IS1002b.B.argumentstructs.Rutger.8">
      <nite:pointer role="type"  href="ae-types.xml#id(ae_1)"/>
      <nite:child href="IS1002b.B.words.xml#id(IS1002b.B.words694)..id(IS1002b.B.words721)"/>
   </ae>
   <ae nite:id="IS1002b.B.argumentstructs.Rutger.9">
      <nite:pointer role="type"  href="ae-types.xml#id(ae_1)"/>
      <nite:child href="IS1002b.B.words.xml#id(IS1002b.B.words722)..id(IS1002b.B.words723)"/>
   </ae>
   <ae nite:id="IS1002b.B.argumentstructs.Rutger.10">
      <nite:pointer role="type"  href="ae-types.xml#id(ae_1)"/>
      <nite:child href="IS1002b.B.words.xml#id(IS1002b.B.words724)..id(IS1002b.B.words738)"/>
   </ae>
   <ae nite:id="IS1002b.B.argumentstructs.Rutger.11">
      <nite:pointer role="type"  href="ae-types.xml#id(ae_1)"/>
      <nite:child href="IS1002b.B.words.xml#id(IS1002b.B.words743)..id(IS1002b.B.words745)"/>
   </ae>
   <ae nite:id="IS1002b.B.argumentstructs.Rutger.12">
      <nite:pointer role="type"  href="ae-types.xml#id(ae_1)"/>
      <nite:child href="IS1002b.B.words.xml#id(IS1002b.B.words757)..id(IS1002b.B.words758)"/>
   </ae>
   <ae nite:id="IS1002b.B.argumentstructs.Rutger.13">
      <nite:pointer role="type"  href="ae-types.xml#id(ae_1)"/>
      <nite:child href="IS1002b.B.words.xml#id(IS1002b.B.words761)..id(IS1002b.B.words791)"/>
   </ae>
   <ae nite:id="IS1002b.B.argumentstructs.Rutger.14">
      <nite:pointer role="type"  href="ae-types.xml#id(ae_1)"/>
      <nite:child href="IS1002b.B.words.xml#id(IS1002b.B.words792)..id(IS1002b.B.words814)"/>
   </ae>
   <ae nite:id="IS1002b.B.argumentstructs.Rutger.15">
      <nite:pointer role="type"  href="ae-types.xml#id(ae_1)"/>
      <nite:child href="IS1002b.B.words.xml#id(IS1002b.B.words815)..id(IS1002b.B.words821)"/>
   </ae>
   <ae nite:id="IS1002b.B.argumentstructs.Rutger.16">
      <nite:pointer role="type"  href="ae-types.xml#id(ae_1)"/>
      <nite:child href="IS1002b.B.words.xml#id(IS1002b.B.words885)..id(IS1002b.B.words914)"/>
   </ae>
   <ae nite:id="IS1002b.B.argumentstructs.Rutger.17">
      <nite:pointer role="type"  href="ae-types.xml#id(ae_1)"/>
      <nite:child href="IS1002b.B.words.xml#id(IS1002b.B.words915)..id(IS1002b.B.words970)"/>
   </ae>
   <ae nite:id="IS1002b.B.argumentstructs.Rutger.18">
      <nite:pointer role="type"  href="ae-types.xml#id(ae_1)"/>
      <nite:child href="IS1002b.B.words.xml#id(IS1002b.B.words971)..id(IS1002b.B.words1049)"/>
   </ae>
   <ae nite:id="IS1002b.B.argumentstructs.Rutger.19">
      <nite:pointer role="type"  href="ae-types.xml#id(ae_1)"/>
      <nite:child href="IS1002b.B.words.xml#id(IS1002b.B.words1052)..id(IS1002b.B.words1057)"/>
   </ae>
   <ae nite:id="IS1002b.B.argumentstructs.Rutger.20">
      <nite:pointer role="type"  href="ae-types.xml#id(ae_1)"/>
      <nite:child href="IS1002b.B.words.xml#id(IS1002b.B.words2)..id(IS1002b.B.words3)"/>
   </ae>
   <ae nite:id="IS1002b.B.argumentstructs.Rutger.21">
      <nite:pointer role="type"  href="ae-types.xml#id(ae_1)"/>
      <nite:child href="IS1002b.B.words.xml#id(IS1002b.B.words2130)..id(IS1002b.B.words2146)"/>
   </ae>
   <ae nite:id="IS1002b.B.argumentstructs.Rutger.22">
      <nite:pointer role="type"  href="ae-types.xml#id(ae_1)"/>
      <nite:child href="IS1002b.B.words.xml#id(IS1002b.B.words2147)..id(IS1002b.B.words2218)"/>
   </ae>
   <ae nite:id="IS1002b.B.argumentstructs.Rutger.24">
      <nite:pointer role="type"  href="ae-types.xml#id(ae_5)"/>
      <nite:child href="IS1002b.B.words.xml#id(IS1002b.B.words2219)..id(IS1002b.B.words2222)"/>
   </ae>
   <ae nite:id="IS1002b.B.argumentstructs.Rutger.25">
      <nite:pointer role="type"  href="ae-types.xml#id(ae_2)"/>
      <nite:child href="IS1002b.B.words.xml#id(IS1002b.B.words2223)..id(IS1002b.B.words2225)"/>
   </ae>
   <ae nite:id="IS1002b.B.argumentstructs.Rutger.26">
      <nite:pointer role="type"  href="ae-types.xml#id(ae_1)"/>
      <nite:child href="IS1002b.B.words.xml#id(IS1002b.B.words2228)..id(IS1002b.B.words2233)"/>
   </ae>
   <ae nite:id="IS1002b.B.argumentstructs.Rutger.27">
      <nite:pointer role="type"  href="ae-types.xml#id(ae_1)"/>
      <nite:child href="IS1002b.B.words.xml#id(IS1002b.B.words2251)..id(IS1002b.B.words2252)"/>
   </ae>
   <ae nite:id="IS1002b.B.argumentstructs.Rutger.28">
      <nite:pointer role="type"  href="ae-types.xml#id(ae_1)"/>
      <nite:child href="IS1002b.B.words.xml#id(IS1002b.B.words2253)..id(IS1002b.B.words2261)"/>
   </ae>
   <ae nite:id="IS1002b.B.argumentstructs.Rutger.29">
      <nite:pointer role="type"  href="ae-types.xml#id(ae_3)"/>
      <nite:child href="IS1002b.B.words.xml#id(IS1002b.B.words1806)..id(IS1002b.B.words1824)"/>
   </ae>
   <ae nite:id="IS1002b.B.argumentstructs.Rutger.30">
      <nite:pointer role="type"  href="ae-types.xml#id(ae_5)"/>
      <nite:child href="IS1002b.B.words.xml#id(IS1002b.B.words1825)..id(IS1002b.B.words1830)"/>
   </ae>
   <ae nite:id="IS1002b.B.argumentstructs.Rutger.31">
      <nite:pointer role="type"  href="ae-types.xml#id(ae_1)"/>
      <nite:child href="IS1002b.B.words.xml#id(IS1002b.B.words1831)..id(IS1002b.B.words1848)"/>
   </ae>
   <ae nite:id="IS1002b.B.argumentstructs.Rutger.32">
      <nite:pointer role="type"  href="ae-types.xml#id(ae_1)"/>
      <nite:child href="IS1002b.B.words.xml#id(IS1002b.B.words1853)..id(IS1002b.B.words1881)"/>
   </ae>
   <ae nite:id="IS1002b.B.argumentstructs.Rutger.33">
      <nite:pointer role="type"  href="ae-types.xml#id(ae_2)"/>
      <nite:child href="IS1002b.B.words.xml#id(IS1002b.B.words1888)..id(IS1002b.B.words1889)"/>
   </ae>
   <ae nite:id="IS1002b.B.argumentstructs.34">
      <nite:pointer role="type"  href="ae-types.xml#id(ae_6)"/>
      <nite:child href="IS1002b.B.words.xml#id(IS1002b.B.words1137)..id(IS1002b.B.words1145)"/>
      <nite:child href="IS1002b.B.words.xml#id(IS1002b.B.words1147)..id(IS1002b.B.words1184)"/>
   </ae>
   <ae nite:id="IS1002b.B.argumentstructs.35">
      <nite:pointer role="type"  href="ae-types.xml#id(ae_6)"/>
      <nite:child href="IS1002b.B.words.xml#id(IS1002b.B.words1428)..id(IS1002b.B.words1429)"/>
   </ae>
   <ae nite:id="IS1002b.B.argumentstructs.36">
      <nite:pointer role="type"  href="ae-types.xml#id(ae_6)"/>
      <nite:child href="IS1002b.B.words.xml#id(IS1002b.B.words1479)"/>
      <nite:child href="IS1002b.B.words.xml#id(IS1002b.B.words1481)"/>
   </ae>
   <ae nite:id="IS1002b.B.argumentstructs.37">
      <nite:pointer role="type"  href="ae-types.xml#id(ae_6)"/>
      <nite:child href="IS1002b.B.words.xml#id(IS1002b.B.words692)..id(IS1002b.B.words693)"/>
   </ae>
   <ae nite:id="IS1002b.B.argumentstructs.38">
      <nite:pointer role="type"  href="ae-types.xml#id(ae_6)"/>
      <nite:child href="IS1002b.B.words.xml#id(IS1002b.B.words739)..id(IS1002b.B.words742)"/>
   </ae>
   <ae nite:id="IS1002b.B.argumentstructs.39">
      <nite:pointer role="type"  href="ae-types.xml#id(ae_6)"/>
      <nite:child href="IS1002b.B.words.xml#id(IS1002b.B.words746)..id(IS1002b.B.words748)"/>
      <nite:child href="IS1002b.B.words.xml#id(IS1002b.B.words750)..id(IS1002b.B.words755)"/>
   </ae>
   <ae nite:id="IS1002b.B.argumentstructs.40">
      <nite:pointer role="type"  href="ae-types.xml#id(ae_6)"/>
      <nite:child href="IS1002b.B.words.xml#id(IS1002b.B.words759)..id(IS1002b.B.words760)"/>
   </ae>
   <ae nite:id="IS1002b.B.argumentstructs.41">
      <nite:pointer role="type"  href="ae-types.xml#id(ae_6)"/>
      <nite:child href="IS1002b.B.words.xml#id(IS1002b.B.words822)"/>
      <nite:child href="IS1002b.B.words.xml#id(IS1002b.B.words824)..id(IS1002b.B.words843)"/>
      <nite:child href="IS1002b.B.words.xml#id(IS1002b.B.words845)..id(IS1002b.B.words876)"/>
      <nite:child href="IS1002b.B.words.xml#id(IS1002b.B.words878)..id(IS1002b.B.words884)"/>
   </ae>
   <ae nite:id="IS1002b.B.argumentstructs.42">
      <nite:pointer role="type"  href="ae-types.xml#id(ae_6)"/>
      <nite:child href="IS1002b.B.words.xml#id(IS1002b.B.words1050)..id(IS1002b.B.words1051)"/>
   </ae>
   <ae nite:id="IS1002b.B.argumentstructs.43">
      <nite:pointer role="type"  href="ae-types.xml#id(ae_6)"/>
      <nite:child href="IS1002b.B.words.xml#id(IS1002b.B.words2074)"/>
      <nite:child href="IS1002b.B.words.xml#id(IS1002b.B.words2076)..id(IS1002b.B.words2093)"/>
      <nite:child href="IS1002b.B.words.xml#id(IS1002b.B.words2096)..id(IS1002b.B.words2129)"/>
   </ae>
   <ae nite:id="IS1002b.B.argumentstructs.44">
      <nite:pointer role="type"  href="ae-types.xml#id(ae_6)"/>
      <nite:child href="IS1002b.B.words.xml#id(IS1002b.B.words2226)..id(IS1002b.B.words2227)"/>
   </ae>
   <ae nite:id="IS1002b.B.argumentstructs.45">
      <nite:pointer role="type"  href="ae-types.xml#id(ae_6)"/>
      <nite:child href="IS1002b.B.words.xml#id(IS1002b.B.words2234)..id(IS1002b.B.words2243)"/>
      <nite:child href="IS1002b.B.words.xml#id(IS1002b.B.words2245)..id(IS1002b.B.words2250)"/>
   </ae>
   <ae nite:id="IS1002b.B.argumentstructs.46">
      <nite:pointer role="type"  href="ae-types.xml#id(ae_6)"/>
      <nite:child href="IS1002b.B.words.xml#id(IS1002b.B.words2262)..id(IS1002b.B.words2263)"/>
   </ae>
   <ae nite:id="IS1002b.B.argumentstructs.47">
      <nite:pointer role="type"  href="ae-types.xml#id(ae_6)"/>
      <nite:child href="IS1002b.B.words.xml#id(IS1002b.B.words1849)..id(IS1002b.B.words1852)"/>
   </ae>
   <ae nite:id="IS1002b.B.argumentstructs.48">
      <nite:pointer role="type"  href="ae-types.xml#id(ae_6)"/>
      <nite:child href="IS1002b.B.words.xml#id(IS1002b.B.words1882)..id(IS1002b.B.words1884)"/>
      <nite:child href="IS1002b.B.words.xml#id(IS1002b.B.words1886)..id(IS1002b.B.words1887)"/>
   </ae>
</nite:root>