<?xml version="1.0" encoding="ISO-8859-1" standalone="yes"?>
<nite:root nite:id="IS1006b.C.argumentstructs" xmlns:nite="http://nite.sourceforge.net/">
   <ae nite:id="IS1006b.C.argumentstructs.Daan.1">
      <nite:pointer role="type"  href="ae-types.xml#id(ae_1)"/>
      <nite:child href="IS1006b.C.words.xml#id(IS1006b.C.words190)..id(IS1006b.C.words217)"/>
   </ae>
   <ae nite:id="IS1006b.C.argumentstructs.Daan.2">
      <nite:pointer role="type"  href="ae-types.xml#id(ae_1)"/>
      <nite:child href="IS1006b.C.words.xml#id(IS1006b.C.words233)..id(IS1006b.C.words261)"/>
   </ae>
   <ae nite:id="IS1006b.C.argumentstructs.Daan.3">
      <nite:pointer role="type"  href="ae-types.xml#id(ae_1)"/>
      <nite:child href="IS1006b.C.words.xml#id(IS1006b.C.words274)..id(IS1006b.C.words314)"/>
   </ae>
   <ae nite:id="IS1006b.C.argumentstructs.4">
      <nite:pointer role="type"  href="ae-types.xml#id(ae_6)"/>
      <nite:child href="IS1006b.C.words.xml#id(IS1006b.C.words99)..id(IS1006b.C.words112)"/>
   </ae>
   <ae nite:id="IS1006b.C.argumentstructs.5">
      <nite:pointer role="type"  href="ae-types.xml#id(ae_6)"/>
      <nite:child href="IS1006b.C.words.xml#id(IS1006b.C.words188)..id(IS1006b.C.words189)"/>
   </ae>
   <ae nite:id="IS1006b.C.argumentstructs.6">
      <nite:pointer role="type"  href="ae-types.xml#id(ae_6)"/>
      <nite:child href="IS1006b.C.words.xml#id(IS1006b.C.words218)..id(IS1006b.C.words221)"/>
      <nite:child href="IS1006b.C.words.xml#id(IS1006b.C.words223)..id(IS1006b.C.words232)"/>
   </ae>
   <ae nite:id="IS1006b.C.argumentstructs.7">
      <nite:pointer role="type"  href="ae-types.xml#id(ae_6)"/>
      <nite:child href="IS1006b.C.words.xml#id(IS1006b.C.words262)..id(IS1006b.C.words273)"/>
   </ae>
</nite:root>