<?xml version="1.0" encoding="ISO-8859-1" standalone="yes"?>
<nite:root nite:id="IS1008d.B.argumentstructs" xmlns:nite="http://nite.sourceforge.net/">
   <ae nite:id="IS1008d.B.argumentstructs.Daan.1">
      <nite:pointer role="type"  href="ae-types.xml#id(ae_1)"/>
      <nite:child href="IS1008d.B.words.xml#id(IS1008d.B.words38)..id(IS1008d.B.words72)"/>
   </ae>
   <ae nite:id="IS1008d.B.argumentstructs.Daan.2">
      <nite:pointer role="type"  href="ae-types.xml#id(ae_1)"/>
      <nite:child href="IS1008d.B.words.xml#id(IS1008d.B.words79)..id(IS1008d.B.words92)"/>
   </ae>
   <ae nite:id="IS1008d.B.argumentstructs.Daan.3">
      <nite:pointer role="type"  href="ae-types.xml#id(ae_1)"/>
      <nite:child href="IS1008d.B.words.xml#id(IS1008d.B.words93)..id(IS1008d.B.words113)"/>
   </ae>
   <ae nite:id="IS1008d.B.argumentstructs.Daan.4">
      <nite:pointer role="type"  href="ae-types.xml#id(ae_1)"/>
      <nite:child href="IS1008d.B.words.xml#id(IS1008d.B.words333)..id(IS1008d.B.words426)"/>
   </ae>
   <ae nite:id="IS1008d.B.argumentstructs.Daan.5">
      <nite:pointer role="type"  href="ae-types.xml#id(ae_5)"/>
      <nite:child href="IS1008d.B.words.xml#id(IS1008d.B.words427)..id(IS1008d.B.words449)"/>
   </ae>
   <ae nite:id="IS1008d.B.argumentstructs.Daan.6">
      <nite:pointer role="type"  href="ae-types.xml#id(ae_1)"/>
      <nite:child href="IS1008d.B.words.xml#id(IS1008d.B.words450)..id(IS1008d.B.words457)"/>
   </ae>
   <ae nite:id="IS1008d.B.argumentstructs.Daan.7">
      <nite:pointer role="type"  href="ae-types.xml#id(ae_1)"/>
      <nite:child href="IS1008d.B.words.xml#id(IS1008d.B.words458)..id(IS1008d.B.words472)"/>
   </ae>
   <ae nite:id="IS1008d.B.argumentstructs.Daan.8">
      <nite:pointer role="type"  href="ae-types.xml#id(ae_1)"/>
      <nite:child href="IS1008d.B.words.xml#id(IS1008d.B.words479)..id(IS1008d.B.words509)"/>
   </ae>
   <ae nite:id="IS1008d.B.argumentstructs.Daan.9">
      <nite:pointer role="type"  href="ae-types.xml#id(ae_1)"/>
      <nite:child href="IS1008d.B.words.xml#id(IS1008d.B.words512)..id(IS1008d.B.words527)"/>
   </ae>
   <ae nite:id="IS1008d.B.argumentstructs.Daan.10">
      <nite:pointer role="type"  href="ae-types.xml#id(ae_1)"/>
      <nite:child href="IS1008d.B.words.xml#id(IS1008d.B.words528)..id(IS1008d.B.words542)"/>
   </ae>
   <ae nite:id="IS1008d.B.argumentstructs.Daan.11">
      <nite:pointer role="type"  href="ae-types.xml#id(ae_1)"/>
      <nite:child href="IS1008d.B.words.xml#id(IS1008d.B.words546)..id(IS1008d.B.words547)"/>
   </ae>
   <ae nite:id="IS1008d.B.argumentstructs.Daan.12">
      <nite:pointer role="type"  href="ae-types.xml#id(ae_5)"/>
      <nite:child href="IS1008d.B.words.xml#id(IS1008d.B.words599)..id(IS1008d.B.words603)"/>
   </ae>
   <ae nite:id="IS1008d.B.argumentstructs.Daan.13">
      <nite:pointer role="type"  href="ae-types.xml#id(ae_5)"/>
      <nite:child href="IS1008d.B.words.xml#id(IS1008d.B.words617)..id(IS1008d.B.words642)"/>
   </ae>
   <ae nite:id="IS1008d.B.argumentstructs.Daan.14">
      <nite:pointer role="type"  href="ae-types.xml#id(ae_5)"/>
      <nite:child href="IS1008d.B.words.xml#id(IS1008d.B.words643)..id(IS1008d.B.words654)"/>
   </ae>
   <ae nite:id="IS1008d.B.argumentstructs.Daan.15">
      <nite:pointer role="type"  href="ae-types.xml#id(ae_3)"/>
      <nite:child href="IS1008d.B.words.xml#id(IS1008d.B.words656)..id(IS1008d.B.words659)"/>
   </ae>
   <ae nite:id="IS1008d.B.argumentstructs.Daan.16">
      <nite:pointer role="type"  href="ae-types.xml#id(ae_1)"/>
      <nite:child href="IS1008d.B.words.xml#id(IS1008d.B.words667)..id(IS1008d.B.words730)"/>
   </ae>
   <ae nite:id="IS1008d.B.argumentstructs.Daan.17">
      <nite:pointer role="type"  href="ae-types.xml#id(ae_1)"/>
      <nite:child href="IS1008d.B.words.xml#id(IS1008d.B.words731)..id(IS1008d.B.words803)"/>
   </ae>
   <ae nite:id="IS1008d.B.argumentstructs.Daan.18">
      <nite:pointer role="type"  href="ae-types.xml#id(ae_1)"/>
      <nite:child href="IS1008d.B.words.xml#id(IS1008d.B.words804)..id(IS1008d.B.words873)"/>
   </ae>
   <ae nite:id="IS1008d.B.argumentstructs.Daan.19">
      <nite:pointer role="type"  href="ae-types.xml#id(ae_1)"/>
      <nite:child href="IS1008d.B.words.xml#id(IS1008d.B.words874)..id(IS1008d.B.words878)"/>
   </ae>
   <ae nite:id="IS1008d.B.argumentstructs.20">
      <nite:pointer role="type"  href="ae-types.xml#id(ae_6)"/>
      <nite:child href="IS1008d.B.words.xml#id(IS1008d.B.words73)..id(IS1008d.B.words78)"/>
   </ae>
   <ae nite:id="IS1008d.B.argumentstructs.21">
      <nite:pointer role="type"  href="ae-types.xml#id(ae_6)"/>
      <nite:child href="IS1008d.B.words.xml#id(IS1008d.B.words114)..id(IS1008d.B.words115)"/>
   </ae>
   <ae nite:id="IS1008d.B.argumentstructs.22">
      <nite:pointer role="type"  href="ae-types.xml#id(ae_6)"/>
      <nite:child href="IS1008d.B.words.xml#id(IS1008d.B.words473)..id(IS1008d.B.words478)"/>
   </ae>
   <ae nite:id="IS1008d.B.argumentstructs.23">
      <nite:pointer role="type"  href="ae-types.xml#id(ae_6)"/>
      <nite:child href="IS1008d.B.words.xml#id(IS1008d.B.words510)..id(IS1008d.B.words511)"/>
   </ae>
   <ae nite:id="IS1008d.B.argumentstructs.24">
      <nite:pointer role="type"  href="ae-types.xml#id(ae_6)"/>
      <nite:child href="IS1008d.B.words.xml#id(IS1008d.B.words544)..id(IS1008d.B.words545)"/>
   </ae>
   <ae nite:id="IS1008d.B.argumentstructs.25">
      <nite:pointer role="type"  href="ae-types.xml#id(ae_6)"/>
      <nite:child href="IS1008d.B.words.xml#id(IS1008d.B.words605)..id(IS1008d.B.words607)"/>
      <nite:child href="IS1008d.B.words.xml#id(IS1008d.B.words612)..id(IS1008d.B.words614)"/>
      <nite:child href="IS1008d.B.words.xml#id(IS1008d.B.words616)"/>
   </ae>
   <ae nite:id="IS1008d.B.argumentstructs.26">
      <nite:pointer role="type"  href="ae-types.xml#id(ae_6)"/>
      <nite:child href="IS1008d.B.words.xml#id(IS1008d.B.words655)"/>
   </ae>
   <ae nite:id="IS1008d.B.argumentstructs.27">
      <nite:pointer role="type"  href="ae-types.xml#id(ae_6)"/>
      <nite:child href="IS1008d.B.words.xml#id(IS1008d.B.words660)"/>
      <nite:child href="IS1008d.B.words.xml#id(IS1008d.B.words662)..id(IS1008d.B.words664)"/>
   </ae>
</nite:root>