<?xml version="1.0" encoding="ISO-8859-1" standalone="yes"?>
<nite:root nite:id="IS1008c.D.argumentstructs" xmlns:nite="http://nite.sourceforge.net/">
   <ae nite:id="IS1008c.D.argumentstructs.Daan.1">
      <nite:pointer role="type"  href="ae-types.xml#id(ae_1)"/>
      <nite:child href="IS1008c.D.words.xml#id(IS1008c.D.words197)..id(IS1008c.D.words199)"/>
   </ae>
   <ae nite:id="IS1008c.D.argumentstructs.Daan.2">
      <nite:pointer role="type"  href="ae-types.xml#id(ae_1)"/>
      <nite:child href="IS1008c.D.words.xml#id(IS1008c.D.words200)..id(IS1008c.D.words204)"/>
   </ae>
   <ae nite:id="IS1008c.D.argumentstructs.Daan.3">
      <nite:pointer role="type"  href="ae-types.xml#id(ae_1)"/>
      <nite:child href="IS1008c.D.words.xml#id(IS1008c.D.words205)..id(IS1008c.D.words224)"/>
   </ae>
   <ae nite:id="IS1008c.D.argumentstructs.Daan.4">
      <nite:pointer role="type"  href="ae-types.xml#id(ae_1)"/>
      <nite:child href="IS1008c.D.words.xml#id(IS1008c.D.words772)..id(IS1008c.D.words783)"/>
   </ae>
   <ae nite:id="IS1008c.D.argumentstructs.Daan.5">
      <nite:pointer role="type"  href="ae-types.xml#id(ae_1)"/>
      <nite:child href="IS1008c.D.words.xml#id(IS1008c.D.words784)..id(IS1008c.D.words805)"/>
   </ae>
   <ae nite:id="IS1008c.D.argumentstructs.Daan.6">
      <nite:pointer role="type"  href="ae-types.xml#id(ae_1)"/>
      <nite:child href="IS1008c.D.words.xml#id(IS1008c.D.words922)..id(IS1008c.D.words940)"/>
   </ae>
   <ae nite:id="IS1008c.D.argumentstructs.Daan.7">
      <nite:pointer role="type"  href="ae-types.xml#id(ae_1)"/>
      <nite:child href="IS1008c.D.words.xml#id(IS1008c.D.words941)..id(IS1008c.D.words978)"/>
   </ae>
   <ae nite:id="IS1008c.D.argumentstructs.Daan.8">
      <nite:pointer role="type"  href="ae-types.xml#id(ae_1)"/>
      <nite:child href="IS1008c.D.words.xml#id(IS1008c.D.words980)..id(IS1008c.D.words987)"/>
   </ae>
   <ae nite:id="IS1008c.D.argumentstructs.9">
      <nite:pointer role="type"  href="ae-types.xml#id(ae_6)"/>
      <nite:child href="IS1008c.D.words.xml#id(IS1008c.D.words770)..id(IS1008c.D.words771)"/>
   </ae>
</nite:root>