<?xml version="1.0" encoding="ISO-8859-1" standalone="yes"?>
<nite:root nite:id="IS1006b.D.argumentstructs" xmlns:nite="http://nite.sourceforge.net/">
   <ae nite:id="IS1006b.D.argumentstructs.Daan.1">
      <nite:pointer role="type"  href="ae-types.xml#id(ae_1)"/>
      <nite:child href="IS1006b.D.words.xml#id(IS1006b.D.words1421)..id(IS1006b.D.words1477)"/>
   </ae>
   <ae nite:id="IS1006b.D.argumentstructs.Daan.2">
      <nite:pointer role="type"  href="ae-types.xml#id(ae_1)"/>
      <nite:child href="IS1006b.D.words.xml#id(IS1006b.D.words1478)..id(IS1006b.D.words1507)"/>
   </ae>
   <ae nite:id="IS1006b.D.argumentstructs.Daan.3">
      <nite:pointer role="type"  href="ae-types.xml#id(ae_3)"/>
      <nite:child href="IS1006b.D.words.xml#id(IS1006b.D.words1674)..id(IS1006b.D.words1701)"/>
   </ae>
   <ae nite:id="IS1006b.D.argumentstructs.Daan.4">
      <nite:pointer role="type"  href="ae-types.xml#id(ae_5)"/>
      <nite:child href="IS1006b.D.words.xml#id(IS1006b.D.words1702)..id(IS1006b.D.words1744)"/>
   </ae>
   <ae nite:id="IS1006b.D.argumentstructs.Daan.5">
      <nite:pointer role="type"  href="ae-types.xml#id(ae_1)"/>
      <nite:child href="IS1006b.D.words.xml#id(IS1006b.D.words1745)..id(IS1006b.D.words1803)"/>
   </ae>
   <ae nite:id="IS1006b.D.argumentstructs.Daan.6">
      <nite:pointer role="type"  href="ae-types.xml#id(ae_1)"/>
      <nite:child href="IS1006b.D.words.xml#id(IS1006b.D.words1807)..id(IS1006b.D.words1868)"/>
   </ae>
   <ae nite:id="IS1006b.D.argumentstructs.Daan.7">
      <nite:pointer role="type"  href="ae-types.xml#id(ae_2)"/>
      <nite:child href="IS1006b.D.words.xml#id(IS1006b.D.words1904)..id(IS1006b.D.words1930)"/>
   </ae>
   <ae nite:id="IS1006b.D.argumentstructs.8">
      <nite:pointer role="type"  href="ae-types.xml#id(ae_6)"/>
      <nite:child href="IS1006b.D.words.xml#id(IS1006b.D.words1410)..id(IS1006b.D.words1420)"/>
   </ae>
   <ae nite:id="IS1006b.D.argumentstructs.9">
      <nite:pointer role="type"  href="ae-types.xml#id(ae_6)"/>
      <nite:child href="IS1006b.D.words.xml#id(IS1006b.D.words1508)..id(IS1006b.D.words1509)"/>
   </ae>
   <ae nite:id="IS1006b.D.argumentstructs.10">
      <nite:pointer role="type"  href="ae-types.xml#id(ae_6)"/>
      <nite:child href="IS1006b.D.words.xml#id(IS1006b.D.words1804)..id(IS1006b.D.words1806)"/>
   </ae>
   <ae nite:id="IS1006b.D.argumentstructs.11">
      <nite:pointer role="type"  href="ae-types.xml#id(ae_6)"/>
      <nite:child href="IS1006b.D.words.xml#id(IS1006b.D.words1869)..id(IS1006b.D.words1875)"/>
      <nite:child href="IS1006b.D.words.xml#id(IS1006b.D.words1877)..id(IS1006b.D.words1880)"/>
      <nite:child href="IS1006b.D.words.xml#id(IS1006b.D.words1882)..id(IS1006b.D.words1887)"/>
      <nite:child href="IS1006b.D.words.xml#id(IS1006b.D.words1889)..id(IS1006b.D.words1894)"/>
      <nite:child href="IS1006b.D.words.xml#id(IS1006b.D.words1896)..id(IS1006b.D.words1900)"/>
      <nite:child href="IS1006b.D.words.xml#id(IS1006b.D.words1902)..id(IS1006b.D.words1903)"/>
   </ae>
</nite:root>