<?xml version="1.0" encoding="ISO-8859-1" standalone="yes"?>
<nite:root nite:id="IS1000c.A.argumentstructs" xmlns:nite="http://nite.sourceforge.net/">
   <ae nite:id="IS1000c.A.argumentstructs.Rutger.2">
      <nite:pointer role="type"  href="ae-types.xml#id(ae_1)"/>
      <nite:child href="IS1000c.A.words.xml#id(IS1000c.A.words1242)..id(IS1000c.A.words1245)"/>
   </ae>
   <ae nite:id="IS1000c.A.argumentstructs.Rutger.3">
      <nite:pointer role="type"  href="ae-types.xml#id(ae_1)"/>
      <nite:child href="IS1000c.A.words.xml#id(IS1000c.A.words1246)..id(IS1000c.A.words1294)"/>
   </ae>
   <ae nite:id="IS1000c.A.argumentstructs.4">
      <nite:pointer role="type"  href="ae-types.xml#id(ae_6)"/>
      <nite:child href="IS1000c.A.words.xml#id(IS1000c.A.words1229)..id(IS1000c.A.words1241)"/>
   </ae>
   <ae nite:id="IS1000c.A.argumentstructs.5">
      <nite:pointer role="type"  href="ae-types.xml#id(ae_6)"/>
      <nite:child href="IS1000c.A.words.xml#id(IS1000c.A.words1295)..id(IS1000c.A.words1296)"/>
   </ae>
</nite:root>