<?xml version="1.0" encoding="ISO-8859-1" standalone="yes"?>
<nite:root nite:id="IS1007a.A.argumentstructs" xmlns:nite="http://nite.sourceforge.net/">
   <ae nite:id="IS1007a.A.argumentstructs.Daan.1">
      <nite:pointer role="type"  href="ae-types.xml#id(ae_1)"/>
      <nite:child href="IS1007a.A.words.xml#id(IS1007a.A.words263)..id(IS1007a.A.words282)"/>
   </ae>
   <ae nite:id="IS1007a.A.argumentstructs.Daan.2">
      <nite:pointer role="type"  href="ae-types.xml#id(ae_1)"/>
      <nite:child href="IS1007a.A.words.xml#id(IS1007a.A.words285)..id(IS1007a.A.words296)"/>
   </ae>
   <ae nite:id="IS1007a.A.argumentstructs.Daan.3">
      <nite:pointer role="type"  href="ae-types.xml#id(ae_1)"/>
      <nite:child href="IS1007a.A.words.xml#id(IS1007a.A.words303)..id(IS1007a.A.words312)"/>
   </ae>
   <ae nite:id="IS1007a.A.argumentstructs.Daan.4">
      <nite:pointer role="type"  href="ae-types.xml#id(ae_1)"/>
      <nite:child href="IS1007a.A.words.xml#id(IS1007a.A.words322)..id(IS1007a.A.words332)"/>
   </ae>
   <ae nite:id="IS1007a.A.argumentstructs.Daan.5">
      <nite:pointer role="type"  href="ae-types.xml#id(ae_1)"/>
      <nite:child href="IS1007a.A.words.xml#id(IS1007a.A.words333)..id(IS1007a.A.words338)"/>
   </ae>
   <ae nite:id="IS1007a.A.argumentstructs.6">
      <nite:pointer role="type"  href="ae-types.xml#id(ae_6)"/>
      <nite:child href="IS1007a.A.words.xml#id(IS1007a.A.words283)"/>
   </ae>
   <ae nite:id="IS1007a.A.argumentstructs.7">
      <nite:pointer role="type"  href="ae-types.xml#id(ae_6)"/>
      <nite:child href="IS1007a.A.words.xml#id(IS1007a.A.words297)..id(IS1007a.A.words302)"/>
   </ae>
   <ae nite:id="IS1007a.A.argumentstructs.8">
      <nite:pointer role="type"  href="ae-types.xml#id(ae_6)"/>
      <nite:child href="IS1007a.A.words.xml#id(IS1007a.A.words313)..id(IS1007a.A.words314)"/>
      <nite:child href="IS1007a.A.words.xml#id(IS1007a.A.words316)"/>
      <nite:child href="IS1007a.A.words.xml#id(IS1007a.A.words318)..id(IS1007a.A.words321)"/>
   </ae>
</nite:root>