<?xml version="1.0" encoding="ISO-8859-1" standalone="yes"?>
<nite:root nite:id="IS1007a.C.argumentstructs" xmlns:nite="http://nite.sourceforge.net/">
   <ae nite:id="IS1007a.C.argumentstructs.Daan.1">
      <nite:pointer role="type"  href="ae-types.xml#id(ae_1)"/>
      <nite:child href="IS1007a.C.words.xml#id(IS1007a.C.words251)..id(IS1007a.C.words281)"/>
   </ae>
   <ae nite:id="IS1007a.C.argumentstructs.Daan.2">
      <nite:pointer role="type"  href="ae-types.xml#id(ae_2)"/>
      <nite:child href="IS1007a.C.words.xml#id(IS1007a.C.words291)..id(IS1007a.C.words302)"/>
   </ae>
   <ae nite:id="IS1007a.C.argumentstructs.Daan.3">
      <nite:pointer role="type"  href="ae-types.xml#id(ae_2)"/>
      <nite:child href="IS1007a.C.words.xml#id(IS1007a.C.words303)..id(IS1007a.C.words327)"/>
   </ae>
   <ae nite:id="IS1007a.C.argumentstructs.Daan.4">
      <nite:pointer role="type"  href="ae-types.xml#id(ae_1)"/>
      <nite:child href="IS1007a.C.words.xml#id(IS1007a.C.words331)..id(IS1007a.C.words360)"/>
   </ae>
   <ae nite:id="IS1007a.C.argumentstructs.Daan.5">
      <nite:pointer role="type"  href="ae-types.xml#id(ae_1)"/>
      <nite:child href="IS1007a.C.words.xml#id(IS1007a.C.words361)..id(IS1007a.C.words374)"/>
   </ae>
   <ae nite:id="IS1007a.C.argumentstructs.Daan.6">
      <nite:pointer role="type"  href="ae-types.xml#id(ae_1)"/>
      <nite:child href="IS1007a.C.words.xml#id(IS1007a.C.words375)..id(IS1007a.C.words398)"/>
   </ae>
   <ae nite:id="IS1007a.C.argumentstructs.Daan.7">
      <nite:pointer role="type"  href="ae-types.xml#id(ae_1)"/>
      <nite:child href="IS1007a.C.words.xml#id(IS1007a.C.words407)..id(IS1007a.C.words432)"/>
   </ae>
   <ae nite:id="IS1007a.C.argumentstructs.8">
      <nite:pointer role="type"  href="ae-types.xml#id(ae_6)"/>
      <nite:child href="IS1007a.C.words.xml#id(IS1007a.C.words245)..id(IS1007a.C.words249)"/>
   </ae>
   <ae nite:id="IS1007a.C.argumentstructs.9">
      <nite:pointer role="type"  href="ae-types.xml#id(ae_6)"/>
      <nite:child href="IS1007a.C.words.xml#id(IS1007a.C.words282)..id(IS1007a.C.words285)"/>
      <nite:child href="IS1007a.C.words.xml#id(IS1007a.C.words287)..id(IS1007a.C.words290)"/>
   </ae>
   <ae nite:id="IS1007a.C.argumentstructs.10">
      <nite:pointer role="type"  href="ae-types.xml#id(ae_6)"/>
      <nite:child href="IS1007a.C.words.xml#id(IS1007a.C.words328)..id(IS1007a.C.words330)"/>
   </ae>
   <ae nite:id="IS1007a.C.argumentstructs.11">
      <nite:pointer role="type"  href="ae-types.xml#id(ae_6)"/>
      <nite:child href="IS1007a.C.words.xml#id(IS1007a.C.words400)..id(IS1007a.C.words404)"/>
   </ae>
</nite:root>