<?xml version="1.0" encoding="ISO-8859-1" standalone="yes"?>
<nite:root nite:id="IS1006a.A.argumentstructs" xmlns:nite="http://nite.sourceforge.net/">
   <ae nite:id="IS1006a.A.argumentstructs.Daan.1">
      <nite:pointer role="type"  href="ae-types.xml#id(ae_5)"/>
      <nite:child href="IS1006a.A.words.xml#id(IS1006a.A.words325)..id(IS1006a.A.words335)"/>
   </ae>
   <ae nite:id="IS1006a.A.argumentstructs.Daan.2">
      <nite:pointer role="type"  href="ae-types.xml#id(ae_1)"/>
      <nite:child href="IS1006a.A.words.xml#id(IS1006a.A.words341)..id(IS1006a.A.words359)"/>
   </ae>
   <ae nite:id="IS1006a.A.argumentstructs.Daan.3">
      <nite:pointer role="type"  href="ae-types.xml#id(ae_1)"/>
      <nite:child href="IS1006a.A.words.xml#id(IS1006a.A.words364)..id(IS1006a.A.words381)"/>
   </ae>
   <ae nite:id="IS1006a.A.argumentstructs.4">
      <nite:pointer role="type"  href="ae-types.xml#id(ae_6)"/>
      <nite:child href="IS1006a.A.words.xml#id(IS1006a.A.words338)"/>
   </ae>
   <ae nite:id="IS1006a.A.argumentstructs.5">
      <nite:pointer role="type"  href="ae-types.xml#id(ae_6)"/>
      <nite:child href="IS1006a.A.words.xml#id(IS1006a.A.words361)..id(IS1006a.A.words362)"/>
   </ae>
   <ae nite:id="IS1006a.A.argumentstructs.6">
      <nite:pointer role="type"  href="ae-types.xml#id(ae_6)"/>
      <nite:child href="IS1006a.A.words.xml#id(IS1006a.A.words382)..id(IS1006a.A.words383)"/>
   </ae>
</nite:root>