<?xml version="1.0" encoding="ISO-8859-1" standalone="yes"?>
<nite:root nite:id="IS1009c.C.argumentstructs" xmlns:nite="http://nite.sourceforge.net/">
   <ae nite:id="IS1009c.C.argumentstructs.Daan.1">
      <nite:pointer role="type"  href="ae-types.xml#id(ae_1)"/>
      <nite:child href="IS1009c.C.words.xml#id(IS1009c.C.words10)..id(IS1009c.C.words15)"/>
   </ae>
   <ae nite:id="IS1009c.C.argumentstructs.Daan.2">
      <nite:pointer role="type"  href="ae-types.xml#id(ae_1)"/>
      <nite:child href="IS1009c.C.words.xml#id(IS1009c.C.words1784)..id(IS1009c.C.words1827)"/>
   </ae>
   <ae nite:id="IS1009c.C.argumentstructs.Daan.3">
      <nite:pointer role="type"  href="ae-types.xml#id(ae_1)"/>
      <nite:child href="IS1009c.C.words.xml#id(IS1009c.C.words1828)..id(IS1009c.C.words1869)"/>
   </ae>
   <ae nite:id="IS1009c.C.argumentstructs.Daan.4">
      <nite:pointer role="type"  href="ae-types.xml#id(ae_1)"/>
      <nite:child href="IS1009c.C.words.xml#id(IS1009c.C.words1878)..id(IS1009c.C.words1915)"/>
   </ae>
   <ae nite:id="IS1009c.C.argumentstructs.Daan.5">
      <nite:pointer role="type"  href="ae-types.xml#id(ae_1)"/>
      <nite:child href="IS1009c.C.words.xml#id(IS1009c.C.words1916)..id(IS1009c.C.words1947)"/>
   </ae>
   <ae nite:id="IS1009c.C.argumentstructs.Daan.6">
      <nite:pointer role="type"  href="ae-types.xml#id(ae_1)"/>
      <nite:child href="IS1009c.C.words.xml#id(IS1009c.C.words1948)..id(IS1009c.C.words1964)"/>
   </ae>
   <ae nite:id="IS1009c.C.argumentstructs.Daan.7">
      <nite:pointer role="type"  href="ae-types.xml#id(ae_1)"/>
      <nite:child href="IS1009c.C.words.xml#id(IS1009c.C.words1989)..id(IS1009c.C.words1992)"/>
   </ae>
   <ae nite:id="IS1009c.C.argumentstructs.Daan.8">
      <nite:pointer role="type"  href="ae-types.xml#id(ae_1)"/>
      <nite:child href="IS1009c.C.words.xml#id(IS1009c.C.words1993)..id(IS1009c.C.words1995)"/>
   </ae>
   <ae nite:id="IS1009c.C.argumentstructs.9">
      <nite:pointer role="type"  href="ae-types.xml#id(ae_6)"/>
      <nite:child href="IS1009c.C.words.xml#id(IS1009c.C.words1870)..id(IS1009c.C.words1877)"/>
   </ae>
   <ae nite:id="IS1009c.C.argumentstructs.10">
      <nite:pointer role="type"  href="ae-types.xml#id(ae_6)"/>
      <nite:child href="IS1009c.C.words.xml#id(IS1009c.C.words1965)..id(IS1009c.C.words1969)"/>
      <nite:child href="IS1009c.C.words.xml#id(IS1009c.C.words1971)..id(IS1009c.C.words1980)"/>
   </ae>
   <ae nite:id="IS1009c.C.argumentstructs.11">
      <nite:pointer role="type"  href="ae-types.xml#id(ae_6)"/>
      <nite:child href="IS1009c.C.words.xml#id(IS1009c.C.words1987)..id(IS1009c.C.words1988)"/>
   </ae>
   <ae nite:id="IS1009c.C.argumentstructs.12">
      <nite:pointer role="type"  href="ae-types.xml#id(ae_6)"/>
      <nite:child href="IS1009c.C.words.xml#id(IS1009c.C.words1996)"/>
   </ae>
</nite:root>