<?xml version="1.0" encoding="ISO-8859-1" standalone="yes"?>
<nite:root nite:id="IS1007d.A.argumentstructs" xmlns:nite="http://nite.sourceforge.net/">
   <ae nite:id="IS1007d.A.argumentstructs.Daan.1">
      <nite:pointer role="type"  href="ae-types.xml#id(ae_1)"/>
      <nite:child href="IS1007d.A.words.xml#id(IS1007d.A.words329)..id(IS1007d.A.words330)"/>
   </ae>
   <ae nite:id="IS1007d.A.argumentstructs.Daan.2">
      <nite:pointer role="type"  href="ae-types.xml#id(ae_1)"/>
      <nite:child href="IS1007d.A.words.xml#id(IS1007d.A.words343)..id(IS1007d.A.words345)"/>
   </ae>
   <ae nite:id="IS1007d.A.argumentstructs.Daan.3">
      <nite:pointer role="type"  href="ae-types.xml#id(ae_1)"/>
      <nite:child href="IS1007d.A.words.xml#id(IS1007d.A.words354)..id(IS1007d.A.words358)"/>
   </ae>
   <ae nite:id="IS1007d.A.argumentstructs.Daan.4">
      <nite:pointer role="type"  href="ae-types.xml#id(ae_1)"/>
      <nite:child href="IS1007d.A.words.xml#id(IS1007d.A.words361)..id(IS1007d.A.words365)"/>
   </ae>
   <ae nite:id="IS1007d.A.argumentstructs.Daan.5">
      <nite:pointer role="type"  href="ae-types.xml#id(ae_1)"/>
      <nite:child href="IS1007d.A.words.xml#id(IS1007d.A.words366)..id(IS1007d.A.words387)"/>
   </ae>
   <ae nite:id="IS1007d.A.argumentstructs.Daan.6">
      <nite:pointer role="type"  href="ae-types.xml#id(ae_1)"/>
      <nite:child href="IS1007d.A.words.xml#id(IS1007d.A.words388)..id(IS1007d.A.words413)"/>
   </ae>
   <ae nite:id="IS1007d.A.argumentstructs.Daan.7">
      <nite:pointer role="type"  href="ae-types.xml#id(ae_1)"/>
      <nite:child href="IS1007d.A.words.xml#id(IS1007d.A.words418)..id(IS1007d.A.words420)"/>
   </ae>
   <ae nite:id="IS1007d.A.argumentstructs.Daan.8">
      <nite:pointer role="type"  href="ae-types.xml#id(ae_3)"/>
      <nite:child href="IS1007d.A.words.xml#id(IS1007d.A.words433)..id(IS1007d.A.words441)"/>
   </ae>
   <ae nite:id="IS1007d.A.argumentstructs.Daan.9">
      <nite:pointer role="type"  href="ae-types.xml#id(ae_1)"/>
      <nite:child href="IS1007d.A.words.xml#id(IS1007d.A.words442)..id(IS1007d.A.words450)"/>
   </ae>
   <ae nite:id="IS1007d.A.argumentstructs.Daan.10">
      <nite:pointer role="type"  href="ae-types.xml#id(ae_1)"/>
      <nite:child href="IS1007d.A.words.xml#id(IS1007d.A.words460)..id(IS1007d.A.words485)"/>
   </ae>
   <ae nite:id="IS1007d.A.argumentstructs.Daan.11">
      <nite:pointer role="type"  href="ae-types.xml#id(ae_1)"/>
      <nite:child href="IS1007d.A.words.xml#id(IS1007d.A.words486)..id(IS1007d.A.words516)"/>
   </ae>
   <ae nite:id="IS1007d.A.argumentstructs.Daan.12">
      <nite:pointer role="type"  href="ae-types.xml#id(ae_5)"/>
      <nite:child href="IS1007d.A.words.xml#id(IS1007d.A.words520)..id(IS1007d.A.words538)"/>
   </ae>
   <ae nite:id="IS1007d.A.argumentstructs.Daan.13">
      <nite:pointer role="type"  href="ae-types.xml#id(ae_1)"/>
      <nite:child href="IS1007d.A.words.xml#id(IS1007d.A.words541)..id(IS1007d.A.words547)"/>
   </ae>
   <ae nite:id="IS1007d.A.argumentstructs.Daan.14">
      <nite:pointer role="type"  href="ae-types.xml#id(ae_1)"/>
      <nite:child href="IS1007d.A.words.xml#id(IS1007d.A.words549)..id(IS1007d.A.words554)"/>
   </ae>
   <ae nite:id="IS1007d.A.argumentstructs.Daan.15">
      <nite:pointer role="type"  href="ae-types.xml#id(ae_1)"/>
      <nite:child href="IS1007d.A.words.xml#id(IS1007d.A.words558)..id(IS1007d.A.words570)"/>
   </ae>
   <ae nite:id="IS1007d.A.argumentstructs.16">
      <nite:pointer role="type"  href="ae-types.xml#id(ae_6)"/>
      <nite:child href="IS1007d.A.words.xml#id(IS1007d.A.words327)..id(IS1007d.A.words328)"/>
   </ae>
   <ae nite:id="IS1007d.A.argumentstructs.17">
      <nite:pointer role="type"  href="ae-types.xml#id(ae_6)"/>
      <nite:child href="IS1007d.A.words.xml#id(IS1007d.A.words331)..id(IS1007d.A.words333)"/>
      <nite:child href="IS1007d.A.words.xml#id(IS1007d.A.words335)..id(IS1007d.A.words337)"/>
      <nite:child href="IS1007d.A.words.xml#id(IS1007d.A.words340)..id(IS1007d.A.words342)"/>
   </ae>
   <ae nite:id="IS1007d.A.argumentstructs.18">
      <nite:pointer role="type"  href="ae-types.xml#id(ae_6)"/>
      <nite:child href="IS1007d.A.words.xml#id(IS1007d.A.words346)..id(IS1007d.A.words350)"/>
   </ae>
   <ae nite:id="IS1007d.A.argumentstructs.19">
      <nite:pointer role="type"  href="ae-types.xml#id(ae_6)"/>
      <nite:child href="IS1007d.A.words.xml#id(IS1007d.A.words359)"/>
   </ae>
   <ae nite:id="IS1007d.A.argumentstructs.20">
      <nite:pointer role="type"  href="ae-types.xml#id(ae_6)"/>
      <nite:child href="IS1007d.A.words.xml#id(IS1007d.A.words414)..id(IS1007d.A.words417)"/>
   </ae>
   <ae nite:id="IS1007d.A.argumentstructs.21">
      <nite:pointer role="type"  href="ae-types.xml#id(ae_6)"/>
      <nite:child href="IS1007d.A.words.xml#id(IS1007d.A.words421)..id(IS1007d.A.words422)"/>
   </ae>
   <ae nite:id="IS1007d.A.argumentstructs.22">
      <nite:pointer role="type"  href="ae-types.xml#id(ae_6)"/>
      <nite:child href="IS1007d.A.words.xml#id(IS1007d.A.words451)..id(IS1007d.A.words455)"/>
      <nite:child href="IS1007d.A.words.xml#id(IS1007d.A.words457)..id(IS1007d.A.words459)"/>
   </ae>
   <ae nite:id="IS1007d.A.argumentstructs.23">
      <nite:pointer role="type"  href="ae-types.xml#id(ae_6)"/>
      <nite:child href="IS1007d.A.words.xml#id(IS1007d.A.words518)..id(IS1007d.A.words519)"/>
   </ae>
   <ae nite:id="IS1007d.A.argumentstructs.24">
      <nite:pointer role="type"  href="ae-types.xml#id(ae_6)"/>
      <nite:child href="IS1007d.A.words.xml#id(IS1007d.A.words539)"/>
   </ae>
   <ae nite:id="IS1007d.A.argumentstructs.25">
      <nite:pointer role="type"  href="ae-types.xml#id(ae_6)"/>
      <nite:child href="IS1007d.A.words.xml#id(IS1007d.A.words556)..id(IS1007d.A.words557)"/>
   </ae>
</nite:root>