<?xml version="1.0" encoding="ISO-8859-1" standalone="yes"?>
<nite:root nite:id="IS1009c.D.argumentstructs" xmlns:nite="http://nite.sourceforge.net/">
   <ae nite:id="IS1009c.D.argumentstructs.Daan.1">
      <nite:pointer role="type"  href="ae-types.xml#id(ae_5)"/>
      <nite:child href="IS1009c.D.words.xml#id(IS1009c.D.words209)..id(IS1009c.D.words230)"/>
   </ae>
   <ae nite:id="IS1009c.D.argumentstructs.Daan.2">
      <nite:pointer role="type"  href="ae-types.xml#id(ae_1)"/>
      <nite:child href="IS1009c.D.words.xml#id(IS1009c.D.words236)..id(IS1009c.D.words251)"/>
   </ae>
   <ae nite:id="IS1009c.D.argumentstructs.Daan.3">
      <nite:pointer role="type"  href="ae-types.xml#id(ae_5)"/>
      <nite:child href="IS1009c.D.words.xml#id(IS1009c.D.words721)..id(IS1009c.D.words735)"/>
   </ae>
   <ae nite:id="IS1009c.D.argumentstructs.Daan.4">
      <nite:pointer role="type"  href="ae-types.xml#id(ae_5)"/>
      <nite:child href="IS1009c.D.words.xml#id(IS1009c.D.words738)..id(IS1009c.D.words749)"/>
   </ae>
   <ae nite:id="IS1009c.D.argumentstructs.Daan.5">
      <nite:pointer role="type"  href="ae-types.xml#id(ae_1)"/>
      <nite:child href="IS1009c.D.words.xml#id(IS1009c.D.words750)..id(IS1009c.D.words776)"/>
   </ae>
   <ae nite:id="IS1009c.D.argumentstructs.Daan.6">
      <nite:pointer role="type"  href="ae-types.xml#id(ae_5)"/>
      <nite:child href="IS1009c.D.words.xml#id(IS1009c.D.words777)..id(IS1009c.D.words779)"/>
   </ae>
   <ae nite:id="IS1009c.D.argumentstructs.Daan.7">
      <nite:pointer role="type"  href="ae-types.xml#id(ae_1)"/>
      <nite:child href="IS1009c.D.words.xml#id(IS1009c.D.words812)..id(IS1009c.D.words822)"/>
   </ae>
   <ae nite:id="IS1009c.D.argumentstructs.8">
      <nite:pointer role="type"  href="ae-types.xml#id(ae_6)"/>
      <nite:child href="IS1009c.D.words.xml#id(IS1009c.D.words231)..id(IS1009c.D.words232)"/>
      <nite:child href="IS1009c.D.words.xml#id(IS1009c.D.words234)..id(IS1009c.D.words235)"/>
   </ae>
   <ae nite:id="IS1009c.D.argumentstructs.9">
      <nite:pointer role="type"  href="ae-types.xml#id(ae_6)"/>
      <nite:child href="IS1009c.D.words.xml#id(IS1009c.D.words718)..id(IS1009c.D.words719)"/>
   </ae>
   <ae nite:id="IS1009c.D.argumentstructs.10">
      <nite:pointer role="type"  href="ae-types.xml#id(ae_6)"/>
      <nite:child href="IS1009c.D.words.xml#id(IS1009c.D.words736)..id(IS1009c.D.words737)"/>
   </ae>
   <ae nite:id="IS1009c.D.argumentstructs.11">
      <nite:pointer role="type"  href="ae-types.xml#id(ae_6)"/>
      <nite:child href="IS1009c.D.words.xml#id(IS1009c.D.words780)..id(IS1009c.D.words781)"/>
   </ae>
   <ae nite:id="IS1009c.D.argumentstructs.12">
      <nite:pointer role="type"  href="ae-types.xml#id(ae_6)"/>
      <nite:child href="IS1009c.D.words.xml#id(IS1009c.D.words823)..id(IS1009c.D.words824)"/>
   </ae>
</nite:root>