<?xml version="1.0" encoding="ISO-8859-1" standalone="yes"?>
<nite:root nite:id="IS1004c.C.argumentstructs" xmlns:nite="http://nite.sourceforge.net/">
   <ae nite:id="IS1004c.C.argumentstructs.Rutger.1">
      <nite:pointer role="type"  href="ae-types.xml#id(ae_1)"/>
      <nite:child href="IS1004c.C.words.xml#id(IS1004c.C.words40)..id(IS1004c.C.words68)"/>
   </ae>
   <ae nite:id="IS1004c.C.argumentstructs.Rutger.2">
      <nite:pointer role="type"  href="ae-types.xml#id(ae_1)"/>
      <nite:child href="IS1004c.C.words.xml#id(IS1004c.C.words74)..id(IS1004c.C.words80)"/>
   </ae>
   <ae nite:id="IS1004c.C.argumentstructs.Rutger.3">
      <nite:pointer role="type"  href="ae-types.xml#id(ae_1)"/>
      <nite:child href="IS1004c.C.words.xml#id(IS1004c.C.words83)..id(IS1004c.C.words84)"/>
   </ae>
   <ae nite:id="IS1004c.C.argumentstructs.Rutger.4">
      <nite:pointer role="type"  href="ae-types.xml#id(ae_1)"/>
      <nite:child href="IS1004c.C.words.xml#id(IS1004c.C.words197)..id(IS1004c.C.words200)"/>
   </ae>
   <ae nite:id="IS1004c.C.argumentstructs.Rutger.5">
      <nite:pointer role="type"  href="ae-types.xml#id(ae_1)"/>
      <nite:child href="IS1004c.C.words.xml#id(IS1004c.C.words1262)..id(IS1004c.C.words1285)"/>
   </ae>
   <ae nite:id="IS1004c.C.argumentstructs.6">
      <nite:pointer role="type"  href="ae-types.xml#id(ae_6)"/>
      <nite:child href="IS1004c.C.words.xml#id(IS1004c.C.words21)..id(IS1004c.C.words36)"/>
      <nite:child href="IS1004c.C.words.xml#id(IS1004c.C.words38)..id(IS1004c.C.words39)"/>
   </ae>
   <ae nite:id="IS1004c.C.argumentstructs.7">
      <nite:pointer role="type"  href="ae-types.xml#id(ae_6)"/>
      <nite:child href="IS1004c.C.words.xml#id(IS1004c.C.words70)..id(IS1004c.C.words73)"/>
   </ae>
   <ae nite:id="IS1004c.C.argumentstructs.8">
      <nite:pointer role="type"  href="ae-types.xml#id(ae_6)"/>
      <nite:child href="IS1004c.C.words.xml#id(IS1004c.C.words81)..id(IS1004c.C.words82)"/>
   </ae>
   <ae nite:id="IS1004c.C.argumentstructs.9">
      <nite:pointer role="type"  href="ae-types.xml#id(ae_6)"/>
      <nite:child href="IS1004c.C.words.xml#id(IS1004c.C.words195)..id(IS1004c.C.words196)"/>
   </ae>
   <ae nite:id="IS1004c.C.argumentstructs.10">
      <nite:pointer role="type"  href="ae-types.xml#id(ae_6)"/>
      <nite:child href="IS1004c.C.words.xml#id(IS1004c.C.words201)..id(IS1004c.C.words204)"/>
   </ae>
   <ae nite:id="IS1004c.C.argumentstructs.11">
      <nite:pointer role="type"  href="ae-types.xml#id(ae_6)"/>
      <nite:child href="IS1004c.C.words.xml#id(IS1004c.C.words1257)"/>
      <nite:child href="IS1004c.C.words.xml#id(IS1004c.C.words1259)..id(IS1004c.C.words1260)"/>
   </ae>
</nite:root>