<?xml version="1.0" encoding="ISO-8859-1" standalone="yes"?>
<nite:root nite:id="IS1007a.B.argumentstructs" xmlns:nite="http://nite.sourceforge.net/">
   <ae nite:id="IS1007a.B.argumentstructs.Daan.2">
      <nite:pointer role="type"  href="ae-types.xml#id(ae_1)"/>
      <nite:child href="IS1007a.B.words.xml#id(IS1007a.B.words352)..id(IS1007a.B.words470)"/>
   </ae>
   <ae nite:id="IS1007a.B.argumentstructs.Daan.3">
      <nite:pointer role="type"  href="ae-types.xml#id(ae_1)"/>
      <nite:child href="IS1007a.B.words.xml#id(IS1007a.B.words471)..id(IS1007a.B.words496)"/>
   </ae>
   <ae nite:id="IS1007a.B.argumentstructs.Daan.4">
      <nite:pointer role="type"  href="ae-types.xml#id(ae_1)"/>
      <nite:child href="IS1007a.B.words.xml#id(IS1007a.B.words497)..id(IS1007a.B.words529)"/>
   </ae>
   <ae nite:id="IS1007a.B.argumentstructs.Daan.5">
      <nite:pointer role="type"  href="ae-types.xml#id(ae_2)"/>
      <nite:child href="IS1007a.B.words.xml#id(IS1007a.B.words538)..id(IS1007a.B.words541)"/>
   </ae>
   <ae nite:id="IS1007a.B.argumentstructs.Daan.6">
      <nite:pointer role="type"  href="ae-types.xml#id(ae_1)"/>
      <nite:child href="IS1007a.B.words.xml#id(IS1007a.B.words549)..id(IS1007a.B.words613)"/>
   </ae>
   <ae nite:id="IS1007a.B.argumentstructs.Daan.7">
      <nite:pointer role="type"  href="ae-types.xml#id(ae_1)"/>
      <nite:child href="IS1007a.B.words.xml#id(IS1007a.B.words618)..id(IS1007a.B.words792)"/>
   </ae>
   <ae nite:id="IS1007a.B.argumentstructs.Daan.8">
      <nite:pointer role="type"  href="ae-types.xml#id(ae_1)"/>
      <nite:child href="IS1007a.B.words.xml#id(IS1007a.B.words797)..id(IS1007a.B.words798)"/>
   </ae>
   <ae nite:id="IS1007a.B.argumentstructs.Daan.9">
      <nite:pointer role="type"  href="ae-types.xml#id(ae_1)"/>
      <nite:child href="IS1007a.B.words.xml#id(IS1007a.B.words808)..id(IS1007a.B.words830)"/>
   </ae>
   <ae nite:id="IS1007a.B.argumentstructs.Daan.10">
      <nite:pointer role="type"  href="ae-types.xml#id(ae_1)"/>
      <nite:child href="IS1007a.B.words.xml#id(IS1007a.B.words833)..id(IS1007a.B.words876)"/>
   </ae>
   <ae nite:id="IS1007a.B.argumentstructs.11">
      <nite:pointer role="type"  href="ae-types.xml#id(ae_6)"/>
      <nite:child href="IS1007a.B.words.xml#id(IS1007a.B.words530)..id(IS1007a.B.words537)"/>
   </ae>
   <ae nite:id="IS1007a.B.argumentstructs.12">
      <nite:pointer role="type"  href="ae-types.xml#id(ae_6)"/>
      <nite:child href="IS1007a.B.words.xml#id(IS1007a.B.words542)..id(IS1007a.B.words544)"/>
      <nite:child href="IS1007a.B.words.xml#id(IS1007a.B.words546)..id(IS1007a.B.words547)"/>
   </ae>
   <ae nite:id="IS1007a.B.argumentstructs.13">
      <nite:pointer role="type"  href="ae-types.xml#id(ae_6)"/>
      <nite:child href="IS1007a.B.words.xml#id(IS1007a.B.words614)..id(IS1007a.B.words617)"/>
   </ae>
   <ae nite:id="IS1007a.B.argumentstructs.14">
      <nite:pointer role="type"  href="ae-types.xml#id(ae_6)"/>
      <nite:child href="IS1007a.B.words.xml#id(IS1007a.B.words793)..id(IS1007a.B.words796)"/>
   </ae>
   <ae nite:id="IS1007a.B.argumentstructs.15">
      <nite:pointer role="type"  href="ae-types.xml#id(ae_6)"/>
      <nite:child href="IS1007a.B.words.xml#id(IS1007a.B.words799)..id(IS1007a.B.words803)"/>
      <nite:child href="IS1007a.B.words.xml#id(IS1007a.B.words805)..id(IS1007a.B.words807)"/>
   </ae>
   <ae nite:id="IS1007a.B.argumentstructs.16">
      <nite:pointer role="type"  href="ae-types.xml#id(ae_6)"/>
      <nite:child href="IS1007a.B.words.xml#id(IS1007a.B.words831)..id(IS1007a.B.words832)"/>
   </ae>
   <ae nite:id="IS1007a.B.argumentstructs.17">
      <nite:pointer role="type"  href="ae-types.xml#id(ae_6)"/>
      <nite:child href="IS1007a.B.words.xml#id(IS1007a.B.words877)..id(IS1007a.B.words878)"/>
   </ae>
</nite:root>