<?xml version="1.0" encoding="ISO-8859-1" standalone="yes"?>
<nite:root nite:id="IS1000d.A.argumentstructs" xmlns:nite="http://nite.sourceforge.net/">
   <ae nite:id="IS1000d.A.argumentstructs.Rutger.1">
      <nite:pointer role="type"  href="ae-types.xml#id(ae_3)"/>
      <nite:child href="IS1000d.A.words.xml#id(IS1000d.A.words818)..id(IS1000d.A.words822)"/>
   </ae>
   <ae nite:id="IS1000d.A.argumentstructs.Rutger.2">
      <nite:pointer role="type"  href="ae-types.xml#id(ae_1)"/>
      <nite:child href="IS1000d.A.words.xml#id(IS1000d.A.words824)..id(IS1000d.A.words831)"/>
   </ae>
   <ae nite:id="IS1000d.A.argumentstructs.Rutger.3">
      <nite:pointer role="type"  href="ae-types.xml#id(ae_1)"/>
      <nite:child href="IS1000d.A.words.xml#id(IS1000d.A.words832)..id(IS1000d.A.words842)"/>
   </ae>
   <ae nite:id="IS1000d.A.argumentstructs.Rutger.4">
      <nite:pointer role="type"  href="ae-types.xml#id(ae_1)"/>
      <nite:child href="IS1000d.A.words.xml#id(IS1000d.A.words847)..id(IS1000d.A.words848)"/>
   </ae>
   <ae nite:id="IS1000d.A.argumentstructs.Rutger.5">
      <nite:pointer role="type"  href="ae-types.xml#id(ae_1)"/>
      <nite:child href="IS1000d.A.words.xml#id(IS1000d.A.words849)..id(IS1000d.A.words852)"/>
   </ae>
   <ae nite:id="IS1000d.A.argumentstructs.Rutger.6">
      <nite:pointer role="type"  href="ae-types.xml#id(ae_5)"/>
      <nite:child href="IS1000d.A.words.xml#id(IS1000d.A.words853)..id(IS1000d.A.words887)"/>
   </ae>
   <ae nite:id="IS1000d.A.argumentstructs.Rutger.7">
      <nite:pointer role="type"  href="ae-types.xml#id(ae_1)"/>
      <nite:child href="IS1000d.A.words.xml#id(IS1000d.A.words888)..id(IS1000d.A.words889)"/>
   </ae>
   <ae nite:id="IS1000d.A.argumentstructs.Rutger.9">
      <nite:pointer role="type"  href="ae-types.xml#id(ae_1)"/>
      <nite:child href="IS1000d.A.words.xml#id(IS1000d.A.words901)..id(IS1000d.A.words907)"/>
   </ae>
   <ae nite:id="IS1000d.A.argumentstructs.Rutger.10">
      <nite:pointer role="type"  href="ae-types.xml#id(ae_2)"/>
      <nite:child href="IS1000d.A.words.xml#id(IS1000d.A.words910)..id(IS1000d.A.words913)"/>
   </ae>
   <ae nite:id="IS1000d.A.argumentstructs.Rutger.11">
      <nite:pointer role="type"  href="ae-types.xml#id(ae_1)"/>
      <nite:child href="IS1000d.A.words.xml#id(IS1000d.A.words914)..id(IS1000d.A.words924)"/>
   </ae>
   <ae nite:id="IS1000d.A.argumentstructs.Rutger.12">
      <nite:pointer role="type"  href="ae-types.xml#id(ae_1)"/>
      <nite:child href="IS1000d.A.words.xml#id(IS1000d.A.words925)..id(IS1000d.A.words926)"/>
   </ae>
   <ae nite:id="IS1000d.A.argumentstructs.Rutger.14">
      <nite:pointer role="type"  href="ae-types.xml#id(ae_4)"/>
      <nite:child href="IS1000d.A.words.xml#id(IS1000d.A.words927)..id(IS1000d.A.words934)"/>
   </ae>
   <ae nite:id="IS1000d.A.argumentstructs.Rutger.15">
      <nite:pointer role="type"  href="ae-types.xml#id(ae_1)"/>
      <nite:child href="IS1000d.A.words.xml#id(IS1000d.A.words935)..id(IS1000d.A.words936)"/>
   </ae>
   <ae nite:id="IS1000d.A.argumentstructs.Rutger.18">
      <nite:pointer role="type"  href="ae-types.xml#id(ae_3)"/>
      <nite:child href="IS1000d.A.words.xml#id(IS1000d.A.words959)..id(IS1000d.A.words982)"/>
   </ae>
   <ae nite:id="IS1000d.A.argumentstructs.Rutger.19">
      <nite:pointer role="type"  href="ae-types.xml#id(ae_5)"/>
      <nite:child href="IS1000d.A.words.xml#id(IS1000d.A.words983)..id(IS1000d.A.words987)"/>
   </ae>
   <ae nite:id="IS1000d.A.argumentstructs.Rutger.20">
      <nite:pointer role="type"  href="ae-types.xml#id(ae_1)"/>
      <nite:child href="IS1000d.A.words.xml#id(IS1000d.A.words988)..id(IS1000d.A.words1008)"/>
   </ae>
   <ae nite:id="IS1000d.A.argumentstructs.Rutger.21">
      <nite:pointer role="type"  href="ae-types.xml#id(ae_1)"/>
      <nite:child href="IS1000d.A.words.xml#id(IS1000d.A.words1009)..id(IS1000d.A.words1010)"/>
   </ae>
   <ae nite:id="IS1000d.A.argumentstructs.Rutger.22">
      <nite:pointer role="type"  href="ae-types.xml#id(ae_1)"/>
      <nite:child href="IS1000d.A.words.xml#id(IS1000d.A.words1011)..id(IS1000d.A.words1039)"/>
   </ae>
   <ae nite:id="IS1000d.A.argumentstructs.Rutger.23">
      <nite:pointer role="type"  href="ae-types.xml#id(ae_3)"/>
      <nite:child href="IS1000d.A.words.xml#id(IS1000d.A.words937)..id(IS1000d.A.words942)"/>
   </ae>
   <ae nite:id="IS1000d.A.argumentstructs.Rutger.24">
      <nite:pointer role="type"  href="ae-types.xml#id(ae_1)"/>
      <nite:child href="IS1000d.A.words.xml#id(IS1000d.A.words943)..id(IS1000d.A.words949)"/>
   </ae>
   <ae nite:id="IS1000d.A.argumentstructs.Rutger.25">
      <nite:pointer role="type"  href="ae-types.xml#id(ae_1)"/>
      <nite:child href="IS1000d.A.words.xml#id(IS1000d.A.words1040)..id(IS1000d.A.words1041)"/>
   </ae>
   <ae nite:id="IS1000d.A.argumentstructs.Rutger.26">
      <nite:pointer role="type"  href="ae-types.xml#id(ae_3)"/>
      <nite:child href="IS1000d.A.words.xml#id(IS1000d.A.words1042)..id(IS1000d.A.words1053)"/>
   </ae>
   <ae nite:id="IS1000d.A.argumentstructs.Rutger.27">
      <nite:pointer role="type"  href="ae-types.xml#id(ae_1)"/>
      <nite:child href="IS1000d.A.words.xml#id(IS1000d.A.words1054)..id(IS1000d.A.words1058)"/>
   </ae>
   <ae nite:id="IS1000d.A.argumentstructs.Rutger.28">
      <nite:pointer role="type"  href="ae-types.xml#id(ae_5)"/>
      <nite:child href="IS1000d.A.words.xml#id(IS1000d.A.words1059)..id(IS1000d.A.words1073)"/>
   </ae>
   <ae nite:id="IS1000d.A.argumentstructs.Rutger.29">
      <nite:pointer role="type"  href="ae-types.xml#id(ae_1)"/>
      <nite:child href="IS1000d.A.words.xml#id(IS1000d.A.words1074)..id(IS1000d.A.words1100)"/>
   </ae>
   <ae nite:id="IS1000d.A.argumentstructs.Rutger.30">
      <nite:pointer role="type"  href="ae-types.xml#id(ae_4)"/>
      <nite:child href="IS1000d.A.words.xml#id(IS1000d.A.words1101)..id(IS1000d.A.words1118)"/>
   </ae>
   <ae nite:id="IS1000d.A.argumentstructs.Rutger.31">
      <nite:pointer role="type"  href="ae-types.xml#id(ae_1)"/>
      <nite:child href="IS1000d.A.words.xml#id(IS1000d.A.words1119)..id(IS1000d.A.words1121)"/>
   </ae>
   <ae nite:id="IS1000d.A.argumentstructs.Rutger.32">
      <nite:pointer role="type"  href="ae-types.xml#id(ae_1)"/>
      <nite:child href="IS1000d.A.words.xml#id(IS1000d.A.words1122)..id(IS1000d.A.words1128)"/>
   </ae>
   <ae nite:id="IS1000d.A.argumentstructs.Rutger.34">
      <nite:pointer role="type"  href="ae-types.xml#id(ae_4)"/>
      <nite:child href="IS1000d.A.words.xml#id(IS1000d.A.words1129)..id(IS1000d.A.words1141)"/>
   </ae>
   <ae nite:id="IS1000d.A.argumentstructs.Rutger.35">
      <nite:pointer role="type"  href="ae-types.xml#id(ae_5)"/>
      <nite:child href="IS1000d.A.words.xml#id(IS1000d.A.words1142)..id(IS1000d.A.words1143)"/>
   </ae>
   <ae nite:id="IS1000d.A.argumentstructs.Rutger.36">
      <nite:pointer role="type"  href="ae-types.xml#id(ae_1)"/>
      <nite:child href="IS1000d.A.words.xml#id(IS1000d.A.words1144)..id(IS1000d.A.words1160)"/>
   </ae>
   <ae nite:id="IS1000d.A.argumentstructs.Rutger.37">
      <nite:pointer role="type"  href="ae-types.xml#id(ae_5)"/>
      <nite:child href="IS1000d.A.words.xml#id(IS1000d.A.words1161)..id(IS1000d.A.words1165)"/>
   </ae>
   <ae nite:id="IS1000d.A.argumentstructs.Rutger.38">
      <nite:pointer role="type"  href="ae-types.xml#id(ae_1)"/>
      <nite:child href="IS1000d.A.words.xml#id(IS1000d.A.words1166)..id(IS1000d.A.words1167)"/>
   </ae>
   <ae nite:id="IS1000d.A.argumentstructs.Rutger.39">
      <nite:pointer role="type"  href="ae-types.xml#id(ae_1)"/>
      <nite:child href="IS1000d.A.words.xml#id(IS1000d.A.words1168)..id(IS1000d.A.words1169)"/>
   </ae>
   <ae nite:id="IS1000d.A.argumentstructs.Rutger.40">
      <nite:pointer role="type"  href="ae-types.xml#id(ae_3)"/>
      <nite:child href="IS1000d.A.words.xml#id(IS1000d.A.words1170)..id(IS1000d.A.words1173)"/>
   </ae>
   <ae nite:id="IS1000d.A.argumentstructs.Rutger.41">
      <nite:pointer role="type"  href="ae-types.xml#id(ae_1)"/>
      <nite:child href="IS1000d.A.words.xml#id(IS1000d.A.words1176)..id(IS1000d.A.words1177)"/>
   </ae>
   <ae nite:id="IS1000d.A.argumentstructs.Rutger.42">
      <nite:pointer role="type"  href="ae-types.xml#id(ae_2)"/>
      <nite:child href="IS1000d.A.words.xml#id(IS1000d.A.words1178)..id(IS1000d.A.words1190)"/>
   </ae>
   <ae nite:id="IS1000d.A.argumentstructs.Rutger.43">
      <nite:pointer role="type"  href="ae-types.xml#id(ae_1)"/>
      <nite:child href="IS1000d.A.words.xml#id(IS1000d.A.words1191)..id(IS1000d.A.words1192)"/>
   </ae>
   <ae nite:id="IS1000d.A.argumentstructs.Rutger.44">
      <nite:pointer role="type"  href="ae-types.xml#id(ae_2)"/>
      <nite:child href="IS1000d.A.words.xml#id(IS1000d.A.words1193)..id(IS1000d.A.words1200)"/>
   </ae>
   <ae nite:id="IS1000d.A.argumentstructs.Rutger.45">
      <nite:pointer role="type"  href="ae-types.xml#id(ae_1)"/>
      <nite:child href="IS1000d.A.words.xml#id(IS1000d.A.words1203)..id(IS1000d.A.words1204)"/>
   </ae>
   <ae nite:id="IS1000d.A.argumentstructs.Rutger.46">
      <nite:pointer role="type"  href="ae-types.xml#id(ae_4)"/>
      <nite:child href="IS1000d.A.words.xml#id(IS1000d.A.words1205)..id(IS1000d.A.words1210)"/>
   </ae>
   <ae nite:id="IS1000d.A.argumentstructs.Rutger.47">
      <nite:pointer role="type"  href="ae-types.xml#id(ae_1)"/>
      <nite:child href="IS1000d.A.words.xml#id(IS1000d.A.words1211)..id(IS1000d.A.words1214)"/>
   </ae>
   <ae nite:id="IS1000d.A.argumentstructs.Rutger.48">
      <nite:pointer role="type"  href="ae-types.xml#id(ae_1)"/>
      <nite:child href="IS1000d.A.words.xml#id(IS1000d.A.words1217)..id(IS1000d.A.words1218)"/>
   </ae>
   <ae nite:id="IS1000d.A.argumentstructs.Rutger.49">
      <nite:pointer role="type"  href="ae-types.xml#id(ae_5)"/>
      <nite:child href="IS1000d.A.words.xml#id(IS1000d.A.words1231)..id(IS1000d.A.words1242)"/>
   </ae>
   <ae nite:id="IS1000d.A.argumentstructs.Rutger.50">
      <nite:pointer role="type"  href="ae-types.xml#id(ae_5)"/>
      <nite:child href="IS1000d.A.words.xml#id(IS1000d.A.words1247)..id(IS1000d.A.words1264)"/>
   </ae>
   <ae nite:id="IS1000d.A.argumentstructs.Rutger.51">
      <nite:pointer role="type"  href="ae-types.xml#id(ae_1)"/>
      <nite:child href="IS1000d.A.words.xml#id(IS1000d.A.words1265)..id(IS1000d.A.words1266)"/>
   </ae>
   <ae nite:id="IS1000d.A.argumentstructs.Rutger.52">
      <nite:pointer role="type"  href="ae-types.xml#id(ae_1)"/>
      <nite:child href="IS1000d.A.words.xml#id(IS1000d.A.words1267)..id(IS1000d.A.words1308)"/>
   </ae>
   <ae nite:id="IS1000d.A.argumentstructs.Rutger.53">
      <nite:pointer role="type"  href="ae-types.xml#id(ae_1)"/>
      <nite:child href="IS1000d.A.words.xml#id(IS1000d.A.words1309)..id(IS1000d.A.words1332)"/>
   </ae>
   <ae nite:id="IS1000d.A.argumentstructs.Rutger.54">
      <nite:pointer role="type"  href="ae-types.xml#id(ae_1)"/>
      <nite:child href="IS1000d.A.words.xml#id(IS1000d.A.words1339)..id(IS1000d.A.words1358)"/>
   </ae>
   <ae nite:id="IS1000d.A.argumentstructs.Rutger.55">
      <nite:pointer role="type"  href="ae-types.xml#id(ae_1)"/>
      <nite:child href="IS1000d.A.words.xml#id(IS1000d.A.words1359)..id(IS1000d.A.words1380)"/>
   </ae>
   <ae nite:id="IS1000d.A.argumentstructs.Rutger.56">
      <nite:pointer role="type"  href="ae-types.xml#id(ae_3)"/>
      <nite:child href="IS1000d.A.words.xml#id(IS1000d.A.words1381)..id(IS1000d.A.words1392)"/>
   </ae>
   <ae nite:id="IS1000d.A.argumentstructs.Rutger.57">
      <nite:pointer role="type"  href="ae-types.xml#id(ae_1)"/>
      <nite:child href="IS1000d.A.words.xml#id(IS1000d.A.words1393)..id(IS1000d.A.words1409)"/>
   </ae>
   <ae nite:id="IS1000d.A.argumentstructs.Rutger.58">
      <nite:pointer role="type"  href="ae-types.xml#id(ae_1)"/>
      <nite:child href="IS1000d.A.words.xml#id(IS1000d.A.words1412)..id(IS1000d.A.words1413)"/>
   </ae>
   <ae nite:id="IS1000d.A.argumentstructs.Rutger.59">
      <nite:pointer role="type"  href="ae-types.xml#id(ae_1)"/>
      <nite:child href="IS1000d.A.words.xml#id(IS1000d.A.words1416)..id(IS1000d.A.words1437)"/>
   </ae>
   <ae nite:id="IS1000d.A.argumentstructs.Rutger.60">
      <nite:pointer role="type"  href="ae-types.xml#id(ae_1)"/>
      <nite:child href="IS1000d.A.words.xml#id(IS1000d.A.words1438)..id(IS1000d.A.words1441)"/>
   </ae>
   <ae nite:id="IS1000d.A.argumentstructs.Rutger.61">
      <nite:pointer role="type"  href="ae-types.xml#id(ae_1)"/>
      <nite:child href="IS1000d.A.words.xml#id(IS1000d.A.words1442)..id(IS1000d.A.words1451)"/>
   </ae>
   <ae nite:id="IS1000d.A.argumentstructs.Rutger.62">
      <nite:pointer role="type"  href="ae-types.xml#id(ae_5)"/>
      <nite:child href="IS1000d.A.words.xml#id(IS1000d.A.words1454)..id(IS1000d.A.words1461)"/>
   </ae>
   <ae nite:id="IS1000d.A.argumentstructs.Rutger.63">
      <nite:pointer role="type"  href="ae-types.xml#id(ae_1)"/>
      <nite:child href="IS1000d.A.words.xml#id(IS1000d.A.words1466)..id(IS1000d.A.words1496)"/>
   </ae>
   <ae nite:id="IS1000d.A.argumentstructs.Rutger.64">
      <nite:pointer role="type"  href="ae-types.xml#id(ae_1)"/>
      <nite:child href="IS1000d.A.words.xml#id(IS1000d.A.words1499)..id(IS1000d.A.words1500)"/>
   </ae>
   <ae nite:id="IS1000d.A.argumentstructs.65">
      <nite:pointer role="type"  href="ae-types.xml#id(ae_6)"/>
      <nite:child href="IS1000d.A.words.xml#id(IS1000d.A.words843)..id(IS1000d.A.words846)"/>
   </ae>
   <ae nite:id="IS1000d.A.argumentstructs.66">
      <nite:pointer role="type"  href="ae-types.xml#id(ae_6)"/>
      <nite:child href="IS1000d.A.words.xml#id(IS1000d.A.words890)..id(IS1000d.A.words900)"/>
   </ae>
   <ae nite:id="IS1000d.A.argumentstructs.67">
      <nite:pointer role="type"  href="ae-types.xml#id(ae_6)"/>
      <nite:child href="IS1000d.A.words.xml#id(IS1000d.A.words908)..id(IS1000d.A.words909)"/>
   </ae>
   <ae nite:id="IS1000d.A.argumentstructs.68">
      <nite:pointer role="type"  href="ae-types.xml#id(ae_6)"/>
      <nite:child href="IS1000d.A.words.xml#id(IS1000d.A.words950)..id(IS1000d.A.words955)"/>
      <nite:child href="IS1000d.A.words.xml#id(IS1000d.A.words957)..id(IS1000d.A.words958)"/>
   </ae>
   <ae nite:id="IS1000d.A.argumentstructs.69">
      <nite:pointer role="type"  href="ae-types.xml#id(ae_6)"/>
      <nite:child href="IS1000d.A.words.xml#id(IS1000d.A.words1174)..id(IS1000d.A.words1175)"/>
   </ae>
   <ae nite:id="IS1000d.A.argumentstructs.70">
      <nite:pointer role="type"  href="ae-types.xml#id(ae_6)"/>
      <nite:child href="IS1000d.A.words.xml#id(IS1000d.A.words1201)..id(IS1000d.A.words1202)"/>
   </ae>
   <ae nite:id="IS1000d.A.argumentstructs.71">
      <nite:pointer role="type"  href="ae-types.xml#id(ae_6)"/>
      <nite:child href="IS1000d.A.words.xml#id(IS1000d.A.words1215)..id(IS1000d.A.words1216)"/>
   </ae>
   <ae nite:id="IS1000d.A.argumentstructs.72">
      <nite:pointer role="type"  href="ae-types.xml#id(ae_6)"/>
      <nite:child href="IS1000d.A.words.xml#id(IS1000d.A.words1219)..id(IS1000d.A.words1230)"/>
   </ae>
   <ae nite:id="IS1000d.A.argumentstructs.73">
      <nite:pointer role="type"  href="ae-types.xml#id(ae_6)"/>
      <nite:child href="IS1000d.A.words.xml#id(IS1000d.A.words1243)"/>
      <nite:child href="IS1000d.A.words.xml#id(IS1000d.A.words1245)..id(IS1000d.A.words1246)"/>
   </ae>
   <ae nite:id="IS1000d.A.argumentstructs.74">
      <nite:pointer role="type"  href="ae-types.xml#id(ae_6)"/>
      <nite:child href="IS1000d.A.words.xml#id(IS1000d.A.words1333)..id(IS1000d.A.words1335)"/>
      <nite:child href="IS1000d.A.words.xml#id(IS1000d.A.words1337)..id(IS1000d.A.words1338)"/>
   </ae>
   <ae nite:id="IS1000d.A.argumentstructs.75">
      <nite:pointer role="type"  href="ae-types.xml#id(ae_6)"/>
      <nite:child href="IS1000d.A.words.xml#id(IS1000d.A.words1410)..id(IS1000d.A.words1411)"/>
   </ae>
   <ae nite:id="IS1000d.A.argumentstructs.76">
      <nite:pointer role="type"  href="ae-types.xml#id(ae_6)"/>
      <nite:child href="IS1000d.A.words.xml#id(IS1000d.A.words1414)..id(IS1000d.A.words1415)"/>
   </ae>
   <ae nite:id="IS1000d.A.argumentstructs.77">
      <nite:pointer role="type"  href="ae-types.xml#id(ae_6)"/>
      <nite:child href="IS1000d.A.words.xml#id(IS1000d.A.words1452)..id(IS1000d.A.words1453)"/>
   </ae>
   <ae nite:id="IS1000d.A.argumentstructs.78">
      <nite:pointer role="type"  href="ae-types.xml#id(ae_6)"/>
      <nite:child href="IS1000d.A.words.xml#id(IS1000d.A.words1462)..id(IS1000d.A.words1465)"/>
   </ae>
   <ae nite:id="IS1000d.A.argumentstructs.79">
      <nite:pointer role="type"  href="ae-types.xml#id(ae_6)"/>
      <nite:child href="IS1000d.A.words.xml#id(IS1000d.A.words1497)..id(IS1000d.A.words1498)"/>
   </ae>
</nite:root>