<?xml version="1.0" encoding="ISO-8859-1" standalone="yes"?>
<nite:root nite:id="IS1007b.C.argumentstructs" xmlns:nite="http://nite.sourceforge.net/">
   <ae nite:id="IS1007b.C.argumentstructs.Daan.1">
      <nite:pointer role="type"  href="ae-types.xml#id(ae_1)"/>
      <nite:child href="IS1007b.C.words.xml#id(IS1007b.C.words420)..id(IS1007b.C.words442)"/>
   </ae>
   <ae nite:id="IS1007b.C.argumentstructs.Daan.2">
      <nite:pointer role="type"  href="ae-types.xml#id(ae_1)"/>
      <nite:child href="IS1007b.C.words.xml#id(IS1007b.C.words443)..id(IS1007b.C.words452)"/>
   </ae>
   <ae nite:id="IS1007b.C.argumentstructs.Daan.3">
      <nite:pointer role="type"  href="ae-types.xml#id(ae_1)"/>
      <nite:child href="IS1007b.C.words.xml#id(IS1007b.C.words453)..id(IS1007b.C.words499)"/>
   </ae>
   <ae nite:id="IS1007b.C.argumentstructs.Daan.4">
      <nite:pointer role="type"  href="ae-types.xml#id(ae_1)"/>
      <nite:child href="IS1007b.C.words.xml#id(IS1007b.C.words500)..id(IS1007b.C.words514)"/>
   </ae>
   <ae nite:id="IS1007b.C.argumentstructs.Daan.5">
      <nite:pointer role="type"  href="ae-types.xml#id(ae_1)"/>
      <nite:child href="IS1007b.C.words.xml#id(IS1007b.C.words517)..id(IS1007b.C.words528)"/>
   </ae>
   <ae nite:id="IS1007b.C.argumentstructs.Daan.6">
      <nite:pointer role="type"  href="ae-types.xml#id(ae_5)"/>
      <nite:child href="IS1007b.C.words.xml#id(IS1007b.C.words529)..id(IS1007b.C.words535)"/>
   </ae>
   <ae nite:id="IS1007b.C.argumentstructs.Daan.7">
      <nite:pointer role="type"  href="ae-types.xml#id(ae_1)"/>
      <nite:child href="IS1007b.C.words.xml#id(IS1007b.C.words676)..id(IS1007b.C.words733)"/>
   </ae>
   <ae nite:id="IS1007b.C.argumentstructs.8">
      <nite:pointer role="type"  href="ae-types.xml#id(ae_6)"/>
      <nite:child href="IS1007b.C.words.xml#id(IS1007b.C.words515)..id(IS1007b.C.words516)"/>
   </ae>
   <ae nite:id="IS1007b.C.argumentstructs.9">
      <nite:pointer role="type"  href="ae-types.xml#id(ae_6)"/>
      <nite:child href="IS1007b.C.words.xml#id(IS1007b.C.words658)..id(IS1007b.C.words674)"/>
   </ae>
</nite:root>