<?xml version="1.0" encoding="ISO-8859-1" standalone="yes"?>
<nite:root nite:id="IS1004d.D.argumentstructs" xmlns:nite="http://nite.sourceforge.net/">
   <ae nite:id="IS1004d.D.argumentstructs.Rutger.1">
      <nite:pointer role="type"  href="ae-types.xml#id(ae_1)"/>
      <nite:child href="IS1004d.D.words.xml#id(IS1004d.D.words613)..id(IS1004d.D.words614)"/>
   </ae>
   <ae nite:id="IS1004d.D.argumentstructs.2">
      <nite:pointer role="type"  href="ae-types.xml#id(ae_6)"/>
      <nite:child href="IS1004d.D.words.xml#id(IS1004d.D.words610)..id(IS1004d.D.words611)"/>
   </ae>
</nite:root>