<?xml version="1.0" encoding="ISO-8859-1" standalone="yes"?>
<nite:root nite:id="IS1001b.C.argumentstructs" xmlns:nite="http://nite.sourceforge.net/">
   <ae nite:id="IS1001b.C.argumentstructs.Rutger.1">
      <nite:pointer role="type"  href="ae-types.xml#id(ae_1)"/>
      <nite:child href="IS1001b.C.words.xml#id(IS1001b.C.words687)..id(IS1001b.C.words703)"/>
   </ae>
   <ae nite:id="IS1001b.C.argumentstructs.Rutger.2">
      <nite:pointer role="type"  href="ae-types.xml#id(ae_3)"/>
      <nite:child href="IS1001b.C.words.xml#id(IS1001b.C.words704)..id(IS1001b.C.words722)"/>
   </ae>
   <ae nite:id="IS1001b.C.argumentstructs.Rutger.3">
      <nite:pointer role="type"  href="ae-types.xml#id(ae_2)"/>
      <nite:child href="IS1001b.C.words.xml#id(IS1001b.C.words723)..id(IS1001b.C.words743)"/>
   </ae>
   <ae nite:id="IS1001b.C.argumentstructs.Rutger.4">
      <nite:pointer role="type"  href="ae-types.xml#id(ae_5)"/>
      <nite:child href="IS1001b.C.words.xml#id(IS1001b.C.words750)..id(IS1001b.C.words769)"/>
   </ae>
   <ae nite:id="IS1001b.C.argumentstructs.Rutger.5">
      <nite:pointer role="type"  href="ae-types.xml#id(ae_1)"/>
      <nite:child href="IS1001b.C.words.xml#id(IS1001b.C.words770)..id(IS1001b.C.words780)"/>
   </ae>
   <ae nite:id="IS1001b.C.argumentstructs.Rutger.6">
      <nite:pointer role="type"  href="ae-types.xml#id(ae_1)"/>
      <nite:child href="IS1001b.C.words.xml#id(IS1001b.C.words783)..id(IS1001b.C.words784)"/>
   </ae>
   <ae nite:id="IS1001b.C.argumentstructs.Rutger.7">
      <nite:pointer role="type"  href="ae-types.xml#id(ae_1)"/>
      <nite:child href="IS1001b.C.words.xml#id(IS1001b.C.words789)..id(IS1001b.C.words790)"/>
   </ae>
   <ae nite:id="IS1001b.C.argumentstructs.Rutger.8">
      <nite:pointer role="type"  href="ae-types.xml#id(ae_1)"/>
      <nite:child href="IS1001b.C.words.xml#id(IS1001b.C.words797)"/>
   </ae>
   <ae nite:id="IS1001b.C.argumentstructs.Rutger.9">
      <nite:pointer role="type"  href="ae-types.xml#id(ae_1)"/>
      <nite:child href="IS1001b.C.words.xml#id(IS1001b.C.words801)..id(IS1001b.C.words804)"/>
   </ae>
   <ae nite:id="IS1001b.C.argumentstructs.Rutger.10">
      <nite:pointer role="type"  href="ae-types.xml#id(ae_1)"/>
      <nite:child href="IS1001b.C.words.xml#id(IS1001b.C.words805)..id(IS1001b.C.words806)"/>
   </ae>
   <ae nite:id="IS1001b.C.argumentstructs.Rutger.11">
      <nite:pointer role="type"  href="ae-types.xml#id(ae_1)"/>
      <nite:child href="IS1001b.C.words.xml#id(IS1001b.C.words832)..id(IS1001b.C.words880)"/>
   </ae>
   <ae nite:id="IS1001b.C.argumentstructs.Rutger.12">
      <nite:pointer role="type"  href="ae-types.xml#id(ae_1)"/>
      <nite:child href="IS1001b.C.words.xml#id(IS1001b.C.words889)..id(IS1001b.C.words919)"/>
   </ae>
   <ae nite:id="IS1001b.C.argumentstructs.Rutger.13">
      <nite:pointer role="type"  href="ae-types.xml#id(ae_1)"/>
      <nite:child href="IS1001b.C.words.xml#id(IS1001b.C.words920)..id(IS1001b.C.words926)"/>
   </ae>
   <ae nite:id="IS1001b.C.argumentstructs.Rutger.14">
      <nite:pointer role="type"  href="ae-types.xml#id(ae_1)"/>
      <nite:child href="IS1001b.C.words.xml#id(IS1001b.C.words927)..id(IS1001b.C.words928)"/>
   </ae>
   <ae nite:id="IS1001b.C.argumentstructs.Rutger.15">
      <nite:pointer role="type"  href="ae-types.xml#id(ae_1)"/>
      <nite:child href="IS1001b.C.words.xml#id(IS1001b.C.words932)..id(IS1001b.C.words933)"/>
   </ae>
   <ae nite:id="IS1001b.C.argumentstructs.Rutger.16">
      <nite:pointer role="type"  href="ae-types.xml#id(ae_1)"/>
      <nite:child href="IS1001b.C.words.xml#id(IS1001b.C.words934)..id(IS1001b.C.words965)"/>
   </ae>
   <ae nite:id="IS1001b.C.argumentstructs.Rutger.17">
      <nite:pointer role="type"  href="ae-types.xml#id(ae_1)"/>
      <nite:child href="IS1001b.C.words.xml#id(IS1001b.C.words968)..id(IS1001b.C.words974)"/>
   </ae>
   <ae nite:id="IS1001b.C.argumentstructs.Rutger.18">
      <nite:pointer role="type"  href="ae-types.xml#id(ae_1)"/>
      <nite:child href="IS1001b.C.words.xml#id(IS1001b.C.words977)..id(IS1001b.C.words999)"/>
   </ae>
   <ae nite:id="IS1001b.C.argumentstructs.Rutger.19">
      <nite:pointer role="type"  href="ae-types.xml#id(ae_1)"/>
      <nite:child href="IS1001b.C.words.xml#id(IS1001b.C.words1000)..id(IS1001b.C.words1001)"/>
   </ae>
   <ae nite:id="IS1001b.C.argumentstructs.Rutger.20">
      <nite:pointer role="type"  href="ae-types.xml#id(ae_1)"/>
      <nite:child href="IS1001b.C.words.xml#id(IS1001b.C.words1004)..id(IS1001b.C.words1009)"/>
   </ae>
   <ae nite:id="IS1001b.C.argumentstructs.21">
      <nite:pointer role="type"  href="ae-types.xml#id(ae_6)"/>
      <nite:child href="IS1001b.C.words.xml#id(IS1001b.C.words744)..id(IS1001b.C.words748)"/>
   </ae>
   <ae nite:id="IS1001b.C.argumentstructs.22">
      <nite:pointer role="type"  href="ae-types.xml#id(ae_6)"/>
      <nite:child href="IS1001b.C.words.xml#id(IS1001b.C.words781)..id(IS1001b.C.words782)"/>
   </ae>
   <ae nite:id="IS1001b.C.argumentstructs.23">
      <nite:pointer role="type"  href="ae-types.xml#id(ae_6)"/>
      <nite:child href="IS1001b.C.words.xml#id(IS1001b.C.words785)..id(IS1001b.C.words788)"/>
   </ae>
   <ae nite:id="IS1001b.C.argumentstructs.24">
      <nite:pointer role="type"  href="ae-types.xml#id(ae_6)"/>
      <nite:child href="IS1001b.C.words.xml#id(IS1001b.C.words791)..id(IS1001b.C.words796)"/>
   </ae>
   <ae nite:id="IS1001b.C.argumentstructs.25">
      <nite:pointer role="type"  href="ae-types.xml#id(ae_6)"/>
      <nite:child href="IS1001b.C.words.xml#id(IS1001b.C.words798)..id(IS1001b.C.words800)"/>
   </ae>
   <ae nite:id="IS1001b.C.argumentstructs.26">
      <nite:pointer role="type"  href="ae-types.xml#id(ae_6)"/>
      <nite:child href="IS1001b.C.words.xml#id(IS1001b.C.words807)..id(IS1001b.C.words808)"/>
      <nite:child href="IS1001b.C.words.xml#id(IS1001b.C.words810)..id(IS1001b.C.words825)"/>
      <nite:child href="IS1001b.C.words.xml#id(IS1001b.C.words827)..id(IS1001b.C.words831)"/>
   </ae>
   <ae nite:id="IS1001b.C.argumentstructs.27">
      <nite:pointer role="type"  href="ae-types.xml#id(ae_6)"/>
      <nite:child href="IS1001b.C.words.xml#id(IS1001b.C.words881)..id(IS1001b.C.words886)"/>
   </ae>
   <ae nite:id="IS1001b.C.argumentstructs.28">
      <nite:pointer role="type"  href="ae-types.xml#id(ae_6)"/>
      <nite:child href="IS1001b.C.words.xml#id(IS1001b.C.words930)..id(IS1001b.C.words931)"/>
   </ae>
   <ae nite:id="IS1001b.C.argumentstructs.29">
      <nite:pointer role="type"  href="ae-types.xml#id(ae_6)"/>
      <nite:child href="IS1001b.C.words.xml#id(IS1001b.C.words966)"/>
   </ae>
   <ae nite:id="IS1001b.C.argumentstructs.30">
      <nite:pointer role="type"  href="ae-types.xml#id(ae_6)"/>
      <nite:child href="IS1001b.C.words.xml#id(IS1001b.C.words975)..id(IS1001b.C.words976)"/>
   </ae>
   <ae nite:id="IS1001b.C.argumentstructs.31">
      <nite:pointer role="type"  href="ae-types.xml#id(ae_6)"/>
      <nite:child href="IS1001b.C.words.xml#id(IS1001b.C.words1002)..id(IS1001b.C.words1003)"/>
   </ae>
</nite:root>