<?xml version="1.0" encoding="ISO-8859-1" standalone="yes"?>
<nite:root nite:id="IS1005a.D.argumentstructs" xmlns:nite="http://nite.sourceforge.net/">
   <ae nite:id="IS1005a.D.argumentstructs.Rutger.1">
      <nite:pointer role="type"  href="ae-types.xml#id(ae_1)"/>
      <nite:child href="IS1005a.D.words.xml#id(IS1005a.D.words268)..id(IS1005a.D.words273)"/>
   </ae>
   <ae nite:id="IS1005a.D.argumentstructs.Rutger.2">
      <nite:pointer role="type"  href="ae-types.xml#id(ae_1)"/>
      <nite:child href="IS1005a.D.words.xml#id(IS1005a.D.words274)..id(IS1005a.D.words277)"/>
   </ae>
   <ae nite:id="IS1005a.D.argumentstructs.Rutger.3">
      <nite:pointer role="type"  href="ae-types.xml#id(ae_5)"/>
      <nite:child href="IS1005a.D.words.xml#id(IS1005a.D.words278)..id(IS1005a.D.words291)"/>
   </ae>
   <ae nite:id="IS1005a.D.argumentstructs.Rutger.4">
      <nite:pointer role="type"  href="ae-types.xml#id(ae_1)"/>
      <nite:child href="IS1005a.D.words.xml#id(IS1005a.D.words292)..id(IS1005a.D.words293)"/>
   </ae>
   <ae nite:id="IS1005a.D.argumentstructs.Rutger.5">
      <nite:pointer role="type"  href="ae-types.xml#id(ae_1)"/>
      <nite:child href="IS1005a.D.words.xml#id(IS1005a.D.words294)..id(IS1005a.D.words295)"/>
   </ae>
</nite:root>