<?xml version="1.0" encoding="ISO-8859-1" standalone="yes"?>
<nite:root nite:id="IS1007d.D.argumentstructs" xmlns:nite="http://nite.sourceforge.net/">
   <ae nite:id="IS1007d.D.argumentstructs.Daan.1">
      <nite:pointer role="type"  href="ae-types.xml#id(ae_1)"/>
      <nite:child href="IS1007d.D.words.xml#id(IS1007d.D.words705)..id(IS1007d.D.words724)"/>
   </ae>
   <ae nite:id="IS1007d.D.argumentstructs.Daan.2">
      <nite:pointer role="type"  href="ae-types.xml#id(ae_3)"/>
      <nite:child href="IS1007d.D.words.xml#id(IS1007d.D.words725)..id(IS1007d.D.words747)"/>
   </ae>
   <ae nite:id="IS1007d.D.argumentstructs.Daan.3">
      <nite:pointer role="type"  href="ae-types.xml#id(ae_1)"/>
      <nite:child href="IS1007d.D.words.xml#id(IS1007d.D.words748)..id(IS1007d.D.words757)"/>
   </ae>
   <ae nite:id="IS1007d.D.argumentstructs.Daan.4">
      <nite:pointer role="type"  href="ae-types.xml#id(ae_3)"/>
      <nite:child href="IS1007d.D.words.xml#id(IS1007d.D.words758)..id(IS1007d.D.words787)"/>
   </ae>
   <ae nite:id="IS1007d.D.argumentstructs.Daan.5">
      <nite:pointer role="type"  href="ae-types.xml#id(ae_5)"/>
      <nite:child href="IS1007d.D.words.xml#id(IS1007d.D.words788)..id(IS1007d.D.words794)"/>
   </ae>
   <ae nite:id="IS1007d.D.argumentstructs.Daan.7">
      <nite:pointer role="type"  href="ae-types.xml#id(ae_1)"/>
      <nite:child href="IS1007d.D.words.xml#id(IS1007d.D.words796)..id(IS1007d.D.words804)"/>
   </ae>
   <ae nite:id="IS1007d.D.argumentstructs.Daan.8">
      <nite:pointer role="type"  href="ae-types.xml#id(ae_3)"/>
      <nite:child href="IS1007d.D.words.xml#id(IS1007d.D.words805)..id(IS1007d.D.words813)"/>
   </ae>
   <ae nite:id="IS1007d.D.argumentstructs.Daan.9">
      <nite:pointer role="type"  href="ae-types.xml#id(ae_3)"/>
      <nite:child href="IS1007d.D.words.xml#id(IS1007d.D.words816)..id(IS1007d.D.words825)"/>
   </ae>
   <ae nite:id="IS1007d.D.argumentstructs.Daan.10">
      <nite:pointer role="type"  href="ae-types.xml#id(ae_1)"/>
      <nite:child href="IS1007d.D.words.xml#id(IS1007d.D.words826)..id(IS1007d.D.words830)"/>
   </ae>
   <ae nite:id="IS1007d.D.argumentstructs.Daan.11">
      <nite:pointer role="type"  href="ae-types.xml#id(ae_3)"/>
      <nite:child href="IS1007d.D.words.xml#id(IS1007d.D.words831)..id(IS1007d.D.words834)"/>
   </ae>
   <ae nite:id="IS1007d.D.argumentstructs.Daan.12">
      <nite:pointer role="type"  href="ae-types.xml#id(ae_3)"/>
      <nite:child href="IS1007d.D.words.xml#id(IS1007d.D.words835)..id(IS1007d.D.words851)"/>
   </ae>
   <ae nite:id="IS1007d.D.argumentstructs.Daan.13">
      <nite:pointer role="type"  href="ae-types.xml#id(ae_3)"/>
      <nite:child href="IS1007d.D.words.xml#id(IS1007d.D.words852)..id(IS1007d.D.words858)"/>
   </ae>
   <ae nite:id="IS1007d.D.argumentstructs.Daan.14">
      <nite:pointer role="type"  href="ae-types.xml#id(ae_1)"/>
      <nite:child href="IS1007d.D.words.xml#id(IS1007d.D.words861)..id(IS1007d.D.words906)"/>
   </ae>
   <ae nite:id="IS1007d.D.argumentstructs.Daan.15">
      <nite:pointer role="type"  href="ae-types.xml#id(ae_1)"/>
      <nite:child href="IS1007d.D.words.xml#id(IS1007d.D.words907)..id(IS1007d.D.words918)"/>
   </ae>
   <ae nite:id="IS1007d.D.argumentstructs.Daan.16">
      <nite:pointer role="type"  href="ae-types.xml#id(ae_1)"/>
      <nite:child href="IS1007d.D.words.xml#id(IS1007d.D.words919)..id(IS1007d.D.words965)"/>
   </ae>
   <ae nite:id="IS1007d.D.argumentstructs.Daan.17">
      <nite:pointer role="type"  href="ae-types.xml#id(ae_1)"/>
      <nite:child href="IS1007d.D.words.xml#id(IS1007d.D.words966)..id(IS1007d.D.words979)"/>
   </ae>
   <ae nite:id="IS1007d.D.argumentstructs.Daan.18">
      <nite:pointer role="type"  href="ae-types.xml#id(ae_1)"/>
      <nite:child href="IS1007d.D.words.xml#id(IS1007d.D.words980)..id(IS1007d.D.words1010)"/>
   </ae>
   <ae nite:id="IS1007d.D.argumentstructs.Daan.19">
      <nite:pointer role="type"  href="ae-types.xml#id(ae_1)"/>
      <nite:child href="IS1007d.D.words.xml#id(IS1007d.D.words1011)..id(IS1007d.D.words1020)"/>
   </ae>
   <ae nite:id="IS1007d.D.argumentstructs.Daan.20">
      <nite:pointer role="type"  href="ae-types.xml#id(ae_5)"/>
      <nite:child href="IS1007d.D.words.xml#id(IS1007d.D.words1024)..id(IS1007d.D.words1038)"/>
   </ae>
   <ae nite:id="IS1007d.D.argumentstructs.Daan.21">
      <nite:pointer role="type"  href="ae-types.xml#id(ae_4)"/>
      <nite:child href="IS1007d.D.words.xml#id(IS1007d.D.words1039)..id(IS1007d.D.words1055)"/>
   </ae>
   <ae nite:id="IS1007d.D.argumentstructs.Daan.22">
      <nite:pointer role="type"  href="ae-types.xml#id(ae_1)"/>
      <nite:child href="IS1007d.D.words.xml#id(IS1007d.D.words1058)..id(IS1007d.D.words1123)"/>
   </ae>
   <ae nite:id="IS1007d.D.argumentstructs.Daan.23">
      <nite:pointer role="type"  href="ae-types.xml#id(ae_1)"/>
      <nite:child href="IS1007d.D.words.xml#id(IS1007d.D.words1124)..id(IS1007d.D.words1127)"/>
   </ae>
   <ae nite:id="IS1007d.D.argumentstructs.Daan.24">
      <nite:pointer role="type"  href="ae-types.xml#id(ae_1)"/>
      <nite:child href="IS1007d.D.words.xml#id(IS1007d.D.words1128)..id(IS1007d.D.words1132)"/>
   </ae>
   <ae nite:id="IS1007d.D.argumentstructs.Daan.25">
      <nite:pointer role="type"  href="ae-types.xml#id(ae_5)"/>
      <nite:child href="IS1007d.D.words.xml#id(IS1007d.D.words1133)..id(IS1007d.D.words1141)"/>
   </ae>
   <ae nite:id="IS1007d.D.argumentstructs.Daan.26">
      <nite:pointer role="type"  href="ae-types.xml#id(ae_5)"/>
      <nite:child href="IS1007d.D.words.xml#id(IS1007d.D.words1142)..id(IS1007d.D.words1149)"/>
   </ae>
   <ae nite:id="IS1007d.D.argumentstructs.Daan.27">
      <nite:pointer role="type"  href="ae-types.xml#id(ae_1)"/>
      <nite:child href="IS1007d.D.words.xml#id(IS1007d.D.words1150)..id(IS1007d.D.words1161)"/>
   </ae>
   <ae nite:id="IS1007d.D.argumentstructs.Daan.28">
      <nite:pointer role="type"  href="ae-types.xml#id(ae_1)"/>
      <nite:child href="IS1007d.D.words.xml#id(IS1007d.D.words1163)..id(IS1007d.D.words1193)"/>
   </ae>
   <ae nite:id="IS1007d.D.argumentstructs.Daan.29">
      <nite:pointer role="type"  href="ae-types.xml#id(ae_1)"/>
      <nite:child href="IS1007d.D.words.xml#id(IS1007d.D.words1196)..id(IS1007d.D.words1216)"/>
   </ae>
   <ae nite:id="IS1007d.D.argumentstructs.Daan.30">
      <nite:pointer role="type"  href="ae-types.xml#id(ae_1)"/>
      <nite:child href="IS1007d.D.words.xml#id(IS1007d.D.words1217)..id(IS1007d.D.words1220)"/>
   </ae>
   <ae nite:id="IS1007d.D.argumentstructs.Daan.31">
      <nite:pointer role="type"  href="ae-types.xml#id(ae_1)"/>
      <nite:child href="IS1007d.D.words.xml#id(IS1007d.D.words1223)..id(IS1007d.D.words1252)"/>
   </ae>
   <ae nite:id="IS1007d.D.argumentstructs.Daan.32">
      <nite:pointer role="type"  href="ae-types.xml#id(ae_1)"/>
      <nite:child href="IS1007d.D.words.xml#id(IS1007d.D.words1253)..id(IS1007d.D.words1268)"/>
   </ae>
   <ae nite:id="IS1007d.D.argumentstructs.Daan.33">
      <nite:pointer role="type"  href="ae-types.xml#id(ae_1)"/>
      <nite:child href="IS1007d.D.words.xml#id(IS1007d.D.words1269)..id(IS1007d.D.words1312)"/>
   </ae>
   <ae nite:id="IS1007d.D.argumentstructs.Daan.34">
      <nite:pointer role="type"  href="ae-types.xml#id(ae_5)"/>
      <nite:child href="IS1007d.D.words.xml#id(IS1007d.D.words1313)..id(IS1007d.D.words1326)"/>
   </ae>
   <ae nite:id="IS1007d.D.argumentstructs.Daan.35">
      <nite:pointer role="type"  href="ae-types.xml#id(ae_1)"/>
      <nite:child href="IS1007d.D.words.xml#id(IS1007d.D.words1327)..id(IS1007d.D.words1333)"/>
   </ae>
   <ae nite:id="IS1007d.D.argumentstructs.Daan.36">
      <nite:pointer role="type"  href="ae-types.xml#id(ae_1)"/>
      <nite:child href="IS1007d.D.words.xml#id(IS1007d.D.words1334)..id(IS1007d.D.words1348)"/>
   </ae>
   <ae nite:id="IS1007d.D.argumentstructs.Daan.37">
      <nite:pointer role="type"  href="ae-types.xml#id(ae_1)"/>
      <nite:child href="IS1007d.D.words.xml#id(IS1007d.D.words1349)..id(IS1007d.D.words1372)"/>
   </ae>
   <ae nite:id="IS1007d.D.argumentstructs.38">
      <nite:pointer role="type"  href="ae-types.xml#id(ae_6)"/>
      <nite:child href="IS1007d.D.words.xml#id(IS1007d.D.words814)..id(IS1007d.D.words815)"/>
   </ae>
   <ae nite:id="IS1007d.D.argumentstructs.39">
      <nite:pointer role="type"  href="ae-types.xml#id(ae_6)"/>
      <nite:child href="IS1007d.D.words.xml#id(IS1007d.D.words859)..id(IS1007d.D.words860)"/>
   </ae>
   <ae nite:id="IS1007d.D.argumentstructs.40">
      <nite:pointer role="type"  href="ae-types.xml#id(ae_6)"/>
      <nite:child href="IS1007d.D.words.xml#id(IS1007d.D.words1021)..id(IS1007d.D.words1022)"/>
   </ae>
   <ae nite:id="IS1007d.D.argumentstructs.41">
      <nite:pointer role="type"  href="ae-types.xml#id(ae_6)"/>
      <nite:child href="IS1007d.D.words.xml#id(IS1007d.D.words1056)..id(IS1007d.D.words1057)"/>
   </ae>
   <ae nite:id="IS1007d.D.argumentstructs.42">
      <nite:pointer role="type"  href="ae-types.xml#id(ae_6)"/>
      <nite:child href="IS1007d.D.words.xml#id(IS1007d.D.words1162)"/>
   </ae>
   <ae nite:id="IS1007d.D.argumentstructs.43">
      <nite:pointer role="type"  href="ae-types.xml#id(ae_6)"/>
      <nite:child href="IS1007d.D.words.xml#id(IS1007d.D.words1221)..id(IS1007d.D.words1222)"/>
   </ae>
</nite:root>