<?xml version="1.0" encoding="ISO-8859-1" standalone="yes"?>
<nite:root nite:id="IS1005c.A.argumentstructs" xmlns:nite="http://nite.sourceforge.net/">
   <ae nite:id="IS1005c.A.argumentstructs.Rutger.1">
      <nite:pointer role="type"  href="ae-types.xml#id(ae_1)"/>
      <nite:child href="IS1005c.A.words.xml#id(IS1005c.A.words530)..id(IS1005c.A.words535)"/>
   </ae>
   <ae nite:id="IS1005c.A.argumentstructs.Rutger.2">
      <nite:pointer role="type"  href="ae-types.xml#id(ae_3)"/>
      <nite:child href="IS1005c.A.words.xml#id(IS1005c.A.words536)..id(IS1005c.A.words559)"/>
   </ae>
   <ae nite:id="IS1005c.A.argumentstructs.Rutger.3">
      <nite:pointer role="type"  href="ae-types.xml#id(ae_4)"/>
      <nite:child href="IS1005c.A.words.xml#id(IS1005c.A.words560)..id(IS1005c.A.words565)"/>
   </ae>
   <ae nite:id="IS1005c.A.argumentstructs.Rutger.4">
      <nite:pointer role="type"  href="ae-types.xml#id(ae_1)"/>
      <nite:child href="IS1005c.A.words.xml#id(IS1005c.A.words566)..id(IS1005c.A.words567)"/>
   </ae>
   <ae nite:id="IS1005c.A.argumentstructs.Rutger.5">
      <nite:pointer role="type"  href="ae-types.xml#id(ae_1)"/>
      <nite:child href="IS1005c.A.words.xml#id(IS1005c.A.words568)..id(IS1005c.A.words572)"/>
   </ae>
   <ae nite:id="IS1005c.A.argumentstructs.Rutger.6">
      <nite:pointer role="type"  href="ae-types.xml#id(ae_1)"/>
      <nite:child href="IS1005c.A.words.xml#id(IS1005c.A.words574)..id(IS1005c.A.words591)"/>
   </ae>
   <ae nite:id="IS1005c.A.argumentstructs.Rutger.7">
      <nite:pointer role="type"  href="ae-types.xml#id(ae_1)"/>
      <nite:child href="IS1005c.A.words.xml#id(IS1005c.A.words592)..id(IS1005c.A.words595)"/>
   </ae>
   <ae nite:id="IS1005c.A.argumentstructs.Rutger.8">
      <nite:pointer role="type"  href="ae-types.xml#id(ae_1)"/>
      <nite:child href="IS1005c.A.words.xml#id(IS1005c.A.words596)..id(IS1005c.A.words607)"/>
   </ae>
   <ae nite:id="IS1005c.A.argumentstructs.Rutger.9">
      <nite:pointer role="type"  href="ae-types.xml#id(ae_3)"/>
      <nite:child href="IS1005c.A.words.xml#id(IS1005c.A.words610)..id(IS1005c.A.words683)"/>
   </ae>
   <ae nite:id="IS1005c.A.argumentstructs.Rutger.10">
      <nite:pointer role="type"  href="ae-types.xml#id(ae_1)"/>
      <nite:child href="IS1005c.A.words.xml#id(IS1005c.A.words684)..id(IS1005c.A.words706)"/>
   </ae>
   <ae nite:id="IS1005c.A.argumentstructs.Rutger.11">
      <nite:pointer role="type"  href="ae-types.xml#id(ae_5)"/>
      <nite:child href="IS1005c.A.words.xml#id(IS1005c.A.words707)..id(IS1005c.A.words715)"/>
   </ae>
   <ae nite:id="IS1005c.A.argumentstructs.Rutger.12">
      <nite:pointer role="type"  href="ae-types.xml#id(ae_1)"/>
      <nite:child href="IS1005c.A.words.xml#id(IS1005c.A.words716)..id(IS1005c.A.words731)"/>
   </ae>
   <ae nite:id="IS1005c.A.argumentstructs.Rutger.13">
      <nite:pointer role="type"  href="ae-types.xml#id(ae_1)"/>
      <nite:child href="IS1005c.A.words.xml#id(IS1005c.A.words732)..id(IS1005c.A.words754)"/>
   </ae>
   <ae nite:id="IS1005c.A.argumentstructs.Rutger.14">
      <nite:pointer role="type"  href="ae-types.xml#id(ae_1)"/>
      <nite:child href="IS1005c.A.words.xml#id(IS1005c.A.words755)..id(IS1005c.A.words762)"/>
   </ae>
   <ae nite:id="IS1005c.A.argumentstructs.Rutger.15">
      <nite:pointer role="type"  href="ae-types.xml#id(ae_1)"/>
      <nite:child href="IS1005c.A.words.xml#id(IS1005c.A.words763)..id(IS1005c.A.words772)"/>
   </ae>
   <ae nite:id="IS1005c.A.argumentstructs.16">
      <nite:pointer role="type"  href="ae-types.xml#id(ae_6)"/>
      <nite:child href="IS1005c.A.words.xml#id(IS1005c.A.words608)..id(IS1005c.A.words609)"/>
   </ae>
</nite:root>