<?xml version="1.0" encoding="ISO-8859-1" standalone="yes"?>
<nite:root nite:id="IS1008b.D.argumentstructs" xmlns:nite="http://nite.sourceforge.net/">
   <ae nite:id="IS1008b.D.argumentstructs.Daan.1">
      <nite:pointer role="type"  href="ae-types.xml#id(ae_1)"/>
      <nite:child href="IS1008b.D.words.xml#id(IS1008b.D.words7)..id(IS1008b.D.words8)"/>
   </ae>
   <ae nite:id="IS1008b.D.argumentstructs.Daan.2">
      <nite:pointer role="type"  href="ae-types.xml#id(ae_1)"/>
      <nite:child href="IS1008b.D.words.xml#id(IS1008b.D.words899)..id(IS1008b.D.words903)"/>
   </ae>
   <ae nite:id="IS1008b.D.argumentstructs.Daan.3">
      <nite:pointer role="type"  href="ae-types.xml#id(ae_1)"/>
      <nite:child href="IS1008b.D.words.xml#id(IS1008b.D.words904)..id(IS1008b.D.words912)"/>
   </ae>
   <ae nite:id="IS1008b.D.argumentstructs.4">
      <nite:pointer role="type"  href="ae-types.xml#id(ae_6)"/>
      <nite:child href="IS1008b.D.words.xml#id(IS1008b.D.words4)..id(IS1008b.D.words5)"/>
   </ae>
   <ae nite:id="IS1008b.D.argumentstructs.5">
      <nite:pointer role="type"  href="ae-types.xml#id(ae_6)"/>
      <nite:child href="IS1008b.D.words.xml#id(IS1008b.D.words592)..id(IS1008b.D.words596)"/>
   </ae>
   <ae nite:id="IS1008b.D.argumentstructs.6">
      <nite:pointer role="type"  href="ae-types.xml#id(ae_6)"/>
      <nite:child href="IS1008b.D.words.xml#id(IS1008b.D.words893)..id(IS1008b.D.words897)"/>
   </ae>
</nite:root>