<?xml version="1.0" encoding="ISO-8859-1" standalone="yes"?>
<nite:root nite:id="IS1009d.A.argumentstructs" xmlns:nite="http://nite.sourceforge.net/">
   <ae nite:id="IS1009d.A.argumentstructs.Daan.1">
      <nite:pointer role="type"  href="ae-types.xml#id(ae_4)"/>
      <nite:child href="IS1009d.A.words.xml#id(IS1009d.A.words780)..id(IS1009d.A.words816)"/>
   </ae>
   <ae nite:id="IS1009d.A.argumentstructs.Daan.2">
      <nite:pointer role="type"  href="ae-types.xml#id(ae_1)"/>
      <nite:child href="IS1009d.A.words.xml#id(IS1009d.A.words817)..id(IS1009d.A.words838)"/>
   </ae>
   <ae nite:id="IS1009d.A.argumentstructs.Daan.3">
      <nite:pointer role="type"  href="ae-types.xml#id(ae_1)"/>
      <nite:child href="IS1009d.A.words.xml#id(IS1009d.A.words839)..id(IS1009d.A.words865)"/>
   </ae>
   <ae nite:id="IS1009d.A.argumentstructs.Daan.4">
      <nite:pointer role="type"  href="ae-types.xml#id(ae_1)"/>
      <nite:child href="IS1009d.A.words.xml#id(IS1009d.A.words866)..id(IS1009d.A.words868)"/>
   </ae>
   <ae nite:id="IS1009d.A.argumentstructs.Daan.5">
      <nite:pointer role="type"  href="ae-types.xml#id(ae_1)"/>
      <nite:child href="IS1009d.A.words.xml#id(IS1009d.A.words869)..id(IS1009d.A.words879)"/>
   </ae>
   <ae nite:id="IS1009d.A.argumentstructs.Daan.6">
      <nite:pointer role="type"  href="ae-types.xml#id(ae_1)"/>
      <nite:child href="IS1009d.A.words.xml#id(IS1009d.A.words888)..id(IS1009d.A.words908)"/>
   </ae>
   <ae nite:id="IS1009d.A.argumentstructs.Daan.7">
      <nite:pointer role="type"  href="ae-types.xml#id(ae_1)"/>
      <nite:child href="IS1009d.A.words.xml#id(IS1009d.A.words909)..id(IS1009d.A.words926)"/>
   </ae>
   <ae nite:id="IS1009d.A.argumentstructs.Daan.8">
      <nite:pointer role="type"  href="ae-types.xml#id(ae_1)"/>
      <nite:child href="IS1009d.A.words.xml#id(IS1009d.A.words927)..id(IS1009d.A.words931)"/>
   </ae>
   <ae nite:id="IS1009d.A.argumentstructs.Daan.9">
      <nite:pointer role="type"  href="ae-types.xml#id(ae_1)"/>
      <nite:child href="IS1009d.A.words.xml#id(IS1009d.A.words1407)..id(IS1009d.A.words1425)"/>
   </ae>
   <ae nite:id="IS1009d.A.argumentstructs.Daan.10">
      <nite:pointer role="type"  href="ae-types.xml#id(ae_1)"/>
      <nite:child href="IS1009d.A.words.xml#id(IS1009d.A.words1426)..id(IS1009d.A.words1444)"/>
   </ae>
   <ae nite:id="IS1009d.A.argumentstructs.Daan.11">
      <nite:pointer role="type"  href="ae-types.xml#id(ae_1)"/>
      <nite:child href="IS1009d.A.words.xml#id(IS1009d.A.words1445)..id(IS1009d.A.words1451)"/>
   </ae>
   <ae nite:id="IS1009d.A.argumentstructs.Daan.12">
      <nite:pointer role="type"  href="ae-types.xml#id(ae_1)"/>
      <nite:child href="IS1009d.A.words.xml#id(IS1009d.A.words1452)..id(IS1009d.A.words1467)"/>
   </ae>
   <ae nite:id="IS1009d.A.argumentstructs.Daan.13">
      <nite:pointer role="type"  href="ae-types.xml#id(ae_1)"/>
      <nite:child href="IS1009d.A.words.xml#id(IS1009d.A.words1468)..id(IS1009d.A.words1503)"/>
   </ae>
   <ae nite:id="IS1009d.A.argumentstructs.Daan.14">
      <nite:pointer role="type"  href="ae-types.xml#id(ae_1)"/>
      <nite:child href="IS1009d.A.words.xml#id(IS1009d.A.words1504)..id(IS1009d.A.words1526)"/>
   </ae>
   <ae nite:id="IS1009d.A.argumentstructs.Daan.15">
      <nite:pointer role="type"  href="ae-types.xml#id(ae_1)"/>
      <nite:child href="IS1009d.A.words.xml#id(IS1009d.A.words1613)..id(IS1009d.A.words1620)"/>
   </ae>
   <ae nite:id="IS1009d.A.argumentstructs.Daan.16">
      <nite:pointer role="type"  href="ae-types.xml#id(ae_1)"/>
      <nite:child href="IS1009d.A.words.xml#id(IS1009d.A.words1621)..id(IS1009d.A.words1628)"/>
   </ae>
   <ae nite:id="IS1009d.A.argumentstructs.Daan.17">
      <nite:pointer role="type"  href="ae-types.xml#id(ae_1)"/>
      <nite:child href="IS1009d.A.words.xml#id(IS1009d.A.words1629)..id(IS1009d.A.words1644)"/>
   </ae>
   <ae nite:id="IS1009d.A.argumentstructs.Daan.18">
      <nite:pointer role="type"  href="ae-types.xml#id(ae_1)"/>
      <nite:child href="IS1009d.A.words.xml#id(IS1009d.A.words1649)..id(IS1009d.A.words1650)"/>
   </ae>
   <ae nite:id="IS1009d.A.argumentstructs.Daan.19">
      <nite:pointer role="type"  href="ae-types.xml#id(ae_1)"/>
      <nite:child href="IS1009d.A.words.xml#id(IS1009d.A.words1651)..id(IS1009d.A.words1659)"/>
   </ae>
   <ae nite:id="IS1009d.A.argumentstructs.Daan.20">
      <nite:pointer role="type"  href="ae-types.xml#id(ae_1)"/>
      <nite:child href="IS1009d.A.words.xml#id(IS1009d.A.words1660)..id(IS1009d.A.words1670)"/>
   </ae>
   <ae nite:id="IS1009d.A.argumentstructs.Daan.21">
      <nite:pointer role="type"  href="ae-types.xml#id(ae_1)"/>
      <nite:child href="IS1009d.A.words.xml#id(IS1009d.A.words1671)..id(IS1009d.A.words1702)"/>
   </ae>
   <ae nite:id="IS1009d.A.argumentstructs.Daan.22">
      <nite:pointer role="type"  href="ae-types.xml#id(ae_1)"/>
      <nite:child href="IS1009d.A.words.xml#id(IS1009d.A.words1703)..id(IS1009d.A.words1708)"/>
   </ae>
   <ae nite:id="IS1009d.A.argumentstructs.23">
      <nite:pointer role="type"  href="ae-types.xml#id(ae_6)"/>
      <nite:child href="IS1009d.A.words.xml#id(IS1009d.A.words932)..id(IS1009d.A.words937)"/>
   </ae>
   <ae nite:id="IS1009d.A.argumentstructs.24">
      <nite:pointer role="type"  href="ae-types.xml#id(ae_6)"/>
      <nite:child href="IS1009d.A.words.xml#id(IS1009d.A.words1645)..id(IS1009d.A.words1647)"/>
   </ae>
</nite:root>