<?xml version="1.0" encoding="ISO-8859-1" standalone="yes"?>
<nite:root nite:id="IS1009a.B.argumentstructs" xmlns:nite="http://nite.sourceforge.net/">
   <ae nite:id="IS1009a.B.argumentstructs.Daan.1">
      <nite:pointer role="type"  href="ae-types.xml#id(ae_1)"/>
      <nite:child href="IS1009a.B.words.xml#id(IS1009a.B.words84)..id(IS1009a.B.words159)"/>
   </ae>
   <ae nite:id="IS1009a.B.argumentstructs.Daan.2">
      <nite:pointer role="type"  href="ae-types.xml#id(ae_1)"/>
      <nite:child href="IS1009a.B.words.xml#id(IS1009a.B.words161)..id(IS1009a.B.words163)"/>
   </ae>
   <ae nite:id="IS1009a.B.argumentstructs.Daan.3">
      <nite:pointer role="type"  href="ae-types.xml#id(ae_1)"/>
      <nite:child href="IS1009a.B.words.xml#id(IS1009a.B.words175)..id(IS1009a.B.words195)"/>
   </ae>
   <ae nite:id="IS1009a.B.argumentstructs.Daan.4">
      <nite:pointer role="type"  href="ae-types.xml#id(ae_1)"/>
      <nite:child href="IS1009a.B.words.xml#id(IS1009a.B.words196)..id(IS1009a.B.words205)"/>
   </ae>
   <ae nite:id="IS1009a.B.argumentstructs.Daan.5">
      <nite:pointer role="type"  href="ae-types.xml#id(ae_1)"/>
      <nite:child href="IS1009a.B.words.xml#id(IS1009a.B.words214)..id(IS1009a.B.words219)"/>
   </ae>
   <ae nite:id="IS1009a.B.argumentstructs.6">
      <nite:pointer role="type"  href="ae-types.xml#id(ae_6)"/>
      <nite:child href="IS1009a.B.words.xml#id(IS1009a.B.words80)..id(IS1009a.B.words82)"/>
   </ae>
   <ae nite:id="IS1009a.B.argumentstructs.7">
      <nite:pointer role="type"  href="ae-types.xml#id(ae_6)"/>
      <nite:child href="IS1009a.B.words.xml#id(IS1009a.B.words160)"/>
   </ae>
   <ae nite:id="IS1009a.B.argumentstructs.8">
      <nite:pointer role="type"  href="ae-types.xml#id(ae_6)"/>
      <nite:child href="IS1009a.B.words.xml#id(IS1009a.B.words164)..id(IS1009a.B.words171)"/>
   </ae>
   <ae nite:id="IS1009a.B.argumentstructs.9">
      <nite:pointer role="type"  href="ae-types.xml#id(ae_6)"/>
      <nite:child href="IS1009a.B.words.xml#id(IS1009a.B.words173)..id(IS1009a.B.words174)"/>
   </ae>
   <ae nite:id="IS1009a.B.argumentstructs.10">
      <nite:pointer role="type"  href="ae-types.xml#id(ae_6)"/>
      <nite:child href="IS1009a.B.words.xml#id(IS1009a.B.words206)..id(IS1009a.B.words207)"/>
      <nite:child href="IS1009a.B.words.xml#id(IS1009a.B.words209)..id(IS1009a.B.words213)"/>
   </ae>
   <ae nite:id="IS1009a.B.argumentstructs.11">
      <nite:pointer role="type"  href="ae-types.xml#id(ae_6)"/>
      <nite:child href="IS1009a.B.words.xml#id(IS1009a.B.words220)..id(IS1009a.B.words225)"/>
      <nite:child href="IS1009a.B.words.xml#id(IS1009a.B.words227)..id(IS1009a.B.words233)"/>
   </ae>
</nite:root>