<?xml version="1.0" encoding="ISO-8859-1" standalone="yes"?>
<nite:root nite:id="IS1004b.A.argumentstructs" xmlns:nite="http://nite.sourceforge.net/">
   <ae nite:id="IS1004b.A.argumentstructs.Rutger.1">
      <nite:pointer role="type"  href="ae-types.xml#id(ae_3)"/>
      <nite:child href="IS1004b.A.words.xml#id(IS1004b.A.words215)..id(IS1004b.A.words295)"/>
   </ae>
   <ae nite:id="IS1004b.A.argumentstructs.Rutger.2">
      <nite:pointer role="type"  href="ae-types.xml#id(ae_1)"/>
      <nite:child href="IS1004b.A.words.xml#id(IS1004b.A.words296)..id(IS1004b.A.words300)"/>
   </ae>
   <ae nite:id="IS1004b.A.argumentstructs.Rutger.3">
      <nite:pointer role="type"  href="ae-types.xml#id(ae_3)"/>
      <nite:child href="IS1004b.A.words.xml#id(IS1004b.A.words304)..id(IS1004b.A.words306)"/>
   </ae>
   <ae nite:id="IS1004b.A.argumentstructs.Rutger.4">
      <nite:pointer role="type"  href="ae-types.xml#id(ae_3)"/>
      <nite:child href="IS1004b.A.words.xml#id(IS1004b.A.words307)..id(IS1004b.A.words314)"/>
   </ae>
   <ae nite:id="IS1004b.A.argumentstructs.Rutger.5">
      <nite:pointer role="type"  href="ae-types.xml#id(ae_4)"/>
      <nite:child href="IS1004b.A.words.xml#id(IS1004b.A.words315)..id(IS1004b.A.words316)"/>
   </ae>
   <ae nite:id="IS1004b.A.argumentstructs.Rutger.6">
      <nite:pointer role="type"  href="ae-types.xml#id(ae_1)"/>
      <nite:child href="IS1004b.A.words.xml#id(IS1004b.A.words317)..id(IS1004b.A.words323)"/>
   </ae>
   <ae nite:id="IS1004b.A.argumentstructs.Rutger.7">
      <nite:pointer role="type"  href="ae-types.xml#id(ae_3)"/>
      <nite:child href="IS1004b.A.words.xml#id(IS1004b.A.words324)..id(IS1004b.A.words328)"/>
   </ae>
   <ae nite:id="IS1004b.A.argumentstructs.Rutger.8">
      <nite:pointer role="type"  href="ae-types.xml#id(ae_1)"/>
      <nite:child href="IS1004b.A.words.xml#id(IS1004b.A.words331)..id(IS1004b.A.words334)"/>
   </ae>
   <ae nite:id="IS1004b.A.argumentstructs.Rutger.9">
      <nite:pointer role="type"  href="ae-types.xml#id(ae_5)"/>
      <nite:child href="IS1004b.A.words.xml#id(IS1004b.A.words347)..id(IS1004b.A.words351)"/>
   </ae>
   <ae nite:id="IS1004b.A.argumentstructs.Rutger.10">
      <nite:pointer role="type"  href="ae-types.xml#id(ae_1)"/>
      <nite:child href="IS1004b.A.words.xml#id(IS1004b.A.words1371)..id(IS1004b.A.words1403)"/>
   </ae>
   <ae nite:id="IS1004b.A.argumentstructs.Rutger.11">
      <nite:pointer role="type"  href="ae-types.xml#id(ae_1)"/>
      <nite:child href="IS1004b.A.words.xml#id(IS1004b.A.words1404)..id(IS1004b.A.words1443)"/>
   </ae>
   <ae nite:id="IS1004b.A.argumentstructs.Rutger.12">
      <nite:pointer role="type"  href="ae-types.xml#id(ae_1)"/>
      <nite:child href="IS1004b.A.words.xml#id(IS1004b.A.words1451)..id(IS1004b.A.words1459)"/>
   </ae>
   <ae nite:id="IS1004b.A.argumentstructs.Rutger.13">
      <nite:pointer role="type"  href="ae-types.xml#id(ae_1)"/>
      <nite:child href="IS1004b.A.words.xml#id(IS1004b.A.words1460)..id(IS1004b.A.words1477)"/>
   </ae>
   <ae nite:id="IS1004b.A.argumentstructs.Rutger.14">
      <nite:pointer role="type"  href="ae-types.xml#id(ae_1)"/>
      <nite:child href="IS1004b.A.words.xml#id(IS1004b.A.words1478)..id(IS1004b.A.words1491)"/>
   </ae>
   <ae nite:id="IS1004b.A.argumentstructs.Rutger.15">
      <nite:pointer role="type"  href="ae-types.xml#id(ae_1)"/>
      <nite:child href="IS1004b.A.words.xml#id(IS1004b.A.words1503)..id(IS1004b.A.words1522)"/>
   </ae>
   <ae nite:id="IS1004b.A.argumentstructs.Rutger.16">
      <nite:pointer role="type"  href="ae-types.xml#id(ae_1)"/>
      <nite:child href="IS1004b.A.words.xml#id(IS1004b.A.words1523)..id(IS1004b.A.words1567)"/>
   </ae>
   <ae nite:id="IS1004b.A.argumentstructs.17">
      <nite:pointer role="type"  href="ae-types.xml#id(ae_6)"/>
      <nite:child href="IS1004b.A.words.xml#id(IS1004b.A.words301)..id(IS1004b.A.words303)"/>
   </ae>
   <ae nite:id="IS1004b.A.argumentstructs.18">
      <nite:pointer role="type"  href="ae-types.xml#id(ae_6)"/>
      <nite:child href="IS1004b.A.words.xml#id(IS1004b.A.words329)..id(IS1004b.A.words330)"/>
   </ae>
   <ae nite:id="IS1004b.A.argumentstructs.19">
      <nite:pointer role="type"  href="ae-types.xml#id(ae_6)"/>
      <nite:child href="IS1004b.A.words.xml#id(IS1004b.A.words337)..id(IS1004b.A.words338)"/>
      <nite:child href="IS1004b.A.words.xml#id(IS1004b.A.words340)..id(IS1004b.A.words346)"/>
   </ae>
   <ae nite:id="IS1004b.A.argumentstructs.20">
      <nite:pointer role="type"  href="ae-types.xml#id(ae_6)"/>
      <nite:child href="IS1004b.A.words.xml#id(IS1004b.A.words1366)..id(IS1004b.A.words1370)"/>
   </ae>
   <ae nite:id="IS1004b.A.argumentstructs.21">
      <nite:pointer role="type"  href="ae-types.xml#id(ae_6)"/>
      <nite:child href="IS1004b.A.words.xml#id(IS1004b.A.words1444)..id(IS1004b.A.words1450)"/>
   </ae>
   <ae nite:id="IS1004b.A.argumentstructs.22">
      <nite:pointer role="type"  href="ae-types.xml#id(ae_6)"/>
      <nite:child href="IS1004b.A.words.xml#id(IS1004b.A.words1492)..id(IS1004b.A.words1493)"/>
      <nite:child href="IS1004b.A.words.xml#id(IS1004b.A.words1496)..id(IS1004b.A.words1502)"/>
   </ae>
</nite:root>