<?xml version="1.0" encoding="ISO-8859-1" standalone="yes"?>
<nite:root nite:id="IS1009b.A.argumentstructs" xmlns:nite="http://nite.sourceforge.net/">
   <ae nite:id="IS1009b.A.argumentstructs.Daan.1">
      <nite:pointer role="type"  href="ae-types.xml#id(ae_1)"/>
      <nite:child href="IS1009b.A.words.xml#id(IS1009b.A.words423)..id(IS1009b.A.words433)"/>
   </ae>
   <ae nite:id="IS1009b.A.argumentstructs.Daan.2">
      <nite:pointer role="type"  href="ae-types.xml#id(ae_1)"/>
      <nite:child href="IS1009b.A.words.xml#id(IS1009b.A.words434)..id(IS1009b.A.words461)"/>
   </ae>
   <ae nite:id="IS1009b.A.argumentstructs.Daan.3">
      <nite:pointer role="type"  href="ae-types.xml#id(ae_1)"/>
      <nite:child href="IS1009b.A.words.xml#id(IS1009b.A.words465)..id(IS1009b.A.words499)"/>
   </ae>
   <ae nite:id="IS1009b.A.argumentstructs.Daan.4">
      <nite:pointer role="type"  href="ae-types.xml#id(ae_1)"/>
      <nite:child href="IS1009b.A.words.xml#id(IS1009b.A.words506)..id(IS1009b.A.words510)"/>
   </ae>
   <ae nite:id="IS1009b.A.argumentstructs.Daan.5">
      <nite:pointer role="type"  href="ae-types.xml#id(ae_1)"/>
      <nite:child href="IS1009b.A.words.xml#id(IS1009b.A.words1349)..id(IS1009b.A.words1456)"/>
   </ae>
   <ae nite:id="IS1009b.A.argumentstructs.Daan.6">
      <nite:pointer role="type"  href="ae-types.xml#id(ae_1)"/>
      <nite:child href="IS1009b.A.words.xml#id(IS1009b.A.words1463)..id(IS1009b.A.words1531)"/>
   </ae>
   <ae nite:id="IS1009b.A.argumentstructs.7">
      <nite:pointer role="type"  href="ae-types.xml#id(ae_6)"/>
      <nite:child href="IS1009b.A.words.xml#id(IS1009b.A.words420)..id(IS1009b.A.words421)"/>
   </ae>
   <ae nite:id="IS1009b.A.argumentstructs.8">
      <nite:pointer role="type"  href="ae-types.xml#id(ae_6)"/>
      <nite:child href="IS1009b.A.words.xml#id(IS1009b.A.words462)..id(IS1009b.A.words464)"/>
   </ae>
   <ae nite:id="IS1009b.A.argumentstructs.9">
      <nite:pointer role="type"  href="ae-types.xml#id(ae_6)"/>
      <nite:child href="IS1009b.A.words.xml#id(IS1009b.A.words500)..id(IS1009b.A.words505)"/>
   </ae>
   <ae nite:id="IS1009b.A.argumentstructs.10">
      <nite:pointer role="type"  href="ae-types.xml#id(ae_6)"/>
      <nite:child href="IS1009b.A.words.xml#id(IS1009b.A.words511)..id(IS1009b.A.words512)"/>
   </ae>
   <ae nite:id="IS1009b.A.argumentstructs.11">
      <nite:pointer role="type"  href="ae-types.xml#id(ae_6)"/>
      <nite:child href="IS1009b.A.words.xml#id(IS1009b.A.words1457)..id(IS1009b.A.words1462)"/>
   </ae>
</nite:root>