<?xml version="1.0" encoding="ISO-8859-1" standalone="yes"?>
<nite:root nite:id="IS1006c.D.argumentstructs" xmlns:nite="http://nite.sourceforge.net/">
   <ae nite:id="IS1006c.D.argumentstructs.Daan.1">
      <nite:pointer role="type"  href="ae-types.xml#id(ae_1)"/>
      <nite:child href="IS1006c.D.words.xml#id(IS1006c.D.words31)..id(IS1006c.D.words33)"/>
   </ae>
   <ae nite:id="IS1006c.D.argumentstructs.Daan.2">
      <nite:pointer role="type"  href="ae-types.xml#id(ae_5)"/>
      <nite:child href="IS1006c.D.words.xml#id(IS1006c.D.words248)..id(IS1006c.D.words257)"/>
   </ae>
   <ae nite:id="IS1006c.D.argumentstructs.Daan.3">
      <nite:pointer role="type"  href="ae-types.xml#id(ae_1)"/>
      <nite:child href="IS1006c.D.words.xml#id(IS1006c.D.words262)..id(IS1006c.D.words267)"/>
   </ae>
   <ae nite:id="IS1006c.D.argumentstructs.Daan.4">
      <nite:pointer role="type"  href="ae-types.xml#id(ae_1)"/>
      <nite:child href="IS1006c.D.words.xml#id(IS1006c.D.words268)..id(IS1006c.D.words283)"/>
   </ae>
   <ae nite:id="IS1006c.D.argumentstructs.Daan.5">
      <nite:pointer role="type"  href="ae-types.xml#id(ae_1)"/>
      <nite:child href="IS1006c.D.words.xml#id(IS1006c.D.words295)..id(IS1006c.D.words317)"/>
   </ae>
   <ae nite:id="IS1006c.D.argumentstructs.Daan.6">
      <nite:pointer role="type"  href="ae-types.xml#id(ae_1)"/>
      <nite:child href="IS1006c.D.words.xml#id(IS1006c.D.words318)..id(IS1006c.D.words328)"/>
   </ae>
   <ae nite:id="IS1006c.D.argumentstructs.Daan.7">
      <nite:pointer role="type"  href="ae-types.xml#id(ae_1)"/>
      <nite:child href="IS1006c.D.words.xml#id(IS1006c.D.words351)..id(IS1006c.D.words354)"/>
   </ae>
   <ae nite:id="IS1006c.D.argumentstructs.Daan.8">
      <nite:pointer role="type"  href="ae-types.xml#id(ae_1)"/>
      <nite:child href="IS1006c.D.words.xml#id(IS1006c.D.words357)..id(IS1006c.D.words436)"/>
   </ae>
   <ae nite:id="IS1006c.D.argumentstructs.Daan.9">
      <nite:pointer role="type"  href="ae-types.xml#id(ae_1)"/>
      <nite:child href="IS1006c.D.words.xml#id(IS1006c.D.words438)..id(IS1006c.D.words454)"/>
   </ae>
   <ae nite:id="IS1006c.D.argumentstructs.Daan.10">
      <nite:pointer role="type"  href="ae-types.xml#id(ae_1)"/>
      <nite:child href="IS1006c.D.words.xml#id(IS1006c.D.words455)..id(IS1006c.D.words462)"/>
   </ae>
   <ae nite:id="IS1006c.D.argumentstructs.Daan.11">
      <nite:pointer role="type"  href="ae-types.xml#id(ae_1)"/>
      <nite:child href="IS1006c.D.words.xml#id(IS1006c.D.words467)..id(IS1006c.D.words473)"/>
   </ae>
   <ae nite:id="IS1006c.D.argumentstructs.Daan.12">
      <nite:pointer role="type"  href="ae-types.xml#id(ae_1)"/>
      <nite:child href="IS1006c.D.words.xml#id(IS1006c.D.words2099)..id(IS1006c.D.words2139)"/>
   </ae>
   <ae nite:id="IS1006c.D.argumentstructs.Daan.13">
      <nite:pointer role="type"  href="ae-types.xml#id(ae_1)"/>
      <nite:child href="IS1006c.D.words.xml#id(IS1006c.D.words2142)..id(IS1006c.D.words2157)"/>
   </ae>
   <ae nite:id="IS1006c.D.argumentstructs.14">
      <nite:pointer role="type"  href="ae-types.xml#id(ae_6)"/>
      <nite:child href="IS1006c.D.words.xml#id(IS1006c.D.words34)..id(IS1006c.D.words39)"/>
   </ae>
   <ae nite:id="IS1006c.D.argumentstructs.15">
      <nite:pointer role="type"  href="ae-types.xml#id(ae_6)"/>
      <nite:child href="IS1006c.D.words.xml#id(IS1006c.D.words258)..id(IS1006c.D.words260)"/>
   </ae>
   <ae nite:id="IS1006c.D.argumentstructs.16">
      <nite:pointer role="type"  href="ae-types.xml#id(ae_6)"/>
      <nite:child href="IS1006c.D.words.xml#id(IS1006c.D.words284)..id(IS1006c.D.words293)"/>
   </ae>
   <ae nite:id="IS1006c.D.argumentstructs.17">
      <nite:pointer role="type"  href="ae-types.xml#id(ae_6)"/>
      <nite:child href="IS1006c.D.words.xml#id(IS1006c.D.words329)..id(IS1006c.D.words332)"/>
      <nite:child href="IS1006c.D.words.xml#id(IS1006c.D.words335)..id(IS1006c.D.words340)"/>
      <nite:child href="IS1006c.D.words.xml#id(IS1006c.D.words342)..id(IS1006c.D.words350)"/>
   </ae>
   <ae nite:id="IS1006c.D.argumentstructs.18">
      <nite:pointer role="type"  href="ae-types.xml#id(ae_6)"/>
      <nite:child href="IS1006c.D.words.xml#id(IS1006c.D.words355)..id(IS1006c.D.words356)"/>
   </ae>
   <ae nite:id="IS1006c.D.argumentstructs.19">
      <nite:pointer role="type"  href="ae-types.xml#id(ae_6)"/>
      <nite:child href="IS1006c.D.words.xml#id(IS1006c.D.words463)..id(IS1006c.D.words466)"/>
   </ae>
   <ae nite:id="IS1006c.D.argumentstructs.20">
      <nite:pointer role="type"  href="ae-types.xml#id(ae_6)"/>
      <nite:child href="IS1006c.D.words.xml#id(IS1006c.D.words2097)..id(IS1006c.D.words2098)"/>
   </ae>
   <ae nite:id="IS1006c.D.argumentstructs.21">
      <nite:pointer role="type"  href="ae-types.xml#id(ae_6)"/>
      <nite:child href="IS1006c.D.words.xml#id(IS1006c.D.words2140)..id(IS1006c.D.words2141)"/>
   </ae>
</nite:root>