<?xml version="1.0" encoding="ISO-8859-1" standalone="yes"?>
<nite:root nite:id="IS1006b.A.argumentstructs" xmlns:nite="http://nite.sourceforge.net/">
   <ae nite:id="IS1006b.A.argumentstructs.Daan.1">
      <nite:pointer role="type"  href="ae-types.xml#id(ae_1)"/>
      <nite:child href="IS1006b.A.words.xml#id(IS1006b.A.words235)..id(IS1006b.A.words244)"/>
   </ae>
   <ae nite:id="IS1006b.A.argumentstructs.Daan.2">
      <nite:pointer role="type"  href="ae-types.xml#id(ae_1)"/>
      <nite:child href="IS1006b.A.words.xml#id(IS1006b.A.words436)..id(IS1006b.A.words454)"/>
   </ae>
   <ae nite:id="IS1006b.A.argumentstructs.Daan.3">
      <nite:pointer role="type"  href="ae-types.xml#id(ae_1)"/>
      <nite:child href="IS1006b.A.words.xml#id(IS1006b.A.words420)..id(IS1006b.A.words433)"/>
   </ae>
   <ae nite:id="IS1006b.A.argumentstructs.4">
      <nite:pointer role="type"  href="ae-types.xml#id(ae_6)"/>
      <nite:child href="IS1006b.A.words.xml#id(IS1006b.A.words233)..id(IS1006b.A.words234)"/>
   </ae>
   <ae nite:id="IS1006b.A.argumentstructs.5">
      <nite:pointer role="type"  href="ae-types.xml#id(ae_6)"/>
      <nite:child href="IS1006b.A.words.xml#id(IS1006b.A.words245)..id(IS1006b.A.words246)"/>
   </ae>
   <ae nite:id="IS1006b.A.argumentstructs.6">
      <nite:pointer role="type"  href="ae-types.xml#id(ae_6)"/>
      <nite:child href="IS1006b.A.words.xml#id(IS1006b.A.words408)..id(IS1006b.A.words419)"/>
   </ae>
   <ae nite:id="IS1006b.A.argumentstructs.7">
      <nite:pointer role="type"  href="ae-types.xml#id(ae_6)"/>
      <nite:child href="IS1006b.A.words.xml#id(IS1006b.A.words434)..id(IS1006b.A.words435)"/>
   </ae>
   <ae nite:id="IS1006b.A.argumentstructs.8">
      <nite:pointer role="type"  href="ae-types.xml#id(ae_6)"/>
      <nite:child href="IS1006b.A.words.xml#id(IS1006b.A.words455)..id(IS1006b.A.words461)"/>
   </ae>
</nite:root>