<?xml version="1.0" encoding="ISO-8859-1" standalone="yes"?>
<nite:root nite:id="IS1007c.B.argumentstructs" xmlns:nite="http://nite.sourceforge.net/">
   <ae nite:id="IS1007c.B.argumentstructs.Daan.1">
      <nite:pointer role="type"  href="ae-types.xml#id(ae_1)"/>
      <nite:child href="IS1007c.B.words.xml#id(IS1007c.B.words945)..id(IS1007c.B.words1040)"/>
   </ae>
   <ae nite:id="IS1007c.B.argumentstructs.Daan.2">
      <nite:pointer role="type"  href="ae-types.xml#id(ae_1)"/>
      <nite:child href="IS1007c.B.words.xml#id(IS1007c.B.words1041)..id(IS1007c.B.words1130)"/>
   </ae>
   <ae nite:id="IS1007c.B.argumentstructs.Daan.3">
      <nite:pointer role="type"  href="ae-types.xml#id(ae_1)"/>
      <nite:child href="IS1007c.B.words.xml#id(IS1007c.B.words1143)..id(IS1007c.B.words1160)"/>
   </ae>
   <ae nite:id="IS1007c.B.argumentstructs.Daan.4">
      <nite:pointer role="type"  href="ae-types.xml#id(ae_1)"/>
      <nite:child href="IS1007c.B.words.xml#id(IS1007c.B.words1164)..id(IS1007c.B.words1180)"/>
   </ae>
   <ae nite:id="IS1007c.B.argumentstructs.Daan.5">
      <nite:pointer role="type"  href="ae-types.xml#id(ae_1)"/>
      <nite:child href="IS1007c.B.words.xml#id(IS1007c.B.words1323)..id(IS1007c.B.words1376)"/>
   </ae>
   <ae nite:id="IS1007c.B.argumentstructs.Daan.6">
      <nite:pointer role="type"  href="ae-types.xml#id(ae_1)"/>
      <nite:child href="IS1007c.B.words.xml#id(IS1007c.B.words1394)..id(IS1007c.B.words1408)"/>
   </ae>
   <ae nite:id="IS1007c.B.argumentstructs.Daan.7">
      <nite:pointer role="type"  href="ae-types.xml#id(ae_1)"/>
      <nite:child href="IS1007c.B.words.xml#id(IS1007c.B.words1409)..id(IS1007c.B.words1435)"/>
   </ae>
   <ae nite:id="IS1007c.B.argumentstructs.Daan.8">
      <nite:pointer role="type"  href="ae-types.xml#id(ae_1)"/>
      <nite:child href="IS1007c.B.words.xml#id(IS1007c.B.words1436)..id(IS1007c.B.words1454)"/>
   </ae>
   <ae nite:id="IS1007c.B.argumentstructs.Daan.9">
      <nite:pointer role="type"  href="ae-types.xml#id(ae_1)"/>
      <nite:child href="IS1007c.B.words.xml#id(IS1007c.B.words1918)..id(IS1007c.B.words1937)"/>
   </ae>
   <ae nite:id="IS1007c.B.argumentstructs.Daan.10">
      <nite:pointer role="type"  href="ae-types.xml#id(ae_1)"/>
      <nite:child href="IS1007c.B.words.xml#id(IS1007c.B.words1938)..id(IS1007c.B.words1983)"/>
   </ae>
   <ae nite:id="IS1007c.B.argumentstructs.Daan.11">
      <nite:pointer role="type"  href="ae-types.xml#id(ae_1)"/>
      <nite:child href="IS1007c.B.words.xml#id(IS1007c.B.words1998)..id(IS1007c.B.words2024)"/>
   </ae>
   <ae nite:id="IS1007c.B.argumentstructs.Daan.12">
      <nite:pointer role="type"  href="ae-types.xml#id(ae_1)"/>
      <nite:child href="IS1007c.B.words.xml#id(IS1007c.B.words2025)..id(IS1007c.B.words2056)"/>
   </ae>
   <ae nite:id="IS1007c.B.argumentstructs.Daan.13">
      <nite:pointer role="type"  href="ae-types.xml#id(ae_1)"/>
      <nite:child href="IS1007c.B.words.xml#id(IS1007c.B.words2057)..id(IS1007c.B.words2074)"/>
   </ae>
   <ae nite:id="IS1007c.B.argumentstructs.Daan.14">
      <nite:pointer role="type"  href="ae-types.xml#id(ae_1)"/>
      <nite:child href="IS1007c.B.words.xml#id(IS1007c.B.words2075)..id(IS1007c.B.words2082)"/>
   </ae>
   <ae nite:id="IS1007c.B.argumentstructs.Daan.15">
      <nite:pointer role="type"  href="ae-types.xml#id(ae_1)"/>
      <nite:child href="IS1007c.B.words.xml#id(IS1007c.B.words2092)..id(IS1007c.B.words2236)"/>
   </ae>
   <ae nite:id="IS1007c.B.argumentstructs.Daan.16">
      <nite:pointer role="type"  href="ae-types.xml#id(ae_1)"/>
      <nite:child href="IS1007c.B.words.xml#id(IS1007c.B.words2239)..id(IS1007c.B.words2250)"/>
   </ae>
   <ae nite:id="IS1007c.B.argumentstructs.Daan.17">
      <nite:pointer role="type"  href="ae-types.xml#id(ae_1)"/>
      <nite:child href="IS1007c.B.words.xml#id(IS1007c.B.words2260)..id(IS1007c.B.words2271)"/>
   </ae>
   <ae nite:id="IS1007c.B.argumentstructs.18">
      <nite:pointer role="type"  href="ae-types.xml#id(ae_6)"/>
      <nite:child href="IS1007c.B.words.xml#id(IS1007c.B.words1131)..id(IS1007c.B.words1142)"/>
   </ae>
   <ae nite:id="IS1007c.B.argumentstructs.19">
      <nite:pointer role="type"  href="ae-types.xml#id(ae_6)"/>
      <nite:child href="IS1007c.B.words.xml#id(IS1007c.B.words1161)..id(IS1007c.B.words1163)"/>
   </ae>
   <ae nite:id="IS1007c.B.argumentstructs.20">
      <nite:pointer role="type"  href="ae-types.xml#id(ae_6)"/>
      <nite:child href="IS1007c.B.words.xml#id(IS1007c.B.words1181)..id(IS1007c.B.words1182)"/>
   </ae>
   <ae nite:id="IS1007c.B.argumentstructs.21">
      <nite:pointer role="type"  href="ae-types.xml#id(ae_6)"/>
      <nite:child href="IS1007c.B.words.xml#id(IS1007c.B.words1301)..id(IS1007c.B.words1316)"/>
      <nite:child href="IS1007c.B.words.xml#id(IS1007c.B.words1319)..id(IS1007c.B.words1322)"/>
   </ae>
   <ae nite:id="IS1007c.B.argumentstructs.22">
      <nite:pointer role="type"  href="ae-types.xml#id(ae_6)"/>
      <nite:child href="IS1007c.B.words.xml#id(IS1007c.B.words1377)..id(IS1007c.B.words1388)"/>
      <nite:child href="IS1007c.B.words.xml#id(IS1007c.B.words1390)..id(IS1007c.B.words1393)"/>
   </ae>
   <ae nite:id="IS1007c.B.argumentstructs.23">
      <nite:pointer role="type"  href="ae-types.xml#id(ae_6)"/>
      <nite:child href="IS1007c.B.words.xml#id(IS1007c.B.words1455)..id(IS1007c.B.words1456)"/>
   </ae>
   <ae nite:id="IS1007c.B.argumentstructs.24">
      <nite:pointer role="type"  href="ae-types.xml#id(ae_6)"/>
      <nite:child href="IS1007c.B.words.xml#id(IS1007c.B.words1984)..id(IS1007c.B.words1997)"/>
   </ae>
   <ae nite:id="IS1007c.B.argumentstructs.25">
      <nite:pointer role="type"  href="ae-types.xml#id(ae_6)"/>
      <nite:child href="IS1007c.B.words.xml#id(IS1007c.B.words2083)"/>
      <nite:child href="IS1007c.B.words.xml#id(IS1007c.B.words2085)..id(IS1007c.B.words2088)"/>
      <nite:child href="IS1007c.B.words.xml#id(IS1007c.B.words2090)..id(IS1007c.B.words2091)"/>
   </ae>
   <ae nite:id="IS1007c.B.argumentstructs.26">
      <nite:pointer role="type"  href="ae-types.xml#id(ae_6)"/>
      <nite:child href="IS1007c.B.words.xml#id(IS1007c.B.words2237)..id(IS1007c.B.words2238)"/>
   </ae>
   <ae nite:id="IS1007c.B.argumentstructs.27">
      <nite:pointer role="type"  href="ae-types.xml#id(ae_6)"/>
      <nite:child href="IS1007c.B.words.xml#id(IS1007c.B.words2251)..id(IS1007c.B.words2256)"/>
      <nite:child href="IS1007c.B.words.xml#id(IS1007c.B.words2258)..id(IS1007c.B.words2259)"/>
   </ae>
   <ae nite:id="IS1007c.B.argumentstructs.28">
      <nite:pointer role="type"  href="ae-types.xml#id(ae_6)"/>
      <nite:child href="IS1007c.B.words.xml#id(IS1007c.B.words2272)..id(IS1007c.B.words2273)"/>
   </ae>
</nite:root>