<?xml version="1.0" encoding="ISO-8859-1" standalone="yes"?>
<nite:root nite:id="IS1000b.B.argumentstructs" xmlns:nite="http://nite.sourceforge.net/">
   <ae nite:id="IS1000b.B.argumentstructs.Rutger.1">
      <nite:pointer role="type"  href="ae-types.xml#id(ae_5)"/>
      <nite:child href="IS1000b.B.words.xml#id(IS1000b.B.words458)..id(IS1000b.B.words467)"/>
   </ae>
   <ae nite:id="IS1000b.B.argumentstructs.Rutger.3">
      <nite:pointer role="type"  href="ae-types.xml#id(ae_1)"/>
      <nite:child href="IS1000b.B.words.xml#id(IS1000b.B.words494)..id(IS1000b.B.words541)"/>
   </ae>
   <ae nite:id="IS1000b.B.argumentstructs.Rutger.4">
      <nite:pointer role="type"  href="ae-types.xml#id(ae_1)"/>
      <nite:child href="IS1000b.B.words.xml#id(IS1000b.B.words542)..id(IS1000b.B.words558)"/>
   </ae>
   <ae nite:id="IS1000b.B.argumentstructs.Rutger.5">
      <nite:pointer role="type"  href="ae-types.xml#id(ae_1)"/>
      <nite:child href="IS1000b.B.words.xml#id(IS1000b.B.words561)..id(IS1000b.B.words568)"/>
   </ae>
   <ae nite:id="IS1000b.B.argumentstructs.Rutger.6">
      <nite:pointer role="type"  href="ae-types.xml#id(ae_3)"/>
      <nite:child href="IS1000b.B.words.xml#id(IS1000b.B.words569)..id(IS1000b.B.words576)"/>
   </ae>
   <ae nite:id="IS1000b.B.argumentstructs.Rutger.7">
      <nite:pointer role="type"  href="ae-types.xml#id(ae_1)"/>
      <nite:child href="IS1000b.B.words.xml#id(IS1000b.B.words1412)..id(IS1000b.B.words1429)"/>
   </ae>
   <ae nite:id="IS1000b.B.argumentstructs.Rutger.8">
      <nite:pointer role="type"  href="ae-types.xml#id(ae_1)"/>
      <nite:child href="IS1000b.B.words.xml#id(IS1000b.B.words1432)..id(IS1000b.B.words1468)"/>
   </ae>
   <ae nite:id="IS1000b.B.argumentstructs.Rutger.9">
      <nite:pointer role="type"  href="ae-types.xml#id(ae_1)"/>
      <nite:child href="IS1000b.B.words.xml#id(IS1000b.B.words1469)..id(IS1000b.B.words1470)"/>
   </ae>
   <ae nite:id="IS1000b.B.argumentstructs.Rutger.10">
      <nite:pointer role="type"  href="ae-types.xml#id(ae_1)"/>
      <nite:child href="IS1000b.B.words.xml#id(IS1000b.B.words1471)..id(IS1000b.B.words1477)"/>
   </ae>
   <ae nite:id="IS1000b.B.argumentstructs.Rutger.11">
      <nite:pointer role="type"  href="ae-types.xml#id(ae_5)"/>
      <nite:child href="IS1000b.B.words.xml#id(IS1000b.B.words1478)..id(IS1000b.B.words1497)"/>
   </ae>
   <ae nite:id="IS1000b.B.argumentstructs.Rutger.12">
      <nite:pointer role="type"  href="ae-types.xml#id(ae_3)"/>
      <nite:child href="IS1000b.B.words.xml#id(IS1000b.B.words1498)..id(IS1000b.B.words1508)"/>
   </ae>
   <ae nite:id="IS1000b.B.argumentstructs.Rutger.13">
      <nite:pointer role="type"  href="ae-types.xml#id(ae_1)"/>
      <nite:child href="IS1000b.B.words.xml#id(IS1000b.B.words1509)..id(IS1000b.B.words1524)"/>
   </ae>
   <ae nite:id="IS1000b.B.argumentstructs.Rutger.14">
      <nite:pointer role="type"  href="ae-types.xml#id(ae_1)"/>
      <nite:child href="IS1000b.B.words.xml#id(IS1000b.B.words1525)..id(IS1000b.B.words1548)"/>
   </ae>
   <ae nite:id="IS1000b.B.argumentstructs.Rutger.15">
      <nite:pointer role="type"  href="ae-types.xml#id(ae_1)"/>
      <nite:child href="IS1000b.B.words.xml#id(IS1000b.B.words1549)..id(IS1000b.B.words1571)"/>
   </ae>
   <ae nite:id="IS1000b.B.argumentstructs.Rutger.17">
      <nite:pointer role="type"  href="ae-types.xml#id(ae_1)"/>
      <nite:child href="IS1000b.B.words.xml#id(IS1000b.B.words1572)..id(IS1000b.B.words1603)"/>
   </ae>
   <ae nite:id="IS1000b.B.argumentstructs.Rutger.18">
      <nite:pointer role="type"  href="ae-types.xml#id(ae_1)"/>
      <nite:child href="IS1000b.B.words.xml#id(IS1000b.B.words1605)..id(IS1000b.B.words1623)"/>
   </ae>
   <ae nite:id="IS1000b.B.argumentstructs.Rutger.19">
      <nite:pointer role="type"  href="ae-types.xml#id(ae_1)"/>
      <nite:child href="IS1000b.B.words.xml#id(IS1000b.B.words1624)..id(IS1000b.B.words1655)"/>
   </ae>
   <ae nite:id="IS1000b.B.argumentstructs.Rutger.20">
      <nite:pointer role="type"  href="ae-types.xml#id(ae_1)"/>
      <nite:child href="IS1000b.B.words.xml#id(IS1000b.B.words1657)..id(IS1000b.B.words1687)"/>
   </ae>
   <ae nite:id="IS1000b.B.argumentstructs.Rutger.21">
      <nite:pointer role="type"  href="ae-types.xml#id(ae_5)"/>
      <nite:child href="IS1000b.B.words.xml#id(IS1000b.B.words1688)..id(IS1000b.B.words1693)"/>
   </ae>
   <ae nite:id="IS1000b.B.argumentstructs.Rutger.22">
      <nite:pointer role="type"  href="ae-types.xml#id(ae_5)"/>
      <nite:child href="IS1000b.B.words.xml#id(IS1000b.B.words1694)..id(IS1000b.B.words1705)"/>
   </ae>
   <ae nite:id="IS1000b.B.argumentstructs.Rutger.25">
      <nite:pointer role="type"  href="ae-types.xml#id(ae_1)"/>
      <nite:child href="IS1000b.B.words.xml#id(IS1000b.B.words1706)..id(IS1000b.B.words1725)"/>
   </ae>
   <ae nite:id="IS1000b.B.argumentstructs.Rutger.26">
      <nite:pointer role="type"  href="ae-types.xml#id(ae_1)"/>
      <nite:child href="IS1000b.B.words.xml#id(IS1000b.B.words1726)..id(IS1000b.B.words1730)"/>
   </ae>
   <ae nite:id="IS1000b.B.argumentstructs.27">
      <nite:pointer role="type"  href="ae-types.xml#id(ae_6)"/>
      <nite:child href="IS1000b.B.words.xml#id(IS1000b.B.words469)..id(IS1000b.B.words493)"/>
   </ae>
   <ae nite:id="IS1000b.B.argumentstructs.28">
      <nite:pointer role="type"  href="ae-types.xml#id(ae_6)"/>
      <nite:child href="IS1000b.B.words.xml#id(IS1000b.B.words559)..id(IS1000b.B.words560)"/>
   </ae>
   <ae nite:id="IS1000b.B.argumentstructs.29">
      <nite:pointer role="type"  href="ae-types.xml#id(ae_6)"/>
      <nite:child href="IS1000b.B.words.xml#id(IS1000b.B.words1430)..id(IS1000b.B.words1431)"/>
   </ae>
   <ae nite:id="IS1000b.B.argumentstructs.30">
      <nite:pointer role="type"  href="ae-types.xml#id(ae_6)"/>
      <nite:child href="IS1000b.B.words.xml#id(IS1000b.B.words1656)"/>
   </ae>
   <ae nite:id="IS1000b.B.argumentstructs.31">
      <nite:pointer role="type"  href="ae-types.xml#id(ae_6)"/>
      <nite:child href="IS1000b.B.words.xml#id(IS1000b.B.words1731)"/>
   </ae>
</nite:root>