<?xml version="1.0" encoding="ISO-8859-1" standalone="yes"?>
<nite:root nite:id="IS1000d.C.argumentstructs" xmlns:nite="http://nite.sourceforge.net/">
   <ae nite:id="IS1000d.C.argumentstructs.Rutger.1">
      <nite:pointer role="type"  href="ae-types.xml#id(ae_1)"/>
      <nite:child href="IS1000d.C.words.xml#id(IS1000d.C.words619)..id(IS1000d.C.words620)"/>
   </ae>
   <ae nite:id="IS1000d.C.argumentstructs.Rutger.2">
      <nite:pointer role="type"  href="ae-types.xml#id(ae_2)"/>
      <nite:child href="IS1000d.C.words.xml#id(IS1000d.C.words621)..id(IS1000d.C.words623)"/>
   </ae>
   <ae nite:id="IS1000d.C.argumentstructs.Rutger.3">
      <nite:pointer role="type"  href="ae-types.xml#id(ae_1)"/>
      <nite:child href="IS1000d.C.words.xml#id(IS1000d.C.words624)..id(IS1000d.C.words634)"/>
   </ae>
   <ae nite:id="IS1000d.C.argumentstructs.Rutger.4">
      <nite:pointer role="type"  href="ae-types.xml#id(ae_1)"/>
      <nite:child href="IS1000d.C.words.xml#id(IS1000d.C.words635)..id(IS1000d.C.words642)"/>
   </ae>
   <ae nite:id="IS1000d.C.argumentstructs.Rutger.5">
      <nite:pointer role="type"  href="ae-types.xml#id(ae_1)"/>
      <nite:child href="IS1000d.C.words.xml#id(IS1000d.C.words643)..id(IS1000d.C.words644)"/>
   </ae>
   <ae nite:id="IS1000d.C.argumentstructs.Rutger.6">
      <nite:pointer role="type"  href="ae-types.xml#id(ae_1)"/>
      <nite:child href="IS1000d.C.words.xml#id(IS1000d.C.words659)..id(IS1000d.C.words660)"/>
   </ae>
   <ae nite:id="IS1000d.C.argumentstructs.Rutger.7">
      <nite:pointer role="type"  href="ae-types.xml#id(ae_1)"/>
      <nite:child href="IS1000d.C.words.xml#id(IS1000d.C.words661)..id(IS1000d.C.words669)"/>
   </ae>
   <ae nite:id="IS1000d.C.argumentstructs.Rutger.8">
      <nite:pointer role="type"  href="ae-types.xml#id(ae_1)"/>
      <nite:child href="IS1000d.C.words.xml#id(IS1000d.C.words670)..id(IS1000d.C.words675)"/>
   </ae>
   <ae nite:id="IS1000d.C.argumentstructs.Rutger.9">
      <nite:pointer role="type"  href="ae-types.xml#id(ae_1)"/>
      <nite:child href="IS1000d.C.words.xml#id(IS1000d.C.words676)..id(IS1000d.C.words682)"/>
   </ae>
   <ae nite:id="IS1000d.C.argumentstructs.Rutger.10">
      <nite:pointer role="type"  href="ae-types.xml#id(ae_1)"/>
      <nite:child href="IS1000d.C.words.xml#id(IS1000d.C.words683)..id(IS1000d.C.words684)"/>
   </ae>
   <ae nite:id="IS1000d.C.argumentstructs.Rutger.11">
      <nite:pointer role="type"  href="ae-types.xml#id(ae_5)"/>
      <nite:child href="IS1000d.C.words.xml#id(IS1000d.C.words685)..id(IS1000d.C.words703)"/>
   </ae>
   <ae nite:id="IS1000d.C.argumentstructs.Rutger.12">
      <nite:pointer role="type"  href="ae-types.xml#id(ae_1)"/>
      <nite:child href="IS1000d.C.words.xml#id(IS1000d.C.words704)..id(IS1000d.C.words712)"/>
   </ae>
   <ae nite:id="IS1000d.C.argumentstructs.Rutger.13">
      <nite:pointer role="type"  href="ae-types.xml#id(ae_1)"/>
      <nite:child href="IS1000d.C.words.xml#id(IS1000d.C.words713)..id(IS1000d.C.words714)"/>
   </ae>
   <ae nite:id="IS1000d.C.argumentstructs.Rutger.14">
      <nite:pointer role="type"  href="ae-types.xml#id(ae_1)"/>
      <nite:child href="IS1000d.C.words.xml#id(IS1000d.C.words718)..id(IS1000d.C.words723)"/>
   </ae>
   <ae nite:id="IS1000d.C.argumentstructs.Rutger.15">
      <nite:pointer role="type"  href="ae-types.xml#id(ae_1)"/>
      <nite:child href="IS1000d.C.words.xml#id(IS1000d.C.words724)..id(IS1000d.C.words746)"/>
   </ae>
   <ae nite:id="IS1000d.C.argumentstructs.Rutger.16">
      <nite:pointer role="type"  href="ae-types.xml#id(ae_1)"/>
      <nite:child href="IS1000d.C.words.xml#id(IS1000d.C.words747)..id(IS1000d.C.words763)"/>
   </ae>
   <ae nite:id="IS1000d.C.argumentstructs.Rutger.17">
      <nite:pointer role="type"  href="ae-types.xml#id(ae_1)"/>
      <nite:child href="IS1000d.C.words.xml#id(IS1000d.C.words764)..id(IS1000d.C.words779)"/>
   </ae>
   <ae nite:id="IS1000d.C.argumentstructs.Rutger.19">
      <nite:pointer role="type"  href="ae-types.xml#id(ae_1)"/>
      <nite:child href="IS1000d.C.words.xml#id(IS1000d.C.words781)..id(IS1000d.C.words794)"/>
   </ae>
   <ae nite:id="IS1000d.C.argumentstructs.Rutger.20">
      <nite:pointer role="type"  href="ae-types.xml#id(ae_1)"/>
      <nite:child href="IS1000d.C.words.xml#id(IS1000d.C.words795)..id(IS1000d.C.words801)"/>
   </ae>
   <ae nite:id="IS1000d.C.argumentstructs.Rutger.21">
      <nite:pointer role="type"  href="ae-types.xml#id(ae_1)"/>
      <nite:child href="IS1000d.C.words.xml#id(IS1000d.C.words802)..id(IS1000d.C.words808)"/>
   </ae>
   <ae nite:id="IS1000d.C.argumentstructs.Rutger.22">
      <nite:pointer role="type"  href="ae-types.xml#id(ae_1)"/>
      <nite:child href="IS1000d.C.words.xml#id(IS1000d.C.words809)..id(IS1000d.C.words818)"/>
   </ae>
   <ae nite:id="IS1000d.C.argumentstructs.Rutger.23">
      <nite:pointer role="type"  href="ae-types.xml#id(ae_1)"/>
      <nite:child href="IS1000d.C.words.xml#id(IS1000d.C.words819)..id(IS1000d.C.words820)"/>
   </ae>
   <ae nite:id="IS1000d.C.argumentstructs.Rutger.25">
      <nite:pointer role="type"  href="ae-types.xml#id(ae_3)"/>
      <nite:child href="IS1000d.C.words.xml#id(IS1000d.C.words821)..id(IS1000d.C.words832)"/>
   </ae>
   <ae nite:id="IS1000d.C.argumentstructs.Rutger.26">
      <nite:pointer role="type"  href="ae-types.xml#id(ae_1)"/>
      <nite:child href="IS1000d.C.words.xml#id(IS1000d.C.words834)..id(IS1000d.C.words850)"/>
   </ae>
   <ae nite:id="IS1000d.C.argumentstructs.Rutger.27">
      <nite:pointer role="type"  href="ae-types.xml#id(ae_2)"/>
      <nite:child href="IS1000d.C.words.xml#id(IS1000d.C.words851)..id(IS1000d.C.words860)"/>
   </ae>
   <ae nite:id="IS1000d.C.argumentstructs.Rutger.28">
      <nite:pointer role="type"  href="ae-types.xml#id(ae_1)"/>
      <nite:child href="IS1000d.C.words.xml#id(IS1000d.C.words861)..id(IS1000d.C.words867)"/>
   </ae>
   <ae nite:id="IS1000d.C.argumentstructs.Rutger.29">
      <nite:pointer role="type"  href="ae-types.xml#id(ae_1)"/>
      <nite:child href="IS1000d.C.words.xml#id(IS1000d.C.words868)..id(IS1000d.C.words873)"/>
   </ae>
   <ae nite:id="IS1000d.C.argumentstructs.Rutger.30">
      <nite:pointer role="type"  href="ae-types.xml#id(ae_1)"/>
      <nite:child href="IS1000d.C.words.xml#id(IS1000d.C.words874)..id(IS1000d.C.words891)"/>
   </ae>
   <ae nite:id="IS1000d.C.argumentstructs.Rutger.31">
      <nite:pointer role="type"  href="ae-types.xml#id(ae_5)"/>
      <nite:child href="IS1000d.C.words.xml#id(IS1000d.C.words892)..id(IS1000d.C.words893)"/>
   </ae>
   <ae nite:id="IS1000d.C.argumentstructs.Rutger.32">
      <nite:pointer role="type"  href="ae-types.xml#id(ae_1)"/>
      <nite:child href="IS1000d.C.words.xml#id(IS1000d.C.words894)..id(IS1000d.C.words895)"/>
   </ae>
   <ae nite:id="IS1000d.C.argumentstructs.Rutger.33">
      <nite:pointer role="type"  href="ae-types.xml#id(ae_1)"/>
      <nite:child href="IS1000d.C.words.xml#id(IS1000d.C.words896)..id(IS1000d.C.words907)"/>
   </ae>
   <ae nite:id="IS1000d.C.argumentstructs.Rutger.34">
      <nite:pointer role="type"  href="ae-types.xml#id(ae_2)"/>
      <nite:child href="IS1000d.C.words.xml#id(IS1000d.C.words908)..id(IS1000d.C.words925)"/>
   </ae>
   <ae nite:id="IS1000d.C.argumentstructs.Rutger.35">
      <nite:pointer role="type"  href="ae-types.xml#id(ae_1)"/>
      <nite:child href="IS1000d.C.words.xml#id(IS1000d.C.words926)..id(IS1000d.C.words940)"/>
   </ae>
   <ae nite:id="IS1000d.C.argumentstructs.Rutger.36">
      <nite:pointer role="type"  href="ae-types.xml#id(ae_1)"/>
      <nite:child href="IS1000d.C.words.xml#id(IS1000d.C.words942)..id(IS1000d.C.words964)"/>
   </ae>
   <ae nite:id="IS1000d.C.argumentstructs.Rutger.37">
      <nite:pointer role="type"  href="ae-types.xml#id(ae_1)"/>
      <nite:child href="IS1000d.C.words.xml#id(IS1000d.C.words965)..id(IS1000d.C.words973)"/>
   </ae>
   <ae nite:id="IS1000d.C.argumentstructs.Rutger.38">
      <nite:pointer role="type"  href="ae-types.xml#id(ae_1)"/>
      <nite:child href="IS1000d.C.words.xml#id(IS1000d.C.words976)..id(IS1000d.C.words981)"/>
   </ae>
   <ae nite:id="IS1000d.C.argumentstructs.Rutger.39">
      <nite:pointer role="type"  href="ae-types.xml#id(ae_1)"/>
      <nite:child href="IS1000d.C.words.xml#id(IS1000d.C.words986)..id(IS1000d.C.words987)"/>
   </ae>
   <ae nite:id="IS1000d.C.argumentstructs.Rutger.40">
      <nite:pointer role="type"  href="ae-types.xml#id(ae_1)"/>
      <nite:child href="IS1000d.C.words.xml#id(IS1000d.C.words988)..id(IS1000d.C.words989)"/>
   </ae>
   <ae nite:id="IS1000d.C.argumentstructs.Rutger.41">
      <nite:pointer role="type"  href="ae-types.xml#id(ae_1)"/>
      <nite:child href="IS1000d.C.words.xml#id(IS1000d.C.words990)..id(IS1000d.C.words991)"/>
   </ae>
   <ae nite:id="IS1000d.C.argumentstructs.Rutger.42">
      <nite:pointer role="type"  href="ae-types.xml#id(ae_1)"/>
      <nite:child href="IS1000d.C.words.xml#id(IS1000d.C.words992)..id(IS1000d.C.words1031)"/>
   </ae>
   <ae nite:id="IS1000d.C.argumentstructs.Rutger.43">
      <nite:pointer role="type"  href="ae-types.xml#id(ae_1)"/>
      <nite:child href="IS1000d.C.words.xml#id(IS1000d.C.words1036)..id(IS1000d.C.words1037)"/>
   </ae>
   <ae nite:id="IS1000d.C.argumentstructs.Rutger.44">
      <nite:pointer role="type"  href="ae-types.xml#id(ae_1)"/>
      <nite:child href="IS1000d.C.words.xml#id(IS1000d.C.words1038)..id(IS1000d.C.words1058)"/>
   </ae>
   <ae nite:id="IS1000d.C.argumentstructs.Rutger.45">
      <nite:pointer role="type"  href="ae-types.xml#id(ae_1)"/>
      <nite:child href="IS1000d.C.words.xml#id(IS1000d.C.words1060)..id(IS1000d.C.words1061)"/>
   </ae>
   <ae nite:id="IS1000d.C.argumentstructs.Rutger.46">
      <nite:pointer role="type"  href="ae-types.xml#id(ae_1)"/>
      <nite:child href="IS1000d.C.words.xml#id(IS1000d.C.words1062)..id(IS1000d.C.words1063)"/>
   </ae>
   <ae nite:id="IS1000d.C.argumentstructs.Rutger.47">
      <nite:pointer role="type"  href="ae-types.xml#id(ae_1)"/>
      <nite:child href="IS1000d.C.words.xml#id(IS1000d.C.words1064)..id(IS1000d.C.words1097)"/>
   </ae>
   <ae nite:id="IS1000d.C.argumentstructs.Rutger.48">
      <nite:pointer role="type"  href="ae-types.xml#id(ae_1)"/>
      <nite:child href="IS1000d.C.words.xml#id(IS1000d.C.words1098)..id(IS1000d.C.words1099)"/>
   </ae>
   <ae nite:id="IS1000d.C.argumentstructs.Rutger.49">
      <nite:pointer role="type"  href="ae-types.xml#id(ae_5)"/>
      <nite:child href="IS1000d.C.words.xml#id(IS1000d.C.words1103)..id(IS1000d.C.words1107)"/>
   </ae>
   <ae nite:id="IS1000d.C.argumentstructs.Rutger.50">
      <nite:pointer role="type"  href="ae-types.xml#id(ae_1)"/>
      <nite:child href="IS1000d.C.words.xml#id(IS1000d.C.words1111)..id(IS1000d.C.words1115)"/>
   </ae>
   <ae nite:id="IS1000d.C.argumentstructs.Rutger.51">
      <nite:pointer role="type"  href="ae-types.xml#id(ae_1)"/>
      <nite:child href="IS1000d.C.words.xml#id(IS1000d.C.words1116)..id(IS1000d.C.words1117)"/>
   </ae>
   <ae nite:id="IS1000d.C.argumentstructs.52">
      <nite:pointer role="type"  href="ae-types.xml#id(ae_6)"/>
      <nite:child href="IS1000d.C.words.xml#id(IS1000d.C.words645)..id(IS1000d.C.words657)"/>
   </ae>
   <ae nite:id="IS1000d.C.argumentstructs.53">
      <nite:pointer role="type"  href="ae-types.xml#id(ae_6)"/>
      <nite:child href="IS1000d.C.words.xml#id(IS1000d.C.words715)"/>
      <nite:child href="IS1000d.C.words.xml#id(IS1000d.C.words717)"/>
   </ae>
   <ae nite:id="IS1000d.C.argumentstructs.54">
      <nite:pointer role="type"  href="ae-types.xml#id(ae_6)"/>
      <nite:child href="IS1000d.C.words.xml#id(IS1000d.C.words780)"/>
   </ae>
   <ae nite:id="IS1000d.C.argumentstructs.55">
      <nite:pointer role="type"  href="ae-types.xml#id(ae_6)"/>
      <nite:child href="IS1000d.C.words.xml#id(IS1000d.C.words833)"/>
   </ae>
   <ae nite:id="IS1000d.C.argumentstructs.56">
      <nite:pointer role="type"  href="ae-types.xml#id(ae_6)"/>
      <nite:child href="IS1000d.C.words.xml#id(IS1000d.C.words941)"/>
   </ae>
   <ae nite:id="IS1000d.C.argumentstructs.57">
      <nite:pointer role="type"  href="ae-types.xml#id(ae_6)"/>
      <nite:child href="IS1000d.C.words.xml#id(IS1000d.C.words974)..id(IS1000d.C.words975)"/>
   </ae>
   <ae nite:id="IS1000d.C.argumentstructs.58">
      <nite:pointer role="type"  href="ae-types.xml#id(ae_6)"/>
      <nite:child href="IS1000d.C.words.xml#id(IS1000d.C.words982)..id(IS1000d.C.words985)"/>
   </ae>
   <ae nite:id="IS1000d.C.argumentstructs.59">
      <nite:pointer role="type"  href="ae-types.xml#id(ae_6)"/>
      <nite:child href="IS1000d.C.words.xml#id(IS1000d.C.words1032)..id(IS1000d.C.words1035)"/>
   </ae>
   <ae nite:id="IS1000d.C.argumentstructs.60">
      <nite:pointer role="type"  href="ae-types.xml#id(ae_6)"/>
      <nite:child href="IS1000d.C.words.xml#id(IS1000d.C.words1100)..id(IS1000d.C.words1101)"/>
   </ae>
   <ae nite:id="IS1000d.C.argumentstructs.61">
      <nite:pointer role="type"  href="ae-types.xml#id(ae_6)"/>
      <nite:child href="IS1000d.C.words.xml#id(IS1000d.C.words1108)..id(IS1000d.C.words1110)"/>
   </ae>
</nite:root>