<?xml version="1.0" encoding="ISO-8859-1" standalone="yes"?>
<nite:root nite:id="IS1001c.C.argumentstructs" xmlns:nite="http://nite.sourceforge.net/">
   <ae nite:id="IS1001c.C.argumentstructs.Rutger.1">
      <nite:pointer role="type"  href="ae-types.xml#id(ae_3)"/>
      <nite:child href="IS1001c.C.words.xml#id(IS1001c.C.words146)..id(IS1001c.C.words164)"/>
   </ae>
   <ae nite:id="IS1001c.C.argumentstructs.Rutger.2">
      <nite:pointer role="type"  href="ae-types.xml#id(ae_5)"/>
      <nite:child href="IS1001c.C.words.xml#id(IS1001c.C.words177)..id(IS1001c.C.words189)"/>
   </ae>
   <ae nite:id="IS1001c.C.argumentstructs.Rutger.4">
      <nite:pointer role="type"  href="ae-types.xml#id(ae_1)"/>
      <nite:child href="IS1001c.C.words.xml#id(IS1001c.C.words190)..id(IS1001c.C.words206)"/>
   </ae>
   <ae nite:id="IS1001c.C.argumentstructs.Rutger.5">
      <nite:pointer role="type"  href="ae-types.xml#id(ae_1)"/>
      <nite:child href="IS1001c.C.words.xml#id(IS1001c.C.words207)..id(IS1001c.C.words218)"/>
   </ae>
   <ae nite:id="IS1001c.C.argumentstructs.Rutger.6">
      <nite:pointer role="type"  href="ae-types.xml#id(ae_1)"/>
      <nite:child href="IS1001c.C.words.xml#id(IS1001c.C.words219)..id(IS1001c.C.words241)"/>
   </ae>
   <ae nite:id="IS1001c.C.argumentstructs.Rutger.7">
      <nite:pointer role="type"  href="ae-types.xml#id(ae_1)"/>
      <nite:child href="IS1001c.C.words.xml#id(IS1001c.C.words242)..id(IS1001c.C.words253)"/>
   </ae>
   <ae nite:id="IS1001c.C.argumentstructs.Rutger.8">
      <nite:pointer role="type"  href="ae-types.xml#id(ae_1)"/>
      <nite:child href="IS1001c.C.words.xml#id(IS1001c.C.words254)..id(IS1001c.C.words255)"/>
   </ae>
   <ae nite:id="IS1001c.C.argumentstructs.Rutger.9">
      <nite:pointer role="type"  href="ae-types.xml#id(ae_1)"/>
      <nite:child href="IS1001c.C.words.xml#id(IS1001c.C.words256)..id(IS1001c.C.words260)"/>
   </ae>
   <ae nite:id="IS1001c.C.argumentstructs.Rutger.10">
      <nite:pointer role="type"  href="ae-types.xml#id(ae_1)"/>
      <nite:child href="IS1001c.C.words.xml#id(IS1001c.C.words272)..id(IS1001c.C.words273)"/>
   </ae>
   <ae nite:id="IS1001c.C.argumentstructs.Rutger.11">
      <nite:pointer role="type"  href="ae-types.xml#id(ae_1)"/>
      <nite:child href="IS1001c.C.words.xml#id(IS1001c.C.words274)..id(IS1001c.C.words297)"/>
   </ae>
   <ae nite:id="IS1001c.C.argumentstructs.Rutger.12">
      <nite:pointer role="type"  href="ae-types.xml#id(ae_1)"/>
      <nite:child href="IS1001c.C.words.xml#id(IS1001c.C.words1018)..id(IS1001c.C.words1019)"/>
   </ae>
   <ae nite:id="IS1001c.C.argumentstructs.Rutger.13">
      <nite:pointer role="type"  href="ae-types.xml#id(ae_1)"/>
      <nite:child href="IS1001c.C.words.xml#id(IS1001c.C.words1029)..id(IS1001c.C.words1030)"/>
   </ae>
   <ae nite:id="IS1001c.C.argumentstructs.Rutger.14">
      <nite:pointer role="type"  href="ae-types.xml#id(ae_1)"/>
      <nite:child href="IS1001c.C.words.xml#id(IS1001c.C.words1031)..id(IS1001c.C.words1078)"/>
   </ae>
   <ae nite:id="IS1001c.C.argumentstructs.Rutger.15">
      <nite:pointer role="type"  href="ae-types.xml#id(ae_5)"/>
      <nite:child href="IS1001c.C.words.xml#id(IS1001c.C.words1079)..id(IS1001c.C.words1081)"/>
   </ae>
   <ae nite:id="IS1001c.C.argumentstructs.Rutger.16">
      <nite:pointer role="type"  href="ae-types.xml#id(ae_1)"/>
      <nite:child href="IS1001c.C.words.xml#id(IS1001c.C.words1082)..id(IS1001c.C.words1088)"/>
   </ae>
   <ae nite:id="IS1001c.C.argumentstructs.Rutger.17">
      <nite:pointer role="type"  href="ae-types.xml#id(ae_1)"/>
      <nite:child href="IS1001c.C.words.xml#id(IS1001c.C.words1089)..id(IS1001c.C.words1113)"/>
   </ae>
   <ae nite:id="IS1001c.C.argumentstructs.Rutger.18">
      <nite:pointer role="type"  href="ae-types.xml#id(ae_5)"/>
      <nite:child href="IS1001c.C.words.xml#id(IS1001c.C.words1223)..id(IS1001c.C.words1244)"/>
   </ae>
   <ae nite:id="IS1001c.C.argumentstructs.Rutger.19">
      <nite:pointer role="type"  href="ae-types.xml#id(ae_1)"/>
      <nite:child href="IS1001c.C.words.xml#id(IS1001c.C.words1248)..id(IS1001c.C.words1263)"/>
   </ae>
   <ae nite:id="IS1001c.C.argumentstructs.Rutger.20">
      <nite:pointer role="type"  href="ae-types.xml#id(ae_1)"/>
      <nite:child href="IS1001c.C.words.xml#id(IS1001c.C.words1264)..id(IS1001c.C.words1296)"/>
   </ae>
   <ae nite:id="IS1001c.C.argumentstructs.Rutger.21">
      <nite:pointer role="type"  href="ae-types.xml#id(ae_1)"/>
      <nite:child href="IS1001c.C.words.xml#id(IS1001c.C.words1297)..id(IS1001c.C.words1304)"/>
   </ae>
   <ae nite:id="IS1001c.C.argumentstructs.Rutger.22">
      <nite:pointer role="type"  href="ae-types.xml#id(ae_1)"/>
      <nite:child href="IS1001c.C.words.xml#id(IS1001c.C.words1305)..id(IS1001c.C.words1321)"/>
   </ae>
   <ae nite:id="IS1001c.C.argumentstructs.Rutger.23">
      <nite:pointer role="type"  href="ae-types.xml#id(ae_1)"/>
      <nite:child href="IS1001c.C.words.xml#id(IS1001c.C.words1322)..id(IS1001c.C.words1338)"/>
   </ae>
   <ae nite:id="IS1001c.C.argumentstructs.Rutger.25">
      <nite:pointer role="type"  href="ae-types.xml#id(ae_1)"/>
      <nite:child href="IS1001c.C.words.xml#id(IS1001c.C.words1350)..id(IS1001c.C.words1380)"/>
   </ae>
   <ae nite:id="IS1001c.C.argumentstructs.Rutger.26">
      <nite:pointer role="type"  href="ae-types.xml#id(ae_1)"/>
      <nite:child href="IS1001c.C.words.xml#id(IS1001c.C.words1381)..id(IS1001c.C.words1386)"/>
   </ae>
   <ae nite:id="IS1001c.C.argumentstructs.Rutger.27">
      <nite:pointer role="type"  href="ae-types.xml#id(ae_1)"/>
      <nite:child href="IS1001c.C.words.xml#id(IS1001c.C.words1404)..id(IS1001c.C.words1444)"/>
   </ae>
   <ae nite:id="IS1001c.C.argumentstructs.Rutger.28">
      <nite:pointer role="type"  href="ae-types.xml#id(ae_1)"/>
      <nite:child href="IS1001c.C.words.xml#id(IS1001c.C.words1445)..id(IS1001c.C.words1446)"/>
   </ae>
   <ae nite:id="IS1001c.C.argumentstructs.Rutger.29">
      <nite:pointer role="type"  href="ae-types.xml#id(ae_2)"/>
      <nite:child href="IS1001c.C.words.xml#id(IS1001c.C.words1451)..id(IS1001c.C.words1452)"/>
   </ae>
   <ae nite:id="IS1001c.C.argumentstructs.Rutger.30">
      <nite:pointer role="type"  href="ae-types.xml#id(ae_1)"/>
      <nite:child href="IS1001c.C.words.xml#id(IS1001c.C.words1453)..id(IS1001c.C.words1454)"/>
   </ae>
   <ae nite:id="IS1001c.C.argumentstructs.31">
      <nite:pointer role="type"  href="ae-types.xml#id(ae_6)"/>
      <nite:child href="IS1001c.C.words.xml#id(IS1001c.C.words165)"/>
      <nite:child href="IS1001c.C.words.xml#id(IS1001c.C.words167)"/>
      <nite:child href="IS1001c.C.words.xml#id(IS1001c.C.words169)..id(IS1001c.C.words175)"/>
   </ae>
   <ae nite:id="IS1001c.C.argumentstructs.32">
      <nite:pointer role="type"  href="ae-types.xml#id(ae_6)"/>
      <nite:child href="IS1001c.C.words.xml#id(IS1001c.C.words262)..id(IS1001c.C.words271)"/>
   </ae>
   <ae nite:id="IS1001c.C.argumentstructs.33">
      <nite:pointer role="type"  href="ae-types.xml#id(ae_6)"/>
      <nite:child href="IS1001c.C.words.xml#id(IS1001c.C.words298)..id(IS1001c.C.words303)"/>
   </ae>
   <ae nite:id="IS1001c.C.argumentstructs.34">
      <nite:pointer role="type"  href="ae-types.xml#id(ae_6)"/>
      <nite:child href="IS1001c.C.words.xml#id(IS1001c.C.words1016)..id(IS1001c.C.words1017)"/>
   </ae>
   <ae nite:id="IS1001c.C.argumentstructs.35">
      <nite:pointer role="type"  href="ae-types.xml#id(ae_6)"/>
      <nite:child href="IS1001c.C.words.xml#id(IS1001c.C.words1020)..id(IS1001c.C.words1028)"/>
   </ae>
   <ae nite:id="IS1001c.C.argumentstructs.36">
      <nite:pointer role="type"  href="ae-types.xml#id(ae_6)"/>
      <nite:child href="IS1001c.C.words.xml#id(IS1001c.C.words1245)"/>
   </ae>
   <ae nite:id="IS1001c.C.argumentstructs.37">
      <nite:pointer role="type"  href="ae-types.xml#id(ae_6)"/>
      <nite:child href="IS1001c.C.words.xml#id(IS1001c.C.words1339)..id(IS1001c.C.words1340)"/>
      <nite:child href="IS1001c.C.words.xml#id(IS1001c.C.words1342)..id(IS1001c.C.words1346)"/>
      <nite:child href="IS1001c.C.words.xml#id(IS1001c.C.words1348)..id(IS1001c.C.words1349)"/>
   </ae>
   <ae nite:id="IS1001c.C.argumentstructs.38">
      <nite:pointer role="type"  href="ae-types.xml#id(ae_6)"/>
      <nite:child href="IS1001c.C.words.xml#id(IS1001c.C.words1387)..id(IS1001c.C.words1401)"/>
      <nite:child href="IS1001c.C.words.xml#id(IS1001c.C.words1403)"/>
   </ae>
   <ae nite:id="IS1001c.C.argumentstructs.39">
      <nite:pointer role="type"  href="ae-types.xml#id(ae_6)"/>
      <nite:child href="IS1001c.C.words.xml#id(IS1001c.C.words1447)..id(IS1001c.C.words1450)"/>
   </ae>
</nite:root>