<?xml version="1.0" encoding="ISO-8859-1" standalone="yes"?>
<nite:root nite:id="IS1003c.B.argumentstructs" xmlns:nite="http://nite.sourceforge.net/">
   <ae nite:id="IS1003c.B.argumentstructs.1">
      <nite:pointer role="type"  href="ae-types.xml#id(ae_6)"/>
      <nite:child href="IS1003c.B.words.xml#id(IS1003c.B.words18)..id(IS1003c.B.words19)"/>
      <nite:child href="IS1003c.B.words.xml#id(IS1003c.B.words21)..id(IS1003c.B.words27)"/>
      <nite:child href="IS1003c.B.words.xml#id(IS1003c.B.words29)..id(IS1003c.B.words31)"/>
      <nite:child href="IS1003c.B.words.xml#id(IS1003c.B.words33)..id(IS1003c.B.words41)"/>
      <nite:child href="IS1003c.B.words.xml#id(IS1003c.B.words46)..id(IS1003c.B.words47)"/>
      <nite:child href="IS1003c.B.words.xml#id(IS1003c.B.words50)..id(IS1003c.B.words51)"/>
      <nite:child href="IS1003c.B.words.xml#id(IS1003c.B.words53)..id(IS1003c.B.words70)"/>
      <nite:child href="IS1003c.B.words.xml#id(IS1003c.B.words73)..id(IS1003c.B.words75)"/>
      <nite:child href="IS1003c.B.words.xml#id(IS1003c.B.words77)"/>
      <nite:child href="IS1003c.B.words.xml#id(IS1003c.B.words79)"/>
   </ae>
   <ae nite:id="IS1003c.B.argumentstructs.2">
      <nite:pointer role="type"  href="ae-types.xml#id(ae_6)"/>
      <nite:child href="IS1003c.B.words.xml#id(IS1003c.B.words386)..id(IS1003c.B.words388)"/>
      <nite:child href="IS1003c.B.words.xml#id(IS1003c.B.words390)..id(IS1003c.B.words402)"/>
      <nite:child href="IS1003c.B.words.xml#id(IS1003c.B.words404)..id(IS1003c.B.words407)"/>
      <nite:child href="IS1003c.B.words.xml#id(IS1003c.B.words409)..id(IS1003c.B.words414)"/>
      <nite:child href="IS1003c.B.words.xml#id(IS1003c.B.words416)..id(IS1003c.B.words430)"/>
      <nite:child href="IS1003c.B.words.xml#id(IS1003c.B.words432)..id(IS1003c.B.words443)"/>
      <nite:child href="IS1003c.B.words.xml#id(IS1003c.B.words445)..id(IS1003c.B.words447)"/>
      <nite:child href="IS1003c.B.words.xml#id(IS1003c.B.words449)..id(IS1003c.B.words450)"/>
      <nite:child href="IS1003c.B.words.xml#id(IS1003c.B.words452)..id(IS1003c.B.words488)"/>
      <nite:child href="IS1003c.B.words.xml#id(IS1003c.B.words490)"/>
      <nite:child href="IS1003c.B.words.xml#id(IS1003c.B.words493)..id(IS1003c.B.words510)"/>
      <nite:child href="IS1003c.B.words.xml#id(IS1003c.B.words513)"/>
   </ae>
</nite:root>