<?xml version="1.0" encoding="ISO-8859-1" standalone="yes"?>
<nite:root nite:id="IS1001b.A.argumentstructs" xmlns:nite="http://nite.sourceforge.net/">
   <ae nite:id="IS1001b.A.argumentstructs.Rutger.1">
      <nite:pointer role="type"  href="ae-types.xml#id(ae_1)"/>
      <nite:child href="IS1001b.A.words.xml#id(IS1001b.A.words1034)..id(IS1001b.A.words1040)"/>
   </ae>
   <ae nite:id="IS1001b.A.argumentstructs.Rutger.2">
      <nite:pointer role="type"  href="ae-types.xml#id(ae_1)"/>
      <nite:child href="IS1001b.A.words.xml#id(IS1001b.A.words1041)..id(IS1001b.A.words1042)"/>
   </ae>
   <ae nite:id="IS1001b.A.argumentstructs.Rutger.3">
      <nite:pointer role="type"  href="ae-types.xml#id(ae_1)"/>
      <nite:child href="IS1001b.A.words.xml#id(IS1001b.A.words1055)..id(IS1001b.A.words1075)"/>
   </ae>
   <ae nite:id="IS1001b.A.argumentstructs.Rutger.6">
      <nite:pointer role="type"  href="ae-types.xml#id(ae_1)"/>
      <nite:child href="IS1001b.A.words.xml#id(IS1001b.A.words1190)..id(IS1001b.A.words1200)"/>
   </ae>
   <ae nite:id="IS1001b.A.argumentstructs.Rutger.7">
      <nite:pointer role="type"  href="ae-types.xml#id(ae_1)"/>
      <nite:child href="IS1001b.A.words.xml#id(IS1001b.A.words1201)..id(IS1001b.A.words1256)"/>
   </ae>
   <ae nite:id="IS1001b.A.argumentstructs.Rutger.8">
      <nite:pointer role="type"  href="ae-types.xml#id(ae_1)"/>
      <nite:child href="IS1001b.A.words.xml#id(IS1001b.A.words1257)..id(IS1001b.A.words1276)"/>
   </ae>
   <ae nite:id="IS1001b.A.argumentstructs.Rutger.9">
      <nite:pointer role="type"  href="ae-types.xml#id(ae_1)"/>
      <nite:child href="IS1001b.A.words.xml#id(IS1001b.A.words1282)..id(IS1001b.A.words1306)"/>
   </ae>
   <ae nite:id="IS1001b.A.argumentstructs.Rutger.10">
      <nite:pointer role="type"  href="ae-types.xml#id(ae_1)"/>
      <nite:child href="IS1001b.A.words.xml#id(IS1001b.A.words1307)..id(IS1001b.A.words1346)"/>
   </ae>
   <ae nite:id="IS1001b.A.argumentstructs.Rutger.11">
      <nite:pointer role="type"  href="ae-types.xml#id(ae_1)"/>
      <nite:child href="IS1001b.A.words.xml#id(IS1001b.A.words1452)..id(IS1001b.A.words1490)"/>
   </ae>
   <ae nite:id="IS1001b.A.argumentstructs.Rutger.12">
      <nite:pointer role="type"  href="ae-types.xml#id(ae_5)"/>
      <nite:child href="IS1001b.A.words.xml#id(IS1001b.A.words1507)..id(IS1001b.A.words1560)"/>
   </ae>
   <ae nite:id="IS1001b.A.argumentstructs.Rutger.13">
      <nite:pointer role="type"  href="ae-types.xml#id(ae_1)"/>
      <nite:child href="IS1001b.A.words.xml#id(IS1001b.A.words1561)..id(IS1001b.A.words1572)"/>
   </ae>
   <ae nite:id="IS1001b.A.argumentstructs.Rutger.14">
      <nite:pointer role="type"  href="ae-types.xml#id(ae_3)"/>
      <nite:child href="IS1001b.A.words.xml#id(IS1001b.A.words1592)..id(IS1001b.A.words1596)"/>
   </ae>
   <ae nite:id="IS1001b.A.argumentstructs.Rutger.15">
      <nite:pointer role="type"  href="ae-types.xml#id(ae_2)"/>
      <nite:child href="IS1001b.A.words.xml#id(IS1001b.A.words1597)..id(IS1001b.A.words1605)"/>
   </ae>
   <ae nite:id="IS1001b.A.argumentstructs.Rutger.16">
      <nite:pointer role="type"  href="ae-types.xml#id(ae_2)"/>
      <nite:child href="IS1001b.A.words.xml#id(IS1001b.A.words1607)..id(IS1001b.A.words1624)"/>
   </ae>
   <ae nite:id="IS1001b.A.argumentstructs.Rutger.17">
      <nite:pointer role="type"  href="ae-types.xml#id(ae_5)"/>
      <nite:child href="IS1001b.A.words.xml#id(IS1001b.A.words1625)..id(IS1001b.A.words1628)"/>
   </ae>
   <ae nite:id="IS1001b.A.argumentstructs.Rutger.19">
      <nite:pointer role="type"  href="ae-types.xml#id(ae_1)"/>
      <nite:child href="IS1001b.A.words.xml#id(IS1001b.A.words1631)..id(IS1001b.A.words1649)"/>
   </ae>
   <ae nite:id="IS1001b.A.argumentstructs.Rutger.20">
      <nite:pointer role="type"  href="ae-types.xml#id(ae_1)"/>
      <nite:child href="IS1001b.A.words.xml#id(IS1001b.A.words1650)..id(IS1001b.A.words1680)"/>
   </ae>
   <ae nite:id="IS1001b.A.argumentstructs.Rutger.21">
      <nite:pointer role="type"  href="ae-types.xml#id(ae_1)"/>
      <nite:child href="IS1001b.A.words.xml#id(IS1001b.A.words1681)..id(IS1001b.A.words1690)"/>
   </ae>
   <ae nite:id="IS1001b.A.argumentstructs.Rutger.22">
      <nite:pointer role="type"  href="ae-types.xml#id(ae_1)"/>
      <nite:child href="IS1001b.A.words.xml#id(IS1001b.A.words1691)..id(IS1001b.A.words1701)"/>
   </ae>
   <ae nite:id="IS1001b.A.argumentstructs.Rutger.23">
      <nite:pointer role="type"  href="ae-types.xml#id(ae_5)"/>
      <nite:child href="IS1001b.A.words.xml#id(IS1001b.A.words1702)..id(IS1001b.A.words1705)"/>
   </ae>
   <ae nite:id="IS1001b.A.argumentstructs.Rutger.24">
      <nite:pointer role="type"  href="ae-types.xml#id(ae_2)"/>
      <nite:child href="IS1001b.A.words.xml#id(IS1001b.A.words1708)..id(IS1001b.A.words1716)"/>
   </ae>
   <ae nite:id="IS1001b.A.argumentstructs.Rutger.25">
      <nite:pointer role="type"  href="ae-types.xml#id(ae_2)"/>
      <nite:child href="IS1001b.A.words.xml#id(IS1001b.A.words1720)..id(IS1001b.A.words1740)"/>
   </ae>
   <ae nite:id="IS1001b.A.argumentstructs.Rutger.26">
      <nite:pointer role="type"  href="ae-types.xml#id(ae_1)"/>
      <nite:child href="IS1001b.A.words.xml#id(IS1001b.A.words1743)..id(IS1001b.A.words1785)"/>
   </ae>
   <ae nite:id="IS1001b.A.argumentstructs.Rutger.27">
      <nite:pointer role="type"  href="ae-types.xml#id(ae_2)"/>
      <nite:child href="IS1001b.A.words.xml#id(IS1001b.A.words1786)..id(IS1001b.A.words1808)"/>
   </ae>
   <ae nite:id="IS1001b.A.argumentstructs.Rutger.28">
      <nite:pointer role="type"  href="ae-types.xml#id(ae_1)"/>
      <nite:child href="IS1001b.A.words.xml#id(IS1001b.A.words1809)..id(IS1001b.A.words1810)"/>
   </ae>
   <ae nite:id="IS1001b.A.argumentstructs.Rutger.29">
      <nite:pointer role="type"  href="ae-types.xml#id(ae_1)"/>
      <nite:child href="IS1001b.A.words.xml#id(IS1001b.A.words1811)..id(IS1001b.A.words1812)"/>
   </ae>
   <ae nite:id="IS1001b.A.argumentstructs.Rutger.30">
      <nite:pointer role="type"  href="ae-types.xml#id(ae_1)"/>
      <nite:child href="IS1001b.A.words.xml#id(IS1001b.A.words1815)..id(IS1001b.A.words1827)"/>
   </ae>
   <ae nite:id="IS1001b.A.argumentstructs.Rutger.31">
      <nite:pointer role="type"  href="ae-types.xml#id(ae_1)"/>
      <nite:child href="IS1001b.A.words.xml#id(IS1001b.A.words1828)..id(IS1001b.A.words1852)"/>
   </ae>
   <ae nite:id="IS1001b.A.argumentstructs.Rutger.32">
      <nite:pointer role="type"  href="ae-types.xml#id(ae_1)"/>
      <nite:child href="IS1001b.A.words.xml#id(IS1001b.A.words1854)..id(IS1001b.A.words1862)"/>
   </ae>
   <ae nite:id="IS1001b.A.argumentstructs.Rutger.34">
      <nite:pointer role="type"  href="ae-types.xml#id(ae_1)"/>
      <nite:child href="IS1001b.A.words.xml#id(IS1001b.A.words1872)..id(IS1001b.A.words1886)"/>
   </ae>
   <ae nite:id="IS1001b.A.argumentstructs.Rutger.35">
      <nite:pointer role="type"  href="ae-types.xml#id(ae_3)"/>
      <nite:child href="IS1001b.A.words.xml#id(IS1001b.A.words1887)..id(IS1001b.A.words1893)"/>
   </ae>
   <ae nite:id="IS1001b.A.argumentstructs.Rutger.36">
      <nite:pointer role="type"  href="ae-types.xml#id(ae_1)"/>
      <nite:child href="IS1001b.A.words.xml#id(IS1001b.A.words1894)..id(IS1001b.A.words1902)"/>
   </ae>
   <ae nite:id="IS1001b.A.argumentstructs.37">
      <nite:pointer role="type"  href="ae-types.xml#id(ae_6)"/>
      <nite:child href="IS1001b.A.words.xml#id(IS1001b.A.words1043)..id(IS1001b.A.words1049)"/>
      <nite:child href="IS1001b.A.words.xml#id(IS1001b.A.words1051)..id(IS1001b.A.words1054)"/>
   </ae>
   <ae nite:id="IS1001b.A.argumentstructs.38">
      <nite:pointer role="type"  href="ae-types.xml#id(ae_6)"/>
      <nite:child href="IS1001b.A.words.xml#id(IS1001b.A.words1076)..id(IS1001b.A.words1088)"/>
      <nite:child href="IS1001b.A.words.xml#id(IS1001b.A.words1090)..id(IS1001b.A.words1154)"/>
      <nite:child href="IS1001b.A.words.xml#id(IS1001b.A.words1156)..id(IS1001b.A.words1157)"/>
      <nite:child href="IS1001b.A.words.xml#id(IS1001b.A.words1159)..id(IS1001b.A.words1189)"/>
   </ae>
   <ae nite:id="IS1001b.A.argumentstructs.39">
      <nite:pointer role="type"  href="ae-types.xml#id(ae_6)"/>
      <nite:child href="IS1001b.A.words.xml#id(IS1001b.A.words1277)..id(IS1001b.A.words1280)"/>
   </ae>
   <ae nite:id="IS1001b.A.argumentstructs.40">
      <nite:pointer role="type"  href="ae-types.xml#id(ae_6)"/>
      <nite:child href="IS1001b.A.words.xml#id(IS1001b.A.words1347)"/>
   </ae>
   <ae nite:id="IS1001b.A.argumentstructs.41">
      <nite:pointer role="type"  href="ae-types.xml#id(ae_6)"/>
      <nite:child href="IS1001b.A.words.xml#id(IS1001b.A.words1491)"/>
      <nite:child href="IS1001b.A.words.xml#id(IS1001b.A.words1493)..id(IS1001b.A.words1506)"/>
   </ae>
   <ae nite:id="IS1001b.A.argumentstructs.42">
      <nite:pointer role="type"  href="ae-types.xml#id(ae_6)"/>
      <nite:child href="IS1001b.A.words.xml#id(IS1001b.A.words1573)..id(IS1001b.A.words1574)"/>
      <nite:child href="IS1001b.A.words.xml#id(IS1001b.A.words1576)..id(IS1001b.A.words1591)"/>
   </ae>
   <ae nite:id="IS1001b.A.argumentstructs.43">
      <nite:pointer role="type"  href="ae-types.xml#id(ae_6)"/>
      <nite:child href="IS1001b.A.words.xml#id(IS1001b.A.words1629)..id(IS1001b.A.words1630)"/>
   </ae>
   <ae nite:id="IS1001b.A.argumentstructs.44">
      <nite:pointer role="type"  href="ae-types.xml#id(ae_6)"/>
      <nite:child href="IS1001b.A.words.xml#id(IS1001b.A.words1706)..id(IS1001b.A.words1707)"/>
   </ae>
   <ae nite:id="IS1001b.A.argumentstructs.45">
      <nite:pointer role="type"  href="ae-types.xml#id(ae_6)"/>
      <nite:child href="IS1001b.A.words.xml#id(IS1001b.A.words1718)..id(IS1001b.A.words1719)"/>
   </ae>
   <ae nite:id="IS1001b.A.argumentstructs.46">
      <nite:pointer role="type"  href="ae-types.xml#id(ae_6)"/>
      <nite:child href="IS1001b.A.words.xml#id(IS1001b.A.words1741)..id(IS1001b.A.words1742)"/>
   </ae>
   <ae nite:id="IS1001b.A.argumentstructs.47">
      <nite:pointer role="type"  href="ae-types.xml#id(ae_6)"/>
      <nite:child href="IS1001b.A.words.xml#id(IS1001b.A.words1813)..id(IS1001b.A.words1814)"/>
   </ae>
   <ae nite:id="IS1001b.A.argumentstructs.48">
      <nite:pointer role="type"  href="ae-types.xml#id(ae_6)"/>
      <nite:child href="IS1001b.A.words.xml#id(IS1001b.A.words1863)..id(IS1001b.A.words1865)"/>
      <nite:child href="IS1001b.A.words.xml#id(IS1001b.A.words1867)..id(IS1001b.A.words1870)"/>
   </ae>
</nite:root>