<?xml version="1.0" encoding="ISO-8859-1" standalone="yes"?>
<nite:root nite:id="IS1004d.C.argumentstructs" xmlns:nite="http://nite.sourceforge.net/">
   <ae nite:id="IS1004d.C.argumentstructs.Rutger.1">
      <nite:pointer role="type"  href="ae-types.xml#id(ae_3)"/>
      <nite:child href="IS1004d.C.words.xml#id(IS1004d.C.words788)..id(IS1004d.C.words806)"/>
   </ae>
   <ae nite:id="IS1004d.C.argumentstructs.Rutger.2">
      <nite:pointer role="type"  href="ae-types.xml#id(ae_1)"/>
      <nite:child href="IS1004d.C.words.xml#id(IS1004d.C.words807)..id(IS1004d.C.words828)"/>
   </ae>
   <ae nite:id="IS1004d.C.argumentstructs.Rutger.3">
      <nite:pointer role="type"  href="ae-types.xml#id(ae_1)"/>
      <nite:child href="IS1004d.C.words.xml#id(IS1004d.C.words829)..id(IS1004d.C.words840)"/>
   </ae>
   <ae nite:id="IS1004d.C.argumentstructs.Rutger.4">
      <nite:pointer role="type"  href="ae-types.xml#id(ae_1)"/>
      <nite:child href="IS1004d.C.words.xml#id(IS1004d.C.words841)..id(IS1004d.C.words842)"/>
   </ae>
   <ae nite:id="IS1004d.C.argumentstructs.Rutger.5">
      <nite:pointer role="type"  href="ae-types.xml#id(ae_5)"/>
      <nite:child href="IS1004d.C.words.xml#id(IS1004d.C.words844)..id(IS1004d.C.words856)"/>
   </ae>
   <ae nite:id="IS1004d.C.argumentstructs.Rutger.6">
      <nite:pointer role="type"  href="ae-types.xml#id(ae_1)"/>
      <nite:child href="IS1004d.C.words.xml#id(IS1004d.C.words857)..id(IS1004d.C.words868)"/>
   </ae>
   <ae nite:id="IS1004d.C.argumentstructs.Rutger.7">
      <nite:pointer role="type"  href="ae-types.xml#id(ae_1)"/>
      <nite:child href="IS1004d.C.words.xml#id(IS1004d.C.words869)..id(IS1004d.C.words873)"/>
   </ae>
   <ae nite:id="IS1004d.C.argumentstructs.8">
      <nite:pointer role="type"  href="ae-types.xml#id(ae_6)"/>
      <nite:child href="IS1004d.C.words.xml#id(IS1004d.C.words786)..id(IS1004d.C.words787)"/>
   </ae>
</nite:root>