<?xml version="1.0" encoding="ISO-8859-1" standalone="yes"?>
<nite:root nite:id="IS1008d.C.argumentstructs" xmlns:nite="http://nite.sourceforge.net/">
   <ae nite:id="IS1008d.C.argumentstructs.Daan.1">
      <nite:pointer role="type"  href="ae-types.xml#id(ae_1)"/>
      <nite:child href="IS1008d.C.words.xml#id(IS1008d.C.words457)..id(IS1008d.C.words485)"/>
   </ae>
   <ae nite:id="IS1008d.C.argumentstructs.Daan.2">
      <nite:pointer role="type"  href="ae-types.xml#id(ae_1)"/>
      <nite:child href="IS1008d.C.words.xml#id(IS1008d.C.words486)..id(IS1008d.C.words555)"/>
   </ae>
   <ae nite:id="IS1008d.C.argumentstructs.Daan.3">
      <nite:pointer role="type"  href="ae-types.xml#id(ae_1)"/>
      <nite:child href="IS1008d.C.words.xml#id(IS1008d.C.words556)..id(IS1008d.C.words568)"/>
   </ae>
   <ae nite:id="IS1008d.C.argumentstructs.Daan.4">
      <nite:pointer role="type"  href="ae-types.xml#id(ae_1)"/>
      <nite:child href="IS1008d.C.words.xml#id(IS1008d.C.words570)..id(IS1008d.C.words588)"/>
   </ae>
   <ae nite:id="IS1008d.C.argumentstructs.Daan.5">
      <nite:pointer role="type"  href="ae-types.xml#id(ae_1)"/>
      <nite:child href="IS1008d.C.words.xml#id(IS1008d.C.words803)..id(IS1008d.C.words812)"/>
   </ae>
   <ae nite:id="IS1008d.C.argumentstructs.Daan.6">
      <nite:pointer role="type"  href="ae-types.xml#id(ae_1)"/>
      <nite:child href="IS1008d.C.words.xml#id(IS1008d.C.words813)..id(IS1008d.C.words814)"/>
   </ae>
   <ae nite:id="IS1008d.C.argumentstructs.Daan.7">
      <nite:pointer role="type"  href="ae-types.xml#id(ae_1)"/>
      <nite:child href="IS1008d.C.words.xml#id(IS1008d.C.words819)..id(IS1008d.C.words838)"/>
   </ae>
   <ae nite:id="IS1008d.C.argumentstructs.Daan.8">
      <nite:pointer role="type"  href="ae-types.xml#id(ae_1)"/>
      <nite:child href="IS1008d.C.words.xml#id(IS1008d.C.words841)..id(IS1008d.C.words932)"/>
   </ae>
   <ae nite:id="IS1008d.C.argumentstructs.Daan.10">
      <nite:pointer role="type"  href="ae-types.xml#id(ae_1)"/>
      <nite:child href="IS1008d.C.words.xml#id(IS1008d.C.words1023)..id(IS1008d.C.words1065)"/>
   </ae>
   <ae nite:id="IS1008d.C.argumentstructs.Daan.11">
      <nite:pointer role="type"  href="ae-types.xml#id(ae_1)"/>
      <nite:child href="IS1008d.C.words.xml#id(IS1008d.C.words1067)..id(IS1008d.C.words1091)"/>
   </ae>
   <ae nite:id="IS1008d.C.argumentstructs.Daan.12">
      <nite:pointer role="type"  href="ae-types.xml#id(ae_1)"/>
      <nite:child href="IS1008d.C.words.xml#id(IS1008d.C.words1092)..id(IS1008d.C.words1135)"/>
   </ae>
   <ae nite:id="IS1008d.C.argumentstructs.Daan.13">
      <nite:pointer role="type"  href="ae-types.xml#id(ae_1)"/>
      <nite:child href="IS1008d.C.words.xml#id(IS1008d.C.words1136)..id(IS1008d.C.words1184)"/>
   </ae>
   <ae nite:id="IS1008d.C.argumentstructs.Daan.14">
      <nite:pointer role="type"  href="ae-types.xml#id(ae_1)"/>
      <nite:child href="IS1008d.C.words.xml#id(IS1008d.C.words1185)..id(IS1008d.C.words1230)"/>
   </ae>
   <ae nite:id="IS1008d.C.argumentstructs.Daan.15">
      <nite:pointer role="type"  href="ae-types.xml#id(ae_1)"/>
      <nite:child href="IS1008d.C.words.xml#id(IS1008d.C.words1235)..id(IS1008d.C.words1241)"/>
   </ae>
   <ae nite:id="IS1008d.C.argumentstructs.Daan.16">
      <nite:pointer role="type"  href="ae-types.xml#id(ae_1)"/>
      <nite:child href="IS1008d.C.words.xml#id(IS1008d.C.words1246)..id(IS1008d.C.words1255)"/>
   </ae>
   <ae nite:id="IS1008d.C.argumentstructs.Daan.17">
      <nite:pointer role="type"  href="ae-types.xml#id(ae_1)"/>
      <nite:child href="IS1008d.C.words.xml#id(IS1008d.C.words1260)..id(IS1008d.C.words1312)"/>
   </ae>
   <ae nite:id="IS1008d.C.argumentstructs.18">
      <nite:pointer role="type"  href="ae-types.xml#id(ae_6)"/>
      <nite:child href="IS1008d.C.words.xml#id(IS1008d.C.words455)..id(IS1008d.C.words456)"/>
   </ae>
   <ae nite:id="IS1008d.C.argumentstructs.19">
      <nite:pointer role="type"  href="ae-types.xml#id(ae_6)"/>
      <nite:child href="IS1008d.C.words.xml#id(IS1008d.C.words589)..id(IS1008d.C.words590)"/>
   </ae>
   <ae nite:id="IS1008d.C.argumentstructs.20">
      <nite:pointer role="type"  href="ae-types.xml#id(ae_6)"/>
      <nite:child href="IS1008d.C.words.xml#id(IS1008d.C.words801)..id(IS1008d.C.words802)"/>
   </ae>
   <ae nite:id="IS1008d.C.argumentstructs.21">
      <nite:pointer role="type"  href="ae-types.xml#id(ae_6)"/>
      <nite:child href="IS1008d.C.words.xml#id(IS1008d.C.words815)..id(IS1008d.C.words818)"/>
   </ae>
   <ae nite:id="IS1008d.C.argumentstructs.22">
      <nite:pointer role="type"  href="ae-types.xml#id(ae_6)"/>
      <nite:child href="IS1008d.C.words.xml#id(IS1008d.C.words839)..id(IS1008d.C.words840)"/>
   </ae>
   <ae nite:id="IS1008d.C.argumentstructs.23">
      <nite:pointer role="type"  href="ae-types.xml#id(ae_6)"/>
      <nite:child href="IS1008d.C.words.xml#id(IS1008d.C.words933)..id(IS1008d.C.words951)"/>
   </ae>
   <ae nite:id="IS1008d.C.argumentstructs.24">
      <nite:pointer role="type"  href="ae-types.xml#id(ae_6)"/>
      <nite:child href="IS1008d.C.words.xml#id(IS1008d.C.words1231)..id(IS1008d.C.words1232)"/>
   </ae>
   <ae nite:id="IS1008d.C.argumentstructs.25">
      <nite:pointer role="type"  href="ae-types.xml#id(ae_6)"/>
      <nite:child href="IS1008d.C.words.xml#id(IS1008d.C.words1242)..id(IS1008d.C.words1245)"/>
   </ae>
   <ae nite:id="IS1008d.C.argumentstructs.26">
      <nite:pointer role="type"  href="ae-types.xml#id(ae_6)"/>
      <nite:child href="IS1008d.C.words.xml#id(IS1008d.C.words1256)..id(IS1008d.C.words1259)"/>
   </ae>
</nite:root>