<?xml version="1.0" encoding="ISO-8859-1" standalone="yes"?>
<nite:root nite:id="IS1001b.B.argumentstructs" xmlns:nite="http://nite.sourceforge.net/">
   <ae nite:id="IS1001b.B.argumentstructs.Rutger.1">
      <nite:pointer role="type"  href="ae-types.xml#id(ae_1)"/>
      <nite:child href="IS1001b.B.words.xml#id(IS1001b.B.words865)..id(IS1001b.B.words900)"/>
   </ae>
   <ae nite:id="IS1001b.B.argumentstructs.Rutger.2">
      <nite:pointer role="type"  href="ae-types.xml#id(ae_1)"/>
      <nite:child href="IS1001b.B.words.xml#id(IS1001b.B.words901)..id(IS1001b.B.words924)"/>
   </ae>
   <ae nite:id="IS1001b.B.argumentstructs.Rutger.3">
      <nite:pointer role="type"  href="ae-types.xml#id(ae_1)"/>
      <nite:child href="IS1001b.B.words.xml#id(IS1001b.B.words925)..id(IS1001b.B.words1002)"/>
   </ae>
   <ae nite:id="IS1001b.B.argumentstructs.Rutger.4">
      <nite:pointer role="type"  href="ae-types.xml#id(ae_5)"/>
      <nite:child href="IS1001b.B.words.xml#id(IS1001b.B.words1005)..id(IS1001b.B.words1043)"/>
   </ae>
   <ae nite:id="IS1001b.B.argumentstructs.Rutger.5">
      <nite:pointer role="type"  href="ae-types.xml#id(ae_1)"/>
      <nite:child href="IS1001b.B.words.xml#id(IS1001b.B.words1044)..id(IS1001b.B.words1063)"/>
   </ae>
   <ae nite:id="IS1001b.B.argumentstructs.Rutger.6">
      <nite:pointer role="type"  href="ae-types.xml#id(ae_1)"/>
      <nite:child href="IS1001b.B.words.xml#id(IS1001b.B.words1066)..id(IS1001b.B.words1067)"/>
   </ae>
   <ae nite:id="IS1001b.B.argumentstructs.Rutger.7">
      <nite:pointer role="type"  href="ae-types.xml#id(ae_1)"/>
      <nite:child href="IS1001b.B.words.xml#id(IS1001b.B.words1072)..id(IS1001b.B.words1078)"/>
   </ae>
   <ae nite:id="IS1001b.B.argumentstructs.Rutger.8">
      <nite:pointer role="type"  href="ae-types.xml#id(ae_1)"/>
      <nite:child href="IS1001b.B.words.xml#id(IS1001b.B.words1079)..id(IS1001b.B.words1088)"/>
   </ae>
   <ae nite:id="IS1001b.B.argumentstructs.Rutger.9">
      <nite:pointer role="type"  href="ae-types.xml#id(ae_5)"/>
      <nite:child href="IS1001b.B.words.xml#id(IS1001b.B.words1089)..id(IS1001b.B.words1099)"/>
   </ae>
   <ae nite:id="IS1001b.B.argumentstructs.Rutger.10">
      <nite:pointer role="type"  href="ae-types.xml#id(ae_1)"/>
      <nite:child href="IS1001b.B.words.xml#id(IS1001b.B.words1103)..id(IS1001b.B.words1121)"/>
   </ae>
   <ae nite:id="IS1001b.B.argumentstructs.Rutger.11">
      <nite:pointer role="type"  href="ae-types.xml#id(ae_1)"/>
      <nite:child href="IS1001b.B.words.xml#id(IS1001b.B.words1128)..id(IS1001b.B.words1147)"/>
   </ae>
   <ae nite:id="IS1001b.B.argumentstructs.Rutger.12">
      <nite:pointer role="type"  href="ae-types.xml#id(ae_1)"/>
      <nite:child href="IS1001b.B.words.xml#id(IS1001b.B.words1174)..id(IS1001b.B.words1175)"/>
   </ae>
   <ae nite:id="IS1001b.B.argumentstructs.Rutger.13">
      <nite:pointer role="type"  href="ae-types.xml#id(ae_1)"/>
      <nite:child href="IS1001b.B.words.xml#id(IS1001b.B.words1177)..id(IS1001b.B.words1200)"/>
   </ae>
   <ae nite:id="IS1001b.B.argumentstructs.Rutger.14">
      <nite:pointer role="type"  href="ae-types.xml#id(ae_1)"/>
      <nite:child href="IS1001b.B.words.xml#id(IS1001b.B.words1202)..id(IS1001b.B.words1207)"/>
   </ae>
   <ae nite:id="IS1001b.B.argumentstructs.Rutger.15">
      <nite:pointer role="type"  href="ae-types.xml#id(ae_1)"/>
      <nite:child href="IS1001b.B.words.xml#id(IS1001b.B.words1208)..id(IS1001b.B.words1217)"/>
   </ae>
   <ae nite:id="IS1001b.B.argumentstructs.Rutger.16">
      <nite:pointer role="type"  href="ae-types.xml#id(ae_4)"/>
      <nite:child href="IS1001b.B.words.xml#id(IS1001b.B.words1218)..id(IS1001b.B.words1238)"/>
   </ae>
   <ae nite:id="IS1001b.B.argumentstructs.Rutger.17">
      <nite:pointer role="type"  href="ae-types.xml#id(ae_1)"/>
      <nite:child href="IS1001b.B.words.xml#id(IS1001b.B.words1241)..id(IS1001b.B.words1264)"/>
   </ae>
   <ae nite:id="IS1001b.B.argumentstructs.Rutger.18">
      <nite:pointer role="type"  href="ae-types.xml#id(ae_1)"/>
      <nite:child href="IS1001b.B.words.xml#id(IS1001b.B.words1292)..id(IS1001b.B.words1302)"/>
   </ae>
   <ae nite:id="IS1001b.B.argumentstructs.Rutger.19">
      <nite:pointer role="type"  href="ae-types.xml#id(ae_1)"/>
      <nite:child href="IS1001b.B.words.xml#id(IS1001b.B.words1303)..id(IS1001b.B.words1310)"/>
   </ae>
   <ae nite:id="IS1001b.B.argumentstructs.Rutger.20">
      <nite:pointer role="type"  href="ae-types.xml#id(ae_2)"/>
      <nite:child href="IS1001b.B.words.xml#id(IS1001b.B.words1311)..id(IS1001b.B.words1329)"/>
   </ae>
   <ae nite:id="IS1001b.B.argumentstructs.Rutger.21">
      <nite:pointer role="type"  href="ae-types.xml#id(ae_1)"/>
      <nite:child href="IS1001b.B.words.xml#id(IS1001b.B.words1333)..id(IS1001b.B.words1364)"/>
   </ae>
   <ae nite:id="IS1001b.B.argumentstructs.Rutger.22">
      <nite:pointer role="type"  href="ae-types.xml#id(ae_1)"/>
      <nite:child href="IS1001b.B.words.xml#id(IS1001b.B.words1370)..id(IS1001b.B.words1388)"/>
   </ae>
   <ae nite:id="IS1001b.B.argumentstructs.Rutger.23">
      <nite:pointer role="type"  href="ae-types.xml#id(ae_1)"/>
      <nite:child href="IS1001b.B.words.xml#id(IS1001b.B.words1391)..id(IS1001b.B.words1392)"/>
   </ae>
   <ae nite:id="IS1001b.B.argumentstructs.Rutger.24">
      <nite:pointer role="type"  href="ae-types.xml#id(ae_1)"/>
      <nite:child href="IS1001b.B.words.xml#id(IS1001b.B.words1393)..id(IS1001b.B.words1436)"/>
   </ae>
   <ae nite:id="IS1001b.B.argumentstructs.Rutger.25">
      <nite:pointer role="type"  href="ae-types.xml#id(ae_1)"/>
      <nite:child href="IS1001b.B.words.xml#id(IS1001b.B.words1438)..id(IS1001b.B.words1439)"/>
   </ae>
   <ae nite:id="IS1001b.B.argumentstructs.Rutger.26">
      <nite:pointer role="type"  href="ae-types.xml#id(ae_5)"/>
      <nite:child href="IS1001b.B.words.xml#id(IS1001b.B.words1442)..id(IS1001b.B.words1457)"/>
   </ae>
   <ae nite:id="IS1001b.B.argumentstructs.Rutger.27">
      <nite:pointer role="type"  href="ae-types.xml#id(ae_1)"/>
      <nite:child href="IS1001b.B.words.xml#id(IS1001b.B.words1458)..id(IS1001b.B.words1462)"/>
   </ae>
   <ae nite:id="IS1001b.B.argumentstructs.Rutger.28">
      <nite:pointer role="type"  href="ae-types.xml#id(ae_1)"/>
      <nite:child href="IS1001b.B.words.xml#id(IS1001b.B.words1465)..id(IS1001b.B.words1468)"/>
   </ae>
   <ae nite:id="IS1001b.B.argumentstructs.Rutger.29">
      <nite:pointer role="type"  href="ae-types.xml#id(ae_1)"/>
      <nite:child href="IS1001b.B.words.xml#id(IS1001b.B.words1469)..id(IS1001b.B.words1509)"/>
   </ae>
   <ae nite:id="IS1001b.B.argumentstructs.Rutger.30">
      <nite:pointer role="type"  href="ae-types.xml#id(ae_1)"/>
      <nite:child href="IS1001b.B.words.xml#id(IS1001b.B.words1510)..id(IS1001b.B.words1511)"/>
   </ae>
   <ae nite:id="IS1001b.B.argumentstructs.31">
      <nite:pointer role="type"  href="ae-types.xml#id(ae_6)"/>
      <nite:child href="IS1001b.B.words.xml#id(IS1001b.B.words1003)..id(IS1001b.B.words1004)"/>
   </ae>
   <ae nite:id="IS1001b.B.argumentstructs.32">
      <nite:pointer role="type"  href="ae-types.xml#id(ae_6)"/>
      <nite:child href="IS1001b.B.words.xml#id(IS1001b.B.words1064)..id(IS1001b.B.words1065)"/>
   </ae>
   <ae nite:id="IS1001b.B.argumentstructs.33">
      <nite:pointer role="type"  href="ae-types.xml#id(ae_6)"/>
      <nite:child href="IS1001b.B.words.xml#id(IS1001b.B.words1068)..id(IS1001b.B.words1071)"/>
   </ae>
   <ae nite:id="IS1001b.B.argumentstructs.34">
      <nite:pointer role="type"  href="ae-types.xml#id(ae_6)"/>
      <nite:child href="IS1001b.B.words.xml#id(IS1001b.B.words1100)..id(IS1001b.B.words1101)"/>
   </ae>
   <ae nite:id="IS1001b.B.argumentstructs.35">
      <nite:pointer role="type"  href="ae-types.xml#id(ae_6)"/>
      <nite:child href="IS1001b.B.words.xml#id(IS1001b.B.words1126)..id(IS1001b.B.words1127)"/>
   </ae>
   <ae nite:id="IS1001b.B.argumentstructs.36">
      <nite:pointer role="type"  href="ae-types.xml#id(ae_6)"/>
      <nite:child href="IS1001b.B.words.xml#id(IS1001b.B.words1148)..id(IS1001b.B.words1173)"/>
   </ae>
   <ae nite:id="IS1001b.B.argumentstructs.37">
      <nite:pointer role="type"  href="ae-types.xml#id(ae_6)"/>
      <nite:child href="IS1001b.B.words.xml#id(IS1001b.B.words1239)..id(IS1001b.B.words1240)"/>
   </ae>
   <ae nite:id="IS1001b.B.argumentstructs.38">
      <nite:pointer role="type"  href="ae-types.xml#id(ae_6)"/>
      <nite:child href="IS1001b.B.words.xml#id(IS1001b.B.words1265)..id(IS1001b.B.words1274)"/>
      <nite:child href="IS1001b.B.words.xml#id(IS1001b.B.words1276)..id(IS1001b.B.words1284)"/>
      <nite:child href="IS1001b.B.words.xml#id(IS1001b.B.words1286)..id(IS1001b.B.words1291)"/>
   </ae>
   <ae nite:id="IS1001b.B.argumentstructs.39">
      <nite:pointer role="type"  href="ae-types.xml#id(ae_6)"/>
      <nite:child href="IS1001b.B.words.xml#id(IS1001b.B.words1330)..id(IS1001b.B.words1331)"/>
   </ae>
   <ae nite:id="IS1001b.B.argumentstructs.40">
      <nite:pointer role="type"  href="ae-types.xml#id(ae_6)"/>
      <nite:child href="IS1001b.B.words.xml#id(IS1001b.B.words1365)..id(IS1001b.B.words1368)"/>
   </ae>
   <ae nite:id="IS1001b.B.argumentstructs.41">
      <nite:pointer role="type"  href="ae-types.xml#id(ae_6)"/>
      <nite:child href="IS1001b.B.words.xml#id(IS1001b.B.words1389)..id(IS1001b.B.words1390)"/>
   </ae>
   <ae nite:id="IS1001b.B.argumentstructs.42">
      <nite:pointer role="type"  href="ae-types.xml#id(ae_6)"/>
      <nite:child href="IS1001b.B.words.xml#id(IS1001b.B.words1440)..id(IS1001b.B.words1441)"/>
   </ae>
   <ae nite:id="IS1001b.B.argumentstructs.43">
      <nite:pointer role="type"  href="ae-types.xml#id(ae_6)"/>
      <nite:child href="IS1001b.B.words.xml#id(IS1001b.B.words1463)..id(IS1001b.B.words1464)"/>
   </ae>
</nite:root>