<?xml version="1.0" encoding="ISO-8859-1" standalone="yes"?>
<nite:root nite:id="IS1003d.D.argumentstructs" xmlns:nite="http://nite.sourceforge.net/">
   <ae nite:id="IS1003d.D.argumentstructs.Rutger.1">
      <nite:pointer role="type"  href="ae-types.xml#id(ae_1)"/>
      <nite:child href="IS1003d.D.words.xml#id(IS1003d.D.words1473)..id(IS1003d.D.words1474)"/>
   </ae>
   <ae nite:id="IS1003d.D.argumentstructs.Rutger.2">
      <nite:pointer role="type"  href="ae-types.xml#id(ae_1)"/>
      <nite:child href="IS1003d.D.words.xml#id(IS1003d.D.words1475)..id(IS1003d.D.words1489)"/>
   </ae>
   <ae nite:id="IS1003d.D.argumentstructs.Rutger.3">
      <nite:pointer role="type"  href="ae-types.xml#id(ae_1)"/>
      <nite:child href="IS1003d.D.words.xml#id(IS1003d.D.words1490)..id(IS1003d.D.words1498)"/>
   </ae>
   <ae nite:id="IS1003d.D.argumentstructs.Rutger.4">
      <nite:pointer role="type"  href="ae-types.xml#id(ae_1)"/>
      <nite:child href="IS1003d.D.words.xml#id(IS1003d.D.words1499)..id(IS1003d.D.words1504)"/>
   </ae>
   <ae nite:id="IS1003d.D.argumentstructs.Rutger.5">
      <nite:pointer role="type"  href="ae-types.xml#id(ae_1)"/>
      <nite:child href="IS1003d.D.words.xml#id(IS1003d.D.words1505)..id(IS1003d.D.words1510)"/>
   </ae>
   <ae nite:id="IS1003d.D.argumentstructs.6">
      <nite:pointer role="type"  href="ae-types.xml#id(ae_6)"/>
      <nite:child href="IS1003d.D.words.xml#id(IS1003d.D.words481)..id(IS1003d.D.words501)"/>
      <nite:child href="IS1003d.D.words.xml#id(IS1003d.D.words503)..id(IS1003d.D.words521)"/>
      <nite:child href="IS1003d.D.words.xml#id(IS1003d.D.words523)..id(IS1003d.D.words546)"/>
      <nite:child href="IS1003d.D.words.xml#id(IS1003d.D.words548)..id(IS1003d.D.words576)"/>
      <nite:child href="IS1003d.D.words.xml#id(IS1003d.D.words578)..id(IS1003d.D.words580)"/>
      <nite:child href="IS1003d.D.words.xml#id(IS1003d.D.words582)..id(IS1003d.D.words604)"/>
      <nite:child href="IS1003d.D.words.xml#id(IS1003d.D.words606)..id(IS1003d.D.words618)"/>
      <nite:child href="IS1003d.D.words.xml#id(IS1003d.D.words620)..id(IS1003d.D.words642)"/>
      <nite:child href="IS1003d.D.words.xml#id(IS1003d.D.words644)..id(IS1003d.D.words657)"/>
   </ae>
   <ae nite:id="IS1003d.D.argumentstructs.7">
      <nite:pointer role="type"  href="ae-types.xml#id(ae_6)"/>
      <nite:child href="IS1003d.D.words.xml#id(IS1003d.D.words1511)..id(IS1003d.D.words1512)"/>
   </ae>
</nite:root>