<?xml version="1.0" encoding="ISO-8859-1" standalone="yes"?>
<nite:root nite:id="IS1007c.A.argumentstructs" xmlns:nite="http://nite.sourceforge.net/">
   <ae nite:id="IS1007c.A.argumentstructs.Daan.1">
      <nite:pointer role="type"  href="ae-types.xml#id(ae_1)"/>
      <nite:child href="IS1007c.A.words.xml#id(IS1007c.A.words124)..id(IS1007c.A.words174)"/>
   </ae>
   <ae nite:id="IS1007c.A.argumentstructs.Daan.2">
      <nite:pointer role="type"  href="ae-types.xml#id(ae_1)"/>
      <nite:child href="IS1007c.A.words.xml#id(IS1007c.A.words177)..id(IS1007c.A.words191)"/>
   </ae>
   <ae nite:id="IS1007c.A.argumentstructs.Daan.3">
      <nite:pointer role="type"  href="ae-types.xml#id(ae_1)"/>
      <nite:child href="IS1007c.A.words.xml#id(IS1007c.A.words270)..id(IS1007c.A.words287)"/>
   </ae>
   <ae nite:id="IS1007c.A.argumentstructs.Daan.4">
      <nite:pointer role="type"  href="ae-types.xml#id(ae_1)"/>
      <nite:child href="IS1007c.A.words.xml#id(IS1007c.A.words494)..id(IS1007c.A.words545)"/>
   </ae>
   <ae nite:id="IS1007c.A.argumentstructs.Daan.5">
      <nite:pointer role="type"  href="ae-types.xml#id(ae_1)"/>
      <nite:child href="IS1007c.A.words.xml#id(IS1007c.A.words549)..id(IS1007c.A.words571)"/>
   </ae>
   <ae nite:id="IS1007c.A.argumentstructs.Daan.6">
      <nite:pointer role="type"  href="ae-types.xml#id(ae_1)"/>
      <nite:child href="IS1007c.A.words.xml#id(IS1007c.A.words572)..id(IS1007c.A.words579)"/>
   </ae>
   <ae nite:id="IS1007c.A.argumentstructs.Daan.7">
      <nite:pointer role="type"  href="ae-types.xml#id(ae_1)"/>
      <nite:child href="IS1007c.A.words.xml#id(IS1007c.A.words583)..id(IS1007c.A.words618)"/>
   </ae>
   <ae nite:id="IS1007c.A.argumentstructs.Daan.8">
      <nite:pointer role="type"  href="ae-types.xml#id(ae_1)"/>
      <nite:child href="IS1007c.A.words.xml#id(IS1007c.A.words619)..id(IS1007c.A.words627)"/>
   </ae>
   <ae nite:id="IS1007c.A.argumentstructs.9">
      <nite:pointer role="type"  href="ae-types.xml#id(ae_6)"/>
      <nite:child href="IS1007c.A.words.xml#id(IS1007c.A.words121)..id(IS1007c.A.words122)"/>
   </ae>
   <ae nite:id="IS1007c.A.argumentstructs.10">
      <nite:pointer role="type"  href="ae-types.xml#id(ae_6)"/>
      <nite:child href="IS1007c.A.words.xml#id(IS1007c.A.words175)..id(IS1007c.A.words176)"/>
   </ae>
   <ae nite:id="IS1007c.A.argumentstructs.11">
      <nite:pointer role="type"  href="ae-types.xml#id(ae_6)"/>
      <nite:child href="IS1007c.A.words.xml#id(IS1007c.A.words192)..id(IS1007c.A.words196)"/>
      <nite:child href="IS1007c.A.words.xml#id(IS1007c.A.words199)"/>
      <nite:child href="IS1007c.A.words.xml#id(IS1007c.A.words201)..id(IS1007c.A.words218)"/>
   </ae>
   <ae nite:id="IS1007c.A.argumentstructs.12">
      <nite:pointer role="type"  href="ae-types.xml#id(ae_6)"/>
      <nite:child href="IS1007c.A.words.xml#id(IS1007c.A.words288)..id(IS1007c.A.words291)"/>
      <nite:child href="IS1007c.A.words.xml#id(IS1007c.A.words293)..id(IS1007c.A.words294)"/>
   </ae>
   <ae nite:id="IS1007c.A.argumentstructs.13">
      <nite:pointer role="type"  href="ae-types.xml#id(ae_6)"/>
      <nite:child href="IS1007c.A.words.xml#id(IS1007c.A.words482)..id(IS1007c.A.words485)"/>
      <nite:child href="IS1007c.A.words.xml#id(IS1007c.A.words487)..id(IS1007c.A.words492)"/>
   </ae>
   <ae nite:id="IS1007c.A.argumentstructs.14">
      <nite:pointer role="type"  href="ae-types.xml#id(ae_6)"/>
      <nite:child href="IS1007c.A.words.xml#id(IS1007c.A.words546)..id(IS1007c.A.words547)"/>
   </ae>
   <ae nite:id="IS1007c.A.argumentstructs.15">
      <nite:pointer role="type"  href="ae-types.xml#id(ae_6)"/>
      <nite:child href="IS1007c.A.words.xml#id(IS1007c.A.words580)..id(IS1007c.A.words582)"/>
   </ae>
   <ae nite:id="IS1007c.A.argumentstructs.16">
      <nite:pointer role="type"  href="ae-types.xml#id(ae_6)"/>
      <nite:child href="IS1007c.A.words.xml#id(IS1007c.A.words628)..id(IS1007c.A.words632)"/>
   </ae>
</nite:root>