<?xml version="1.0" encoding="ISO-8859-1" standalone="yes"?>
<nite:root nite:id="IS1009a.A.argumentstructs" xmlns:nite="http://nite.sourceforge.net/">
   <ae nite:id="IS1009a.A.argumentstructs.Daan.1">
      <nite:pointer role="type"  href="ae-types.xml#id(ae_5)"/>
      <nite:child href="IS1009a.A.words.xml#id(IS1009a.A.words589)..id(IS1009a.A.words632)"/>
   </ae>
   <ae nite:id="IS1009a.A.argumentstructs.Daan.2">
      <nite:pointer role="type"  href="ae-types.xml#id(ae_3)"/>
      <nite:child href="IS1009a.A.words.xml#id(IS1009a.A.words633)..id(IS1009a.A.words664)"/>
   </ae>
   <ae nite:id="IS1009a.A.argumentstructs.Daan.3">
      <nite:pointer role="type"  href="ae-types.xml#id(ae_1)"/>
      <nite:child href="IS1009a.A.words.xml#id(IS1009a.A.words675)..id(IS1009a.A.words694)"/>
   </ae>
   <ae nite:id="IS1009a.A.argumentstructs.Daan.4">
      <nite:pointer role="type"  href="ae-types.xml#id(ae_1)"/>
      <nite:child href="IS1009a.A.words.xml#id(IS1009a.A.words697)..id(IS1009a.A.words735)"/>
   </ae>
   <ae nite:id="IS1009a.A.argumentstructs.Daan.5">
      <nite:pointer role="type"  href="ae-types.xml#id(ae_1)"/>
      <nite:child href="IS1009a.A.words.xml#id(IS1009a.A.words736)..id(IS1009a.A.words788)"/>
   </ae>
   <ae nite:id="IS1009a.A.argumentstructs.Daan.6">
      <nite:pointer role="type"  href="ae-types.xml#id(ae_1)"/>
      <nite:child href="IS1009a.A.words.xml#id(IS1009a.A.words793)..id(IS1009a.A.words848)"/>
   </ae>
   <ae nite:id="IS1009a.A.argumentstructs.Daan.7">
      <nite:pointer role="type"  href="ae-types.xml#id(ae_1)"/>
      <nite:child href="IS1009a.A.words.xml#id(IS1009a.A.words849)..id(IS1009a.A.words882)"/>
   </ae>
   <ae nite:id="IS1009a.A.argumentstructs.Daan.8">
      <nite:pointer role="type"  href="ae-types.xml#id(ae_1)"/>
      <nite:child href="IS1009a.A.words.xml#id(IS1009a.A.words895)..id(IS1009a.A.words922)"/>
   </ae>
   <ae nite:id="IS1009a.A.argumentstructs.Daan.9">
      <nite:pointer role="type"  href="ae-types.xml#id(ae_1)"/>
      <nite:child href="IS1009a.A.words.xml#id(IS1009a.A.words923)..id(IS1009a.A.words1047)"/>
   </ae>
   <ae nite:id="IS1009a.A.argumentstructs.Daan.10">
      <nite:pointer role="type"  href="ae-types.xml#id(ae_1)"/>
      <nite:child href="IS1009a.A.words.xml#id(IS1009a.A.words1048)..id(IS1009a.A.words1110)"/>
   </ae>
   <ae nite:id="IS1009a.A.argumentstructs.Daan.11">
      <nite:pointer role="type"  href="ae-types.xml#id(ae_1)"/>
      <nite:child href="IS1009a.A.words.xml#id(IS1009a.A.words1114)..id(IS1009a.A.words1128)"/>
   </ae>
   <ae nite:id="IS1009a.A.argumentstructs.12">
      <nite:pointer role="type"  href="ae-types.xml#id(ae_6)"/>
      <nite:child href="IS1009a.A.words.xml#id(IS1009a.A.words665)..id(IS1009a.A.words674)"/>
   </ae>
   <ae nite:id="IS1009a.A.argumentstructs.13">
      <nite:pointer role="type"  href="ae-types.xml#id(ae_6)"/>
      <nite:child href="IS1009a.A.words.xml#id(IS1009a.A.words789)..id(IS1009a.A.words792)"/>
   </ae>
   <ae nite:id="IS1009a.A.argumentstructs.14">
      <nite:pointer role="type"  href="ae-types.xml#id(ae_6)"/>
      <nite:child href="IS1009a.A.words.xml#id(IS1009a.A.words883)..id(IS1009a.A.words894)"/>
   </ae>
   <ae nite:id="IS1009a.A.argumentstructs.15">
      <nite:pointer role="type"  href="ae-types.xml#id(ae_6)"/>
      <nite:child href="IS1009a.A.words.xml#id(IS1009a.A.words1111)..id(IS1009a.A.words1112)"/>
   </ae>
   <ae nite:id="IS1009a.A.argumentstructs.16">
      <nite:pointer role="type"  href="ae-types.xml#id(ae_6)"/>
      <nite:child href="IS1009a.A.words.xml#id(IS1009a.A.words1129)..id(IS1009a.A.words1132)"/>
      <nite:child href="IS1009a.A.words.xml#id(IS1009a.A.words1134)..id(IS1009a.A.words1155)"/>
   </ae>
</nite:root>