<?xml version="1.0" encoding="ISO-8859-1" standalone="yes"?>
<nite:root nite:id="IS1005b.A.argumentstructs" xmlns:nite="http://nite.sourceforge.net/">
   <ae nite:id="IS1005b.A.argumentstructs.Rutger.1">
      <nite:pointer role="type"  href="ae-types.xml#id(ae_1)"/>
      <nite:child href="IS1005b.A.words.xml#id(IS1005b.A.words1108)..id(IS1005b.A.words1134)"/>
   </ae>
   <ae nite:id="IS1005b.A.argumentstructs.Rutger.2">
      <nite:pointer role="type"  href="ae-types.xml#id(ae_1)"/>
      <nite:child href="IS1005b.A.words.xml#id(IS1005b.A.words1135)..id(IS1005b.A.words1155)"/>
   </ae>
   <ae nite:id="IS1005b.A.argumentstructs.Rutger.3">
      <nite:pointer role="type"  href="ae-types.xml#id(ae_1)"/>
      <nite:child href="IS1005b.A.words.xml#id(IS1005b.A.words1157)..id(IS1005b.A.words1161)"/>
   </ae>
   <ae nite:id="IS1005b.A.argumentstructs.Rutger.4">
      <nite:pointer role="type"  href="ae-types.xml#id(ae_1)"/>
      <nite:child href="IS1005b.A.words.xml#id(IS1005b.A.words1164)"/>
   </ae>
   <ae nite:id="IS1005b.A.argumentstructs.Rutger.5">
      <nite:pointer role="type"  href="ae-types.xml#id(ae_1)"/>
      <nite:child href="IS1005b.A.words.xml#id(IS1005b.A.words1168)..id(IS1005b.A.words1173)"/>
   </ae>
   <ae nite:id="IS1005b.A.argumentstructs.Rutger.6">
      <nite:pointer role="type"  href="ae-types.xml#id(ae_1)"/>
      <nite:child href="IS1005b.A.words.xml#id(IS1005b.A.words1174)..id(IS1005b.A.words1175)"/>
   </ae>
   <ae nite:id="IS1005b.A.argumentstructs.Rutger.7">
      <nite:pointer role="type"  href="ae-types.xml#id(ae_1)"/>
      <nite:child href="IS1005b.A.words.xml#id(IS1005b.A.words1176)..id(IS1005b.A.words1181)"/>
   </ae>
   <ae nite:id="IS1005b.A.argumentstructs.Rutger.8">
      <nite:pointer role="type"  href="ae-types.xml#id(ae_1)"/>
      <nite:child href="IS1005b.A.words.xml#id(IS1005b.A.words1185)..id(IS1005b.A.words1199)"/>
   </ae>
   <ae nite:id="IS1005b.A.argumentstructs.Rutger.9">
      <nite:pointer role="type"  href="ae-types.xml#id(ae_1)"/>
      <nite:child href="IS1005b.A.words.xml#id(IS1005b.A.words1224)..id(IS1005b.A.words1233)"/>
   </ae>
   <ae nite:id="IS1005b.A.argumentstructs.Rutger.10">
      <nite:pointer role="type"  href="ae-types.xml#id(ae_1)"/>
      <nite:child href="IS1005b.A.words.xml#id(IS1005b.A.words1234)"/>
   </ae>
   <ae nite:id="IS1005b.A.argumentstructs.Rutger.11">
      <nite:pointer role="type"  href="ae-types.xml#id(ae_5)"/>
      <nite:child href="IS1005b.A.words.xml#id(IS1005b.A.words1238)..id(IS1005b.A.words1282)"/>
   </ae>
   <ae nite:id="IS1005b.A.argumentstructs.Rutger.12">
      <nite:pointer role="type"  href="ae-types.xml#id(ae_5)"/>
      <nite:child href="IS1005b.A.words.xml#id(IS1005b.A.words1283)..id(IS1005b.A.words1291)"/>
   </ae>
   <ae nite:id="IS1005b.A.argumentstructs.Rutger.13">
      <nite:pointer role="type"  href="ae-types.xml#id(ae_1)"/>
      <nite:child href="IS1005b.A.words.xml#id(IS1005b.A.words1292)..id(IS1005b.A.words1313)"/>
   </ae>
   <ae nite:id="IS1005b.A.argumentstructs.Rutger.14">
      <nite:pointer role="type"  href="ae-types.xml#id(ae_1)"/>
      <nite:child href="IS1005b.A.words.xml#id(IS1005b.A.words1316)..id(IS1005b.A.words1320)"/>
   </ae>
   <ae nite:id="IS1005b.A.argumentstructs.15">
      <nite:pointer role="type"  href="ae-types.xml#id(ae_6)"/>
      <nite:child href="IS1005b.A.words.xml#id(IS1005b.A.words1162)..id(IS1005b.A.words1163)"/>
   </ae>
   <ae nite:id="IS1005b.A.argumentstructs.16">
      <nite:pointer role="type"  href="ae-types.xml#id(ae_6)"/>
      <nite:child href="IS1005b.A.words.xml#id(IS1005b.A.words1165)..id(IS1005b.A.words1167)"/>
   </ae>
   <ae nite:id="IS1005b.A.argumentstructs.17">
      <nite:pointer role="type"  href="ae-types.xml#id(ae_6)"/>
      <nite:child href="IS1005b.A.words.xml#id(IS1005b.A.words1182)..id(IS1005b.A.words1184)"/>
   </ae>
   <ae nite:id="IS1005b.A.argumentstructs.18">
      <nite:pointer role="type"  href="ae-types.xml#id(ae_6)"/>
      <nite:child href="IS1005b.A.words.xml#id(IS1005b.A.words1235)..id(IS1005b.A.words1237)"/>
   </ae>
</nite:root>