<?xml version="1.0" encoding="ISO-8859-1" standalone="yes"?>
<nite:root nite:id="IS1004c.B.argumentstructs" xmlns:nite="http://nite.sourceforge.net/">
   <ae nite:id="IS1004c.B.argumentstructs.Rutger.1">
      <nite:pointer role="type"  href="ae-types.xml#id(ae_3)"/>
      <nite:child href="IS1004c.B.words.xml#id(IS1004c.B.words93)..id(IS1004c.B.words100)"/>
   </ae>
   <ae nite:id="IS1004c.B.argumentstructs.Rutger.2">
      <nite:pointer role="type"  href="ae-types.xml#id(ae_4)"/>
      <nite:child href="IS1004c.B.words.xml#id(IS1004c.B.words101)..id(IS1004c.B.words131)"/>
   </ae>
   <ae nite:id="IS1004c.B.argumentstructs.Rutger.3">
      <nite:pointer role="type"  href="ae-types.xml#id(ae_1)"/>
      <nite:child href="IS1004c.B.words.xml#id(IS1004c.B.words132)..id(IS1004c.B.words146)"/>
   </ae>
   <ae nite:id="IS1004c.B.argumentstructs.Rutger.5">
      <nite:pointer role="type"  href="ae-types.xml#id(ae_2)"/>
      <nite:child href="IS1004c.B.words.xml#id(IS1004c.B.words158)..id(IS1004c.B.words206)"/>
   </ae>
   <ae nite:id="IS1004c.B.argumentstructs.Rutger.7">
      <nite:pointer role="type"  href="ae-types.xml#id(ae_5)"/>
      <nite:child href="IS1004c.B.words.xml#id(IS1004c.B.words210)..id(IS1004c.B.words217)"/>
   </ae>
   <ae nite:id="IS1004c.B.argumentstructs.Rutger.8">
      <nite:pointer role="type"  href="ae-types.xml#id(ae_5)"/>
      <nite:child href="IS1004c.B.words.xml#id(IS1004c.B.words218)..id(IS1004c.B.words221)"/>
   </ae>
   <ae nite:id="IS1004c.B.argumentstructs.Rutger.10">
      <nite:pointer role="type"  href="ae-types.xml#id(ae_1)"/>
      <nite:child href="IS1004c.B.words.xml#id(IS1004c.B.words246)..id(IS1004c.B.words256)"/>
   </ae>
   <ae nite:id="IS1004c.B.argumentstructs.Rutger.11">
      <nite:pointer role="type"  href="ae-types.xml#id(ae_1)"/>
      <nite:child href="IS1004c.B.words.xml#id(IS1004c.B.words257)..id(IS1004c.B.words284)"/>
   </ae>
   <ae nite:id="IS1004c.B.argumentstructs.Rutger.12">
      <nite:pointer role="type"  href="ae-types.xml#id(ae_2)"/>
      <nite:child href="IS1004c.B.words.xml#id(IS1004c.B.words285)..id(IS1004c.B.words302)"/>
   </ae>
   <ae nite:id="IS1004c.B.argumentstructs.Rutger.13">
      <nite:pointer role="type"  href="ae-types.xml#id(ae_1)"/>
      <nite:child href="IS1004c.B.words.xml#id(IS1004c.B.words303)..id(IS1004c.B.words305)"/>
   </ae>
   <ae nite:id="IS1004c.B.argumentstructs.Rutger.14">
      <nite:pointer role="type"  href="ae-types.xml#id(ae_2)"/>
      <nite:child href="IS1004c.B.words.xml#id(IS1004c.B.words306)..id(IS1004c.B.words310)"/>
   </ae>
   <ae nite:id="IS1004c.B.argumentstructs.Rutger.15">
      <nite:pointer role="type"  href="ae-types.xml#id(ae_1)"/>
      <nite:child href="IS1004c.B.words.xml#id(IS1004c.B.words1772)..id(IS1004c.B.words1797)"/>
   </ae>
   <ae nite:id="IS1004c.B.argumentstructs.Rutger.16">
      <nite:pointer role="type"  href="ae-types.xml#id(ae_2)"/>
      <nite:child href="IS1004c.B.words.xml#id(IS1004c.B.words1800)..id(IS1004c.B.words1833)"/>
   </ae>
   <ae nite:id="IS1004c.B.argumentstructs.Rutger.17">
      <nite:pointer role="type"  href="ae-types.xml#id(ae_1)"/>
      <nite:child href="IS1004c.B.words.xml#id(IS1004c.B.words1834)..id(IS1004c.B.words1859)"/>
   </ae>
   <ae nite:id="IS1004c.B.argumentstructs.Rutger.19">
      <nite:pointer role="type"  href="ae-types.xml#id(ae_5)"/>
      <nite:child href="IS1004c.B.words.xml#id(IS1004c.B.words2807)..id(IS1004c.B.words2820)"/>
   </ae>
   <ae nite:id="IS1004c.B.argumentstructs.Rutger.20">
      <nite:pointer role="type"  href="ae-types.xml#id(ae_1)"/>
      <nite:child href="IS1004c.B.words.xml#id(IS1004c.B.words2821)..id(IS1004c.B.words2834)"/>
   </ae>
   <ae nite:id="IS1004c.B.argumentstructs.Rutger.21">
      <nite:pointer role="type"  href="ae-types.xml#id(ae_1)"/>
      <nite:child href="IS1004c.B.words.xml#id(IS1004c.B.words2835)..id(IS1004c.B.words2838)"/>
   </ae>
   <ae nite:id="IS1004c.B.argumentstructs.Rutger.23">
      <nite:pointer role="type"  href="ae-types.xml#id(ae_1)"/>
      <nite:child href="IS1004c.B.words.xml#id(IS1004c.B.words2863)..id(IS1004c.B.words2867)"/>
   </ae>
   <ae nite:id="IS1004c.B.argumentstructs.Rutger.24">
      <nite:pointer role="type"  href="ae-types.xml#id(ae_1)"/>
      <nite:child href="IS1004c.B.words.xml#id(IS1004c.B.words2868)..id(IS1004c.B.words2971)"/>
   </ae>
   <ae nite:id="IS1004c.B.argumentstructs.Rutger.25">
      <nite:pointer role="type"  href="ae-types.xml#id(ae_1)"/>
      <nite:child href="IS1004c.B.words.xml#id(IS1004c.B.words2839)..id(IS1004c.B.words2846)"/>
   </ae>
   <ae nite:id="IS1004c.B.argumentstructs.Rutger.26">
      <nite:pointer role="type"  href="ae-types.xml#id(ae_2)"/>
      <nite:child href="IS1004c.B.words.xml#id(IS1004c.B.words2847)..id(IS1004c.B.words2862)"/>
   </ae>
   <ae nite:id="IS1004c.B.argumentstructs.27">
      <nite:pointer role="type"  href="ae-types.xml#id(ae_6)"/>
      <nite:child href="IS1004c.B.words.xml#id(IS1004c.B.words147)"/>
      <nite:child href="IS1004c.B.words.xml#id(IS1004c.B.words149)..id(IS1004c.B.words157)"/>
   </ae>
   <ae nite:id="IS1004c.B.argumentstructs.28">
      <nite:pointer role="type"  href="ae-types.xml#id(ae_6)"/>
      <nite:child href="IS1004c.B.words.xml#id(IS1004c.B.words207)..id(IS1004c.B.words209)"/>
   </ae>
   <ae nite:id="IS1004c.B.argumentstructs.29">
      <nite:pointer role="type"  href="ae-types.xml#id(ae_6)"/>
      <nite:child href="IS1004c.B.words.xml#id(IS1004c.B.words222)..id(IS1004c.B.words234)"/>
      <nite:child href="IS1004c.B.words.xml#id(IS1004c.B.words236)"/>
      <nite:child href="IS1004c.B.words.xml#id(IS1004c.B.words238)..id(IS1004c.B.words245)"/>
   </ae>
   <ae nite:id="IS1004c.B.argumentstructs.30">
      <nite:pointer role="type"  href="ae-types.xml#id(ae_6)"/>
      <nite:child href="IS1004c.B.words.xml#id(IS1004c.B.words1798)..id(IS1004c.B.words1799)"/>
   </ae>
   <ae nite:id="IS1004c.B.argumentstructs.31">
      <nite:pointer role="type"  href="ae-types.xml#id(ae_6)"/>
      <nite:child href="IS1004c.B.words.xml#id(IS1004c.B.words2696)..id(IS1004c.B.words2708)"/>
      <nite:child href="IS1004c.B.words.xml#id(IS1004c.B.words2710)..id(IS1004c.B.words2722)"/>
      <nite:child href="IS1004c.B.words.xml#id(IS1004c.B.words2724)..id(IS1004c.B.words2806)"/>
   </ae>
</nite:root>