<?xml version="1.0" encoding="ISO-8859-1" standalone="yes"?>
<nite:root nite:id="IS1008b.C.argumentstructs" xmlns:nite="http://nite.sourceforge.net/">
   <ae nite:id="IS1008b.C.argumentstructs.Daan.1">
      <nite:pointer role="type"  href="ae-types.xml#id(ae_5)"/>
      <nite:child href="IS1008b.C.words.xml#id(IS1008b.C.words41)..id(IS1008b.C.words51)"/>
   </ae>
   <ae nite:id="IS1008b.C.argumentstructs.Daan.2">
      <nite:pointer role="type"  href="ae-types.xml#id(ae_1)"/>
      <nite:child href="IS1008b.C.words.xml#id(IS1008b.C.words52)..id(IS1008b.C.words85)"/>
   </ae>
   <ae nite:id="IS1008b.C.argumentstructs.Daan.3">
      <nite:pointer role="type"  href="ae-types.xml#id(ae_1)"/>
      <nite:child href="IS1008b.C.words.xml#id(IS1008b.C.words90)..id(IS1008b.C.words107)"/>
   </ae>
   <ae nite:id="IS1008b.C.argumentstructs.Daan.4">
      <nite:pointer role="type"  href="ae-types.xml#id(ae_1)"/>
      <nite:child href="IS1008b.C.words.xml#id(IS1008b.C.words140)..id(IS1008b.C.words184)"/>
   </ae>
   <ae nite:id="IS1008b.C.argumentstructs.Daan.5">
      <nite:pointer role="type"  href="ae-types.xml#id(ae_1)"/>
      <nite:child href="IS1008b.C.words.xml#id(IS1008b.C.words185)..id(IS1008b.C.words252)"/>
   </ae>
   <ae nite:id="IS1008b.C.argumentstructs.Daan.6">
      <nite:pointer role="type"  href="ae-types.xml#id(ae_1)"/>
      <nite:child href="IS1008b.C.words.xml#id(IS1008b.C.words253)..id(IS1008b.C.words266)"/>
   </ae>
   <ae nite:id="IS1008b.C.argumentstructs.Daan.7">
      <nite:pointer role="type"  href="ae-types.xml#id(ae_1)"/>
      <nite:child href="IS1008b.C.words.xml#id(IS1008b.C.words267)..id(IS1008b.C.words309)"/>
   </ae>
   <ae nite:id="IS1008b.C.argumentstructs.Daan.8">
      <nite:pointer role="type"  href="ae-types.xml#id(ae_5)"/>
      <nite:child href="IS1008b.C.words.xml#id(IS1008b.C.words1011)..id(IS1008b.C.words1037)"/>
   </ae>
   <ae nite:id="IS1008b.C.argumentstructs.Daan.9">
      <nite:pointer role="type"  href="ae-types.xml#id(ae_4)"/>
      <nite:child href="IS1008b.C.words.xml#id(IS1008b.C.words1038)..id(IS1008b.C.words1053)"/>
   </ae>
   <ae nite:id="IS1008b.C.argumentstructs.Daan.10">
      <nite:pointer role="type"  href="ae-types.xml#id(ae_1)"/>
      <nite:child href="IS1008b.C.words.xml#id(IS1008b.C.words1054)..id(IS1008b.C.words1055)"/>
   </ae>
   <ae nite:id="IS1008b.C.argumentstructs.Daan.11">
      <nite:pointer role="type"  href="ae-types.xml#id(ae_1)"/>
      <nite:child href="IS1008b.C.words.xml#id(IS1008b.C.words1061)..id(IS1008b.C.words1074)"/>
   </ae>
   <ae nite:id="IS1008b.C.argumentstructs.Daan.13">
      <nite:pointer role="type"  href="ae-types.xml#id(ae_1)"/>
      <nite:child href="IS1008b.C.words.xml#id(IS1008b.C.words1129)..id(IS1008b.C.words1166)"/>
   </ae>
   <ae nite:id="IS1008b.C.argumentstructs.Daan.15">
      <nite:pointer role="type"  href="ae-types.xml#id(ae_1)"/>
      <nite:child href="IS1008b.C.words.xml#id(IS1008b.C.words1075)..id(IS1008b.C.words1081)"/>
   </ae>
   <ae nite:id="IS1008b.C.argumentstructs.Daan.16">
      <nite:pointer role="type"  href="ae-types.xml#id(ae_5)"/>
      <nite:child href="IS1008b.C.words.xml#id(IS1008b.C.words1082)..id(IS1008b.C.words1128)"/>
   </ae>
   <ae nite:id="IS1008b.C.argumentstructs.17">
      <nite:pointer role="type"  href="ae-types.xml#id(ae_6)"/>
      <nite:child href="IS1008b.C.words.xml#id(IS1008b.C.words86)..id(IS1008b.C.words89)"/>
   </ae>
   <ae nite:id="IS1008b.C.argumentstructs.18">
      <nite:pointer role="type"  href="ae-types.xml#id(ae_6)"/>
      <nite:child href="IS1008b.C.words.xml#id(IS1008b.C.words108)..id(IS1008b.C.words109)"/>
      <nite:child href="IS1008b.C.words.xml#id(IS1008b.C.words111)..id(IS1008b.C.words115)"/>
   </ae>
   <ae nite:id="IS1008b.C.argumentstructs.19">
      <nite:pointer role="type"  href="ae-types.xml#id(ae_6)"/>
      <nite:child href="IS1008b.C.words.xml#id(IS1008b.C.words138)..id(IS1008b.C.words139)"/>
   </ae>
   <ae nite:id="IS1008b.C.argumentstructs.20">
      <nite:pointer role="type"  href="ae-types.xml#id(ae_6)"/>
      <nite:child href="IS1008b.C.words.xml#id(IS1008b.C.words310)..id(IS1008b.C.words312)"/>
   </ae>
   <ae nite:id="IS1008b.C.argumentstructs.21">
      <nite:pointer role="type"  href="ae-types.xml#id(ae_6)"/>
      <nite:child href="IS1008b.C.words.xml#id(IS1008b.C.words1056)..id(IS1008b.C.words1059)"/>
   </ae>
</nite:root>