<?xml version="1.0" encoding="ISO-8859-1" standalone="yes"?>
<nite:root nite:id="IS1009c.B.argumentstructs" xmlns:nite="http://nite.sourceforge.net/">
   <ae nite:id="IS1009c.B.argumentstructs.Daan.1">
      <nite:pointer role="type"  href="ae-types.xml#id(ae_1)"/>
      <nite:child href="IS1009c.B.words.xml#id(IS1009c.B.words72)..id(IS1009c.B.words130)"/>
   </ae>
   <ae nite:id="IS1009c.B.argumentstructs.Daan.2">
      <nite:pointer role="type"  href="ae-types.xml#id(ae_3)"/>
      <nite:child href="IS1009c.B.words.xml#id(IS1009c.B.words131)..id(IS1009c.B.words133)"/>
   </ae>
   <ae nite:id="IS1009c.B.argumentstructs.Daan.3">
      <nite:pointer role="type"  href="ae-types.xml#id(ae_1)"/>
      <nite:child href="IS1009c.B.words.xml#id(IS1009c.B.words134)..id(IS1009c.B.words138)"/>
   </ae>
   <ae nite:id="IS1009c.B.argumentstructs.Daan.4">
      <nite:pointer role="type"  href="ae-types.xml#id(ae_1)"/>
      <nite:child href="IS1009c.B.words.xml#id(IS1009c.B.words139)..id(IS1009c.B.words177)"/>
   </ae>
   <ae nite:id="IS1009c.B.argumentstructs.Daan.5">
      <nite:pointer role="type"  href="ae-types.xml#id(ae_1)"/>
      <nite:child href="IS1009c.B.words.xml#id(IS1009c.B.words178)..id(IS1009c.B.words212)"/>
   </ae>
   <ae nite:id="IS1009c.B.argumentstructs.Daan.7">
      <nite:pointer role="type"  href="ae-types.xml#id(ae_1)"/>
      <nite:child href="IS1009c.B.words.xml#id(IS1009c.B.words978)..id(IS1009c.B.words994)"/>
   </ae>
   <ae nite:id="IS1009c.B.argumentstructs.Daan.8">
      <nite:pointer role="type"  href="ae-types.xml#id(ae_1)"/>
      <nite:child href="IS1009c.B.words.xml#id(IS1009c.B.words995)..id(IS1009c.B.words1005)"/>
   </ae>
   <ae nite:id="IS1009c.B.argumentstructs.Daan.9">
      <nite:pointer role="type"  href="ae-types.xml#id(ae_1)"/>
      <nite:child href="IS1009c.B.words.xml#id(IS1009c.B.words1008)..id(IS1009c.B.words1107)"/>
   </ae>
   <ae nite:id="IS1009c.B.argumentstructs.Daan.10">
      <nite:pointer role="type"  href="ae-types.xml#id(ae_1)"/>
      <nite:child href="IS1009c.B.words.xml#id(IS1009c.B.words1114)..id(IS1009c.B.words1116)"/>
   </ae>
   <ae nite:id="IS1009c.B.argumentstructs.Daan.11">
      <nite:pointer role="type"  href="ae-types.xml#id(ae_1)"/>
      <nite:child href="IS1009c.B.words.xml#id(IS1009c.B.words1117)..id(IS1009c.B.words1121)"/>
   </ae>
   <ae nite:id="IS1009c.B.argumentstructs.12">
      <nite:pointer role="type"  href="ae-types.xml#id(ae_6)"/>
      <nite:child href="IS1009c.B.words.xml#id(IS1009c.B.words972)..id(IS1009c.B.words973)"/>
   </ae>
   <ae nite:id="IS1009c.B.argumentstructs.13">
      <nite:pointer role="type"  href="ae-types.xml#id(ae_6)"/>
      <nite:child href="IS1009c.B.words.xml#id(IS1009c.B.words1006)..id(IS1009c.B.words1007)"/>
   </ae>
   <ae nite:id="IS1009c.B.argumentstructs.14">
      <nite:pointer role="type"  href="ae-types.xml#id(ae_6)"/>
      <nite:child href="IS1009c.B.words.xml#id(IS1009c.B.words1122)..id(IS1009c.B.words1123)"/>
   </ae>
</nite:root>