<?xml version="1.0" encoding="ISO-8859-1" standalone="yes"?>
<nite:root nite:id="IS1000c.D.argumentstructs" xmlns:nite="http://nite.sourceforge.net/">
   <ae nite:id="IS1000c.D.argumentstructs.Rutger.1">
      <nite:pointer role="type"  href="ae-types.xml#id(ae_3)"/>
      <nite:child href="IS1000c.D.words.xml#id(IS1000c.D.words212)..id(IS1000c.D.words238)"/>
   </ae>
   <ae nite:id="IS1000c.D.argumentstructs.Rutger.2">
      <nite:pointer role="type"  href="ae-types.xml#id(ae_1)"/>
      <nite:child href="IS1000c.D.words.xml#id(IS1000c.D.words239)..id(IS1000c.D.words271)"/>
   </ae>
   <ae nite:id="IS1000c.D.argumentstructs.Rutger.3">
      <nite:pointer role="type"  href="ae-types.xml#id(ae_1)"/>
      <nite:child href="IS1000c.D.words.xml#id(IS1000c.D.words272)..id(IS1000c.D.words273)"/>
   </ae>
   <ae nite:id="IS1000c.D.argumentstructs.Rutger.4">
      <nite:pointer role="type"  href="ae-types.xml#id(ae_1)"/>
      <nite:child href="IS1000c.D.words.xml#id(IS1000c.D.words278)..id(IS1000c.D.words282)"/>
   </ae>
   <ae nite:id="IS1000c.D.argumentstructs.Rutger.5">
      <nite:pointer role="type"  href="ae-types.xml#id(ae_1)"/>
      <nite:child href="IS1000c.D.words.xml#id(IS1000c.D.words283)..id(IS1000c.D.words284)"/>
   </ae>
   <ae nite:id="IS1000c.D.argumentstructs.6">
      <nite:pointer role="type"  href="ae-types.xml#id(ae_6)"/>
      <nite:child href="IS1000c.D.words.xml#id(IS1000c.D.words274)..id(IS1000c.D.words277)"/>
   </ae>
</nite:root>