<?xml version="1.0" encoding="ISO-8859-1" standalone="yes"?>
<nite:root nite:id="IS1001c.A.argumentstructs" xmlns:nite="http://nite.sourceforge.net/">
   <ae nite:id="IS1001c.A.argumentstructs.Rutger.1">
      <nite:pointer role="type"  href="ae-types.xml#id(ae_1)"/>
      <nite:child href="IS1001c.A.words.xml#id(IS1001c.A.words397)..id(IS1001c.A.words408)"/>
   </ae>
   <ae nite:id="IS1001c.A.argumentstructs.Rutger.2">
      <nite:pointer role="type"  href="ae-types.xml#id(ae_1)"/>
      <nite:child href="IS1001c.A.words.xml#id(IS1001c.A.words409)..id(IS1001c.A.words424)"/>
   </ae>
   <ae nite:id="IS1001c.A.argumentstructs.Rutger.3">
      <nite:pointer role="type"  href="ae-types.xml#id(ae_5)"/>
      <nite:child href="IS1001c.A.words.xml#id(IS1001c.A.words425)..id(IS1001c.A.words427)"/>
   </ae>
   <ae nite:id="IS1001c.A.argumentstructs.Rutger.4">
      <nite:pointer role="type"  href="ae-types.xml#id(ae_1)"/>
      <nite:child href="IS1001c.A.words.xml#id(IS1001c.A.words434)..id(IS1001c.A.words437)"/>
   </ae>
   <ae nite:id="IS1001c.A.argumentstructs.Rutger.7">
      <nite:pointer role="type"  href="ae-types.xml#id(ae_5)"/>
      <nite:child href="IS1001c.A.words.xml#id(IS1001c.A.words448)..id(IS1001c.A.words454)"/>
   </ae>
   <ae nite:id="IS1001c.A.argumentstructs.Rutger.8">
      <nite:pointer role="type"  href="ae-types.xml#id(ae_1)"/>
      <nite:child href="IS1001c.A.words.xml#id(IS1001c.A.words455)..id(IS1001c.A.words461)"/>
   </ae>
   <ae nite:id="IS1001c.A.argumentstructs.Rutger.9">
      <nite:pointer role="type"  href="ae-types.xml#id(ae_4)"/>
      <nite:child href="IS1001c.A.words.xml#id(IS1001c.A.words945)..id(IS1001c.A.words960)"/>
   </ae>
   <ae nite:id="IS1001c.A.argumentstructs.Rutger.10">
      <nite:pointer role="type"  href="ae-types.xml#id(ae_1)"/>
      <nite:child href="IS1001c.A.words.xml#id(IS1001c.A.words962)..id(IS1001c.A.words975)"/>
   </ae>
   <ae nite:id="IS1001c.A.argumentstructs.Rutger.11">
      <nite:pointer role="type"  href="ae-types.xml#id(ae_1)"/>
      <nite:child href="IS1001c.A.words.xml#id(IS1001c.A.words976)..id(IS1001c.A.words984)"/>
   </ae>
   <ae nite:id="IS1001c.A.argumentstructs.Rutger.12">
      <nite:pointer role="type"  href="ae-types.xml#id(ae_1)"/>
      <nite:child href="IS1001c.A.words.xml#id(IS1001c.A.words987)..id(IS1001c.A.words1017)"/>
   </ae>
   <ae nite:id="IS1001c.A.argumentstructs.Rutger.13">
      <nite:pointer role="type"  href="ae-types.xml#id(ae_1)"/>
      <nite:child href="IS1001c.A.words.xml#id(IS1001c.A.words1020)..id(IS1001c.A.words1028)"/>
   </ae>
   <ae nite:id="IS1001c.A.argumentstructs.Rutger.14">
      <nite:pointer role="type"  href="ae-types.xml#id(ae_1)"/>
      <nite:child href="IS1001c.A.words.xml#id(IS1001c.A.words1142)..id(IS1001c.A.words1152)"/>
   </ae>
   <ae nite:id="IS1001c.A.argumentstructs.Rutger.15">
      <nite:pointer role="type"  href="ae-types.xml#id(ae_1)"/>
      <nite:child href="IS1001c.A.words.xml#id(IS1001c.A.words1154)..id(IS1001c.A.words1161)"/>
   </ae>
   <ae nite:id="IS1001c.A.argumentstructs.Rutger.16">
      <nite:pointer role="type"  href="ae-types.xml#id(ae_2)"/>
      <nite:child href="IS1001c.A.words.xml#id(IS1001c.A.words1162)..id(IS1001c.A.words1174)"/>
   </ae>
   <ae nite:id="IS1001c.A.argumentstructs.Rutger.17">
      <nite:pointer role="type"  href="ae-types.xml#id(ae_1)"/>
      <nite:child href="IS1001c.A.words.xml#id(IS1001c.A.words1185)..id(IS1001c.A.words1192)"/>
   </ae>
   <ae nite:id="IS1001c.A.argumentstructs.Rutger.18">
      <nite:pointer role="type"  href="ae-types.xml#id(ae_1)"/>
      <nite:child href="IS1001c.A.words.xml#id(IS1001c.A.words1193)..id(IS1001c.A.words1197)"/>
   </ae>
   <ae nite:id="IS1001c.A.argumentstructs.Rutger.19">
      <nite:pointer role="type"  href="ae-types.xml#id(ae_1)"/>
      <nite:child href="IS1001c.A.words.xml#id(IS1001c.A.words1198)..id(IS1001c.A.words1207)"/>
   </ae>
   <ae nite:id="IS1001c.A.argumentstructs.Rutger.20">
      <nite:pointer role="type"  href="ae-types.xml#id(ae_1)"/>
      <nite:child href="IS1001c.A.words.xml#id(IS1001c.A.words1208)..id(IS1001c.A.words1232)"/>
   </ae>
   <ae nite:id="IS1001c.A.argumentstructs.Rutger.21">
      <nite:pointer role="type"  href="ae-types.xml#id(ae_1)"/>
      <nite:child href="IS1001c.A.words.xml#id(IS1001c.A.words1279)..id(IS1001c.A.words1286)"/>
   </ae>
   <ae nite:id="IS1001c.A.argumentstructs.Rutger.22">
      <nite:pointer role="type"  href="ae-types.xml#id(ae_5)"/>
      <nite:child href="IS1001c.A.words.xml#id(IS1001c.A.words1287)..id(IS1001c.A.words1288)"/>
   </ae>
   <ae nite:id="IS1001c.A.argumentstructs.Rutger.23">
      <nite:pointer role="type"  href="ae-types.xml#id(ae_1)"/>
      <nite:child href="IS1001c.A.words.xml#id(IS1001c.A.words1314)..id(IS1001c.A.words1321)"/>
   </ae>
   <ae nite:id="IS1001c.A.argumentstructs.24">
      <nite:pointer role="type"  href="ae-types.xml#id(ae_6)"/>
      <nite:child href="IS1001c.A.words.xml#id(IS1001c.A.words428)..id(IS1001c.A.words433)"/>
   </ae>
   <ae nite:id="IS1001c.A.argumentstructs.25">
      <nite:pointer role="type"  href="ae-types.xml#id(ae_6)"/>
      <nite:child href="IS1001c.A.words.xml#id(IS1001c.A.words438)..id(IS1001c.A.words447)"/>
   </ae>
   <ae nite:id="IS1001c.A.argumentstructs.26">
      <nite:pointer role="type"  href="ae-types.xml#id(ae_6)"/>
      <nite:child href="IS1001c.A.words.xml#id(IS1001c.A.words961)"/>
   </ae>
   <ae nite:id="IS1001c.A.argumentstructs.27">
      <nite:pointer role="type"  href="ae-types.xml#id(ae_6)"/>
      <nite:child href="IS1001c.A.words.xml#id(IS1001c.A.words985)..id(IS1001c.A.words986)"/>
   </ae>
   <ae nite:id="IS1001c.A.argumentstructs.28">
      <nite:pointer role="type"  href="ae-types.xml#id(ae_6)"/>
      <nite:child href="IS1001c.A.words.xml#id(IS1001c.A.words1018)..id(IS1001c.A.words1019)"/>
   </ae>
   <ae nite:id="IS1001c.A.argumentstructs.29">
      <nite:pointer role="type"  href="ae-types.xml#id(ae_6)"/>
      <nite:child href="IS1001c.A.words.xml#id(IS1001c.A.words1175)..id(IS1001c.A.words1184)"/>
   </ae>
   <ae nite:id="IS1001c.A.argumentstructs.30">
      <nite:pointer role="type"  href="ae-types.xml#id(ae_6)"/>
      <nite:child href="IS1001c.A.words.xml#id(IS1001c.A.words1233)..id(IS1001c.A.words1237)"/>
      <nite:child href="IS1001c.A.words.xml#id(IS1001c.A.words1239)..id(IS1001c.A.words1278)"/>
   </ae>
   <ae nite:id="IS1001c.A.argumentstructs.31">
      <nite:pointer role="type"  href="ae-types.xml#id(ae_6)"/>
      <nite:child href="IS1001c.A.words.xml#id(IS1001c.A.words1289)..id(IS1001c.A.words1312)"/>
   </ae>
</nite:root>