<?xml version="1.0" encoding="ISO-8859-1" standalone="yes"?>
<nite:root nite:id="IS1007c.D.argumentstructs" xmlns:nite="http://nite.sourceforge.net/">
   <ae nite:id="IS1007c.D.argumentstructs.Daan.1">
      <nite:pointer role="type"  href="ae-types.xml#id(ae_1)"/>
      <nite:child href="IS1007c.D.words.xml#id(IS1007c.D.words8)..id(IS1007c.D.words57)"/>
   </ae>
   <ae nite:id="IS1007c.D.argumentstructs.Daan.2">
      <nite:pointer role="type"  href="ae-types.xml#id(ae_1)"/>
      <nite:child href="IS1007c.D.words.xml#id(IS1007c.D.words361)..id(IS1007c.D.words380)"/>
   </ae>
   <ae nite:id="IS1007c.D.argumentstructs.Daan.3">
      <nite:pointer role="type"  href="ae-types.xml#id(ae_1)"/>
      <nite:child href="IS1007c.D.words.xml#id(IS1007c.D.words381)..id(IS1007c.D.words447)"/>
   </ae>
   <ae nite:id="IS1007c.D.argumentstructs.Daan.4">
      <nite:pointer role="type"  href="ae-types.xml#id(ae_1)"/>
      <nite:child href="IS1007c.D.words.xml#id(IS1007c.D.words450)..id(IS1007c.D.words512)"/>
   </ae>
   <ae nite:id="IS1007c.D.argumentstructs.Daan.5">
      <nite:pointer role="type"  href="ae-types.xml#id(ae_1)"/>
      <nite:child href="IS1007c.D.words.xml#id(IS1007c.D.words517)..id(IS1007c.D.words531)"/>
   </ae>
   <ae nite:id="IS1007c.D.argumentstructs.Daan.6">
      <nite:pointer role="type"  href="ae-types.xml#id(ae_1)"/>
      <nite:child href="IS1007c.D.words.xml#id(IS1007c.D.words1181)..id(IS1007c.D.words1253)"/>
   </ae>
   <ae nite:id="IS1007c.D.argumentstructs.Daan.7">
      <nite:pointer role="type"  href="ae-types.xml#id(ae_1)"/>
      <nite:child href="IS1007c.D.words.xml#id(IS1007c.D.words1254)..id(IS1007c.D.words1294)"/>
   </ae>
   <ae nite:id="IS1007c.D.argumentstructs.Daan.8">
      <nite:pointer role="type"  href="ae-types.xml#id(ae_1)"/>
      <nite:child href="IS1007c.D.words.xml#id(IS1007c.D.words1295)..id(IS1007c.D.words1318)"/>
   </ae>
   <ae nite:id="IS1007c.D.argumentstructs.Daan.9">
      <nite:pointer role="type"  href="ae-types.xml#id(ae_1)"/>
      <nite:child href="IS1007c.D.words.xml#id(IS1007c.D.words1325)..id(IS1007c.D.words1340)"/>
   </ae>
   <ae nite:id="IS1007c.D.argumentstructs.Daan.10">
      <nite:pointer role="type"  href="ae-types.xml#id(ae_1)"/>
      <nite:child href="IS1007c.D.words.xml#id(IS1007c.D.words1341)..id(IS1007c.D.words1359)"/>
   </ae>
   <ae nite:id="IS1007c.D.argumentstructs.Daan.11">
      <nite:pointer role="type"  href="ae-types.xml#id(ae_1)"/>
      <nite:child href="IS1007c.D.words.xml#id(IS1007c.D.words1372)..id(IS1007c.D.words1468)"/>
   </ae>
   <ae nite:id="IS1007c.D.argumentstructs.12">
      <nite:pointer role="type"  href="ae-types.xml#id(ae_6)"/>
      <nite:child href="IS1007c.D.words.xml#id(IS1007c.D.words6)..id(IS1007c.D.words7)"/>
   </ae>
   <ae nite:id="IS1007c.D.argumentstructs.13">
      <nite:pointer role="type"  href="ae-types.xml#id(ae_6)"/>
      <nite:child href="IS1007c.D.words.xml#id(IS1007c.D.words448)..id(IS1007c.D.words449)"/>
   </ae>
   <ae nite:id="IS1007c.D.argumentstructs.14">
      <nite:pointer role="type"  href="ae-types.xml#id(ae_6)"/>
      <nite:child href="IS1007c.D.words.xml#id(IS1007c.D.words513)..id(IS1007c.D.words516)"/>
   </ae>
   <ae nite:id="IS1007c.D.argumentstructs.15">
      <nite:pointer role="type"  href="ae-types.xml#id(ae_6)"/>
      <nite:child href="IS1007c.D.words.xml#id(IS1007c.D.words532)..id(IS1007c.D.words534)"/>
      <nite:child href="IS1007c.D.words.xml#id(IS1007c.D.words537)..id(IS1007c.D.words545)"/>
      <nite:child href="IS1007c.D.words.xml#id(IS1007c.D.words547)..id(IS1007c.D.words553)"/>
      <nite:child href="IS1007c.D.words.xml#id(IS1007c.D.words556)..id(IS1007c.D.words567)"/>
   </ae>
   <ae nite:id="IS1007c.D.argumentstructs.16">
      <nite:pointer role="type"  href="ae-types.xml#id(ae_6)"/>
      <nite:child href="IS1007c.D.words.xml#id(IS1007c.D.words1319)..id(IS1007c.D.words1324)"/>
   </ae>
   <ae nite:id="IS1007c.D.argumentstructs.17">
      <nite:pointer role="type"  href="ae-types.xml#id(ae_6)"/>
      <nite:child href="IS1007c.D.words.xml#id(IS1007c.D.words1360)..id(IS1007c.D.words1362)"/>
      <nite:child href="IS1007c.D.words.xml#id(IS1007c.D.words1364)..id(IS1007c.D.words1367)"/>
      <nite:child href="IS1007c.D.words.xml#id(IS1007c.D.words1369)..id(IS1007c.D.words1371)"/>
   </ae>
</nite:root>