<?xml version="1.0" encoding="ISO-8859-1" standalone="yes"?>
<nite:root nite:id="IS1008c.C.argumentstructs" xmlns:nite="http://nite.sourceforge.net/">
   <ae nite:id="IS1008c.C.argumentstructs.Daan.1">
      <nite:pointer role="type"  href="ae-types.xml#id(ae_1)"/>
      <nite:child href="IS1008c.C.words.xml#id(IS1008c.C.words1250)..id(IS1008c.C.words1302)"/>
   </ae>
   <ae nite:id="IS1008c.C.argumentstructs.Daan.2">
      <nite:pointer role="type"  href="ae-types.xml#id(ae_1)"/>
      <nite:child href="IS1008c.C.words.xml#id(IS1008c.C.words1303)..id(IS1008c.C.words1326)"/>
   </ae>
   <ae nite:id="IS1008c.C.argumentstructs.Daan.3">
      <nite:pointer role="type"  href="ae-types.xml#id(ae_1)"/>
      <nite:child href="IS1008c.C.words.xml#id(IS1008c.C.words1327)..id(IS1008c.C.words1338)"/>
   </ae>
   <ae nite:id="IS1008c.C.argumentstructs.Daan.4">
      <nite:pointer role="type"  href="ae-types.xml#id(ae_1)"/>
      <nite:child href="IS1008c.C.words.xml#id(IS1008c.C.words1339)..id(IS1008c.C.words1354)"/>
   </ae>
   <ae nite:id="IS1008c.C.argumentstructs.Daan.5">
      <nite:pointer role="type"  href="ae-types.xml#id(ae_1)"/>
      <nite:child href="IS1008c.C.words.xml#id(IS1008c.C.words1355)..id(IS1008c.C.words1374)"/>
   </ae>
   <ae nite:id="IS1008c.C.argumentstructs.Daan.6">
      <nite:pointer role="type"  href="ae-types.xml#id(ae_5)"/>
      <nite:child href="IS1008c.C.words.xml#id(IS1008c.C.words1529)..id(IS1008c.C.words1573)"/>
   </ae>
   <ae nite:id="IS1008c.C.argumentstructs.Daan.7">
      <nite:pointer role="type"  href="ae-types.xml#id(ae_5)"/>
      <nite:child href="IS1008c.C.words.xml#id(IS1008c.C.words1575)..id(IS1008c.C.words1586)"/>
   </ae>
   <ae nite:id="IS1008c.C.argumentstructs.Daan.8">
      <nite:pointer role="type"  href="ae-types.xml#id(ae_1)"/>
      <nite:child href="IS1008c.C.words.xml#id(IS1008c.C.words1597)..id(IS1008c.C.words1643)"/>
   </ae>
   <ae nite:id="IS1008c.C.argumentstructs.Daan.9">
      <nite:pointer role="type"  href="ae-types.xml#id(ae_1)"/>
      <nite:child href="IS1008c.C.words.xml#id(IS1008c.C.words1644)..id(IS1008c.C.words1647)"/>
   </ae>
   <ae nite:id="IS1008c.C.argumentstructs.Daan.10">
      <nite:pointer role="type"  href="ae-types.xml#id(ae_1)"/>
      <nite:child href="IS1008c.C.words.xml#id(IS1008c.C.words1649)..id(IS1008c.C.words1675)"/>
   </ae>
   <ae nite:id="IS1008c.C.argumentstructs.11">
      <nite:pointer role="type"  href="ae-types.xml#id(ae_6)"/>
      <nite:child href="IS1008c.C.words.xml#id(IS1008c.C.words1521)..id(IS1008c.C.words1528)"/>
   </ae>
   <ae nite:id="IS1008c.C.argumentstructs.12">
      <nite:pointer role="type"  href="ae-types.xml#id(ae_6)"/>
      <nite:child href="IS1008c.C.words.xml#id(IS1008c.C.words1587)..id(IS1008c.C.words1588)"/>
      <nite:child href="IS1008c.C.words.xml#id(IS1008c.C.words1590)..id(IS1008c.C.words1593)"/>
   </ae>
</nite:root>