<?xml version="1.0" encoding="ISO-8859-1" standalone="yes"?>
<nite:root nite:id="IS1007a.D.argumentstructs" xmlns:nite="http://nite.sourceforge.net/">
   <ae nite:id="IS1007a.D.argumentstructs.Daan.1">
      <nite:pointer role="type"  href="ae-types.xml#id(ae_1)"/>
      <nite:child href="IS1007a.D.words.xml#id(IS1007a.D.words155)..id(IS1007a.D.words237)"/>
   </ae>
   <ae nite:id="IS1007a.D.argumentstructs.Daan.2">
      <nite:pointer role="type"  href="ae-types.xml#id(ae_1)"/>
      <nite:child href="IS1007a.D.words.xml#id(IS1007a.D.words238)..id(IS1007a.D.words254)"/>
   </ae>
   <ae nite:id="IS1007a.D.argumentstructs.Daan.3">
      <nite:pointer role="type"  href="ae-types.xml#id(ae_1)"/>
      <nite:child href="IS1007a.D.words.xml#id(IS1007a.D.words255)..id(IS1007a.D.words267)"/>
   </ae>
   <ae nite:id="IS1007a.D.argumentstructs.4">
      <nite:pointer role="type"  href="ae-types.xml#id(ae_6)"/>
      <nite:child href="IS1007a.D.words.xml#id(IS1007a.D.words150)..id(IS1007a.D.words151)"/>
      <nite:child href="IS1007a.D.words.xml#id(IS1007a.D.words153)..id(IS1007a.D.words154)"/>
   </ae>
   <ae nite:id="IS1007a.D.argumentstructs.5">
      <nite:pointer role="type"  href="ae-types.xml#id(ae_6)"/>
      <nite:child href="IS1007a.D.words.xml#id(IS1007a.D.words268)..id(IS1007a.D.words271)"/>
   </ae>
</nite:root>