<?xml version="1.0" encoding="ISO-8859-1" standalone="yes"?>
<nite:root nite:id="IS1006a.D.argumentstructs" xmlns:nite="http://nite.sourceforge.net/">
   <ae nite:id="IS1006a.D.argumentstructs.Daan.1">
      <nite:pointer role="type"  href="ae-types.xml#id(ae_1)"/>
      <nite:child href="IS1006a.D.words.xml#id(IS1006a.D.words176)..id(IS1006a.D.words210)"/>
   </ae>
   <ae nite:id="IS1006a.D.argumentstructs.Daan.2">
      <nite:pointer role="type"  href="ae-types.xml#id(ae_1)"/>
      <nite:child href="IS1006a.D.words.xml#id(IS1006a.D.words220)..id(IS1006a.D.words236)"/>
   </ae>
   <ae nite:id="IS1006a.D.argumentstructs.Daan.3">
      <nite:pointer role="type"  href="ae-types.xml#id(ae_1)"/>
      <nite:child href="IS1006a.D.words.xml#id(IS1006a.D.words237)..id(IS1006a.D.words279)"/>
   </ae>
   <ae nite:id="IS1006a.D.argumentstructs.Daan.4">
      <nite:pointer role="type"  href="ae-types.xml#id(ae_1)"/>
      <nite:child href="IS1006a.D.words.xml#id(IS1006a.D.words280)..id(IS1006a.D.words287)"/>
   </ae>
   <ae nite:id="IS1006a.D.argumentstructs.Daan.5">
      <nite:pointer role="type"  href="ae-types.xml#id(ae_1)"/>
      <nite:child href="IS1006a.D.words.xml#id(IS1006a.D.words288)..id(IS1006a.D.words291)"/>
   </ae>
   <ae nite:id="IS1006a.D.argumentstructs.6">
      <nite:pointer role="type"  href="ae-types.xml#id(ae_6)"/>
      <nite:child href="IS1006a.D.words.xml#id(IS1006a.D.words211)..id(IS1006a.D.words214)"/>
      <nite:child href="IS1006a.D.words.xml#id(IS1006a.D.words216)..id(IS1006a.D.words219)"/>
   </ae>
</nite:root>