<?xml version="1.0" encoding="ISO-8859-1" standalone="yes"?>
<nite:root nite:id="IS1002c.D.argumentstructs" xmlns:nite="http://nite.sourceforge.net/">
   <ae nite:id="IS1002c.D.argumentstructs.Rutger.1">
      <nite:pointer role="type"  href="ae-types.xml#id(ae_1)"/>
      <nite:child href="IS1002c.D.words.xml#id(IS1002c.D.words249)..id(IS1002c.D.words251)"/>
   </ae>
   <ae nite:id="IS1002c.D.argumentstructs.Rutger.2">
      <nite:pointer role="type"  href="ae-types.xml#id(ae_1)"/>
      <nite:child href="IS1002c.D.words.xml#id(IS1002c.D.words853)..id(IS1002c.D.words859)"/>
   </ae>
   <ae nite:id="IS1002c.D.argumentstructs.Rutger.3">
      <nite:pointer role="type"  href="ae-types.xml#id(ae_1)"/>
      <nite:child href="IS1002c.D.words.xml#id(IS1002c.D.words860)..id(IS1002c.D.words947)"/>
   </ae>
   <ae nite:id="IS1002c.D.argumentstructs.Rutger.4">
      <nite:pointer role="type"  href="ae-types.xml#id(ae_1)"/>
      <nite:child href="IS1002c.D.words.xml#id(IS1002c.D.words1437)..id(IS1002c.D.words1438)"/>
   </ae>
   <ae nite:id="IS1002c.D.argumentstructs.Rutger.5">
      <nite:pointer role="type"  href="ae-types.xml#id(ae_1)"/>
      <nite:child href="IS1002c.D.words.xml#id(IS1002c.D.words1440)..id(IS1002c.D.words1442)"/>
   </ae>
   <ae nite:id="IS1002c.D.argumentstructs.Rutger.6">
      <nite:pointer role="type"  href="ae-types.xml#id(ae_1)"/>
      <nite:child href="IS1002c.D.words.xml#id(IS1002c.D.words1443)..id(IS1002c.D.words1448)"/>
   </ae>
   <ae nite:id="IS1002c.D.argumentstructs.Rutger.7">
      <nite:pointer role="type"  href="ae-types.xml#id(ae_1)"/>
      <nite:child href="IS1002c.D.words.xml#id(IS1002c.D.words1450)..id(IS1002c.D.words1518)"/>
   </ae>
   <ae nite:id="IS1002c.D.argumentstructs.Rutger.8">
      <nite:pointer role="type"  href="ae-types.xml#id(ae_1)"/>
      <nite:child href="IS1002c.D.words.xml#id(IS1002c.D.words1519)..id(IS1002c.D.words1521)"/>
   </ae>
   <ae nite:id="IS1002c.D.argumentstructs.Rutger.9">
      <nite:pointer role="type"  href="ae-types.xml#id(ae_1)"/>
      <nite:child href="IS1002c.D.words.xml#id(IS1002c.D.words1522)..id(IS1002c.D.words1524)"/>
   </ae>
   <ae nite:id="IS1002c.D.argumentstructs.Rutger.10">
      <nite:pointer role="type"  href="ae-types.xml#id(ae_1)"/>
      <nite:child href="IS1002c.D.words.xml#id(IS1002c.D.words1525)..id(IS1002c.D.words1534)"/>
   </ae>
   <ae nite:id="IS1002c.D.argumentstructs.Rutger.11">
      <nite:pointer role="type"  href="ae-types.xml#id(ae_1)"/>
      <nite:child href="IS1002c.D.words.xml#id(IS1002c.D.words1535)..id(IS1002c.D.words1560)"/>
   </ae>
   <ae nite:id="IS1002c.D.argumentstructs.Rutger.14">
      <nite:pointer role="type"  href="ae-types.xml#id(ae_5)"/>
      <nite:child href="IS1002c.D.words.xml#id(IS1002c.D.words1699)..id(IS1002c.D.words1704)"/>
   </ae>
   <ae nite:id="IS1002c.D.argumentstructs.Rutger.15">
      <nite:pointer role="type"  href="ae-types.xml#id(ae_1)"/>
      <nite:child href="IS1002c.D.words.xml#id(IS1002c.D.words1561)..id(IS1002c.D.words1698)"/>
   </ae>
   <ae nite:id="IS1002c.D.argumentstructs.Rutger.17">
      <nite:pointer role="type"  href="ae-types.xml#id(ae_1)"/>
      <nite:child href="IS1002c.D.words.xml#id(IS1002c.D.words1705)..id(IS1002c.D.words1714)"/>
   </ae>
   <ae nite:id="IS1002c.D.argumentstructs.Rutger.18">
      <nite:pointer role="type"  href="ae-types.xml#id(ae_1)"/>
      <nite:child href="IS1002c.D.words.xml#id(IS1002c.D.words1715)..id(IS1002c.D.words1724)"/>
   </ae>
   <ae nite:id="IS1002c.D.argumentstructs.Rutger.19">
      <nite:pointer role="type"  href="ae-types.xml#id(ae_1)"/>
      <nite:child href="IS1002c.D.words.xml#id(IS1002c.D.words1730)..id(IS1002c.D.words1752)"/>
   </ae>
   <ae nite:id="IS1002c.D.argumentstructs.Rutger.20">
      <nite:pointer role="type"  href="ae-types.xml#id(ae_2)"/>
      <nite:child href="IS1002c.D.words.xml#id(IS1002c.D.words1753)..id(IS1002c.D.words1781)"/>
   </ae>
   <ae nite:id="IS1002c.D.argumentstructs.Rutger.21">
      <nite:pointer role="type"  href="ae-types.xml#id(ae_1)"/>
      <nite:child href="IS1002c.D.words.xml#id(IS1002c.D.words1782)..id(IS1002c.D.words1810)"/>
   </ae>
   <ae nite:id="IS1002c.D.argumentstructs.Rutger.22">
      <nite:pointer role="type"  href="ae-types.xml#id(ae_1)"/>
      <nite:child href="IS1002c.D.words.xml#id(IS1002c.D.words1811)..id(IS1002c.D.words1833)"/>
   </ae>
   <ae nite:id="IS1002c.D.argumentstructs.23">
      <nite:pointer role="type"  href="ae-types.xml#id(ae_6)"/>
      <nite:child href="IS1002c.D.words.xml#id(IS1002c.D.words1725)"/>
      <nite:child href="IS1002c.D.words.xml#id(IS1002c.D.words1727)..id(IS1002c.D.words1729)"/>
   </ae>
</nite:root>