<?xml version="1.0" encoding="ISO-8859-1" standalone="yes"?>
<nite:root nite:id="IS1006c.C.argumentstructs" xmlns:nite="http://nite.sourceforge.net/">
   <ae nite:id="IS1006c.C.argumentstructs.Daan.1">
      <nite:pointer role="type"  href="ae-types.xml#id(ae_1)"/>
      <nite:child href="IS1006c.C.words.xml#id(IS1006c.C.words340)..id(IS1006c.C.words400)"/>
   </ae>
   <ae nite:id="IS1006c.C.argumentstructs.Daan.2">
      <nite:pointer role="type"  href="ae-types.xml#id(ae_1)"/>
      <nite:child href="IS1006c.C.words.xml#id(IS1006c.C.words405)..id(IS1006c.C.words429)"/>
   </ae>
   <ae nite:id="IS1006c.C.argumentstructs.Daan.3">
      <nite:pointer role="type"  href="ae-types.xml#id(ae_1)"/>
      <nite:child href="IS1006c.C.words.xml#id(IS1006c.C.words434)..id(IS1006c.C.words457)"/>
   </ae>
   <ae nite:id="IS1006c.C.argumentstructs.Daan.4">
      <nite:pointer role="type"  href="ae-types.xml#id(ae_1)"/>
      <nite:child href="IS1006c.C.words.xml#id(IS1006c.C.words458)..id(IS1006c.C.words532)"/>
   </ae>
   <ae nite:id="IS1006c.C.argumentstructs.Daan.5">
      <nite:pointer role="type"  href="ae-types.xml#id(ae_5)"/>
      <nite:child href="IS1006c.C.words.xml#id(IS1006c.C.words855)..id(IS1006c.C.words869)"/>
   </ae>
   <ae nite:id="IS1006c.C.argumentstructs.Daan.6">
      <nite:pointer role="type"  href="ae-types.xml#id(ae_1)"/>
      <nite:child href="IS1006c.C.words.xml#id(IS1006c.C.words870)..id(IS1006c.C.words901)"/>
   </ae>
   <ae nite:id="IS1006c.C.argumentstructs.Daan.7">
      <nite:pointer role="type"  href="ae-types.xml#id(ae_1)"/>
      <nite:child href="IS1006c.C.words.xml#id(IS1006c.C.words902)..id(IS1006c.C.words911)"/>
   </ae>
   <ae nite:id="IS1006c.C.argumentstructs.Daan.8">
      <nite:pointer role="type"  href="ae-types.xml#id(ae_1)"/>
      <nite:child href="IS1006c.C.words.xml#id(IS1006c.C.words912)..id(IS1006c.C.words929)"/>
   </ae>
   <ae nite:id="IS1006c.C.argumentstructs.Daan.9">
      <nite:pointer role="type"  href="ae-types.xml#id(ae_1)"/>
      <nite:child href="IS1006c.C.words.xml#id(IS1006c.C.words930)..id(IS1006c.C.words944)"/>
   </ae>
   <ae nite:id="IS1006c.C.argumentstructs.Daan.10">
      <nite:pointer role="type"  href="ae-types.xml#id(ae_1)"/>
      <nite:child href="IS1006c.C.words.xml#id(IS1006c.C.words948)..id(IS1006c.C.words964)"/>
   </ae>
   <ae nite:id="IS1006c.C.argumentstructs.Daan.11">
      <nite:pointer role="type"  href="ae-types.xml#id(ae_1)"/>
      <nite:child href="IS1006c.C.words.xml#id(IS1006c.C.words967)..id(IS1006c.C.words977)"/>
   </ae>
   <ae nite:id="IS1006c.C.argumentstructs.Daan.12">
      <nite:pointer role="type"  href="ae-types.xml#id(ae_1)"/>
      <nite:child href="IS1006c.C.words.xml#id(IS1006c.C.words978)..id(IS1006c.C.words981)"/>
   </ae>
   <ae nite:id="IS1006c.C.argumentstructs.Daan.13">
      <nite:pointer role="type"  href="ae-types.xml#id(ae_5)"/>
      <nite:child href="IS1006c.C.words.xml#id(IS1006c.C.words1537)..id(IS1006c.C.words1546)"/>
   </ae>
   <ae nite:id="IS1006c.C.argumentstructs.Daan.14">
      <nite:pointer role="type"  href="ae-types.xml#id(ae_1)"/>
      <nite:child href="IS1006c.C.words.xml#id(IS1006c.C.words1550)..id(IS1006c.C.words1555)"/>
   </ae>
   <ae nite:id="IS1006c.C.argumentstructs.Daan.15">
      <nite:pointer role="type"  href="ae-types.xml#id(ae_1)"/>
      <nite:child href="IS1006c.C.words.xml#id(IS1006c.C.words1556)..id(IS1006c.C.words1565)"/>
   </ae>
   <ae nite:id="IS1006c.C.argumentstructs.16">
      <nite:pointer role="type"  href="ae-types.xml#id(ae_6)"/>
      <nite:child href="IS1006c.C.words.xml#id(IS1006c.C.words401)"/>
      <nite:child href="IS1006c.C.words.xml#id(IS1006c.C.words403)"/>
   </ae>
   <ae nite:id="IS1006c.C.argumentstructs.17">
      <nite:pointer role="type"  href="ae-types.xml#id(ae_6)"/>
      <nite:child href="IS1006c.C.words.xml#id(IS1006c.C.words430)..id(IS1006c.C.words433)"/>
   </ae>
   <ae nite:id="IS1006c.C.argumentstructs.18">
      <nite:pointer role="type"  href="ae-types.xml#id(ae_6)"/>
      <nite:child href="IS1006c.C.words.xml#id(IS1006c.C.words846)..id(IS1006c.C.words849)"/>
      <nite:child href="IS1006c.C.words.xml#id(IS1006c.C.words851)..id(IS1006c.C.words853)"/>
   </ae>
   <ae nite:id="IS1006c.C.argumentstructs.19">
      <nite:pointer role="type"  href="ae-types.xml#id(ae_6)"/>
      <nite:child href="IS1006c.C.words.xml#id(IS1006c.C.words945)..id(IS1006c.C.words947)"/>
   </ae>
   <ae nite:id="IS1006c.C.argumentstructs.20">
      <nite:pointer role="type"  href="ae-types.xml#id(ae_6)"/>
      <nite:child href="IS1006c.C.words.xml#id(IS1006c.C.words965)..id(IS1006c.C.words966)"/>
   </ae>
   <ae nite:id="IS1006c.C.argumentstructs.21">
      <nite:pointer role="type"  href="ae-types.xml#id(ae_6)"/>
      <nite:child href="IS1006c.C.words.xml#id(IS1006c.C.words982)..id(IS1006c.C.words990)"/>
      <nite:child href="IS1006c.C.words.xml#id(IS1006c.C.words993)"/>
      <nite:child href="IS1006c.C.words.xml#id(IS1006c.C.words995)..id(IS1006c.C.words996)"/>
   </ae>
   <ae nite:id="IS1006c.C.argumentstructs.22">
      <nite:pointer role="type"  href="ae-types.xml#id(ae_6)"/>
      <nite:child href="IS1006c.C.words.xml#id(IS1006c.C.words1548)..id(IS1006c.C.words1549)"/>
   </ae>
   <ae nite:id="IS1006c.C.argumentstructs.23">
      <nite:pointer role="type"  href="ae-types.xml#id(ae_6)"/>
      <nite:child href="IS1006c.C.words.xml#id(IS1006c.C.words1566)..id(IS1006c.C.words1571)"/>
   </ae>
</nite:root>