<?xml version="1.0" encoding="ISO-8859-1" standalone="yes"?>
<nite:root nite:id="IS1002b.A.argumentstructs" xmlns:nite="http://nite.sourceforge.net/">
   <ae nite:id="IS1002b.A.argumentstructs.Rutger.1">
      <nite:pointer role="type"  href="ae-types.xml#id(ae_1)"/>
      <nite:child href="IS1002b.A.words.xml#id(IS1002b.A.words1334)..id(IS1002b.A.words1335)"/>
   </ae>
   <ae nite:id="IS1002b.A.argumentstructs.Rutger.2">
      <nite:pointer role="type"  href="ae-types.xml#id(ae_5)"/>
      <nite:child href="IS1002b.A.words.xml#id(IS1002b.A.words1336)..id(IS1002b.A.words1350)"/>
   </ae>
   <ae nite:id="IS1002b.A.argumentstructs.Rutger.3">
      <nite:pointer role="type"  href="ae-types.xml#id(ae_1)"/>
      <nite:child href="IS1002b.A.words.xml#id(IS1002b.A.words1366)..id(IS1002b.A.words1391)"/>
   </ae>
   <ae nite:id="IS1002b.A.argumentstructs.Rutger.4">
      <nite:pointer role="type"  href="ae-types.xml#id(ae_1)"/>
      <nite:child href="IS1002b.A.words.xml#id(IS1002b.A.words1394)..id(IS1002b.A.words1409)"/>
   </ae>
   <ae nite:id="IS1002b.A.argumentstructs.Rutger.5">
      <nite:pointer role="type"  href="ae-types.xml#id(ae_2)"/>
      <nite:child href="IS1002b.A.words.xml#id(IS1002b.A.words554)..id(IS1002b.A.words602)"/>
   </ae>
   <ae nite:id="IS1002b.A.argumentstructs.Rutger.6">
      <nite:pointer role="type"  href="ae-types.xml#id(ae_1)"/>
      <nite:child href="IS1002b.A.words.xml#id(IS1002b.A.words603)..id(IS1002b.A.words685)"/>
   </ae>
   <ae nite:id="IS1002b.A.argumentstructs.Rutger.7">
      <nite:pointer role="type"  href="ae-types.xml#id(ae_1)"/>
      <nite:child href="IS1002b.A.words.xml#id(IS1002b.A.words692)..id(IS1002b.A.words721)"/>
   </ae>
   <ae nite:id="IS1002b.A.argumentstructs.Rutger.8">
      <nite:pointer role="type"  href="ae-types.xml#id(ae_1)"/>
      <nite:child href="IS1002b.A.words.xml#id(IS1002b.A.words722)..id(IS1002b.A.words729)"/>
   </ae>
   <ae nite:id="IS1002b.A.argumentstructs.Rutger.9">
      <nite:pointer role="type"  href="ae-types.xml#id(ae_1)"/>
      <nite:child href="IS1002b.A.words.xml#id(IS1002b.A.words730)..id(IS1002b.A.words787)"/>
   </ae>
   <ae nite:id="IS1002b.A.argumentstructs.Rutger.10">
      <nite:pointer role="type"  href="ae-types.xml#id(ae_1)"/>
      <nite:child href="IS1002b.A.words.xml#id(IS1002b.A.words788)..id(IS1002b.A.words861)"/>
   </ae>
   <ae nite:id="IS1002b.A.argumentstructs.Rutger.11">
      <nite:pointer role="type"  href="ae-types.xml#id(ae_1)"/>
      <nite:child href="IS1002b.A.words.xml#id(IS1002b.A.words864)..id(IS1002b.A.words914)"/>
   </ae>
   <ae nite:id="IS1002b.A.argumentstructs.Rutger.12">
      <nite:pointer role="type"  href="ae-types.xml#id(ae_1)"/>
      <nite:child href="IS1002b.A.words.xml#id(IS1002b.A.words918)..id(IS1002b.A.words919)"/>
   </ae>
   <ae nite:id="IS1002b.A.argumentstructs.Rutger.13">
      <nite:pointer role="type"  href="ae-types.xml#id(ae_1)"/>
      <nite:child href="IS1002b.A.words.xml#id(IS1002b.A.words929)..id(IS1002b.A.words931)"/>
   </ae>
   <ae nite:id="IS1002b.A.argumentstructs.Rutger.14">
      <nite:pointer role="type"  href="ae-types.xml#id(ae_1)"/>
      <nite:child href="IS1002b.A.words.xml#id(IS1002b.A.words932)..id(IS1002b.A.words972)"/>
   </ae>
   <ae nite:id="IS1002b.A.argumentstructs.Rutger.15">
      <nite:pointer role="type"  href="ae-types.xml#id(ae_1)"/>
      <nite:child href="IS1002b.A.words.xml#id(IS1002b.A.words973)..id(IS1002b.A.words980)"/>
   </ae>
   <ae nite:id="IS1002b.A.argumentstructs.Rutger.16">
      <nite:pointer role="type"  href="ae-types.xml#id(ae_2)"/>
      <nite:child href="IS1002b.A.words.xml#id(IS1002b.A.words981)..id(IS1002b.A.words1018)"/>
   </ae>
   <ae nite:id="IS1002b.A.argumentstructs.Rutger.17">
      <nite:pointer role="type"  href="ae-types.xml#id(ae_1)"/>
      <nite:child href="IS1002b.A.words.xml#id(IS1002b.A.words1024)..id(IS1002b.A.words1025)"/>
   </ae>
   <ae nite:id="IS1002b.A.argumentstructs.Rutger.18">
      <nite:pointer role="type"  href="ae-types.xml#id(ae_5)"/>
      <nite:child href="IS1002b.A.words.xml#id(IS1002b.A.words1026)..id(IS1002b.A.words1074)"/>
   </ae>
   <ae nite:id="IS1002b.A.argumentstructs.Rutger.19">
      <nite:pointer role="type"  href="ae-types.xml#id(ae_5)"/>
      <nite:child href="IS1002b.A.words.xml#id(IS1002b.A.words1077)..id(IS1002b.A.words1144)"/>
   </ae>
   <ae nite:id="IS1002b.A.argumentstructs.Rutger.20">
      <nite:pointer role="type"  href="ae-types.xml#id(ae_5)"/>
      <nite:child href="IS1002b.A.words.xml#id(IS1002b.A.words1173)..id(IS1002b.A.words1196)"/>
   </ae>
   <ae nite:id="IS1002b.A.argumentstructs.Rutger.21">
      <nite:pointer role="type"  href="ae-types.xml#id(ae_1)"/>
      <nite:child href="IS1002b.A.words.xml#id(IS1002b.A.words1199)..id(IS1002b.A.words1215)"/>
   </ae>
   <ae nite:id="IS1002b.A.argumentstructs.Rutger.22">
      <nite:pointer role="type"  href="ae-types.xml#id(ae_1)"/>
      <nite:child href="IS1002b.A.words.xml#id(IS1002b.A.words1216)..id(IS1002b.A.words1239)"/>
   </ae>
   <ae nite:id="IS1002b.A.argumentstructs.Rutger.23">
      <nite:pointer role="type"  href="ae-types.xml#id(ae_1)"/>
      <nite:child href="IS1002b.A.words.xml#id(IS1002b.A.words203)..id(IS1002b.A.words204)"/>
   </ae>
   <ae nite:id="IS1002b.A.argumentstructs.Rutger.24">
      <nite:pointer role="type"  href="ae-types.xml#id(ae_1)"/>
      <nite:child href="IS1002b.A.words.xml#id(IS1002b.A.words207)..id(IS1002b.A.words249)"/>
   </ae>
   <ae nite:id="IS1002b.A.argumentstructs.Rutger.25">
      <nite:pointer role="type"  href="ae-types.xml#id(ae_1)"/>
      <nite:child href="IS1002b.A.words.xml#id(IS1002b.A.words254)..id(IS1002b.A.words255)"/>
   </ae>
   <ae nite:id="IS1002b.A.argumentstructs.Rutger.26">
      <nite:pointer role="type"  href="ae-types.xml#id(ae_1)"/>
      <nite:child href="IS1002b.A.words.xml#id(IS1002b.A.words256)..id(IS1002b.A.words306)"/>
   </ae>
   <ae nite:id="IS1002b.A.argumentstructs.Rutger.27">
      <nite:pointer role="type"  href="ae-types.xml#id(ae_1)"/>
      <nite:child href="IS1002b.A.words.xml#id(IS1002b.A.words311)..id(IS1002b.A.words363)"/>
   </ae>
   <ae nite:id="IS1002b.A.argumentstructs.Rutger.28">
      <nite:pointer role="type"  href="ae-types.xml#id(ae_1)"/>
      <nite:child href="IS1002b.A.words.xml#id(IS1002b.A.words367)..id(IS1002b.A.words369)"/>
   </ae>
   <ae nite:id="IS1002b.A.argumentstructs.Rutger.29">
      <nite:pointer role="type"  href="ae-types.xml#id(ae_1)"/>
      <nite:child href="IS1002b.A.words.xml#id(IS1002b.A.words370)..id(IS1002b.A.words372)"/>
   </ae>
   <ae nite:id="IS1002b.A.argumentstructs.Rutger.30">
      <nite:pointer role="type"  href="ae-types.xml#id(ae_1)"/>
      <nite:child href="IS1002b.A.words.xml#id(IS1002b.A.words2166)..id(IS1002b.A.words2167)"/>
   </ae>
   <ae nite:id="IS1002b.A.argumentstructs.Rutger.31">
      <nite:pointer role="type"  href="ae-types.xml#id(ae_1)"/>
      <nite:child href="IS1002b.A.words.xml#id(IS1002b.A.words2168)..id(IS1002b.A.words2255)"/>
   </ae>
   <ae nite:id="IS1002b.A.argumentstructs.Rutger.32">
      <nite:pointer role="type"  href="ae-types.xml#id(ae_1)"/>
      <nite:child href="IS1002b.A.words.xml#id(IS1002b.A.words2265)..id(IS1002b.A.words2271)"/>
   </ae>
   <ae nite:id="IS1002b.A.argumentstructs.Rutger.33">
      <nite:pointer role="type"  href="ae-types.xml#id(ae_1)"/>
      <nite:child href="IS1002b.A.words.xml#id(IS1002b.A.words2272)..id(IS1002b.A.words2353)"/>
   </ae>
   <ae nite:id="IS1002b.A.argumentstructs.Rutger.34">
      <nite:pointer role="type"  href="ae-types.xml#id(ae_2)"/>
      <nite:child href="IS1002b.A.words.xml#id(IS1002b.A.words1918)..id(IS1002b.A.words1928)"/>
   </ae>
   <ae nite:id="IS1002b.A.argumentstructs.Rutger.35">
      <nite:pointer role="type"  href="ae-types.xml#id(ae_1)"/>
      <nite:child href="IS1002b.A.words.xml#id(IS1002b.A.words1929)..id(IS1002b.A.words1992)"/>
   </ae>
   <ae nite:id="IS1002b.A.argumentstructs.Rutger.36">
      <nite:pointer role="type"  href="ae-types.xml#id(ae_1)"/>
      <nite:child href="IS1002b.A.words.xml#id(IS1002b.A.words1993)..id(IS1002b.A.words2042)"/>
   </ae>
   <ae nite:id="IS1002b.A.argumentstructs.Rutger.37">
      <nite:pointer role="type"  href="ae-types.xml#id(ae_1)"/>
      <nite:child href="IS1002b.A.words.xml#id(IS1002b.A.words2043)..id(IS1002b.A.words2087)"/>
   </ae>
   <ae nite:id="IS1002b.A.argumentstructs.Rutger.38">
      <nite:pointer role="type"  href="ae-types.xml#id(ae_1)"/>
      <nite:child href="IS1002b.A.words.xml#id(IS1002b.A.words2088)..id(IS1002b.A.words2130)"/>
   </ae>
   <ae nite:id="IS1002b.A.argumentstructs.Rutger.39">
      <nite:pointer role="type"  href="ae-types.xml#id(ae_5)"/>
      <nite:child href="IS1002b.A.words.xml#id(IS1002b.A.words2135)..id(IS1002b.A.words2154)"/>
   </ae>
   <ae nite:id="IS1002b.A.argumentstructs.40">
      <nite:pointer role="type"  href="ae-types.xml#id(ae_6)"/>
      <nite:child href="IS1002b.A.words.xml#id(IS1002b.A.words1332)..id(IS1002b.A.words1333)"/>
   </ae>
   <ae nite:id="IS1002b.A.argumentstructs.41">
      <nite:pointer role="type"  href="ae-types.xml#id(ae_6)"/>
      <nite:child href="IS1002b.A.words.xml#id(IS1002b.A.words1351)..id(IS1002b.A.words1364)"/>
   </ae>
   <ae nite:id="IS1002b.A.argumentstructs.42">
      <nite:pointer role="type"  href="ae-types.xml#id(ae_6)"/>
      <nite:child href="IS1002b.A.words.xml#id(IS1002b.A.words1392)..id(IS1002b.A.words1393)"/>
   </ae>
   <ae nite:id="IS1002b.A.argumentstructs.43">
      <nite:pointer role="type"  href="ae-types.xml#id(ae_6)"/>
      <nite:child href="IS1002b.A.words.xml#id(IS1002b.A.words686)..id(IS1002b.A.words690)"/>
   </ae>
   <ae nite:id="IS1002b.A.argumentstructs.44">
      <nite:pointer role="type"  href="ae-types.xml#id(ae_6)"/>
      <nite:child href="IS1002b.A.words.xml#id(IS1002b.A.words862)..id(IS1002b.A.words863)"/>
   </ae>
   <ae nite:id="IS1002b.A.argumentstructs.45">
      <nite:pointer role="type"  href="ae-types.xml#id(ae_6)"/>
      <nite:child href="IS1002b.A.words.xml#id(IS1002b.A.words916)..id(IS1002b.A.words917)"/>
   </ae>
   <ae nite:id="IS1002b.A.argumentstructs.46">
      <nite:pointer role="type"  href="ae-types.xml#id(ae_6)"/>
      <nite:child href="IS1002b.A.words.xml#id(IS1002b.A.words920)..id(IS1002b.A.words928)"/>
   </ae>
   <ae nite:id="IS1002b.A.argumentstructs.47">
      <nite:pointer role="type"  href="ae-types.xml#id(ae_6)"/>
      <nite:child href="IS1002b.A.words.xml#id(IS1002b.A.words1019)..id(IS1002b.A.words1023)"/>
   </ae>
   <ae nite:id="IS1002b.A.argumentstructs.48">
      <nite:pointer role="type"  href="ae-types.xml#id(ae_6)"/>
      <nite:child href="IS1002b.A.words.xml#id(IS1002b.A.words1075)..id(IS1002b.A.words1076)"/>
   </ae>
   <ae nite:id="IS1002b.A.argumentstructs.49">
      <nite:pointer role="type"  href="ae-types.xml#id(ae_6)"/>
      <nite:child href="IS1002b.A.words.xml#id(IS1002b.A.words1145)..id(IS1002b.A.words1172)"/>
   </ae>
   <ae nite:id="IS1002b.A.argumentstructs.50">
      <nite:pointer role="type"  href="ae-types.xml#id(ae_6)"/>
      <nite:child href="IS1002b.A.words.xml#id(IS1002b.A.words1197)..id(IS1002b.A.words1198)"/>
   </ae>
   <ae nite:id="IS1002b.A.argumentstructs.51">
      <nite:pointer role="type"  href="ae-types.xml#id(ae_6)"/>
      <nite:child href="IS1002b.A.words.xml#id(IS1002b.A.words199)..id(IS1002b.A.words202)"/>
   </ae>
   <ae nite:id="IS1002b.A.argumentstructs.52">
      <nite:pointer role="type"  href="ae-types.xml#id(ae_6)"/>
      <nite:child href="IS1002b.A.words.xml#id(IS1002b.A.words205)..id(IS1002b.A.words206)"/>
   </ae>
   <ae nite:id="IS1002b.A.argumentstructs.53">
      <nite:pointer role="type"  href="ae-types.xml#id(ae_6)"/>
      <nite:child href="IS1002b.A.words.xml#id(IS1002b.A.words250)..id(IS1002b.A.words253)"/>
   </ae>
   <ae nite:id="IS1002b.A.argumentstructs.54">
      <nite:pointer role="type"  href="ae-types.xml#id(ae_6)"/>
      <nite:child href="IS1002b.A.words.xml#id(IS1002b.A.words307)..id(IS1002b.A.words310)"/>
   </ae>
   <ae nite:id="IS1002b.A.argumentstructs.55">
      <nite:pointer role="type"  href="ae-types.xml#id(ae_6)"/>
      <nite:child href="IS1002b.A.words.xml#id(IS1002b.A.words364)..id(IS1002b.A.words366)"/>
   </ae>
   <ae nite:id="IS1002b.A.argumentstructs.56">
      <nite:pointer role="type"  href="ae-types.xml#id(ae_6)"/>
      <nite:child href="IS1002b.A.words.xml#id(IS1002b.A.words2256)"/>
      <nite:child href="IS1002b.A.words.xml#id(IS1002b.A.words2259)..id(IS1002b.A.words2264)"/>
   </ae>
   <ae nite:id="IS1002b.A.argumentstructs.57">
      <nite:pointer role="type"  href="ae-types.xml#id(ae_6)"/>
      <nite:child href="IS1002b.A.words.xml#id(IS1002b.A.words2131)..id(IS1002b.A.words2134)"/>
   </ae>
</nite:root>