<?xml version="1.0" encoding="ISO-8859-1" standalone="yes"?>
<nite:root nite:id="IS1000b.D.argumentstructs" xmlns:nite="http://nite.sourceforge.net/">
   <ae nite:id="IS1000b.D.argumentstructs.Rutger.1">
      <nite:pointer role="type"  href="ae-types.xml#id(ae_1)"/>
      <nite:child href="IS1000b.D.words.xml#id(IS1000b.D.words177)..id(IS1000b.D.words180)"/>
   </ae>
   <ae nite:id="IS1000b.D.argumentstructs.Rutger.2">
      <nite:pointer role="type"  href="ae-types.xml#id(ae_1)"/>
      <nite:child href="IS1000b.D.words.xml#id(IS1000b.D.words181)..id(IS1000b.D.words182)"/>
   </ae>
   <ae nite:id="IS1000b.D.argumentstructs.Rutger.3">
      <nite:pointer role="type"  href="ae-types.xml#id(ae_5)"/>
      <nite:child href="IS1000b.D.words.xml#id(IS1000b.D.words184)..id(IS1000b.D.words209)"/>
   </ae>
   <ae nite:id="IS1000b.D.argumentstructs.Rutger.4">
      <nite:pointer role="type"  href="ae-types.xml#id(ae_1)"/>
      <nite:child href="IS1000b.D.words.xml#id(IS1000b.D.words213)..id(IS1000b.D.words214)"/>
   </ae>
   <ae nite:id="IS1000b.D.argumentstructs.Rutger.5">
      <nite:pointer role="type"  href="ae-types.xml#id(ae_1)"/>
      <nite:child href="IS1000b.D.words.xml#id(IS1000b.D.words215)..id(IS1000b.D.words216)"/>
   </ae>
   <ae nite:id="IS1000b.D.argumentstructs.Rutger.6">
      <nite:pointer role="type"  href="ae-types.xml#id(ae_1)"/>
      <nite:child href="IS1000b.D.words.xml#id(IS1000b.D.words219)..id(IS1000b.D.words220)"/>
   </ae>
   <ae nite:id="IS1000b.D.argumentstructs.Rutger.7">
      <nite:pointer role="type"  href="ae-types.xml#id(ae_5)"/>
      <nite:child href="IS1000b.D.words.xml#id(IS1000b.D.words221)..id(IS1000b.D.words239)"/>
   </ae>
   <ae nite:id="IS1000b.D.argumentstructs.Rutger.8">
      <nite:pointer role="type"  href="ae-types.xml#id(ae_1)"/>
      <nite:child href="IS1000b.D.words.xml#id(IS1000b.D.words240)..id(IS1000b.D.words251)"/>
   </ae>
   <ae nite:id="IS1000b.D.argumentstructs.Rutger.9">
      <nite:pointer role="type"  href="ae-types.xml#id(ae_1)"/>
      <nite:child href="IS1000b.D.words.xml#id(IS1000b.D.words252)..id(IS1000b.D.words253)"/>
   </ae>
   <ae nite:id="IS1000b.D.argumentstructs.Rutger.10">
      <nite:pointer role="type"  href="ae-types.xml#id(ae_1)"/>
      <nite:child href="IS1000b.D.words.xml#id(IS1000b.D.words1093)..id(IS1000b.D.words1138)"/>
   </ae>
   <ae nite:id="IS1000b.D.argumentstructs.Rutger.11">
      <nite:pointer role="type"  href="ae-types.xml#id(ae_1)"/>
      <nite:child href="IS1000b.D.words.xml#id(IS1000b.D.words1147)..id(IS1000b.D.words1161)"/>
   </ae>
   <ae nite:id="IS1000b.D.argumentstructs.Rutger.12">
      <nite:pointer role="type"  href="ae-types.xml#id(ae_1)"/>
      <nite:child href="IS1000b.D.words.xml#id(IS1000b.D.words1162)"/>
   </ae>
   <ae nite:id="IS1000b.D.argumentstructs.Rutger.13">
      <nite:pointer role="type"  href="ae-types.xml#id(ae_1)"/>
      <nite:child href="IS1000b.D.words.xml#id(IS1000b.D.words1164)..id(IS1000b.D.words1167)"/>
   </ae>
   <ae nite:id="IS1000b.D.argumentstructs.Rutger.14">
      <nite:pointer role="type"  href="ae-types.xml#id(ae_1)"/>
      <nite:child href="IS1000b.D.words.xml#id(IS1000b.D.words1172)..id(IS1000b.D.words1173)"/>
   </ae>
   <ae nite:id="IS1000b.D.argumentstructs.Rutger.15">
      <nite:pointer role="type"  href="ae-types.xml#id(ae_1)"/>
      <nite:child href="IS1000b.D.words.xml#id(IS1000b.D.words1174)..id(IS1000b.D.words1243)"/>
   </ae>
   <ae nite:id="IS1000b.D.argumentstructs.Rutger.16">
      <nite:pointer role="type"  href="ae-types.xml#id(ae_1)"/>
      <nite:child href="IS1000b.D.words.xml#id(IS1000b.D.words1244)..id(IS1000b.D.words1245)"/>
   </ae>
   <ae nite:id="IS1000b.D.argumentstructs.17">
      <nite:pointer role="type"  href="ae-types.xml#id(ae_6)"/>
      <nite:child href="IS1000b.D.words.xml#id(IS1000b.D.words183)"/>
   </ae>
   <ae nite:id="IS1000b.D.argumentstructs.18">
      <nite:pointer role="type"  href="ae-types.xml#id(ae_6)"/>
      <nite:child href="IS1000b.D.words.xml#id(IS1000b.D.words210)..id(IS1000b.D.words212)"/>
   </ae>
   <ae nite:id="IS1000b.D.argumentstructs.19">
      <nite:pointer role="type"  href="ae-types.xml#id(ae_6)"/>
      <nite:child href="IS1000b.D.words.xml#id(IS1000b.D.words217)..id(IS1000b.D.words218)"/>
   </ae>
   <ae nite:id="IS1000b.D.argumentstructs.20">
      <nite:pointer role="type"  href="ae-types.xml#id(ae_6)"/>
      <nite:child href="IS1000b.D.words.xml#id(IS1000b.D.words1139)..id(IS1000b.D.words1140)"/>
      <nite:child href="IS1000b.D.words.xml#id(IS1000b.D.words1142)..id(IS1000b.D.words1144)"/>
      <nite:child href="IS1000b.D.words.xml#id(IS1000b.D.words1146)"/>
   </ae>
   <ae nite:id="IS1000b.D.argumentstructs.21">
      <nite:pointer role="type"  href="ae-types.xml#id(ae_6)"/>
      <nite:child href="IS1000b.D.words.xml#id(IS1000b.D.words1163)"/>
   </ae>
   <ae nite:id="IS1000b.D.argumentstructs.22">
      <nite:pointer role="type"  href="ae-types.xml#id(ae_6)"/>
      <nite:child href="IS1000b.D.words.xml#id(IS1000b.D.words1168)..id(IS1000b.D.words1170)"/>
   </ae>
</nite:root>