<?xml version="1.0" encoding="ISO-8859-1" standalone="yes"?>
<nite:root nite:id="IS1009a.C.argumentstructs" xmlns:nite="http://nite.sourceforge.net/">
   <ae nite:id="IS1009a.C.argumentstructs.Daan.1">
      <nite:pointer role="type"  href="ae-types.xml#id(ae_1)"/>
      <nite:child href="IS1009a.C.words.xml#id(IS1009a.C.words72)..id(IS1009a.C.words78)"/>
   </ae>
   <ae nite:id="IS1009a.C.argumentstructs.Daan.2">
      <nite:pointer role="type"  href="ae-types.xml#id(ae_1)"/>
      <nite:child href="IS1009a.C.words.xml#id(IS1009a.C.words93)..id(IS1009a.C.words97)"/>
   </ae>
   <ae nite:id="IS1009a.C.argumentstructs.Daan.3">
      <nite:pointer role="type"  href="ae-types.xml#id(ae_1)"/>
      <nite:child href="IS1009a.C.words.xml#id(IS1009a.C.words98)..id(IS1009a.C.words114)"/>
   </ae>
   <ae nite:id="IS1009a.C.argumentstructs.Daan.4">
      <nite:pointer role="type"  href="ae-types.xml#id(ae_1)"/>
      <nite:child href="IS1009a.C.words.xml#id(IS1009a.C.words115)..id(IS1009a.C.words119)"/>
   </ae>
   <ae nite:id="IS1009a.C.argumentstructs.Daan.5">
      <nite:pointer role="type"  href="ae-types.xml#id(ae_1)"/>
      <nite:child href="IS1009a.C.words.xml#id(IS1009a.C.words124)..id(IS1009a.C.words138)"/>
   </ae>
   <ae nite:id="IS1009a.C.argumentstructs.Daan.6">
      <nite:pointer role="type"  href="ae-types.xml#id(ae_1)"/>
      <nite:child href="IS1009a.C.words.xml#id(IS1009a.C.words141)..id(IS1009a.C.words164)"/>
   </ae>
   <ae nite:id="IS1009a.C.argumentstructs.Daan.7">
      <nite:pointer role="type"  href="ae-types.xml#id(ae_2)"/>
      <nite:child href="IS1009a.C.words.xml#id(IS1009a.C.words166)..id(IS1009a.C.words170)"/>
   </ae>
   <ae nite:id="IS1009a.C.argumentstructs.Daan.8">
      <nite:pointer role="type"  href="ae-types.xml#id(ae_2)"/>
      <nite:child href="IS1009a.C.words.xml#id(IS1009a.C.words171)..id(IS1009a.C.words181)"/>
   </ae>
   <ae nite:id="IS1009a.C.argumentstructs.9">
      <nite:pointer role="type"  href="ae-types.xml#id(ae_6)"/>
      <nite:child href="IS1009a.C.words.xml#id(IS1009a.C.words66)..id(IS1009a.C.words71)"/>
   </ae>
   <ae nite:id="IS1009a.C.argumentstructs.10">
      <nite:pointer role="type"  href="ae-types.xml#id(ae_6)"/>
      <nite:child href="IS1009a.C.words.xml#id(IS1009a.C.words79)..id(IS1009a.C.words80)"/>
      <nite:child href="IS1009a.C.words.xml#id(IS1009a.C.words82)..id(IS1009a.C.words83)"/>
      <nite:child href="IS1009a.C.words.xml#id(IS1009a.C.words86)..id(IS1009a.C.words89)"/>
   </ae>
   <ae nite:id="IS1009a.C.argumentstructs.11">
      <nite:pointer role="type"  href="ae-types.xml#id(ae_6)"/>
      <nite:child href="IS1009a.C.words.xml#id(IS1009a.C.words120)..id(IS1009a.C.words121)"/>
   </ae>
   <ae nite:id="IS1009a.C.argumentstructs.12">
      <nite:pointer role="type"  href="ae-types.xml#id(ae_6)"/>
      <nite:child href="IS1009a.C.words.xml#id(IS1009a.C.words139)..id(IS1009a.C.words140)"/>
   </ae>
   <ae nite:id="IS1009a.C.argumentstructs.13">
      <nite:pointer role="type"  href="ae-types.xml#id(ae_6)"/>
      <nite:child href="IS1009a.C.words.xml#id(IS1009a.C.words165)"/>
   </ae>
   <ae nite:id="IS1009a.C.argumentstructs.14">
      <nite:pointer role="type"  href="ae-types.xml#id(ae_6)"/>
      <nite:child href="IS1009a.C.words.xml#id(IS1009a.C.words182)..id(IS1009a.C.words185)"/>
      <nite:child href="IS1009a.C.words.xml#id(IS1009a.C.words187)..id(IS1009a.C.words191)"/>
      <nite:child href="IS1009a.C.words.xml#id(IS1009a.C.words193)..id(IS1009a.C.words205)"/>
      <nite:child href="IS1009a.C.words.xml#id(IS1009a.C.words207)..id(IS1009a.C.words213)"/>
      <nite:child href="IS1009a.C.words.xml#id(IS1009a.C.words215)..id(IS1009a.C.words219)"/>
   </ae>
</nite:root>