<?xml version="1.0" encoding="ISO-8859-1" standalone="yes"?>
<nite:root nite:id="IS1005c.B.argumentstructs" xmlns:nite="http://nite.sourceforge.net/">
   <ae nite:id="IS1005c.B.argumentstructs.Rutger.1">
      <nite:pointer role="type"  href="ae-types.xml#id(ae_1)"/>
      <nite:child href="IS1005c.B.words.xml#id(IS1005c.B.words982)..id(IS1005c.B.words1025)"/>
   </ae>
   <ae nite:id="IS1005c.B.argumentstructs.Rutger.2">
      <nite:pointer role="type"  href="ae-types.xml#id(ae_1)"/>
      <nite:child href="IS1005c.B.words.xml#id(IS1005c.B.words1026)..id(IS1005c.B.words1037)"/>
   </ae>
   <ae nite:id="IS1005c.B.argumentstructs.Rutger.3">
      <nite:pointer role="type"  href="ae-types.xml#id(ae_1)"/>
      <nite:child href="IS1005c.B.words.xml#id(IS1005c.B.words1039)..id(IS1005c.B.words1047)"/>
   </ae>
   <ae nite:id="IS1005c.B.argumentstructs.Rutger.4">
      <nite:pointer role="type"  href="ae-types.xml#id(ae_2)"/>
      <nite:child href="IS1005c.B.words.xml#id(IS1005c.B.words1048)..id(IS1005c.B.words1060)"/>
   </ae>
   <ae nite:id="IS1005c.B.argumentstructs.Rutger.5">
      <nite:pointer role="type"  href="ae-types.xml#id(ae_1)"/>
      <nite:child href="IS1005c.B.words.xml#id(IS1005c.B.words1062)..id(IS1005c.B.words1078)"/>
   </ae>
   <ae nite:id="IS1005c.B.argumentstructs.Rutger.6">
      <nite:pointer role="type"  href="ae-types.xml#id(ae_1)"/>
      <nite:child href="IS1005c.B.words.xml#id(IS1005c.B.words1079)..id(IS1005c.B.words1115)"/>
   </ae>
   <ae nite:id="IS1005c.B.argumentstructs.Rutger.7">
      <nite:pointer role="type"  href="ae-types.xml#id(ae_1)"/>
      <nite:child href="IS1005c.B.words.xml#id(IS1005c.B.words1116)..id(IS1005c.B.words1129)"/>
   </ae>
   <ae nite:id="IS1005c.B.argumentstructs.Rutger.8">
      <nite:pointer role="type"  href="ae-types.xml#id(ae_5)"/>
      <nite:child href="IS1005c.B.words.xml#id(IS1005c.B.words1130)..id(IS1005c.B.words1138)"/>
   </ae>
   <ae nite:id="IS1005c.B.argumentstructs.Rutger.9">
      <nite:pointer role="type"  href="ae-types.xml#id(ae_1)"/>
      <nite:child href="IS1005c.B.words.xml#id(IS1005c.B.words1139)..id(IS1005c.B.words1159)"/>
   </ae>
   <ae nite:id="IS1005c.B.argumentstructs.Rutger.10">
      <nite:pointer role="type"  href="ae-types.xml#id(ae_1)"/>
      <nite:child href="IS1005c.B.words.xml#id(IS1005c.B.words1160)..id(IS1005c.B.words1177)"/>
   </ae>
   <ae nite:id="IS1005c.B.argumentstructs.Rutger.11">
      <nite:pointer role="type"  href="ae-types.xml#id(ae_3)"/>
      <nite:child href="IS1005c.B.words.xml#id(IS1005c.B.words1178)..id(IS1005c.B.words1195)"/>
   </ae>
   <ae nite:id="IS1005c.B.argumentstructs.Rutger.12">
      <nite:pointer role="type"  href="ae-types.xml#id(ae_1)"/>
      <nite:child href="IS1005c.B.words.xml#id(IS1005c.B.words1196)..id(IS1005c.B.words1199)"/>
   </ae>
   <ae nite:id="IS1005c.B.argumentstructs.Rutger.13">
      <nite:pointer role="type"  href="ae-types.xml#id(ae_1)"/>
      <nite:child href="IS1005c.B.words.xml#id(IS1005c.B.words1200)..id(IS1005c.B.words1202)"/>
   </ae>
   <ae nite:id="IS1005c.B.argumentstructs.Rutger.14">
      <nite:pointer role="type"  href="ae-types.xml#id(ae_1)"/>
      <nite:child href="IS1005c.B.words.xml#id(IS1005c.B.words1203)..id(IS1005c.B.words1209)"/>
   </ae>
   <ae nite:id="IS1005c.B.argumentstructs.Rutger.15">
      <nite:pointer role="type"  href="ae-types.xml#id(ae_1)"/>
      <nite:child href="IS1005c.B.words.xml#id(IS1005c.B.words1210)..id(IS1005c.B.words1307)"/>
   </ae>
   <ae nite:id="IS1005c.B.argumentstructs.Rutger.16">
      <nite:pointer role="type"  href="ae-types.xml#id(ae_1)"/>
      <nite:child href="IS1005c.B.words.xml#id(IS1005c.B.words1308)..id(IS1005c.B.words1325)"/>
   </ae>
   <ae nite:id="IS1005c.B.argumentstructs.Rutger.17">
      <nite:pointer role="type"  href="ae-types.xml#id(ae_1)"/>
      <nite:child href="IS1005c.B.words.xml#id(IS1005c.B.words1326)..id(IS1005c.B.words1330)"/>
   </ae>
   <ae nite:id="IS1005c.B.argumentstructs.Rutger.18">
      <nite:pointer role="type"  href="ae-types.xml#id(ae_1)"/>
      <nite:child href="IS1005c.B.words.xml#id(IS1005c.B.words1333)..id(IS1005c.B.words1366)"/>
   </ae>
   <ae nite:id="IS1005c.B.argumentstructs.19">
      <nite:pointer role="type"  href="ae-types.xml#id(ae_6)"/>
      <nite:child href="IS1005c.B.words.xml#id(IS1005c.B.words1061)"/>
   </ae>
   <ae nite:id="IS1005c.B.argumentstructs.20">
      <nite:pointer role="type"  href="ae-types.xml#id(ae_6)"/>
      <nite:child href="IS1005c.B.words.xml#id(IS1005c.B.words1331)..id(IS1005c.B.words1332)"/>
   </ae>
</nite:root>