<?xml version="1.0" encoding="ISO-8859-1" standalone="yes"?>
<nite:root nite:id="IS1005b.D.argumentstructs" xmlns:nite="http://nite.sourceforge.net/">
   <ae nite:id="IS1005b.D.argumentstructs.Rutger.1">
      <nite:pointer role="type"  href="ae-types.xml#id(ae_1)"/>
      <nite:child href="IS1005b.D.words.xml#id(IS1005b.D.words1507)..id(IS1005b.D.words1509)"/>
   </ae>
   <ae nite:id="IS1005b.D.argumentstructs.Rutger.2">
      <nite:pointer role="type"  href="ae-types.xml#id(ae_2)"/>
      <nite:child href="IS1005b.D.words.xml#id(IS1005b.D.words1510)..id(IS1005b.D.words1529)"/>
   </ae>
   <ae nite:id="IS1005b.D.argumentstructs.Rutger.3">
      <nite:pointer role="type"  href="ae-types.xml#id(ae_1)"/>
      <nite:child href="IS1005b.D.words.xml#id(IS1005b.D.words1530)..id(IS1005b.D.words1551)"/>
   </ae>
   <ae nite:id="IS1005b.D.argumentstructs.Rutger.4">
      <nite:pointer role="type"  href="ae-types.xml#id(ae_1)"/>
      <nite:child href="IS1005b.D.words.xml#id(IS1005b.D.words1553)..id(IS1005b.D.words1589)"/>
   </ae>
   <ae nite:id="IS1005b.D.argumentstructs.Rutger.5">
      <nite:pointer role="type"  href="ae-types.xml#id(ae_1)"/>
      <nite:child href="IS1005b.D.words.xml#id(IS1005b.D.words1596)..id(IS1005b.D.words1598)"/>
   </ae>
   <ae nite:id="IS1005b.D.argumentstructs.Rutger.7">
      <nite:pointer role="type"  href="ae-types.xml#id(ae_1)"/>
      <nite:child href="IS1005b.D.words.xml#id(IS1005b.D.words1656)..id(IS1005b.D.words1660)"/>
   </ae>
   <ae nite:id="IS1005b.D.argumentstructs.Rutger.8">
      <nite:pointer role="type"  href="ae-types.xml#id(ae_1)"/>
      <nite:child href="IS1005b.D.words.xml#id(IS1005b.D.words1661)..id(IS1005b.D.words1662)"/>
   </ae>
   <ae nite:id="IS1005b.D.argumentstructs.Rutger.9">
      <nite:pointer role="type"  href="ae-types.xml#id(ae_1)"/>
      <nite:child href="IS1005b.D.words.xml#id(IS1005b.D.words1663)..id(IS1005b.D.words1667)"/>
   </ae>
   <ae nite:id="IS1005b.D.argumentstructs.Rutger.10">
      <nite:pointer role="type"  href="ae-types.xml#id(ae_1)"/>
      <nite:child href="IS1005b.D.words.xml#id(IS1005b.D.words1668)..id(IS1005b.D.words1674)"/>
   </ae>
   <ae nite:id="IS1005b.D.argumentstructs.Rutger.11">
      <nite:pointer role="type"  href="ae-types.xml#id(ae_1)"/>
      <nite:child href="IS1005b.D.words.xml#id(IS1005b.D.words1675)..id(IS1005b.D.words1681)"/>
   </ae>
   <ae nite:id="IS1005b.D.argumentstructs.Rutger.12">
      <nite:pointer role="type"  href="ae-types.xml#id(ae_1)"/>
      <nite:child href="IS1005b.D.words.xml#id(IS1005b.D.words1684)"/>
   </ae>
   <ae nite:id="IS1005b.D.argumentstructs.Rutger.13">
      <nite:pointer role="type"  href="ae-types.xml#id(ae_3)"/>
      <nite:child href="IS1005b.D.words.xml#id(IS1005b.D.words1697)..id(IS1005b.D.words1719)"/>
   </ae>
   <ae nite:id="IS1005b.D.argumentstructs.Rutger.14">
      <nite:pointer role="type"  href="ae-types.xml#id(ae_1)"/>
      <nite:child href="IS1005b.D.words.xml#id(IS1005b.D.words1720)..id(IS1005b.D.words1731)"/>
   </ae>
   <ae nite:id="IS1005b.D.argumentstructs.Rutger.15">
      <nite:pointer role="type"  href="ae-types.xml#id(ae_1)"/>
      <nite:child href="IS1005b.D.words.xml#id(IS1005b.D.words1732)..id(IS1005b.D.words1733)"/>
   </ae>
   <ae nite:id="IS1005b.D.argumentstructs.Rutger.16">
      <nite:pointer role="type"  href="ae-types.xml#id(ae_1)"/>
      <nite:child href="IS1005b.D.words.xml#id(IS1005b.D.words1734)..id(IS1005b.D.words1736)"/>
   </ae>
   <ae nite:id="IS1005b.D.argumentstructs.Rutger.17">
      <nite:pointer role="type"  href="ae-types.xml#id(ae_1)"/>
      <nite:child href="IS1005b.D.words.xml#id(IS1005b.D.words1737)..id(IS1005b.D.words1762)"/>
   </ae>
   <ae nite:id="IS1005b.D.argumentstructs.Rutger.20">
      <nite:pointer role="type"  href="ae-types.xml#id(ae_1)"/>
      <nite:child href="IS1005b.D.words.xml#id(IS1005b.D.words1765)..id(IS1005b.D.words1781)"/>
   </ae>
   <ae nite:id="IS1005b.D.argumentstructs.21">
      <nite:pointer role="type"  href="ae-types.xml#id(ae_6)"/>
      <nite:child href="IS1005b.D.words.xml#id(IS1005b.D.words1590)..id(IS1005b.D.words1592)"/>
      <nite:child href="IS1005b.D.words.xml#id(IS1005b.D.words1594)..id(IS1005b.D.words1595)"/>
   </ae>
   <ae nite:id="IS1005b.D.argumentstructs.22">
      <nite:pointer role="type"  href="ae-types.xml#id(ae_6)"/>
      <nite:child href="IS1005b.D.words.xml#id(IS1005b.D.words1599)..id(IS1005b.D.words1655)"/>
   </ae>
   <ae nite:id="IS1005b.D.argumentstructs.23">
      <nite:pointer role="type"  href="ae-types.xml#id(ae_6)"/>
      <nite:child href="IS1005b.D.words.xml#id(IS1005b.D.words1685)"/>
   </ae>
   <ae nite:id="IS1005b.D.argumentstructs.24">
      <nite:pointer role="type"  href="ae-types.xml#id(ae_6)"/>
      <nite:child href="IS1005b.D.words.xml#id(IS1005b.D.words1763)..id(IS1005b.D.words1764)"/>
   </ae>
</nite:root>