<?xml version="1.0" encoding="ISO-8859-1" standalone="yes"?>
<nite:root nite:id="IS1009b.D.argumentstructs" xmlns:nite="http://nite.sourceforge.net/">
   <ae nite:id="IS1009b.D.argumentstructs.Daan.1">
      <nite:pointer role="type"  href="ae-types.xml#id(ae_5)"/>
      <nite:child href="IS1009b.D.words.xml#id(IS1009b.D.words1416)..id(IS1009b.D.words1454)"/>
   </ae>
   <ae nite:id="IS1009b.D.argumentstructs.Daan.2">
      <nite:pointer role="type"  href="ae-types.xml#id(ae_5)"/>
      <nite:child href="IS1009b.D.words.xml#id(IS1009b.D.words1455)..id(IS1009b.D.words1481)"/>
   </ae>
   <ae nite:id="IS1009b.D.argumentstructs.Daan.3">
      <nite:pointer role="type"  href="ae-types.xml#id(ae_5)"/>
      <nite:child href="IS1009b.D.words.xml#id(IS1009b.D.words1482)..id(IS1009b.D.words1496)"/>
   </ae>
   <ae nite:id="IS1009b.D.argumentstructs.Daan.4">
      <nite:pointer role="type"  href="ae-types.xml#id(ae_1)"/>
      <nite:child href="IS1009b.D.words.xml#id(IS1009b.D.words1497)..id(IS1009b.D.words1537)"/>
   </ae>
   <ae nite:id="IS1009b.D.argumentstructs.Daan.5">
      <nite:pointer role="type"  href="ae-types.xml#id(ae_1)"/>
      <nite:child href="IS1009b.D.words.xml#id(IS1009b.D.words2142)..id(IS1009b.D.words2148)"/>
   </ae>
   <ae nite:id="IS1009b.D.argumentstructs.Daan.6">
      <nite:pointer role="type"  href="ae-types.xml#id(ae_1)"/>
      <nite:child href="IS1009b.D.words.xml#id(IS1009b.D.words2160)..id(IS1009b.D.words2163)"/>
   </ae>
   <ae nite:id="IS1009b.D.argumentstructs.Daan.7">
      <nite:pointer role="type"  href="ae-types.xml#id(ae_1)"/>
      <nite:child href="IS1009b.D.words.xml#id(IS1009b.D.words2164)..id(IS1009b.D.words2167)"/>
   </ae>
   <ae nite:id="IS1009b.D.argumentstructs.8">
      <nite:pointer role="type"  href="ae-types.xml#id(ae_6)"/>
      <nite:child href="IS1009b.D.words.xml#id(IS1009b.D.words2136)..id(IS1009b.D.words2141)"/>
   </ae>
   <ae nite:id="IS1009b.D.argumentstructs.9">
      <nite:pointer role="type"  href="ae-types.xml#id(ae_6)"/>
      <nite:child href="IS1009b.D.words.xml#id(IS1009b.D.words2149)..id(IS1009b.D.words2159)"/>
   </ae>
</nite:root>