<?xml version="1.0" encoding="ISO-8859-1" standalone="yes"?>
<nite:root nite:id="IS1006a.C.argumentstructs" xmlns:nite="http://nite.sourceforge.net/">
   <ae nite:id="IS1006a.C.argumentstructs.Daan.1">
      <nite:pointer role="type"  href="ae-types.xml#id(ae_1)"/>
      <nite:child href="IS1006a.C.words.xml#id(IS1006a.C.words89)..id(IS1006a.C.words100)"/>
   </ae>
   <ae nite:id="IS1006a.C.argumentstructs.2">
      <nite:pointer role="type"  href="ae-types.xml#id(ae_6)"/>
      <nite:child href="IS1006a.C.words.xml#id(IS1006a.C.words73)..id(IS1006a.C.words75)"/>
      <nite:child href="IS1006a.C.words.xml#id(IS1006a.C.words80)..id(IS1006a.C.words82)"/>
      <nite:child href="IS1006a.C.words.xml#id(IS1006a.C.words84)..id(IS1006a.C.words85)"/>
      <nite:child href="IS1006a.C.words.xml#id(IS1006a.C.words87)..id(IS1006a.C.words88)"/>
   </ae>
</nite:root>