<?xml version="1.0" encoding="ISO-8859-1" standalone="yes"?>
<nite:root nite:id="IS1007d.C.argumentstructs" xmlns:nite="http://nite.sourceforge.net/">
   <ae nite:id="IS1007d.C.argumentstructs.Daan.1">
      <nite:pointer role="type"  href="ae-types.xml#id(ae_1)"/>
      <nite:child href="IS1007d.C.words.xml#id(IS1007d.C.words942)..id(IS1007d.C.words954)"/>
   </ae>
   <ae nite:id="IS1007d.C.argumentstructs.Daan.2">
      <nite:pointer role="type"  href="ae-types.xml#id(ae_1)"/>
      <nite:child href="IS1007d.C.words.xml#id(IS1007d.C.words965)..id(IS1007d.C.words968)"/>
   </ae>
   <ae nite:id="IS1007d.C.argumentstructs.Daan.3">
      <nite:pointer role="type"  href="ae-types.xml#id(ae_1)"/>
      <nite:child href="IS1007d.C.words.xml#id(IS1007d.C.words969)..id(IS1007d.C.words988)"/>
   </ae>
   <ae nite:id="IS1007d.C.argumentstructs.Daan.4">
      <nite:pointer role="type"  href="ae-types.xml#id(ae_1)"/>
      <nite:child href="IS1007d.C.words.xml#id(IS1007d.C.words989)..id(IS1007d.C.words1005)"/>
   </ae>
   <ae nite:id="IS1007d.C.argumentstructs.Daan.5">
      <nite:pointer role="type"  href="ae-types.xml#id(ae_1)"/>
      <nite:child href="IS1007d.C.words.xml#id(IS1007d.C.words1006)..id(IS1007d.C.words1023)"/>
   </ae>
   <ae nite:id="IS1007d.C.argumentstructs.Daan.6">
      <nite:pointer role="type"  href="ae-types.xml#id(ae_1)"/>
      <nite:child href="IS1007d.C.words.xml#id(IS1007d.C.words1024)..id(IS1007d.C.words1032)"/>
   </ae>
   <ae nite:id="IS1007d.C.argumentstructs.Daan.7">
      <nite:pointer role="type"  href="ae-types.xml#id(ae_1)"/>
      <nite:child href="IS1007d.C.words.xml#id(IS1007d.C.words1033)..id(IS1007d.C.words1037)"/>
   </ae>
   <ae nite:id="IS1007d.C.argumentstructs.Daan.8">
      <nite:pointer role="type"  href="ae-types.xml#id(ae_1)"/>
      <nite:child href="IS1007d.C.words.xml#id(IS1007d.C.words1039)..id(IS1007d.C.words1047)"/>
   </ae>
   <ae nite:id="IS1007d.C.argumentstructs.Daan.9">
      <nite:pointer role="type"  href="ae-types.xml#id(ae_1)"/>
      <nite:child href="IS1007d.C.words.xml#id(IS1007d.C.words1048)..id(IS1007d.C.words1055)"/>
   </ae>
   <ae nite:id="IS1007d.C.argumentstructs.Daan.10">
      <nite:pointer role="type"  href="ae-types.xml#id(ae_1)"/>
      <nite:child href="IS1007d.C.words.xml#id(IS1007d.C.words1063)..id(IS1007d.C.words1074)"/>
   </ae>
   <ae nite:id="IS1007d.C.argumentstructs.Daan.11">
      <nite:pointer role="type"  href="ae-types.xml#id(ae_1)"/>
      <nite:child href="IS1007d.C.words.xml#id(IS1007d.C.words1075)..id(IS1007d.C.words1083)"/>
   </ae>
   <ae nite:id="IS1007d.C.argumentstructs.Daan.12">
      <nite:pointer role="type"  href="ae-types.xml#id(ae_1)"/>
      <nite:child href="IS1007d.C.words.xml#id(IS1007d.C.words1088)..id(IS1007d.C.words1117)"/>
   </ae>
   <ae nite:id="IS1007d.C.argumentstructs.Daan.13">
      <nite:pointer role="type"  href="ae-types.xml#id(ae_1)"/>
      <nite:child href="IS1007d.C.words.xml#id(IS1007d.C.words1118)..id(IS1007d.C.words1144)"/>
   </ae>
   <ae nite:id="IS1007d.C.argumentstructs.Daan.14">
      <nite:pointer role="type"  href="ae-types.xml#id(ae_1)"/>
      <nite:child href="IS1007d.C.words.xml#id(IS1007d.C.words1145)..id(IS1007d.C.words1151)"/>
   </ae>
   <ae nite:id="IS1007d.C.argumentstructs.Daan.15">
      <nite:pointer role="type"  href="ae-types.xml#id(ae_1)"/>
      <nite:child href="IS1007d.C.words.xml#id(IS1007d.C.words1152)..id(IS1007d.C.words1179)"/>
   </ae>
   <ae nite:id="IS1007d.C.argumentstructs.Daan.16">
      <nite:pointer role="type"  href="ae-types.xml#id(ae_1)"/>
      <nite:child href="IS1007d.C.words.xml#id(IS1007d.C.words1184)..id(IS1007d.C.words1185)"/>
   </ae>
   <ae nite:id="IS1007d.C.argumentstructs.Daan.17">
      <nite:pointer role="type"  href="ae-types.xml#id(ae_1)"/>
      <nite:child href="IS1007d.C.words.xml#id(IS1007d.C.words1186)..id(IS1007d.C.words1188)"/>
   </ae>
   <ae nite:id="IS1007d.C.argumentstructs.Daan.18">
      <nite:pointer role="type"  href="ae-types.xml#id(ae_1)"/>
      <nite:child href="IS1007d.C.words.xml#id(IS1007d.C.words1189)..id(IS1007d.C.words1200)"/>
   </ae>
   <ae nite:id="IS1007d.C.argumentstructs.Daan.19">
      <nite:pointer role="type"  href="ae-types.xml#id(ae_1)"/>
      <nite:child href="IS1007d.C.words.xml#id(IS1007d.C.words1201)..id(IS1007d.C.words1207)"/>
   </ae>
   <ae nite:id="IS1007d.C.argumentstructs.Daan.20">
      <nite:pointer role="type"  href="ae-types.xml#id(ae_1)"/>
      <nite:child href="IS1007d.C.words.xml#id(IS1007d.C.words1208)..id(IS1007d.C.words1220)"/>
   </ae>
   <ae nite:id="IS1007d.C.argumentstructs.Daan.21">
      <nite:pointer role="type"  href="ae-types.xml#id(ae_1)"/>
      <nite:child href="IS1007d.C.words.xml#id(IS1007d.C.words1234)..id(IS1007d.C.words1259)"/>
   </ae>
   <ae nite:id="IS1007d.C.argumentstructs.Daan.22">
      <nite:pointer role="type"  href="ae-types.xml#id(ae_1)"/>
      <nite:child href="IS1007d.C.words.xml#id(IS1007d.C.words1264)..id(IS1007d.C.words1271)"/>
   </ae>
   <ae nite:id="IS1007d.C.argumentstructs.Daan.23">
      <nite:pointer role="type"  href="ae-types.xml#id(ae_1)"/>
      <nite:child href="IS1007d.C.words.xml#id(IS1007d.C.words1283)..id(IS1007d.C.words1309)"/>
   </ae>
   <ae nite:id="IS1007d.C.argumentstructs.Daan.24">
      <nite:pointer role="type"  href="ae-types.xml#id(ae_1)"/>
      <nite:child href="IS1007d.C.words.xml#id(IS1007d.C.words1310)..id(IS1007d.C.words1337)"/>
   </ae>
   <ae nite:id="IS1007d.C.argumentstructs.25">
      <nite:pointer role="type"  href="ae-types.xml#id(ae_6)"/>
      <nite:child href="IS1007d.C.words.xml#id(IS1007d.C.words940)..id(IS1007d.C.words941)"/>
   </ae>
   <ae nite:id="IS1007d.C.argumentstructs.26">
      <nite:pointer role="type"  href="ae-types.xml#id(ae_6)"/>
      <nite:child href="IS1007d.C.words.xml#id(IS1007d.C.words955)..id(IS1007d.C.words959)"/>
      <nite:child href="IS1007d.C.words.xml#id(IS1007d.C.words962)..id(IS1007d.C.words964)"/>
   </ae>
   <ae nite:id="IS1007d.C.argumentstructs.27">
      <nite:pointer role="type"  href="ae-types.xml#id(ae_6)"/>
      <nite:child href="IS1007d.C.words.xml#id(IS1007d.C.words1056)..id(IS1007d.C.words1057)"/>
      <nite:child href="IS1007d.C.words.xml#id(IS1007d.C.words1059)..id(IS1007d.C.words1060)"/>
   </ae>
   <ae nite:id="IS1007d.C.argumentstructs.28">
      <nite:pointer role="type"  href="ae-types.xml#id(ae_6)"/>
      <nite:child href="IS1007d.C.words.xml#id(IS1007d.C.words1084)..id(IS1007d.C.words1087)"/>
   </ae>
   <ae nite:id="IS1007d.C.argumentstructs.29">
      <nite:pointer role="type"  href="ae-types.xml#id(ae_6)"/>
      <nite:child href="IS1007d.C.words.xml#id(IS1007d.C.words1180)..id(IS1007d.C.words1183)"/>
   </ae>
   <ae nite:id="IS1007d.C.argumentstructs.30">
      <nite:pointer role="type"  href="ae-types.xml#id(ae_6)"/>
      <nite:child href="IS1007d.C.words.xml#id(IS1007d.C.words1231)..id(IS1007d.C.words1232)"/>
   </ae>
   <ae nite:id="IS1007d.C.argumentstructs.31">
      <nite:pointer role="type"  href="ae-types.xml#id(ae_6)"/>
      <nite:child href="IS1007d.C.words.xml#id(IS1007d.C.words1262)..id(IS1007d.C.words1263)"/>
   </ae>
   <ae nite:id="IS1007d.C.argumentstructs.32">
      <nite:pointer role="type"  href="ae-types.xml#id(ae_6)"/>
      <nite:child href="IS1007d.C.words.xml#id(IS1007d.C.words1272)..id(IS1007d.C.words1274)"/>
      <nite:child href="IS1007d.C.words.xml#id(IS1007d.C.words1277)..id(IS1007d.C.words1282)"/>
   </ae>
   <ae nite:id="IS1007d.C.argumentstructs.33">
      <nite:pointer role="type"  href="ae-types.xml#id(ae_6)"/>
      <nite:child href="IS1007d.C.words.xml#id(IS1007d.C.words1338)..id(IS1007d.C.words1339)"/>
      <nite:child href="IS1007d.C.words.xml#id(IS1007d.C.words1344)..id(IS1007d.C.words1345)"/>
   </ae>
</nite:root>