<?xml version="1.0" encoding="ISO-8859-1" standalone="yes"?>
<nite:root nite:id="IS1007d.B.argumentstructs" xmlns:nite="http://nite.sourceforge.net/">
   <ae nite:id="IS1007d.B.argumentstructs.Daan.1">
      <nite:pointer role="type"  href="ae-types.xml#id(ae_4)"/>
      <nite:child href="IS1007d.B.words.xml#id(IS1007d.B.words1268)..id(IS1007d.B.words1282)"/>
   </ae>
   <ae nite:id="IS1007d.B.argumentstructs.Daan.2">
      <nite:pointer role="type"  href="ae-types.xml#id(ae_1)"/>
      <nite:child href="IS1007d.B.words.xml#id(IS1007d.B.words1289)..id(IS1007d.B.words1358)"/>
   </ae>
   <ae nite:id="IS1007d.B.argumentstructs.Daan.3">
      <nite:pointer role="type"  href="ae-types.xml#id(ae_1)"/>
      <nite:child href="IS1007d.B.words.xml#id(IS1007d.B.words1369)..id(IS1007d.B.words1382)"/>
   </ae>
   <ae nite:id="IS1007d.B.argumentstructs.Daan.4">
      <nite:pointer role="type"  href="ae-types.xml#id(ae_1)"/>
      <nite:child href="IS1007d.B.words.xml#id(IS1007d.B.words1383)..id(IS1007d.B.words1439)"/>
   </ae>
   <ae nite:id="IS1007d.B.argumentstructs.Daan.5">
      <nite:pointer role="type"  href="ae-types.xml#id(ae_1)"/>
      <nite:child href="IS1007d.B.words.xml#id(IS1007d.B.words1440)..id(IS1007d.B.words1454)"/>
   </ae>
   <ae nite:id="IS1007d.B.argumentstructs.Daan.6">
      <nite:pointer role="type"  href="ae-types.xml#id(ae_1)"/>
      <nite:child href="IS1007d.B.words.xml#id(IS1007d.B.words1455)..id(IS1007d.B.words1483)"/>
   </ae>
   <ae nite:id="IS1007d.B.argumentstructs.Daan.7">
      <nite:pointer role="type"  href="ae-types.xml#id(ae_1)"/>
      <nite:child href="IS1007d.B.words.xml#id(IS1007d.B.words1484)..id(IS1007d.B.words1497)"/>
   </ae>
   <ae nite:id="IS1007d.B.argumentstructs.Daan.8">
      <nite:pointer role="type"  href="ae-types.xml#id(ae_1)"/>
      <nite:child href="IS1007d.B.words.xml#id(IS1007d.B.words1498)..id(IS1007d.B.words1499)"/>
   </ae>
   <ae nite:id="IS1007d.B.argumentstructs.Daan.9">
      <nite:pointer role="type"  href="ae-types.xml#id(ae_1)"/>
      <nite:child href="IS1007d.B.words.xml#id(IS1007d.B.words1503)..id(IS1007d.B.words1516)"/>
   </ae>
   <ae nite:id="IS1007d.B.argumentstructs.Daan.10">
      <nite:pointer role="type"  href="ae-types.xml#id(ae_1)"/>
      <nite:child href="IS1007d.B.words.xml#id(IS1007d.B.words1517)"/>
   </ae>
   <ae nite:id="IS1007d.B.argumentstructs.Daan.11">
      <nite:pointer role="type"  href="ae-types.xml#id(ae_3)"/>
      <nite:child href="IS1007d.B.words.xml#id(IS1007d.B.words1521)..id(IS1007d.B.words1545)"/>
   </ae>
   <ae nite:id="IS1007d.B.argumentstructs.Daan.12">
      <nite:pointer role="type"  href="ae-types.xml#id(ae_3)"/>
      <nite:child href="IS1007d.B.words.xml#id(IS1007d.B.words1546)..id(IS1007d.B.words1573)"/>
   </ae>
   <ae nite:id="IS1007d.B.argumentstructs.Daan.13">
      <nite:pointer role="type"  href="ae-types.xml#id(ae_1)"/>
      <nite:child href="IS1007d.B.words.xml#id(IS1007d.B.words1581)..id(IS1007d.B.words1583)"/>
   </ae>
   <ae nite:id="IS1007d.B.argumentstructs.Daan.14">
      <nite:pointer role="type"  href="ae-types.xml#id(ae_1)"/>
      <nite:child href="IS1007d.B.words.xml#id(IS1007d.B.words1584)..id(IS1007d.B.words1592)"/>
   </ae>
   <ae nite:id="IS1007d.B.argumentstructs.Daan.15">
      <nite:pointer role="type"  href="ae-types.xml#id(ae_1)"/>
      <nite:child href="IS1007d.B.words.xml#id(IS1007d.B.words1593)..id(IS1007d.B.words1603)"/>
   </ae>
   <ae nite:id="IS1007d.B.argumentstructs.Daan.16">
      <nite:pointer role="type"  href="ae-types.xml#id(ae_1)"/>
      <nite:child href="IS1007d.B.words.xml#id(IS1007d.B.words1604)..id(IS1007d.B.words1623)"/>
   </ae>
   <ae nite:id="IS1007d.B.argumentstructs.Daan.17">
      <nite:pointer role="type"  href="ae-types.xml#id(ae_1)"/>
      <nite:child href="IS1007d.B.words.xml#id(IS1007d.B.words1659)..id(IS1007d.B.words1739)"/>
   </ae>
   <ae nite:id="IS1007d.B.argumentstructs.Daan.18">
      <nite:pointer role="type"  href="ae-types.xml#id(ae_1)"/>
      <nite:child href="IS1007d.B.words.xml#id(IS1007d.B.words1740)..id(IS1007d.B.words1807)"/>
   </ae>
   <ae nite:id="IS1007d.B.argumentstructs.Daan.19">
      <nite:pointer role="type"  href="ae-types.xml#id(ae_1)"/>
      <nite:child href="IS1007d.B.words.xml#id(IS1007d.B.words1811)..id(IS1007d.B.words1816)"/>
   </ae>
   <ae nite:id="IS1007d.B.argumentstructs.Daan.20">
      <nite:pointer role="type"  href="ae-types.xml#id(ae_1)"/>
      <nite:child href="IS1007d.B.words.xml#id(IS1007d.B.words1834)..id(IS1007d.B.words1841)"/>
   </ae>
   <ae nite:id="IS1007d.B.argumentstructs.Daan.21">
      <nite:pointer role="type"  href="ae-types.xml#id(ae_5)"/>
      <nite:child href="IS1007d.B.words.xml#id(IS1007d.B.words1842)..id(IS1007d.B.words1843)"/>
   </ae>
   <ae nite:id="IS1007d.B.argumentstructs.Daan.22">
      <nite:pointer role="type"  href="ae-types.xml#id(ae_3)"/>
      <nite:child href="IS1007d.B.words.xml#id(IS1007d.B.words1850)..id(IS1007d.B.words1933)"/>
   </ae>
   <ae nite:id="IS1007d.B.argumentstructs.Daan.23">
      <nite:pointer role="type"  href="ae-types.xml#id(ae_1)"/>
      <nite:child href="IS1007d.B.words.xml#id(IS1007d.B.words1934)..id(IS1007d.B.words1950)"/>
   </ae>
   <ae nite:id="IS1007d.B.argumentstructs.Daan.24">
      <nite:pointer role="type"  href="ae-types.xml#id(ae_5)"/>
      <nite:child href="IS1007d.B.words.xml#id(IS1007d.B.words1954)..id(IS1007d.B.words1976)"/>
   </ae>
   <ae nite:id="IS1007d.B.argumentstructs.Daan.25">
      <nite:pointer role="type"  href="ae-types.xml#id(ae_1)"/>
      <nite:child href="IS1007d.B.words.xml#id(IS1007d.B.words1985)..id(IS1007d.B.words2029)"/>
   </ae>
   <ae nite:id="IS1007d.B.argumentstructs.Daan.26">
      <nite:pointer role="type"  href="ae-types.xml#id(ae_1)"/>
      <nite:child href="IS1007d.B.words.xml#id(IS1007d.B.words2033)..id(IS1007d.B.words2089)"/>
   </ae>
   <ae nite:id="IS1007d.B.argumentstructs.Daan.27">
      <nite:pointer role="type"  href="ae-types.xml#id(ae_1)"/>
      <nite:child href="IS1007d.B.words.xml#id(IS1007d.B.words2090)..id(IS1007d.B.words2125)"/>
   </ae>
   <ae nite:id="IS1007d.B.argumentstructs.28">
      <nite:pointer role="type"  href="ae-types.xml#id(ae_6)"/>
      <nite:child href="IS1007d.B.words.xml#id(IS1007d.B.words1266)..id(IS1007d.B.words1267)"/>
   </ae>
   <ae nite:id="IS1007d.B.argumentstructs.29">
      <nite:pointer role="type"  href="ae-types.xml#id(ae_6)"/>
      <nite:child href="IS1007d.B.words.xml#id(IS1007d.B.words1283)..id(IS1007d.B.words1288)"/>
   </ae>
   <ae nite:id="IS1007d.B.argumentstructs.30">
      <nite:pointer role="type"  href="ae-types.xml#id(ae_6)"/>
      <nite:child href="IS1007d.B.words.xml#id(IS1007d.B.words1359)..id(IS1007d.B.words1360)"/>
      <nite:child href="IS1007d.B.words.xml#id(IS1007d.B.words1362)..id(IS1007d.B.words1363)"/>
      <nite:child href="IS1007d.B.words.xml#id(IS1007d.B.words1365)..id(IS1007d.B.words1366)"/>
   </ae>
   <ae nite:id="IS1007d.B.argumentstructs.31">
      <nite:pointer role="type"  href="ae-types.xml#id(ae_6)"/>
      <nite:child href="IS1007d.B.words.xml#id(IS1007d.B.words1500)..id(IS1007d.B.words1502)"/>
   </ae>
   <ae nite:id="IS1007d.B.argumentstructs.32">
      <nite:pointer role="type"  href="ae-types.xml#id(ae_6)"/>
      <nite:child href="IS1007d.B.words.xml#id(IS1007d.B.words1518)..id(IS1007d.B.words1520)"/>
   </ae>
   <ae nite:id="IS1007d.B.argumentstructs.33">
      <nite:pointer role="type"  href="ae-types.xml#id(ae_6)"/>
      <nite:child href="IS1007d.B.words.xml#id(IS1007d.B.words1574)..id(IS1007d.B.words1579)"/>
   </ae>
   <ae nite:id="IS1007d.B.argumentstructs.34">
      <nite:pointer role="type"  href="ae-types.xml#id(ae_6)"/>
      <nite:child href="IS1007d.B.words.xml#id(IS1007d.B.words1627)"/>
      <nite:child href="IS1007d.B.words.xml#id(IS1007d.B.words1629)"/>
      <nite:child href="IS1007d.B.words.xml#id(IS1007d.B.words1631)..id(IS1007d.B.words1634)"/>
      <nite:child href="IS1007d.B.words.xml#id(IS1007d.B.words1636)..id(IS1007d.B.words1638)"/>
      <nite:child href="IS1007d.B.words.xml#id(IS1007d.B.words1640)..id(IS1007d.B.words1641)"/>
      <nite:child href="IS1007d.B.words.xml#id(IS1007d.B.words1643)..id(IS1007d.B.words1644)"/>
      <nite:child href="IS1007d.B.words.xml#id(IS1007d.B.words1646)..id(IS1007d.B.words1647)"/>
      <nite:child href="IS1007d.B.words.xml#id(IS1007d.B.words1649)..id(IS1007d.B.words1652)"/>
      <nite:child href="IS1007d.B.words.xml#id(IS1007d.B.words1654)..id(IS1007d.B.words1655)"/>
      <nite:child href="IS1007d.B.words.xml#id(IS1007d.B.words1657)"/>
   </ae>
   <ae nite:id="IS1007d.B.argumentstructs.35">
      <nite:pointer role="type"  href="ae-types.xml#id(ae_6)"/>
      <nite:child href="IS1007d.B.words.xml#id(IS1007d.B.words1808)..id(IS1007d.B.words1809)"/>
   </ae>
   <ae nite:id="IS1007d.B.argumentstructs.36">
      <nite:pointer role="type"  href="ae-types.xml#id(ae_6)"/>
      <nite:child href="IS1007d.B.words.xml#id(IS1007d.B.words1817)..id(IS1007d.B.words1824)"/>
   </ae>
   <ae nite:id="IS1007d.B.argumentstructs.37">
      <nite:pointer role="type"  href="ae-types.xml#id(ae_6)"/>
      <nite:child href="IS1007d.B.words.xml#id(IS1007d.B.words1845)..id(IS1007d.B.words1846)"/>
      <nite:child href="IS1007d.B.words.xml#id(IS1007d.B.words1848)..id(IS1007d.B.words1849)"/>
   </ae>
   <ae nite:id="IS1007d.B.argumentstructs.38">
      <nite:pointer role="type"  href="ae-types.xml#id(ae_6)"/>
      <nite:child href="IS1007d.B.words.xml#id(IS1007d.B.words1951)..id(IS1007d.B.words1952)"/>
   </ae>
   <ae nite:id="IS1007d.B.argumentstructs.39">
      <nite:pointer role="type"  href="ae-types.xml#id(ae_6)"/>
      <nite:child href="IS1007d.B.words.xml#id(IS1007d.B.words1978)..id(IS1007d.B.words1979)"/>
      <nite:child href="IS1007d.B.words.xml#id(IS1007d.B.words1981)..id(IS1007d.B.words1984)"/>
   </ae>
   <ae nite:id="IS1007d.B.argumentstructs.40">
      <nite:pointer role="type"  href="ae-types.xml#id(ae_6)"/>
      <nite:child href="IS1007d.B.words.xml#id(IS1007d.B.words2030)..id(IS1007d.B.words2031)"/>
   </ae>
</nite:root>