<?xml version="1.0" encoding="ISO-8859-1" standalone="yes"?>
<nite:root nite:id="IS1004b.C.argumentstructs" xmlns:nite="http://nite.sourceforge.net/">
   <ae nite:id="IS1004b.C.argumentstructs.Rutger.1">
      <nite:pointer role="type"  href="ae-types.xml#id(ae_1)"/>
      <nite:child href="IS1004b.C.words.xml#id(IS1004b.C.words7)..id(IS1004b.C.words8)"/>
   </ae>
   <ae nite:id="IS1004b.C.argumentstructs.Rutger.2">
      <nite:pointer role="type"  href="ae-types.xml#id(ae_1)"/>
      <nite:child href="IS1004b.C.words.xml#id(IS1004b.C.words10)..id(IS1004b.C.words13)"/>
   </ae>
   <ae nite:id="IS1004b.C.argumentstructs.3">
      <nite:pointer role="type"  href="ae-types.xml#id(ae_6)"/>
      <nite:child href="IS1004b.C.words.xml#id(IS1004b.C.words1226)"/>
   </ae>
</nite:root>