<?xml version="1.0" encoding="ISO-8859-1" standalone="yes"?>
<nite:root nite:id="IS1007b.B.argumentstructs" xmlns:nite="http://nite.sourceforge.net/">
   <ae nite:id="IS1007b.B.argumentstructs.Daan.1">
      <nite:pointer role="type"  href="ae-types.xml#id(ae_3)"/>
      <nite:child href="IS1007b.B.words.xml#id(IS1007b.B.words59)..id(IS1007b.B.words62)"/>
   </ae>
   <ae nite:id="IS1007b.B.argumentstructs.Daan.2">
      <nite:pointer role="type"  href="ae-types.xml#id(ae_3)"/>
      <nite:child href="IS1007b.B.words.xml#id(IS1007b.B.words63)..id(IS1007b.B.words74)"/>
   </ae>
   <ae nite:id="IS1007b.B.argumentstructs.Daan.3">
      <nite:pointer role="type"  href="ae-types.xml#id(ae_4)"/>
      <nite:child href="IS1007b.B.words.xml#id(IS1007b.B.words87)..id(IS1007b.B.words110)"/>
   </ae>
   <ae nite:id="IS1007b.B.argumentstructs.Daan.4">
      <nite:pointer role="type"  href="ae-types.xml#id(ae_5)"/>
      <nite:child href="IS1007b.B.words.xml#id(IS1007b.B.words122)..id(IS1007b.B.words137)"/>
   </ae>
   <ae nite:id="IS1007b.B.argumentstructs.Daan.5">
      <nite:pointer role="type"  href="ae-types.xml#id(ae_1)"/>
      <nite:child href="IS1007b.B.words.xml#id(IS1007b.B.words509)..id(IS1007b.B.words643)"/>
   </ae>
   <ae nite:id="IS1007b.B.argumentstructs.Daan.6">
      <nite:pointer role="type"  href="ae-types.xml#id(ae_1)"/>
      <nite:child href="IS1007b.B.words.xml#id(IS1007b.B.words644)..id(IS1007b.B.words663)"/>
   </ae>
   <ae nite:id="IS1007b.B.argumentstructs.Daan.7">
      <nite:pointer role="type"  href="ae-types.xml#id(ae_5)"/>
      <nite:child href="IS1007b.B.words.xml#id(IS1007b.B.words686)..id(IS1007b.B.words713)"/>
   </ae>
   <ae nite:id="IS1007b.B.argumentstructs.8">
      <nite:pointer role="type"  href="ae-types.xml#id(ae_6)"/>
      <nite:child href="IS1007b.B.words.xml#id(IS1007b.B.words57)..id(IS1007b.B.words58)"/>
   </ae>
   <ae nite:id="IS1007b.B.argumentstructs.9">
      <nite:pointer role="type"  href="ae-types.xml#id(ae_6)"/>
      <nite:child href="IS1007b.B.words.xml#id(IS1007b.B.words75)..id(IS1007b.B.words83)"/>
      <nite:child href="IS1007b.B.words.xml#id(IS1007b.B.words85)"/>
   </ae>
   <ae nite:id="IS1007b.B.argumentstructs.10">
      <nite:pointer role="type"  href="ae-types.xml#id(ae_6)"/>
      <nite:child href="IS1007b.B.words.xml#id(IS1007b.B.words111)..id(IS1007b.B.words121)"/>
   </ae>
   <ae nite:id="IS1007b.B.argumentstructs.11">
      <nite:pointer role="type"  href="ae-types.xml#id(ae_6)"/>
      <nite:child href="IS1007b.B.words.xml#id(IS1007b.B.words138)..id(IS1007b.B.words139)"/>
   </ae>
   <ae nite:id="IS1007b.B.argumentstructs.12">
      <nite:pointer role="type"  href="ae-types.xml#id(ae_6)"/>
      <nite:child href="IS1007b.B.words.xml#id(IS1007b.B.words664)..id(IS1007b.B.words665)"/>
      <nite:child href="IS1007b.B.words.xml#id(IS1007b.B.words667)..id(IS1007b.B.words668)"/>
      <nite:child href="IS1007b.B.words.xml#id(IS1007b.B.words671)..id(IS1007b.B.words676)"/>
      <nite:child href="IS1007b.B.words.xml#id(IS1007b.B.words678)..id(IS1007b.B.words685)"/>
   </ae>
   <ae nite:id="IS1007b.B.argumentstructs.13">
      <nite:pointer role="type"  href="ae-types.xml#id(ae_6)"/>
      <nite:child href="IS1007b.B.words.xml#id(IS1007b.B.words714)..id(IS1007b.B.words717)"/>
   </ae>
</nite:root>