<?xml version="1.0" encoding="ISO-8859-1" standalone="yes"?>
<nite:root nite:id="IS1004b.B.argumentstructs" xmlns:nite="http://nite.sourceforge.net/">
   <ae nite:id="IS1004b.B.argumentstructs.Rutger.1">
      <nite:pointer role="type"  href="ae-types.xml#id(ae_1)"/>
      <nite:child href="IS1004b.B.words.xml#id(IS1004b.B.words7)..id(IS1004b.B.words10)"/>
   </ae>
   <ae nite:id="IS1004b.B.argumentstructs.Rutger.2">
      <nite:pointer role="type"  href="ae-types.xml#id(ae_2)"/>
      <nite:child href="IS1004b.B.words.xml#id(IS1004b.B.words12)..id(IS1004b.B.words36)"/>
   </ae>
   <ae nite:id="IS1004b.B.argumentstructs.Rutger.4">
      <nite:pointer role="type"  href="ae-types.xml#id(ae_2)"/>
      <nite:child href="IS1004b.B.words.xml#id(IS1004b.B.words37)..id(IS1004b.B.words49)"/>
   </ae>
   <ae nite:id="IS1004b.B.argumentstructs.Rutger.5">
      <nite:pointer role="type"  href="ae-types.xml#id(ae_3)"/>
      <nite:child href="IS1004b.B.words.xml#id(IS1004b.B.words50)..id(IS1004b.B.words55)"/>
   </ae>
   <ae nite:id="IS1004b.B.argumentstructs.Rutger.6">
      <nite:pointer role="type"  href="ae-types.xml#id(ae_3)"/>
      <nite:child href="IS1004b.B.words.xml#id(IS1004b.B.words56)..id(IS1004b.B.words62)"/>
   </ae>
   <ae nite:id="IS1004b.B.argumentstructs.Rutger.7">
      <nite:pointer role="type"  href="ae-types.xml#id(ae_1)"/>
      <nite:child href="IS1004b.B.words.xml#id(IS1004b.B.words63)..id(IS1004b.B.words98)"/>
   </ae>
   <ae nite:id="IS1004b.B.argumentstructs.Rutger.8">
      <nite:pointer role="type"  href="ae-types.xml#id(ae_1)"/>
      <nite:child href="IS1004b.B.words.xml#id(IS1004b.B.words100)..id(IS1004b.B.words102)"/>
   </ae>
   <ae nite:id="IS1004b.B.argumentstructs.Rutger.9">
      <nite:pointer role="type"  href="ae-types.xml#id(ae_1)"/>
      <nite:child href="IS1004b.B.words.xml#id(IS1004b.B.words2700)..id(IS1004b.B.words2720)"/>
   </ae>
   <ae nite:id="IS1004b.B.argumentstructs.Rutger.10">
      <nite:pointer role="type"  href="ae-types.xml#id(ae_1)"/>
      <nite:child href="IS1004b.B.words.xml#id(IS1004b.B.words2721)..id(IS1004b.B.words2730)"/>
   </ae>
   <ae nite:id="IS1004b.B.argumentstructs.Rutger.11">
      <nite:pointer role="type"  href="ae-types.xml#id(ae_1)"/>
      <nite:child href="IS1004b.B.words.xml#id(IS1004b.B.words2731)..id(IS1004b.B.words2754)"/>
   </ae>
   <ae nite:id="IS1004b.B.argumentstructs.Rutger.12">
      <nite:pointer role="type"  href="ae-types.xml#id(ae_1)"/>
      <nite:child href="IS1004b.B.words.xml#id(IS1004b.B.words2755)..id(IS1004b.B.words2790)"/>
   </ae>
   <ae nite:id="IS1004b.B.argumentstructs.Rutger.13">
      <nite:pointer role="type"  href="ae-types.xml#id(ae_1)"/>
      <nite:child href="IS1004b.B.words.xml#id(IS1004b.B.words2791)..id(IS1004b.B.words2824)"/>
   </ae>
   <ae nite:id="IS1004b.B.argumentstructs.Rutger.14">
      <nite:pointer role="type"  href="ae-types.xml#id(ae_1)"/>
      <nite:child href="IS1004b.B.words.xml#id(IS1004b.B.words2825)..id(IS1004b.B.words2858)"/>
   </ae>
   <ae nite:id="IS1004b.B.argumentstructs.Rutger.15">
      <nite:pointer role="type"  href="ae-types.xml#id(ae_1)"/>
      <nite:child href="IS1004b.B.words.xml#id(IS1004b.B.words2859)..id(IS1004b.B.words2914)"/>
   </ae>
   <ae nite:id="IS1004b.B.argumentstructs.16">
      <nite:pointer role="type"  href="ae-types.xml#id(ae_6)"/>
      <nite:child href="IS1004b.B.words.xml#id(IS1004b.B.words2698)..id(IS1004b.B.words2699)"/>
   </ae>
</nite:root>