<?xml version="1.0" encoding="ISO-8859-1" standalone="yes"?>
<nite:root nite:id="IS1007b.A.argumentstructs" xmlns:nite="http://nite.sourceforge.net/">
   <ae nite:id="IS1007b.A.argumentstructs.Daan.1">
      <nite:pointer role="type"  href="ae-types.xml#id(ae_3)"/>
      <nite:child href="IS1007b.A.words.xml#id(IS1007b.A.words243)..id(IS1007b.A.words257)"/>
   </ae>
   <ae nite:id="IS1007b.A.argumentstructs.Daan.2">
      <nite:pointer role="type"  href="ae-types.xml#id(ae_5)"/>
      <nite:child href="IS1007b.A.words.xml#id(IS1007b.A.words261)..id(IS1007b.A.words274)"/>
   </ae>
   <ae nite:id="IS1007b.A.argumentstructs.3">
      <nite:pointer role="type"  href="ae-types.xml#id(ae_6)"/>
      <nite:child href="IS1007b.A.words.xml#id(IS1007b.A.words241)..id(IS1007b.A.words242)"/>
   </ae>
   <ae nite:id="IS1007b.A.argumentstructs.4">
      <nite:pointer role="type"  href="ae-types.xml#id(ae_6)"/>
      <nite:child href="IS1007b.A.words.xml#id(IS1007b.A.words258)..id(IS1007b.A.words259)"/>
   </ae>
   <ae nite:id="IS1007b.A.argumentstructs.5">
      <nite:pointer role="type"  href="ae-types.xml#id(ae_6)"/>
      <nite:child href="IS1007b.A.words.xml#id(IS1007b.A.words275)..id(IS1007b.A.words278)"/>
      <nite:child href="IS1007b.A.words.xml#id(IS1007b.A.words281)..id(IS1007b.A.words298)"/>
      <nite:child href="IS1007b.A.words.xml#id(IS1007b.A.words300)..id(IS1007b.A.words302)"/>
   </ae>
</nite:root>