<?xml version="1.0" encoding="ISO-8859-1" standalone="yes"?>
<nite:root nite:id="IS1003d.B.argumentstructs" xmlns:nite="http://nite.sourceforge.net/">
   <ae nite:id="IS1003d.B.argumentstructs.Rutger.1">
      <nite:pointer role="type"  href="ae-types.xml#id(ae_1)"/>
      <nite:child href="IS1003d.B.words.xml#id(IS1003d.B.words2134)..id(IS1003d.B.words2138)"/>
   </ae>
   <ae nite:id="IS1003d.B.argumentstructs.Rutger.2">
      <nite:pointer role="type"  href="ae-types.xml#id(ae_1)"/>
      <nite:child href="IS1003d.B.words.xml#id(IS1003d.B.words2139)..id(IS1003d.B.words2145)"/>
   </ae>
   <ae nite:id="IS1003d.B.argumentstructs.Rutger.3">
      <nite:pointer role="type"  href="ae-types.xml#id(ae_1)"/>
      <nite:child href="IS1003d.B.words.xml#id(IS1003d.B.words2146)..id(IS1003d.B.words2152)"/>
   </ae>
   <ae nite:id="IS1003d.B.argumentstructs.Rutger.4">
      <nite:pointer role="type"  href="ae-types.xml#id(ae_1)"/>
      <nite:child href="IS1003d.B.words.xml#id(IS1003d.B.words2158)..id(IS1003d.B.words2167)"/>
   </ae>
   <ae nite:id="IS1003d.B.argumentstructs.Rutger.5">
      <nite:pointer role="type"  href="ae-types.xml#id(ae_1)"/>
      <nite:child href="IS1003d.B.words.xml#id(IS1003d.B.words2168)..id(IS1003d.B.words2179)"/>
   </ae>
   <ae nite:id="IS1003d.B.argumentstructs.6">
      <nite:pointer role="type"  href="ae-types.xml#id(ae_6)"/>
      <nite:child href="IS1003d.B.words.xml#id(IS1003d.B.words745)..id(IS1003d.B.words755)"/>
      <nite:child href="IS1003d.B.words.xml#id(IS1003d.B.words758)..id(IS1003d.B.words761)"/>
      <nite:child href="IS1003d.B.words.xml#id(IS1003d.B.words764)..id(IS1003d.B.words778)"/>
      <nite:child href="IS1003d.B.words.xml#id(IS1003d.B.words780)..id(IS1003d.B.words783)"/>
      <nite:child href="IS1003d.B.words.xml#id(IS1003d.B.words785)"/>
      <nite:child href="IS1003d.B.words.xml#id(IS1003d.B.words787)..id(IS1003d.B.words790)"/>
      <nite:child href="IS1003d.B.words.xml#id(IS1003d.B.words792)..id(IS1003d.B.words797)"/>
      <nite:child href="IS1003d.B.words.xml#id(IS1003d.B.words799)..id(IS1003d.B.words809)"/>
      <nite:child href="IS1003d.B.words.xml#id(IS1003d.B.words812)..id(IS1003d.B.words840)"/>
      <nite:child href="IS1003d.B.words.xml#id(IS1003d.B.words842)..id(IS1003d.B.words848)"/>
      <nite:child href="IS1003d.B.words.xml#id(IS1003d.B.words850)..id(IS1003d.B.words856)"/>
      <nite:child href="IS1003d.B.words.xml#id(IS1003d.B.words859)"/>
      <nite:child href="IS1003d.B.words.xml#id(IS1003d.B.words861)"/>
      <nite:child href="IS1003d.B.words.xml#id(IS1003d.B.words863)..id(IS1003d.B.words864)"/>
   </ae>
   <ae nite:id="IS1003d.B.argumentstructs.7">
      <nite:pointer role="type"  href="ae-types.xml#id(ae_6)"/>
      <nite:child href="IS1003d.B.words.xml#id(IS1003d.B.words2154)..id(IS1003d.B.words2156)"/>
   </ae>
</nite:root>