<?xml version="1.0" encoding="ISO-8859-1" standalone="yes"?>
<nite:root nite:id="IS1009b.C.argumentstructs" xmlns:nite="http://nite.sourceforge.net/">
   <ae nite:id="IS1009b.C.argumentstructs.Daan.1">
      <nite:pointer role="type"  href="ae-types.xml#id(ae_1)"/>
      <nite:child href="IS1009b.C.words.xml#id(IS1009b.C.words874)..id(IS1009b.C.words887)"/>
   </ae>
   <ae nite:id="IS1009b.C.argumentstructs.Daan.2">
      <nite:pointer role="type"  href="ae-types.xml#id(ae_1)"/>
      <nite:child href="IS1009b.C.words.xml#id(IS1009b.C.words888)..id(IS1009b.C.words918)"/>
   </ae>
   <ae nite:id="IS1009b.C.argumentstructs.Daan.3">
      <nite:pointer role="type"  href="ae-types.xml#id(ae_1)"/>
      <nite:child href="IS1009b.C.words.xml#id(IS1009b.C.words919)..id(IS1009b.C.words932)"/>
   </ae>
   <ae nite:id="IS1009b.C.argumentstructs.Daan.4">
      <nite:pointer role="type"  href="ae-types.xml#id(ae_1)"/>
      <nite:child href="IS1009b.C.words.xml#id(IS1009b.C.words935)..id(IS1009b.C.words946)"/>
   </ae>
   <ae nite:id="IS1009b.C.argumentstructs.Daan.5">
      <nite:pointer role="type"  href="ae-types.xml#id(ae_1)"/>
      <nite:child href="IS1009b.C.words.xml#id(IS1009b.C.words1827)..id(IS1009b.C.words1852)"/>
   </ae>
   <ae nite:id="IS1009b.C.argumentstructs.6">
      <nite:pointer role="type"  href="ae-types.xml#id(ae_6)"/>
      <nite:child href="IS1009b.C.words.xml#id(IS1009b.C.words933)..id(IS1009b.C.words934)"/>
   </ae>
   <ae nite:id="IS1009b.C.argumentstructs.7">
      <nite:pointer role="type"  href="ae-types.xml#id(ae_6)"/>
      <nite:child href="IS1009b.C.words.xml#id(IS1009b.C.words947)..id(IS1009b.C.words950)"/>
      <nite:child href="IS1009b.C.words.xml#id(IS1009b.C.words952)..id(IS1009b.C.words971)"/>
   </ae>
   <ae nite:id="IS1009b.C.argumentstructs.8">
      <nite:pointer role="type"  href="ae-types.xml#id(ae_6)"/>
      <nite:child href="IS1009b.C.words.xml#id(IS1009b.C.words1825)..id(IS1009b.C.words1826)"/>
   </ae>
   <ae nite:id="IS1009b.C.argumentstructs.9">
      <nite:pointer role="type"  href="ae-types.xml#id(ae_6)"/>
      <nite:child href="IS1009b.C.words.xml#id(IS1009b.C.words1853)..id(IS1009b.C.words1854)"/>
   </ae>
</nite:root>