<?xml version="1.0" encoding="ISO-8859-1" standalone="yes"?>
<nite:root nite:id="IS1002c.A.argumentstructs" xmlns:nite="http://nite.sourceforge.net/">
   <ae nite:id="IS1002c.A.argumentstructs.Rutger.1">
      <nite:pointer role="type"  href="ae-types.xml#id(ae_3)"/>
      <nite:child href="IS1002c.A.words.xml#id(IS1002c.A.words392)..id(IS1002c.A.words416)"/>
   </ae>
   <ae nite:id="IS1002c.A.argumentstructs.Rutger.3">
      <nite:pointer role="type"  href="ae-types.xml#id(ae_1)"/>
      <nite:child href="IS1002c.A.words.xml#id(IS1002c.A.words417)..id(IS1002c.A.words419)"/>
   </ae>
   <ae nite:id="IS1002c.A.argumentstructs.Rutger.4">
      <nite:pointer role="type"  href="ae-types.xml#id(ae_1)"/>
      <nite:child href="IS1002c.A.words.xml#id(IS1002c.A.words420)..id(IS1002c.A.words434)"/>
   </ae>
   <ae nite:id="IS1002c.A.argumentstructs.Rutger.5">
      <nite:pointer role="type"  href="ae-types.xml#id(ae_1)"/>
      <nite:child href="IS1002c.A.words.xml#id(IS1002c.A.words438)..id(IS1002c.A.words441)"/>
   </ae>
   <ae nite:id="IS1002c.A.argumentstructs.Rutger.6">
      <nite:pointer role="type"  href="ae-types.xml#id(ae_5)"/>
      <nite:child href="IS1002c.A.words.xml#id(IS1002c.A.words599)..id(IS1002c.A.words618)"/>
   </ae>
   <ae nite:id="IS1002c.A.argumentstructs.Rutger.7">
      <nite:pointer role="type"  href="ae-types.xml#id(ae_3)"/>
      <nite:child href="IS1002c.A.words.xml#id(IS1002c.A.words619)..id(IS1002c.A.words635)"/>
   </ae>
   <ae nite:id="IS1002c.A.argumentstructs.Rutger.8">
      <nite:pointer role="type"  href="ae-types.xml#id(ae_1)"/>
      <nite:child href="IS1002c.A.words.xml#id(IS1002c.A.words637)..id(IS1002c.A.words639)"/>
   </ae>
   <ae nite:id="IS1002c.A.argumentstructs.Rutger.9">
      <nite:pointer role="type"  href="ae-types.xml#id(ae_1)"/>
      <nite:child href="IS1002c.A.words.xml#id(IS1002c.A.words642)..id(IS1002c.A.words659)"/>
   </ae>
   <ae nite:id="IS1002c.A.argumentstructs.Rutger.10">
      <nite:pointer role="type"  href="ae-types.xml#id(ae_1)"/>
      <nite:child href="IS1002c.A.words.xml#id(IS1002c.A.words1215)..id(IS1002c.A.words1257)"/>
   </ae>
   <ae nite:id="IS1002c.A.argumentstructs.Rutger.11">
      <nite:pointer role="type"  href="ae-types.xml#id(ae_1)"/>
      <nite:child href="IS1002c.A.words.xml#id(IS1002c.A.words1260)..id(IS1002c.A.words1347)"/>
   </ae>
   <ae nite:id="IS1002c.A.argumentstructs.Rutger.12">
      <nite:pointer role="type"  href="ae-types.xml#id(ae_1)"/>
      <nite:child href="IS1002c.A.words.xml#id(IS1002c.A.words1348)..id(IS1002c.A.words1359)"/>
   </ae>
   <ae nite:id="IS1002c.A.argumentstructs.Rutger.13">
      <nite:pointer role="type"  href="ae-types.xml#id(ae_1)"/>
      <nite:child href="IS1002c.A.words.xml#id(IS1002c.A.words1360)..id(IS1002c.A.words1372)"/>
   </ae>
   <ae nite:id="IS1002c.A.argumentstructs.Rutger.14">
      <nite:pointer role="type"  href="ae-types.xml#id(ae_1)"/>
      <nite:child href="IS1002c.A.words.xml#id(IS1002c.A.words1373)..id(IS1002c.A.words1390)"/>
   </ae>
   <ae nite:id="IS1002c.A.argumentstructs.Rutger.15">
      <nite:pointer role="type"  href="ae-types.xml#id(ae_1)"/>
      <nite:child href="IS1002c.A.words.xml#id(IS1002c.A.words1391)..id(IS1002c.A.words1443)"/>
   </ae>
   <ae nite:id="IS1002c.A.argumentstructs.Rutger.16">
      <nite:pointer role="type"  href="ae-types.xml#id(ae_1)"/>
      <nite:child href="IS1002c.A.words.xml#id(IS1002c.A.words1444)..id(IS1002c.A.words1451)"/>
   </ae>
   <ae nite:id="IS1002c.A.argumentstructs.Rutger.17">
      <nite:pointer role="type"  href="ae-types.xml#id(ae_1)"/>
      <nite:child href="IS1002c.A.words.xml#id(IS1002c.A.words1452)..id(IS1002c.A.words1482)"/>
   </ae>
   <ae nite:id="IS1002c.A.argumentstructs.Rutger.18">
      <nite:pointer role="type"  href="ae-types.xml#id(ae_1)"/>
      <nite:child href="IS1002c.A.words.xml#id(IS1002c.A.words1483)"/>
   </ae>
   <ae nite:id="IS1002c.A.argumentstructs.Rutger.19">
      <nite:pointer role="type"  href="ae-types.xml#id(ae_5)"/>
      <nite:child href="IS1002c.A.words.xml#id(IS1002c.A.words1489)..id(IS1002c.A.words1514)"/>
   </ae>
   <ae nite:id="IS1002c.A.argumentstructs.Rutger.20">
      <nite:pointer role="type"  href="ae-types.xml#id(ae_1)"/>
      <nite:child href="IS1002c.A.words.xml#id(IS1002c.A.words1522)..id(IS1002c.A.words1528)"/>
   </ae>
   <ae nite:id="IS1002c.A.argumentstructs.Rutger.21">
      <nite:pointer role="type"  href="ae-types.xml#id(ae_1)"/>
      <nite:child href="IS1002c.A.words.xml#id(IS1002c.A.words1529)..id(IS1002c.A.words1538)"/>
   </ae>
   <ae nite:id="IS1002c.A.argumentstructs.Rutger.22">
      <nite:pointer role="type"  href="ae-types.xml#id(ae_1)"/>
      <nite:child href="IS1002c.A.words.xml#id(IS1002c.A.words1539)..id(IS1002c.A.words1554)"/>
   </ae>
   <ae nite:id="IS1002c.A.argumentstructs.Rutger.23">
      <nite:pointer role="type"  href="ae-types.xml#id(ae_3)"/>
      <nite:child href="IS1002c.A.words.xml#id(IS1002c.A.words1555)..id(IS1002c.A.words1561)"/>
   </ae>
   <ae nite:id="IS1002c.A.argumentstructs.Rutger.24">
      <nite:pointer role="type"  href="ae-types.xml#id(ae_1)"/>
      <nite:child href="IS1002c.A.words.xml#id(IS1002c.A.words1562)..id(IS1002c.A.words1606)"/>
   </ae>
   <ae nite:id="IS1002c.A.argumentstructs.Rutger.25">
      <nite:pointer role="type"  href="ae-types.xml#id(ae_1)"/>
      <nite:child href="IS1002c.A.words.xml#id(IS1002c.A.words1607)..id(IS1002c.A.words1648)"/>
   </ae>
   <ae nite:id="IS1002c.A.argumentstructs.Rutger.26">
      <nite:pointer role="type"  href="ae-types.xml#id(ae_1)"/>
      <nite:child href="IS1002c.A.words.xml#id(IS1002c.A.words1650)..id(IS1002c.A.words1663)"/>
   </ae>
   <ae nite:id="IS1002c.A.argumentstructs.Rutger.27">
      <nite:pointer role="type"  href="ae-types.xml#id(ae_1)"/>
      <nite:child href="IS1002c.A.words.xml#id(IS1002c.A.words1664)..id(IS1002c.A.words1673)"/>
   </ae>
   <ae nite:id="IS1002c.A.argumentstructs.Rutger.28">
      <nite:pointer role="type"  href="ae-types.xml#id(ae_1)"/>
      <nite:child href="IS1002c.A.words.xml#id(IS1002c.A.words1674)..id(IS1002c.A.words1677)"/>
   </ae>
   <ae nite:id="IS1002c.A.argumentstructs.Rutger.29">
      <nite:pointer role="type"  href="ae-types.xml#id(ae_1)"/>
      <nite:child href="IS1002c.A.words.xml#id(IS1002c.A.words1678)..id(IS1002c.A.words1687)"/>
   </ae>
   <ae nite:id="IS1002c.A.argumentstructs.Rutger.30">
      <nite:pointer role="type"  href="ae-types.xml#id(ae_1)"/>
      <nite:child href="IS1002c.A.words.xml#id(IS1002c.A.words1688)..id(IS1002c.A.words1704)"/>
   </ae>
   <ae nite:id="IS1002c.A.argumentstructs.Rutger.31">
      <nite:pointer role="type"  href="ae-types.xml#id(ae_1)"/>
      <nite:child href="IS1002c.A.words.xml#id(IS1002c.A.words1705)..id(IS1002c.A.words1724)"/>
   </ae>
   <ae nite:id="IS1002c.A.argumentstructs.Rutger.32">
      <nite:pointer role="type"  href="ae-types.xml#id(ae_5)"/>
      <nite:child href="IS1002c.A.words.xml#id(IS1002c.A.words1725)..id(IS1002c.A.words1728)"/>
   </ae>
   <ae nite:id="IS1002c.A.argumentstructs.Rutger.33">
      <nite:pointer role="type"  href="ae-types.xml#id(ae_1)"/>
      <nite:child href="IS1002c.A.words.xml#id(IS1002c.A.words1739)..id(IS1002c.A.words1756)"/>
   </ae>
   <ae nite:id="IS1002c.A.argumentstructs.34">
      <nite:pointer role="type"  href="ae-types.xml#id(ae_6)"/>
      <nite:child href="IS1002c.A.words.xml#id(IS1002c.A.words435)..id(IS1002c.A.words436)"/>
   </ae>
   <ae nite:id="IS1002c.A.argumentstructs.35">
      <nite:pointer role="type"  href="ae-types.xml#id(ae_6)"/>
      <nite:child href="IS1002c.A.words.xml#id(IS1002c.A.words583)..id(IS1002c.A.words598)"/>
   </ae>
   <ae nite:id="IS1002c.A.argumentstructs.36">
      <nite:pointer role="type"  href="ae-types.xml#id(ae_6)"/>
      <nite:child href="IS1002c.A.words.xml#id(IS1002c.A.words640)..id(IS1002c.A.words641)"/>
   </ae>
   <ae nite:id="IS1002c.A.argumentstructs.37">
      <nite:pointer role="type"  href="ae-types.xml#id(ae_6)"/>
      <nite:child href="IS1002c.A.words.xml#id(IS1002c.A.words1258)..id(IS1002c.A.words1259)"/>
   </ae>
   <ae nite:id="IS1002c.A.argumentstructs.38">
      <nite:pointer role="type"  href="ae-types.xml#id(ae_6)"/>
      <nite:child href="IS1002c.A.words.xml#id(IS1002c.A.words1484)..id(IS1002c.A.words1488)"/>
   </ae>
   <ae nite:id="IS1002c.A.argumentstructs.39">
      <nite:pointer role="type"  href="ae-types.xml#id(ae_6)"/>
      <nite:child href="IS1002c.A.words.xml#id(IS1002c.A.words1515)..id(IS1002c.A.words1517)"/>
      <nite:child href="IS1002c.A.words.xml#id(IS1002c.A.words1519)..id(IS1002c.A.words1520)"/>
   </ae>
   <ae nite:id="IS1002c.A.argumentstructs.40">
      <nite:pointer role="type"  href="ae-types.xml#id(ae_6)"/>
      <nite:child href="IS1002c.A.words.xml#id(IS1002c.A.words1649)"/>
   </ae>
   <ae nite:id="IS1002c.A.argumentstructs.41">
      <nite:pointer role="type"  href="ae-types.xml#id(ae_6)"/>
      <nite:child href="IS1002c.A.words.xml#id(IS1002c.A.words1729)..id(IS1002c.A.words1730)"/>
      <nite:child href="IS1002c.A.words.xml#id(IS1002c.A.words1733)..id(IS1002c.A.words1738)"/>
   </ae>
</nite:root>