<?xml version="1.0" encoding="ISO-8859-1" standalone="yes"?>
<nite:root nite:id="IS1005b.B.argumentstructs" xmlns:nite="http://nite.sourceforge.net/">
   <ae nite:id="IS1005b.B.argumentstructs.Rutger.1">
      <nite:pointer role="type"  href="ae-types.xml#id(ae_5)"/>
      <nite:child href="IS1005b.B.words.xml#id(IS1005b.B.words1515)..id(IS1005b.B.words1552)"/>
   </ae>
   <ae nite:id="IS1005b.B.argumentstructs.Rutger.2">
      <nite:pointer role="type"  href="ae-types.xml#id(ae_1)"/>
      <nite:child href="IS1005b.B.words.xml#id(IS1005b.B.words1555)..id(IS1005b.B.words1558)"/>
   </ae>
   <ae nite:id="IS1005b.B.argumentstructs.Rutger.3">
      <nite:pointer role="type"  href="ae-types.xml#id(ae_1)"/>
      <nite:child href="IS1005b.B.words.xml#id(IS1005b.B.words1561)..id(IS1005b.B.words1585)"/>
   </ae>
   <ae nite:id="IS1005b.B.argumentstructs.Rutger.4">
      <nite:pointer role="type"  href="ae-types.xml#id(ae_1)"/>
      <nite:child href="IS1005b.B.words.xml#id(IS1005b.B.words1586)..id(IS1005b.B.words1645)"/>
   </ae>
   <ae nite:id="IS1005b.B.argumentstructs.Rutger.5">
      <nite:pointer role="type"  href="ae-types.xml#id(ae_1)"/>
      <nite:child href="IS1005b.B.words.xml#id(IS1005b.B.words1646)..id(IS1005b.B.words1657)"/>
   </ae>
   <ae nite:id="IS1005b.B.argumentstructs.Rutger.6">
      <nite:pointer role="type"  href="ae-types.xml#id(ae_1)"/>
      <nite:child href="IS1005b.B.words.xml#id(IS1005b.B.words1677)..id(IS1005b.B.words1694)"/>
   </ae>
   <ae nite:id="IS1005b.B.argumentstructs.Rutger.7">
      <nite:pointer role="type"  href="ae-types.xml#id(ae_5)"/>
      <nite:child href="IS1005b.B.words.xml#id(IS1005b.B.words1723)..id(IS1005b.B.words1726)"/>
   </ae>
   <ae nite:id="IS1005b.B.argumentstructs.Rutger.8">
      <nite:pointer role="type"  href="ae-types.xml#id(ae_5)"/>
      <nite:child href="IS1005b.B.words.xml#id(IS1005b.B.words1727)..id(IS1005b.B.words1736)"/>
   </ae>
   <ae nite:id="IS1005b.B.argumentstructs.Rutger.9">
      <nite:pointer role="type"  href="ae-types.xml#id(ae_1)"/>
      <nite:child href="IS1005b.B.words.xml#id(IS1005b.B.words1737)..id(IS1005b.B.words1752)"/>
   </ae>
   <ae nite:id="IS1005b.B.argumentstructs.Rutger.10">
      <nite:pointer role="type"  href="ae-types.xml#id(ae_5)"/>
      <nite:child href="IS1005b.B.words.xml#id(IS1005b.B.words1792)..id(IS1005b.B.words1809)"/>
   </ae>
   <ae nite:id="IS1005b.B.argumentstructs.Rutger.11">
      <nite:pointer role="type"  href="ae-types.xml#id(ae_1)"/>
      <nite:child href="IS1005b.B.words.xml#id(IS1005b.B.words1810)..id(IS1005b.B.words1832)"/>
   </ae>
   <ae nite:id="IS1005b.B.argumentstructs.Rutger.12">
      <nite:pointer role="type"  href="ae-types.xml#id(ae_1)"/>
      <nite:child href="IS1005b.B.words.xml#id(IS1005b.B.words1833)..id(IS1005b.B.words1836)"/>
   </ae>
   <ae nite:id="IS1005b.B.argumentstructs.Rutger.13">
      <nite:pointer role="type"  href="ae-types.xml#id(ae_5)"/>
      <nite:child href="IS1005b.B.words.xml#id(IS1005b.B.words1837)..id(IS1005b.B.words1859)"/>
   </ae>
   <ae nite:id="IS1005b.B.argumentstructs.Rutger.14">
      <nite:pointer role="type"  href="ae-types.xml#id(ae_1)"/>
      <nite:child href="IS1005b.B.words.xml#id(IS1005b.B.words1861)..id(IS1005b.B.words1879)"/>
   </ae>
   <ae nite:id="IS1005b.B.argumentstructs.15">
      <nite:pointer role="type"  href="ae-types.xml#id(ae_6)"/>
      <nite:child href="IS1005b.B.words.xml#id(IS1005b.B.words1553)..id(IS1005b.B.words1554)"/>
   </ae>
   <ae nite:id="IS1005b.B.argumentstructs.16">
      <nite:pointer role="type"  href="ae-types.xml#id(ae_6)"/>
      <nite:child href="IS1005b.B.words.xml#id(IS1005b.B.words1658)..id(IS1005b.B.words1660)"/>
      <nite:child href="IS1005b.B.words.xml#id(IS1005b.B.words1663)..id(IS1005b.B.words1668)"/>
      <nite:child href="IS1005b.B.words.xml#id(IS1005b.B.words1670)..id(IS1005b.B.words1675)"/>
   </ae>
   <ae nite:id="IS1005b.B.argumentstructs.17">
      <nite:pointer role="type"  href="ae-types.xml#id(ae_6)"/>
      <nite:child href="IS1005b.B.words.xml#id(IS1005b.B.words1695)..id(IS1005b.B.words1721)"/>
   </ae>
   <ae nite:id="IS1005b.B.argumentstructs.18">
      <nite:pointer role="type"  href="ae-types.xml#id(ae_6)"/>
      <nite:child href="IS1005b.B.words.xml#id(IS1005b.B.words1753)..id(IS1005b.B.words1754)"/>
   </ae>
   <ae nite:id="IS1005b.B.argumentstructs.19">
      <nite:pointer role="type"  href="ae-types.xml#id(ae_6)"/>
      <nite:child href="IS1005b.B.words.xml#id(IS1005b.B.words1781)..id(IS1005b.B.words1791)"/>
   </ae>
</nite:root>