<?xml version="1.0" encoding="ISO-8859-1" standalone="yes"?>
<nite:root nite:id="IS1009d.D.argumentstructs" xmlns:nite="http://nite.sourceforge.net/">
   <ae nite:id="IS1009d.D.argumentstructs.Daan.1">
      <nite:pointer role="type"  href="ae-types.xml#id(ae_1)"/>
      <nite:child href="IS1009d.D.words.xml#id(IS1009d.D.words365)..id(IS1009d.D.words386)"/>
   </ae>
   <ae nite:id="IS1009d.D.argumentstructs.Daan.2">
      <nite:pointer role="type"  href="ae-types.xml#id(ae_1)"/>
      <nite:child href="IS1009d.D.words.xml#id(IS1009d.D.words387)..id(IS1009d.D.words393)"/>
   </ae>
   <ae nite:id="IS1009d.D.argumentstructs.Daan.3">
      <nite:pointer role="type"  href="ae-types.xml#id(ae_1)"/>
      <nite:child href="IS1009d.D.words.xml#id(IS1009d.D.words486)..id(IS1009d.D.words507)"/>
   </ae>
   <ae nite:id="IS1009d.D.argumentstructs.Daan.4">
      <nite:pointer role="type"  href="ae-types.xml#id(ae_1)"/>
      <nite:child href="IS1009d.D.words.xml#id(IS1009d.D.words508)..id(IS1009d.D.words545)"/>
   </ae>
   <ae nite:id="IS1009d.D.argumentstructs.Daan.5">
      <nite:pointer role="type"  href="ae-types.xml#id(ae_1)"/>
      <nite:child href="IS1009d.D.words.xml#id(IS1009d.D.words546)..id(IS1009d.D.words591)"/>
   </ae>
   <ae nite:id="IS1009d.D.argumentstructs.Daan.6">
      <nite:pointer role="type"  href="ae-types.xml#id(ae_1)"/>
      <nite:child href="IS1009d.D.words.xml#id(IS1009d.D.words592)..id(IS1009d.D.words604)"/>
   </ae>
   <ae nite:id="IS1009d.D.argumentstructs.Daan.7">
      <nite:pointer role="type"  href="ae-types.xml#id(ae_5)"/>
      <nite:child href="IS1009d.D.words.xml#id(IS1009d.D.words1358)..id(IS1009d.D.words1372)"/>
   </ae>
   <ae nite:id="IS1009d.D.argumentstructs.Daan.8">
      <nite:pointer role="type"  href="ae-types.xml#id(ae_1)"/>
      <nite:child href="IS1009d.D.words.xml#id(IS1009d.D.words1373)..id(IS1009d.D.words1388)"/>
   </ae>
   <ae nite:id="IS1009d.D.argumentstructs.Daan.9">
      <nite:pointer role="type"  href="ae-types.xml#id(ae_1)"/>
      <nite:child href="IS1009d.D.words.xml#id(IS1009d.D.words1576)..id(IS1009d.D.words1594)"/>
   </ae>
   <ae nite:id="IS1009d.D.argumentstructs.Daan.10">
      <nite:pointer role="type"  href="ae-types.xml#id(ae_1)"/>
      <nite:child href="IS1009d.D.words.xml#id(IS1009d.D.words1595)..id(IS1009d.D.words1600)"/>
   </ae>
   <ae nite:id="IS1009d.D.argumentstructs.Daan.11">
      <nite:pointer role="type"  href="ae-types.xml#id(ae_4)"/>
      <nite:child href="IS1009d.D.words.xml#id(IS1009d.D.words1601)..id(IS1009d.D.words1632)"/>
   </ae>
   <ae nite:id="IS1009d.D.argumentstructs.Daan.12">
      <nite:pointer role="type"  href="ae-types.xml#id(ae_3)"/>
      <nite:child href="IS1009d.D.words.xml#id(IS1009d.D.words1633)..id(IS1009d.D.words1645)"/>
   </ae>
   <ae nite:id="IS1009d.D.argumentstructs.Daan.13">
      <nite:pointer role="type"  href="ae-types.xml#id(ae_3)"/>
      <nite:child href="IS1009d.D.words.xml#id(IS1009d.D.words1646)..id(IS1009d.D.words1648)"/>
   </ae>
   <ae nite:id="IS1009d.D.argumentstructs.Daan.14">
      <nite:pointer role="type"  href="ae-types.xml#id(ae_1)"/>
      <nite:child href="IS1009d.D.words.xml#id(IS1009d.D.words1649)..id(IS1009d.D.words1662)"/>
   </ae>
   <ae nite:id="IS1009d.D.argumentstructs.Daan.15">
      <nite:pointer role="type"  href="ae-types.xml#id(ae_4)"/>
      <nite:child href="IS1009d.D.words.xml#id(IS1009d.D.words1667)..id(IS1009d.D.words1696)"/>
   </ae>
   <ae nite:id="IS1009d.D.argumentstructs.Daan.16">
      <nite:pointer role="type"  href="ae-types.xml#id(ae_1)"/>
      <nite:child href="IS1009d.D.words.xml#id(IS1009d.D.words1697)..id(IS1009d.D.words1715)"/>
   </ae>
   <ae nite:id="IS1009d.D.argumentstructs.Daan.17">
      <nite:pointer role="type"  href="ae-types.xml#id(ae_4)"/>
      <nite:child href="IS1009d.D.words.xml#id(IS1009d.D.words1718)..id(IS1009d.D.words1731)"/>
   </ae>
   <ae nite:id="IS1009d.D.argumentstructs.Daan.18">
      <nite:pointer role="type"  href="ae-types.xml#id(ae_1)"/>
      <nite:child href="IS1009d.D.words.xml#id(IS1009d.D.words1732)..id(IS1009d.D.words1742)"/>
   </ae>
   <ae nite:id="IS1009d.D.argumentstructs.Daan.19">
      <nite:pointer role="type"  href="ae-types.xml#id(ae_1)"/>
      <nite:child href="IS1009d.D.words.xml#id(IS1009d.D.words1743)..id(IS1009d.D.words1756)"/>
   </ae>
   <ae nite:id="IS1009d.D.argumentstructs.Daan.20">
      <nite:pointer role="type"  href="ae-types.xml#id(ae_4)"/>
      <nite:child href="IS1009d.D.words.xml#id(IS1009d.D.words1761)..id(IS1009d.D.words1781)"/>
   </ae>
   <ae nite:id="IS1009d.D.argumentstructs.Daan.21">
      <nite:pointer role="type"  href="ae-types.xml#id(ae_1)"/>
      <nite:child href="IS1009d.D.words.xml#id(IS1009d.D.words1800)..id(IS1009d.D.words1854)"/>
   </ae>
   <ae nite:id="IS1009d.D.argumentstructs.22">
      <nite:pointer role="type"  href="ae-types.xml#id(ae_6)"/>
      <nite:child href="IS1009d.D.words.xml#id(IS1009d.D.words363)..id(IS1009d.D.words364)"/>
   </ae>
   <ae nite:id="IS1009d.D.argumentstructs.23">
      <nite:pointer role="type"  href="ae-types.xml#id(ae_6)"/>
      <nite:child href="IS1009d.D.words.xml#id(IS1009d.D.words394)..id(IS1009d.D.words396)"/>
   </ae>
   <ae nite:id="IS1009d.D.argumentstructs.24">
      <nite:pointer role="type"  href="ae-types.xml#id(ae_6)"/>
      <nite:child href="IS1009d.D.words.xml#id(IS1009d.D.words1354)..id(IS1009d.D.words1357)"/>
   </ae>
   <ae nite:id="IS1009d.D.argumentstructs.25">
      <nite:pointer role="type"  href="ae-types.xml#id(ae_6)"/>
      <nite:child href="IS1009d.D.words.xml#id(IS1009d.D.words1389)..id(IS1009d.D.words1393)"/>
      <nite:child href="IS1009d.D.words.xml#id(IS1009d.D.words1395)..id(IS1009d.D.words1396)"/>
   </ae>
   <ae nite:id="IS1009d.D.argumentstructs.26">
      <nite:pointer role="type"  href="ae-types.xml#id(ae_6)"/>
      <nite:child href="IS1009d.D.words.xml#id(IS1009d.D.words1663)..id(IS1009d.D.words1666)"/>
   </ae>
   <ae nite:id="IS1009d.D.argumentstructs.27">
      <nite:pointer role="type"  href="ae-types.xml#id(ae_6)"/>
      <nite:child href="IS1009d.D.words.xml#id(IS1009d.D.words1716)..id(IS1009d.D.words1717)"/>
   </ae>
   <ae nite:id="IS1009d.D.argumentstructs.28">
      <nite:pointer role="type"  href="ae-types.xml#id(ae_6)"/>
      <nite:child href="IS1009d.D.words.xml#id(IS1009d.D.words1757)..id(IS1009d.D.words1760)"/>
   </ae>
   <ae nite:id="IS1009d.D.argumentstructs.29">
      <nite:pointer role="type"  href="ae-types.xml#id(ae_6)"/>
      <nite:child href="IS1009d.D.words.xml#id(IS1009d.D.words1782)..id(IS1009d.D.words1799)"/>
   </ae>
</nite:root>