<?xml version="1.0" encoding="ISO-8859-1" standalone="yes"?>
<nite:root nite:id="TS3005c.C.argumentstructs" xmlns:nite="http://nite.sourceforge.net/">
   <ae nite:id="TS3005c.C.argumentstructs.Daan.1">
      <nite:pointer role="type"  href="ae-types.xml#id(ae_1)"/>
      <nite:child href="TS3005c.C.words.xml#id(TS3005c.C.words1574)..id(TS3005c.C.words1577)"/>
   </ae>
   <ae nite:id="TS3005c.C.argumentstructs.Daan.2">
      <nite:pointer role="type"  href="ae-types.xml#id(ae_5)"/>
      <nite:child href="TS3005c.C.words.xml#id(TS3005c.C.words1587)..id(TS3005c.C.words1605)"/>
   </ae>
   <ae nite:id="TS3005c.C.argumentstructs.Daan.3">
      <nite:pointer role="type"  href="ae-types.xml#id(ae_1)"/>
      <nite:child href="TS3005c.C.words.xml#id(TS3005c.C.words1606)..id(TS3005c.C.words1612)"/>
   </ae>
   <ae nite:id="TS3005c.C.argumentstructs.Daan.4">
      <nite:pointer role="type"  href="ae-types.xml#id(ae_1)"/>
      <nite:child href="TS3005c.C.words.xml#id(TS3005c.C.words1673)..id(TS3005c.C.words1790)"/>
   </ae>
   <ae nite:id="TS3005c.C.argumentstructs.Daan.5">
      <nite:pointer role="type"  href="ae-types.xml#id(ae_2)"/>
      <nite:child href="TS3005c.C.words.xml#id(TS3005c.C.words1794)..id(TS3005c.C.words1797)"/>
   </ae>
   <ae nite:id="TS3005c.C.argumentstructs.Daan.7">
      <nite:pointer role="type"  href="ae-types.xml#id(ae_1)"/>
      <nite:child href="TS3005c.C.words.xml#id(TS3005c.C.words1814)..id(TS3005c.C.words1841)"/>
   </ae>
   <ae nite:id="TS3005c.C.argumentstructs.Daan.8">
      <nite:pointer role="type"  href="ae-types.xml#id(ae_1)"/>
      <nite:child href="TS3005c.C.words.xml#id(TS3005c.C.words1842)..id(TS3005c.C.words1875)"/>
   </ae>
   <ae nite:id="TS3005c.C.argumentstructs.Daan.9">
      <nite:pointer role="type"  href="ae-types.xml#id(ae_1)"/>
      <nite:child href="TS3005c.C.words.xml#id(TS3005c.C.words1878)..id(TS3005c.C.words1919)"/>
   </ae>
   <ae nite:id="TS3005c.C.argumentstructs.Daan.10">
      <nite:pointer role="type"  href="ae-types.xml#id(ae_1)"/>
      <nite:child href="TS3005c.C.words.xml#id(TS3005c.C.words2163)..id(TS3005c.C.words2204)"/>
   </ae>
   <ae nite:id="TS3005c.C.argumentstructs.Daan.11">
      <nite:pointer role="type"  href="ae-types.xml#id(ae_1)"/>
      <nite:child href="TS3005c.C.words.xml#id(TS3005c.C.words2210)..id(TS3005c.C.words2231)"/>
   </ae>
   <ae nite:id="TS3005c.C.argumentstructs.Daan.12">
      <nite:pointer role="type"  href="ae-types.xml#id(ae_1)"/>
      <nite:child href="TS3005c.C.words.xml#id(TS3005c.C.words2241)..id(TS3005c.C.words2242)"/>
   </ae>
   <ae nite:id="TS3005c.C.argumentstructs.Daan.13">
      <nite:pointer role="type"  href="ae-types.xml#id(ae_1)"/>
      <nite:child href="TS3005c.C.words.xml#id(TS3005c.C.words2243)..id(TS3005c.C.words2252)"/>
   </ae>
   <ae nite:id="TS3005c.C.argumentstructs.Daan.14">
      <nite:pointer role="type"  href="ae-types.xml#id(ae_1)"/>
      <nite:child href="TS3005c.C.words.xml#id(TS3005c.C.words2283)..id(TS3005c.C.words2300)"/>
   </ae>
   <ae nite:id="TS3005c.C.argumentstructs.Daan.15">
      <nite:pointer role="type"  href="ae-types.xml#id(ae_5)"/>
      <nite:child href="TS3005c.C.words.xml#id(TS3005c.C.words2301)..id(TS3005c.C.words2304)"/>
   </ae>
   <ae nite:id="TS3005c.C.argumentstructs.Daan.17">
      <nite:pointer role="type"  href="ae-types.xml#id(ae_3)"/>
      <nite:child href="TS3005c.C.words.xml#id(TS3005c.C.words2465)..id(TS3005c.C.words2471)"/>
   </ae>
   <ae nite:id="TS3005c.C.argumentstructs.Daan.18">
      <nite:pointer role="type"  href="ae-types.xml#id(ae_1)"/>
      <nite:child href="TS3005c.C.words.xml#id(TS3005c.C.words2472)..id(TS3005c.C.words2488)"/>
   </ae>
   <ae nite:id="TS3005c.C.argumentstructs.Daan.19">
      <nite:pointer role="type"  href="ae-types.xml#id(ae_1)"/>
      <nite:child href="TS3005c.C.words.xml#id(TS3005c.C.words2489)..id(TS3005c.C.words2498)"/>
   </ae>
   <ae nite:id="TS3005c.C.argumentstructs.Daan.20">
      <nite:pointer role="type"  href="ae-types.xml#id(ae_1)"/>
      <nite:child href="TS3005c.C.words.xml#id(TS3005c.C.words2499)..id(TS3005c.C.words2515)"/>
   </ae>
   <ae nite:id="TS3005c.C.argumentstructs.Daan.21">
      <nite:pointer role="type"  href="ae-types.xml#id(ae_1)"/>
      <nite:child href="TS3005c.C.words.xml#id(TS3005c.C.words2520)..id(TS3005c.C.words2529)"/>
   </ae>
   <ae nite:id="TS3005c.C.argumentstructs.Daan.22">
      <nite:pointer role="type"  href="ae-types.xml#id(ae_1)"/>
      <nite:child href="TS3005c.C.words.xml#id(TS3005c.C.words2538)..id(TS3005c.C.words2559)"/>
   </ae>
   <ae nite:id="TS3005c.C.argumentstructs.Daan.23">
      <nite:pointer role="type"  href="ae-types.xml#id(ae_1)"/>
      <nite:child href="TS3005c.C.words.xml#id(TS3005c.C.words2560)..id(TS3005c.C.words2589)"/>
   </ae>
   <ae nite:id="TS3005c.C.argumentstructs.Daan.24">
      <nite:pointer role="type"  href="ae-types.xml#id(ae_1)"/>
      <nite:child href="TS3005c.C.words.xml#id(TS3005c.C.words2590)..id(TS3005c.C.words2599)"/>
   </ae>
   <ae nite:id="TS3005c.C.argumentstructs.Daan.25">
      <nite:pointer role="type"  href="ae-types.xml#id(ae_1)"/>
      <nite:child href="TS3005c.C.words.xml#id(TS3005c.C.words2606)..id(TS3005c.C.words2610)"/>
   </ae>
   <ae nite:id="TS3005c.C.argumentstructs.26">
      <nite:pointer role="type"  href="ae-types.xml#id(ae_6)"/>
      <nite:child href="TS3005c.C.words.xml#id(TS3005c.C.words1578)"/>
      <nite:child href="TS3005c.C.words.xml#id(TS3005c.C.words1580)..id(TS3005c.C.words1585)"/>
   </ae>
   <ae nite:id="TS3005c.C.argumentstructs.27">
      <nite:pointer role="type"  href="ae-types.xml#id(ae_6)"/>
      <nite:child href="TS3005c.C.words.xml#id(TS3005c.C.words1613)..id(TS3005c.C.words1614)"/>
   </ae>
   <ae nite:id="TS3005c.C.argumentstructs.28">
      <nite:pointer role="type"  href="ae-types.xml#id(ae_6)"/>
      <nite:child href="TS3005c.C.words.xml#id(TS3005c.C.words1791)..id(TS3005c.C.words1792)"/>
   </ae>
   <ae nite:id="TS3005c.C.argumentstructs.29">
      <nite:pointer role="type"  href="ae-types.xml#id(ae_6)"/>
      <nite:child href="TS3005c.C.words.xml#id(TS3005c.C.words1798)..id(TS3005c.C.words1805)"/>
      <nite:child href="TS3005c.C.words.xml#id(TS3005c.C.words1807)..id(TS3005c.C.words1813)"/>
   </ae>
   <ae nite:id="TS3005c.C.argumentstructs.30">
      <nite:pointer role="type"  href="ae-types.xml#id(ae_6)"/>
      <nite:child href="TS3005c.C.words.xml#id(TS3005c.C.words1876)..id(TS3005c.C.words1877)"/>
   </ae>
   <ae nite:id="TS3005c.C.argumentstructs.31">
      <nite:pointer role="type"  href="ae-types.xml#id(ae_6)"/>
      <nite:child href="TS3005c.C.words.xml#id(TS3005c.C.words2161)..id(TS3005c.C.words2162)"/>
   </ae>
   <ae nite:id="TS3005c.C.argumentstructs.32">
      <nite:pointer role="type"  href="ae-types.xml#id(ae_6)"/>
      <nite:child href="TS3005c.C.words.xml#id(TS3005c.C.words2205)..id(TS3005c.C.words2209)"/>
   </ae>
   <ae nite:id="TS3005c.C.argumentstructs.33">
      <nite:pointer role="type"  href="ae-types.xml#id(ae_6)"/>
      <nite:child href="TS3005c.C.words.xml#id(TS3005c.C.words2232)..id(TS3005c.C.words2240)"/>
   </ae>
   <ae nite:id="TS3005c.C.argumentstructs.34">
      <nite:pointer role="type"  href="ae-types.xml#id(ae_6)"/>
      <nite:child href="TS3005c.C.words.xml#id(TS3005c.C.words2253)..id(TS3005c.C.words2274)"/>
      <nite:child href="TS3005c.C.words.xml#id(TS3005c.C.words2276)..id(TS3005c.C.words2281)"/>
   </ae>
   <ae nite:id="TS3005c.C.argumentstructs.35">
      <nite:pointer role="type"  href="ae-types.xml#id(ae_6)"/>
      <nite:child href="TS3005c.C.words.xml#id(TS3005c.C.words2516)..id(TS3005c.C.words2519)"/>
   </ae>
   <ae nite:id="TS3005c.C.argumentstructs.36">
      <nite:pointer role="type"  href="ae-types.xml#id(ae_6)"/>
      <nite:child href="TS3005c.C.words.xml#id(TS3005c.C.words2530)..id(TS3005c.C.words2536)"/>
   </ae>
   <ae nite:id="TS3005c.C.argumentstructs.37">
      <nite:pointer role="type"  href="ae-types.xml#id(ae_6)"/>
      <nite:child href="TS3005c.C.words.xml#id(TS3005c.C.words2600)..id(TS3005c.C.words2602)"/>
      <nite:child href="TS3005c.C.words.xml#id(TS3005c.C.words2604)..id(TS3005c.C.words2605)"/>
   </ae>
   <ae nite:id="TS3005c.C.argumentstructs.38">
      <nite:pointer role="type"  href="ae-types.xml#id(ae_6)"/>
      <nite:child href="TS3005c.C.words.xml#id(TS3005c.C.words2611)..id(TS3005c.C.words2612)"/>
   </ae>
</nite:root>