<?xml version="1.0" encoding="ISO-8859-1" standalone="yes"?>
<nite:root nite:id="TS3003a.D.argumentstructs" xmlns:nite="http://nite.sourceforge.net/">
   <ae nite:id="TS3003a.D.argumentstructs.Daan.1">
      <nite:pointer role="type"  href="ae-types.xml#id(ae_1)"/>
      <nite:child href="TS3003a.D.words.xml#id(TS3003a.D.words279)..id(TS3003a.D.words338)"/>
   </ae>
   <ae nite:id="TS3003a.D.argumentstructs.2">
      <nite:pointer role="type"  href="ae-types.xml#id(ae_6)"/>
      <nite:child href="TS3003a.D.words.xml#id(TS3003a.D.words274)..id(TS3003a.D.words278)"/>
   </ae>
   <ae nite:id="TS3003a.D.argumentstructs.3">
      <nite:pointer role="type"  href="ae-types.xml#id(ae_6)"/>
      <nite:child href="TS3003a.D.words.xml#id(TS3003a.D.words339)..id(TS3003a.D.words343)"/>
   </ae>
</nite:root>