<?xml version="1.0" encoding="ISO-8859-1" standalone="yes"?>
<nite:root nite:id="TS3003b.D.argumentstructs" xmlns:nite="http://nite.sourceforge.net/">
   <ae nite:id="TS3003b.D.argumentstructs.Daan.1">
      <nite:pointer role="type"  href="ae-types.xml#id(ae_1)"/>
      <nite:child href="TS3003b.D.words.xml#id(TS3003b.D.words908)..id(TS3003b.D.words916)"/>
   </ae>
   <ae nite:id="TS3003b.D.argumentstructs.Daan.2">
      <nite:pointer role="type"  href="ae-types.xml#id(ae_1)"/>
      <nite:child href="TS3003b.D.words.xml#id(TS3003b.D.words919)..id(TS3003b.D.words922)"/>
   </ae>
   <ae nite:id="TS3003b.D.argumentstructs.Daan.3">
      <nite:pointer role="type"  href="ae-types.xml#id(ae_1)"/>
      <nite:child href="TS3003b.D.words.xml#id(TS3003b.D.words923)..id(TS3003b.D.words930)"/>
   </ae>
   <ae nite:id="TS3003b.D.argumentstructs.Daan.4">
      <nite:pointer role="type"  href="ae-types.xml#id(ae_5)"/>
      <nite:child href="TS3003b.D.words.xml#id(TS3003b.D.words938)..id(TS3003b.D.words949)"/>
   </ae>
   <ae nite:id="TS3003b.D.argumentstructs.Daan.6">
      <nite:pointer role="type"  href="ae-types.xml#id(ae_1)"/>
      <nite:child href="TS3003b.D.words.xml#id(TS3003b.D.words950)..id(TS3003b.D.words1015)"/>
   </ae>
   <ae nite:id="TS3003b.D.argumentstructs.Daan.7">
      <nite:pointer role="type"  href="ae-types.xml#id(ae_1)"/>
      <nite:child href="TS3003b.D.words.xml#id(TS3003b.D.words1016)..id(TS3003b.D.words1045)"/>
   </ae>
   <ae nite:id="TS3003b.D.argumentstructs.Daan.8">
      <nite:pointer role="type"  href="ae-types.xml#id(ae_1)"/>
      <nite:child href="TS3003b.D.words.xml#id(TS3003b.D.words1046)..id(TS3003b.D.words1051)"/>
   </ae>
   <ae nite:id="TS3003b.D.argumentstructs.Daan.9">
      <nite:pointer role="type"  href="ae-types.xml#id(ae_1)"/>
      <nite:child href="TS3003b.D.words.xml#id(TS3003b.D.words1052)..id(TS3003b.D.words1054)"/>
   </ae>
   <ae nite:id="TS3003b.D.argumentstructs.Daan.10">
      <nite:pointer role="type"  href="ae-types.xml#id(ae_1)"/>
      <nite:child href="TS3003b.D.words.xml#id(TS3003b.D.words1055)..id(TS3003b.D.words1069)"/>
   </ae>
   <ae nite:id="TS3003b.D.argumentstructs.Daan.11">
      <nite:pointer role="type"  href="ae-types.xml#id(ae_1)"/>
      <nite:child href="TS3003b.D.words.xml#id(TS3003b.D.words1098)..id(TS3003b.D.words1108)"/>
   </ae>
   <ae nite:id="TS3003b.D.argumentstructs.Daan.12">
      <nite:pointer role="type"  href="ae-types.xml#id(ae_1)"/>
      <nite:child href="TS3003b.D.words.xml#id(TS3003b.D.words1109)..id(TS3003b.D.words1146)"/>
   </ae>
   <ae nite:id="TS3003b.D.argumentstructs.Daan.13">
      <nite:pointer role="type"  href="ae-types.xml#id(ae_1)"/>
      <nite:child href="TS3003b.D.words.xml#id(TS3003b.D.words1147)..id(TS3003b.D.words1205)"/>
   </ae>
   <ae nite:id="TS3003b.D.argumentstructs.Daan.14">
      <nite:pointer role="type"  href="ae-types.xml#id(ae_1)"/>
      <nite:child href="TS3003b.D.words.xml#id(TS3003b.D.words1208)..id(TS3003b.D.words1213)"/>
   </ae>
   <ae nite:id="TS3003b.D.argumentstructs.Daan.15">
      <nite:pointer role="type"  href="ae-types.xml#id(ae_2)"/>
      <nite:child href="TS3003b.D.words.xml#id(TS3003b.D.words1370)..id(TS3003b.D.words1429)"/>
   </ae>
   <ae nite:id="TS3003b.D.argumentstructs.Daan.16">
      <nite:pointer role="type"  href="ae-types.xml#id(ae_1)"/>
      <nite:child href="TS3003b.D.words.xml#id(TS3003b.D.words1757)..id(TS3003b.D.words1825)"/>
   </ae>
   <ae nite:id="TS3003b.D.argumentstructs.Daan.17">
      <nite:pointer role="type"  href="ae-types.xml#id(ae_1)"/>
      <nite:child href="TS3003b.D.words.xml#id(TS3003b.D.words1826)..id(TS3003b.D.words1840)"/>
   </ae>
   <ae nite:id="TS3003b.D.argumentstructs.Daan.18">
      <nite:pointer role="type"  href="ae-types.xml#id(ae_1)"/>
      <nite:child href="TS3003b.D.words.xml#id(TS3003b.D.words1841)..id(TS3003b.D.words1847)"/>
   </ae>
   <ae nite:id="TS3003b.D.argumentstructs.Daan.19">
      <nite:pointer role="type"  href="ae-types.xml#id(ae_1)"/>
      <nite:child href="TS3003b.D.words.xml#id(TS3003b.D.words1850)..id(TS3003b.D.words1855)"/>
   </ae>
   <ae nite:id="TS3003b.D.argumentstructs.Daan.20">
      <nite:pointer role="type"  href="ae-types.xml#id(ae_1)"/>
      <nite:child href="TS3003b.D.words.xml#id(TS3003b.D.words1856)..id(TS3003b.D.words1862)"/>
   </ae>
   <ae nite:id="TS3003b.D.argumentstructs.21">
      <nite:pointer role="type"  href="ae-types.xml#id(ae_6)"/>
      <nite:child href="TS3003b.D.words.xml#id(TS3003b.D.words906)..id(TS3003b.D.words907)"/>
   </ae>
   <ae nite:id="TS3003b.D.argumentstructs.22">
      <nite:pointer role="type"  href="ae-types.xml#id(ae_6)"/>
      <nite:child href="TS3003b.D.words.xml#id(TS3003b.D.words917)"/>
   </ae>
   <ae nite:id="TS3003b.D.argumentstructs.23">
      <nite:pointer role="type"  href="ae-types.xml#id(ae_6)"/>
      <nite:child href="TS3003b.D.words.xml#id(TS3003b.D.words931)..id(TS3003b.D.words932)"/>
   </ae>
   <ae nite:id="TS3003b.D.argumentstructs.24">
      <nite:pointer role="type"  href="ae-types.xml#id(ae_6)"/>
      <nite:child href="TS3003b.D.words.xml#id(TS3003b.D.words1070)..id(TS3003b.D.words1081)"/>
      <nite:child href="TS3003b.D.words.xml#id(TS3003b.D.words1083)..id(TS3003b.D.words1097)"/>
   </ae>
   <ae nite:id="TS3003b.D.argumentstructs.25">
      <nite:pointer role="type"  href="ae-types.xml#id(ae_6)"/>
      <nite:child href="TS3003b.D.words.xml#id(TS3003b.D.words1206)"/>
   </ae>
   <ae nite:id="TS3003b.D.argumentstructs.26">
      <nite:pointer role="type"  href="ae-types.xml#id(ae_6)"/>
      <nite:child href="TS3003b.D.words.xml#id(TS3003b.D.words1214)..id(TS3003b.D.words1215)"/>
   </ae>
   <ae nite:id="TS3003b.D.argumentstructs.27">
      <nite:pointer role="type"  href="ae-types.xml#id(ae_6)"/>
      <nite:child href="TS3003b.D.words.xml#id(TS3003b.D.words1430)..id(TS3003b.D.words1431)"/>
   </ae>
   <ae nite:id="TS3003b.D.argumentstructs.28">
      <nite:pointer role="type"  href="ae-types.xml#id(ae_6)"/>
      <nite:child href="TS3003b.D.words.xml#id(TS3003b.D.words1848)..id(TS3003b.D.words1849)"/>
   </ae>
</nite:root>