<?xml version="1.0" encoding="ISO-8859-1" standalone="yes"?>
<nite:root nite:id="TS3004c.D.argumentstructs" xmlns:nite="http://nite.sourceforge.net/">
   <ae nite:id="TS3004c.D.argumentstructs.1">
      <nite:pointer role="type"  href="ae-types.xml#id(ae_6)"/>
      <nite:child href="TS3004c.D.words.xml#id(TS3004c.D.words789)..id(TS3004c.D.words791)"/>
      <nite:child href="TS3004c.D.words.xml#id(TS3004c.D.words793)..id(TS3004c.D.words794)"/>
   </ae>
   <ae nite:id="TS3004c.D.argumentstructs.2">
      <nite:pointer role="type"  href="ae-types.xml#id(ae_6)"/>
      <nite:child href="TS3004c.D.words.xml#id(TS3004c.D.words935)..id(TS3004c.D.words939)"/>
      <nite:child href="TS3004c.D.words.xml#id(TS3004c.D.words941)..id(TS3004c.D.words942)"/>
   </ae>
</nite:root>