<?xml version="1.0" encoding="ISO-8859-1" standalone="yes"?>
<nite:root nite:id="TS3007a.A.argumentstructs" xmlns:nite="http://nite.sourceforge.net/">
   <ae nite:id="TS3007a.A.argumentstructs.Daan.1">
      <nite:pointer role="type"  href="ae-types.xml#id(ae_5)"/>
      <nite:child href="TS3007a.A.words.xml#id(TS3007a.A.words1973)..id(TS3007a.A.words1997)"/>
   </ae>
   <ae nite:id="TS3007a.A.argumentstructs.Daan.2">
      <nite:pointer role="type"  href="ae-types.xml#id(ae_1)"/>
      <nite:child href="TS3007a.A.words.xml#id(TS3007a.A.words2000)..id(TS3007a.A.words2025)"/>
   </ae>
   <ae nite:id="TS3007a.A.argumentstructs.3">
      <nite:pointer role="type"  href="ae-types.xml#id(ae_6)"/>
      <nite:child href="TS3007a.A.words.xml#id(TS3007a.A.words1961)..id(TS3007a.A.words1972)"/>
   </ae>
   <ae nite:id="TS3007a.A.argumentstructs.4">
      <nite:pointer role="type"  href="ae-types.xml#id(ae_6)"/>
      <nite:child href="TS3007a.A.words.xml#id(TS3007a.A.words1998)..id(TS3007a.A.words1999)"/>
   </ae>
</nite:root>