<?xml version="1.0" encoding="ISO-8859-1" standalone="yes"?>
<nite:root nite:id="TS3003c.D.argumentstructs" xmlns:nite="http://nite.sourceforge.net/">
   <ae nite:id="TS3003c.D.argumentstructs.Daan.1">
      <nite:pointer role="type"  href="ae-types.xml#id(ae_3)"/>
      <nite:child href="TS3003c.D.words.xml#id(TS3003c.D.words506)..id(TS3003c.D.words517)"/>
   </ae>
   <ae nite:id="TS3003c.D.argumentstructs.Daan.2">
      <nite:pointer role="type"  href="ae-types.xml#id(ae_1)"/>
      <nite:child href="TS3003c.D.words.xml#id(TS3003c.D.words518)..id(TS3003c.D.words545)"/>
   </ae>
   <ae nite:id="TS3003c.D.argumentstructs.Daan.4">
      <nite:pointer role="type"  href="ae-types.xml#id(ae_1)"/>
      <nite:child href="TS3003c.D.words.xml#id(TS3003c.D.words546)..id(TS3003c.D.words583)"/>
   </ae>
   <ae nite:id="TS3003c.D.argumentstructs.Daan.5">
      <nite:pointer role="type"  href="ae-types.xml#id(ae_1)"/>
      <nite:child href="TS3003c.D.words.xml#id(TS3003c.D.words586)..id(TS3003c.D.words607)"/>
   </ae>
   <ae nite:id="TS3003c.D.argumentstructs.Daan.6">
      <nite:pointer role="type"  href="ae-types.xml#id(ae_1)"/>
      <nite:child href="TS3003c.D.words.xml#id(TS3003c.D.words608)..id(TS3003c.D.words611)"/>
   </ae>
   <ae nite:id="TS3003c.D.argumentstructs.Daan.7">
      <nite:pointer role="type"  href="ae-types.xml#id(ae_1)"/>
      <nite:child href="TS3003c.D.words.xml#id(TS3003c.D.words837)..id(TS3003c.D.words865)"/>
   </ae>
   <ae nite:id="TS3003c.D.argumentstructs.Daan.8">
      <nite:pointer role="type"  href="ae-types.xml#id(ae_2)"/>
      <nite:child href="TS3003c.D.words.xml#id(TS3003c.D.words866)..id(TS3003c.D.words867)"/>
   </ae>
   <ae nite:id="TS3003c.D.argumentstructs.Daan.9">
      <nite:pointer role="type"  href="ae-types.xml#id(ae_1)"/>
      <nite:child href="TS3003c.D.words.xml#id(TS3003c.D.words869)..id(TS3003c.D.words873)"/>
   </ae>
   <ae nite:id="TS3003c.D.argumentstructs.Daan.11">
      <nite:pointer role="type"  href="ae-types.xml#id(ae_1)"/>
      <nite:child href="TS3003c.D.words.xml#id(TS3003c.D.words874)..id(TS3003c.D.words886)"/>
   </ae>
   <ae nite:id="TS3003c.D.argumentstructs.Daan.12">
      <nite:pointer role="type"  href="ae-types.xml#id(ae_1)"/>
      <nite:child href="TS3003c.D.words.xml#id(TS3003c.D.words887)..id(TS3003c.D.words920)"/>
   </ae>
   <ae nite:id="TS3003c.D.argumentstructs.Daan.13">
      <nite:pointer role="type"  href="ae-types.xml#id(ae_1)"/>
      <nite:child href="TS3003c.D.words.xml#id(TS3003c.D.words934)..id(TS3003c.D.words969)"/>
   </ae>
   <ae nite:id="TS3003c.D.argumentstructs.Daan.14">
      <nite:pointer role="type"  href="ae-types.xml#id(ae_1)"/>
      <nite:child href="TS3003c.D.words.xml#id(TS3003c.D.words970)..id(TS3003c.D.words981)"/>
   </ae>
   <ae nite:id="TS3003c.D.argumentstructs.15">
      <nite:pointer role="type"  href="ae-types.xml#id(ae_6)"/>
      <nite:child href="TS3003c.D.words.xml#id(TS3003c.D.words584)..id(TS3003c.D.words585)"/>
   </ae>
   <ae nite:id="TS3003c.D.argumentstructs.16">
      <nite:pointer role="type"  href="ae-types.xml#id(ae_6)"/>
      <nite:child href="TS3003c.D.words.xml#id(TS3003c.D.words833)..id(TS3003c.D.words836)"/>
   </ae>
   <ae nite:id="TS3003c.D.argumentstructs.17">
      <nite:pointer role="type"  href="ae-types.xml#id(ae_6)"/>
      <nite:child href="TS3003c.D.words.xml#id(TS3003c.D.words921)..id(TS3003c.D.words923)"/>
      <nite:child href="TS3003c.D.words.xml#id(TS3003c.D.words925)..id(TS3003c.D.words931)"/>
   </ae>
</nite:root>