<?xml version="1.0" encoding="ISO-8859-1" standalone="yes"?>
<nite:root nite:id="TS3006b.A.argumentstructs" xmlns:nite="http://nite.sourceforge.net/">
   <ae nite:id="TS3006b.A.argumentstructs.Daan.1">
      <nite:pointer role="type"  href="ae-types.xml#id(ae_1)"/>
      <nite:child href="TS3006b.A.words.xml#id(TS3006b.A.words1085)..id(TS3006b.A.words1104)"/>
   </ae>
   <ae nite:id="TS3006b.A.argumentstructs.Daan.2">
      <nite:pointer role="type"  href="ae-types.xml#id(ae_1)"/>
      <nite:child href="TS3006b.A.words.xml#id(TS3006b.A.words1112)..id(TS3006b.A.words1124)"/>
   </ae>
   <ae nite:id="TS3006b.A.argumentstructs.Daan.3">
      <nite:pointer role="type"  href="ae-types.xml#id(ae_1)"/>
      <nite:child href="TS3006b.A.words.xml#id(TS3006b.A.words1127)..id(TS3006b.A.words1132)"/>
   </ae>
   <ae nite:id="TS3006b.A.argumentstructs.Daan.4">
      <nite:pointer role="type"  href="ae-types.xml#id(ae_1)"/>
      <nite:child href="TS3006b.A.words.xml#id(TS3006b.A.words1136)..id(TS3006b.A.words1149)"/>
   </ae>
   <ae nite:id="TS3006b.A.argumentstructs.Daan.5">
      <nite:pointer role="type"  href="ae-types.xml#id(ae_1)"/>
      <nite:child href="TS3006b.A.words.xml#id(TS3006b.A.words1150)..id(TS3006b.A.words1158)"/>
   </ae>
   <ae nite:id="TS3006b.A.argumentstructs.Daan.6">
      <nite:pointer role="type"  href="ae-types.xml#id(ae_1)"/>
      <nite:child href="TS3006b.A.words.xml#id(TS3006b.A.words1159)..id(TS3006b.A.words1161)"/>
   </ae>
   <ae nite:id="TS3006b.A.argumentstructs.Daan.7">
      <nite:pointer role="type"  href="ae-types.xml#id(ae_1)"/>
      <nite:child href="TS3006b.A.words.xml#id(TS3006b.A.words1162)..id(TS3006b.A.words1175)"/>
   </ae>
   <ae nite:id="TS3006b.A.argumentstructs.Daan.8">
      <nite:pointer role="type"  href="ae-types.xml#id(ae_5)"/>
      <nite:child href="TS3006b.A.words.xml#id(TS3006b.A.words1428)..id(TS3006b.A.words1436)"/>
   </ae>
   <ae nite:id="TS3006b.A.argumentstructs.Daan.9">
      <nite:pointer role="type"  href="ae-types.xml#id(ae_4)"/>
      <nite:child href="TS3006b.A.words.xml#id(TS3006b.A.words1437)..id(TS3006b.A.words1444)"/>
   </ae>
   <ae nite:id="TS3006b.A.argumentstructs.Daan.10">
      <nite:pointer role="type"  href="ae-types.xml#id(ae_5)"/>
      <nite:child href="TS3006b.A.words.xml#id(TS3006b.A.words1457)..id(TS3006b.A.words1475)"/>
   </ae>
   <ae nite:id="TS3006b.A.argumentstructs.Daan.11">
      <nite:pointer role="type"  href="ae-types.xml#id(ae_5)"/>
      <nite:child href="TS3006b.A.words.xml#id(TS3006b.A.words1487)..id(TS3006b.A.words1501)"/>
   </ae>
   <ae nite:id="TS3006b.A.argumentstructs.Daan.12">
      <nite:pointer role="type"  href="ae-types.xml#id(ae_5)"/>
      <nite:child href="TS3006b.A.words.xml#id(TS3006b.A.words1502)..id(TS3006b.A.words1517)"/>
   </ae>
   <ae nite:id="TS3006b.A.argumentstructs.13">
      <nite:pointer role="type"  href="ae-types.xml#id(ae_6)"/>
      <nite:child href="TS3006b.A.words.xml#id(TS3006b.A.words1105)..id(TS3006b.A.words1110)"/>
   </ae>
   <ae nite:id="TS3006b.A.argumentstructs.14">
      <nite:pointer role="type"  href="ae-types.xml#id(ae_6)"/>
      <nite:child href="TS3006b.A.words.xml#id(TS3006b.A.words1125)..id(TS3006b.A.words1126)"/>
   </ae>
   <ae nite:id="TS3006b.A.argumentstructs.15">
      <nite:pointer role="type"  href="ae-types.xml#id(ae_6)"/>
      <nite:child href="TS3006b.A.words.xml#id(TS3006b.A.words1133)..id(TS3006b.A.words1134)"/>
   </ae>
   <ae nite:id="TS3006b.A.argumentstructs.16">
      <nite:pointer role="type"  href="ae-types.xml#id(ae_6)"/>
      <nite:child href="TS3006b.A.words.xml#id(TS3006b.A.words1445)..id(TS3006b.A.words1452)"/>
      <nite:child href="TS3006b.A.words.xml#id(TS3006b.A.words1454)..id(TS3006b.A.words1456)"/>
   </ae>
   <ae nite:id="TS3006b.A.argumentstructs.17">
      <nite:pointer role="type"  href="ae-types.xml#id(ae_6)"/>
      <nite:child href="TS3006b.A.words.xml#id(TS3006b.A.words1476)..id(TS3006b.A.words1485)"/>
   </ae>
   <ae nite:id="TS3006b.A.argumentstructs.18">
      <nite:pointer role="type"  href="ae-types.xml#id(ae_6)"/>
      <nite:child href="TS3006b.A.words.xml#id(TS3006b.A.words1518)..id(TS3006b.A.words1519)"/>
      <nite:child href="TS3006b.A.words.xml#id(TS3006b.A.words1521)..id(TS3006b.A.words1522)"/>
   </ae>
</nite:root>