<?xml version="1.0" encoding="ISO-8859-1" standalone="yes"?>
<nite:root nite:id="TS3004a.C.argumentstructs" xmlns:nite="http://nite.sourceforge.net/">
   <ae nite:id="TS3004a.C.argumentstructs.Daan.1">
      <nite:pointer role="type"  href="ae-types.xml#id(ae_2)"/>
      <nite:child href="TS3004a.C.words.xml#id(TS3004a.C.words100)..id(TS3004a.C.words107)"/>
   </ae>
   <ae nite:id="TS3004a.C.argumentstructs.Daan.2">
      <nite:pointer role="type"  href="ae-types.xml#id(ae_2)"/>
      <nite:child href="TS3004a.C.words.xml#id(TS3004a.C.words108)..id(TS3004a.C.words115)"/>
   </ae>
   <ae nite:id="TS3004a.C.argumentstructs.Daan.3">
      <nite:pointer role="type"  href="ae-types.xml#id(ae_1)"/>
      <nite:child href="TS3004a.C.words.xml#id(TS3004a.C.words116)..id(TS3004a.C.words129)"/>
   </ae>
   <ae nite:id="TS3004a.C.argumentstructs.Daan.4">
      <nite:pointer role="type"  href="ae-types.xml#id(ae_2)"/>
      <nite:child href="TS3004a.C.words.xml#id(TS3004a.C.words130)..id(TS3004a.C.words134)"/>
   </ae>
   <ae nite:id="TS3004a.C.argumentstructs.Daan.5">
      <nite:pointer role="type"  href="ae-types.xml#id(ae_4)"/>
      <nite:child href="TS3004a.C.words.xml#id(TS3004a.C.words214)..id(TS3004a.C.words234)"/>
   </ae>
   <ae nite:id="TS3004a.C.argumentstructs.Daan.6">
      <nite:pointer role="type"  href="ae-types.xml#id(ae_1)"/>
      <nite:child href="TS3004a.C.words.xml#id(TS3004a.C.words243)..id(TS3004a.C.words273)"/>
   </ae>
   <ae nite:id="TS3004a.C.argumentstructs.Daan.7">
      <nite:pointer role="type"  href="ae-types.xml#id(ae_1)"/>
      <nite:child href="TS3004a.C.words.xml#id(TS3004a.C.words278)..id(TS3004a.C.words320)"/>
   </ae>
   <ae nite:id="TS3004a.C.argumentstructs.8">
      <nite:pointer role="type"  href="ae-types.xml#id(ae_6)"/>
      <nite:child href="TS3004a.C.words.xml#id(TS3004a.C.words235)..id(TS3004a.C.words242)"/>
   </ae>
   <ae nite:id="TS3004a.C.argumentstructs.9">
      <nite:pointer role="type"  href="ae-types.xml#id(ae_6)"/>
      <nite:child href="TS3004a.C.words.xml#id(TS3004a.C.words274)..id(TS3004a.C.words277)"/>
   </ae>
   <ae nite:id="TS3004a.C.argumentstructs.10">
      <nite:pointer role="type"  href="ae-types.xml#id(ae_6)"/>
      <nite:child href="TS3004a.C.words.xml#id(TS3004a.C.words321)..id(TS3004a.C.words322)"/>
   </ae>
</nite:root>