<?xml version="1.0" encoding="ISO-8859-1" standalone="yes"?>
<nite:root nite:id="TS3004d.A.argumentstructs" xmlns:nite="http://nite.sourceforge.net/">
   <ae nite:id="TS3004d.A.argumentstructs.Daan.1">
      <nite:pointer role="type"  href="ae-types.xml#id(ae_1)"/>
      <nite:child href="TS3004d.A.words.xml#id(TS3004d.A.words75)..id(TS3004d.A.words93)"/>
   </ae>
   <ae nite:id="TS3004d.A.argumentstructs.Daan.2">
      <nite:pointer role="type"  href="ae-types.xml#id(ae_1)"/>
      <nite:child href="TS3004d.A.words.xml#id(TS3004d.A.words100)..id(TS3004d.A.words109)"/>
   </ae>
   <ae nite:id="TS3004d.A.argumentstructs.Daan.3">
      <nite:pointer role="type"  href="ae-types.xml#id(ae_1)"/>
      <nite:child href="TS3004d.A.words.xml#id(TS3004d.A.words110)..id(TS3004d.A.words113)"/>
   </ae>
   <ae nite:id="TS3004d.A.argumentstructs.Daan.4">
      <nite:pointer role="type"  href="ae-types.xml#id(ae_1)"/>
      <nite:child href="TS3004d.A.words.xml#id(TS3004d.A.words114)..id(TS3004d.A.words122)"/>
   </ae>
   <ae nite:id="TS3004d.A.argumentstructs.Daan.5">
      <nite:pointer role="type"  href="ae-types.xml#id(ae_1)"/>
      <nite:child href="TS3004d.A.words.xml#id(TS3004d.A.words587)..id(TS3004d.A.words598)"/>
   </ae>
   <ae nite:id="TS3004d.A.argumentstructs.Daan.6">
      <nite:pointer role="type"  href="ae-types.xml#id(ae_1)"/>
      <nite:child href="TS3004d.A.words.xml#id(TS3004d.A.words1028)..id(TS3004d.A.words1043)"/>
   </ae>
   <ae nite:id="TS3004d.A.argumentstructs.Daan.7">
      <nite:pointer role="type"  href="ae-types.xml#id(ae_1)"/>
      <nite:child href="TS3004d.A.words.xml#id(TS3004d.A.words1044)..id(TS3004d.A.words1073)"/>
   </ae>
   <ae nite:id="TS3004d.A.argumentstructs.Daan.8">
      <nite:pointer role="type"  href="ae-types.xml#id(ae_1)"/>
      <nite:child href="TS3004d.A.words.xml#id(TS3004d.A.words1085)..id(TS3004d.A.words1106)"/>
   </ae>
   <ae nite:id="TS3004d.A.argumentstructs.Daan.9">
      <nite:pointer role="type"  href="ae-types.xml#id(ae_1)"/>
      <nite:child href="TS3004d.A.words.xml#id(TS3004d.A.words1111)..id(TS3004d.A.words1120)"/>
   </ae>
   <ae nite:id="TS3004d.A.argumentstructs.10">
      <nite:pointer role="type"  href="ae-types.xml#id(ae_6)"/>
      <nite:child href="TS3004d.A.words.xml#id(TS3004d.A.words94)..id(TS3004d.A.words96)"/>
   </ae>
   <ae nite:id="TS3004d.A.argumentstructs.11">
      <nite:pointer role="type"  href="ae-types.xml#id(ae_6)"/>
      <nite:child href="TS3004d.A.words.xml#id(TS3004d.A.words123)..id(TS3004d.A.words131)"/>
      <nite:child href="TS3004d.A.words.xml#id(TS3004d.A.words133)..id(TS3004d.A.words136)"/>
      <nite:child href="TS3004d.A.words.xml#id(TS3004d.A.words138)..id(TS3004d.A.words150)"/>
      <nite:child href="TS3004d.A.words.xml#id(TS3004d.A.words152)..id(TS3004d.A.words155)"/>
      <nite:child href="TS3004d.A.words.xml#id(TS3004d.A.words157)..id(TS3004d.A.words170)"/>
      <nite:child href="TS3004d.A.words.xml#id(TS3004d.A.words172)..id(TS3004d.A.words187)"/>
   </ae>
   <ae nite:id="TS3004d.A.argumentstructs.12">
      <nite:pointer role="type"  href="ae-types.xml#id(ae_6)"/>
      <nite:child href="TS3004d.A.words.xml#id(TS3004d.A.words599)..id(TS3004d.A.words604)"/>
   </ae>
   <ae nite:id="TS3004d.A.argumentstructs.13">
      <nite:pointer role="type"  href="ae-types.xml#id(ae_6)"/>
      <nite:child href="TS3004d.A.words.xml#id(TS3004d.A.words1025)..id(TS3004d.A.words1026)"/>
   </ae>
   <ae nite:id="TS3004d.A.argumentstructs.14">
      <nite:pointer role="type"  href="ae-types.xml#id(ae_6)"/>
      <nite:child href="TS3004d.A.words.xml#id(TS3004d.A.words1074)..id(TS3004d.A.words1079)"/>
      <nite:child href="TS3004d.A.words.xml#id(TS3004d.A.words1081)..id(TS3004d.A.words1084)"/>
   </ae>
   <ae nite:id="TS3004d.A.argumentstructs.15">
      <nite:pointer role="type"  href="ae-types.xml#id(ae_6)"/>
      <nite:child href="TS3004d.A.words.xml#id(TS3004d.A.words1107)..id(TS3004d.A.words1109)"/>
   </ae>
   <ae nite:id="TS3004d.A.argumentstructs.16">
      <nite:pointer role="type"  href="ae-types.xml#id(ae_6)"/>
      <nite:child href="TS3004d.A.words.xml#id(TS3004d.A.words1121)..id(TS3004d.A.words1127)"/>
      <nite:child href="TS3004d.A.words.xml#id(TS3004d.A.words1129)..id(TS3004d.A.words1130)"/>
      <nite:child href="TS3004d.A.words.xml#id(TS3004d.A.words1132)..id(TS3004d.A.words1192)"/>
      <nite:child href="TS3004d.A.words.xml#id(TS3004d.A.words1194)..id(TS3004d.A.words1196)"/>
      <nite:child href="TS3004d.A.words.xml#id(TS3004d.A.words1199)..id(TS3004d.A.words1250)"/>
      <nite:child href="TS3004d.A.words.xml#id(TS3004d.A.words1252)..id(TS3004d.A.words1260)"/>
   </ae>
</nite:root>