<?xml version="1.0" encoding="ISO-8859-1" standalone="yes"?>
<nite:root nite:id="TS3005a.D.argumentstructs" xmlns:nite="http://nite.sourceforge.net/">
   <ae nite:id="TS3005a.D.argumentstructs.Daan.1">
      <nite:pointer role="type"  href="ae-types.xml#id(ae_1)"/>
      <nite:child href="TS3005a.D.words.xml#id(TS3005a.D.words196)..id(TS3005a.D.words202)"/>
   </ae>
   <ae nite:id="TS3005a.D.argumentstructs.Daan.2">
      <nite:pointer role="type"  href="ae-types.xml#id(ae_1)"/>
      <nite:child href="TS3005a.D.words.xml#id(TS3005a.D.words211)..id(TS3005a.D.words217)"/>
   </ae>
   <ae nite:id="TS3005a.D.argumentstructs.Daan.3">
      <nite:pointer role="type"  href="ae-types.xml#id(ae_1)"/>
      <nite:child href="TS3005a.D.words.xml#id(TS3005a.D.words219)..id(TS3005a.D.words229)"/>
   </ae>
   <ae nite:id="TS3005a.D.argumentstructs.Daan.4">
      <nite:pointer role="type"  href="ae-types.xml#id(ae_1)"/>
      <nite:child href="TS3005a.D.words.xml#id(TS3005a.D.words232)..id(TS3005a.D.words246)"/>
   </ae>
   <ae nite:id="TS3005a.D.argumentstructs.Daan.5">
      <nite:pointer role="type"  href="ae-types.xml#id(ae_1)"/>
      <nite:child href="TS3005a.D.words.xml#id(TS3005a.D.words250)..id(TS3005a.D.words266)"/>
   </ae>
   <ae nite:id="TS3005a.D.argumentstructs.Daan.6">
      <nite:pointer role="type"  href="ae-types.xml#id(ae_1)"/>
      <nite:child href="TS3005a.D.words.xml#id(TS3005a.D.words274)..id(TS3005a.D.words277)"/>
   </ae>
   <ae nite:id="TS3005a.D.argumentstructs.Daan.7">
      <nite:pointer role="type"  href="ae-types.xml#id(ae_1)"/>
      <nite:child href="TS3005a.D.words.xml#id(TS3005a.D.words278)..id(TS3005a.D.words285)"/>
   </ae>
   <ae nite:id="TS3005a.D.argumentstructs.8">
      <nite:pointer role="type"  href="ae-types.xml#id(ae_6)"/>
      <nite:child href="TS3005a.D.words.xml#id(TS3005a.D.words186)..id(TS3005a.D.words195)"/>
   </ae>
   <ae nite:id="TS3005a.D.argumentstructs.9">
      <nite:pointer role="type"  href="ae-types.xml#id(ae_6)"/>
      <nite:child href="TS3005a.D.words.xml#id(TS3005a.D.words203)..id(TS3005a.D.words210)"/>
   </ae>
   <ae nite:id="TS3005a.D.argumentstructs.10">
      <nite:pointer role="type"  href="ae-types.xml#id(ae_6)"/>
      <nite:child href="TS3005a.D.words.xml#id(TS3005a.D.words218)"/>
   </ae>
   <ae nite:id="TS3005a.D.argumentstructs.11">
      <nite:pointer role="type"  href="ae-types.xml#id(ae_6)"/>
      <nite:child href="TS3005a.D.words.xml#id(TS3005a.D.words230)..id(TS3005a.D.words231)"/>
   </ae>
   <ae nite:id="TS3005a.D.argumentstructs.12">
      <nite:pointer role="type"  href="ae-types.xml#id(ae_6)"/>
      <nite:child href="TS3005a.D.words.xml#id(TS3005a.D.words247)..id(TS3005a.D.words249)"/>
   </ae>
   <ae nite:id="TS3005a.D.argumentstructs.13">
      <nite:pointer role="type"  href="ae-types.xml#id(ae_6)"/>
      <nite:child href="TS3005a.D.words.xml#id(TS3005a.D.words267)..id(TS3005a.D.words270)"/>
      <nite:child href="TS3005a.D.words.xml#id(TS3005a.D.words272)..id(TS3005a.D.words273)"/>
   </ae>
   <ae nite:id="TS3005a.D.argumentstructs.14">
      <nite:pointer role="type"  href="ae-types.xml#id(ae_6)"/>
      <nite:child href="TS3005a.D.words.xml#id(TS3005a.D.words287)..id(TS3005a.D.words291)"/>
      <nite:child href="TS3005a.D.words.xml#id(TS3005a.D.words294)..id(TS3005a.D.words297)"/>
   </ae>
</nite:root>