<?xml version="1.0" encoding="ISO-8859-1" standalone="yes"?>
<nite:root nite:id="TS3005a.A.argumentstructs" xmlns:nite="http://nite.sourceforge.net/">
   <ae nite:id="TS3005a.A.argumentstructs.Daan.1">
      <nite:pointer role="type"  href="ae-types.xml#id(ae_1)"/>
      <nite:child href="TS3005a.A.words.xml#id(TS3005a.A.words1361)..id(TS3005a.A.words1370)"/>
   </ae>
   <ae nite:id="TS3005a.A.argumentstructs.Daan.2">
      <nite:pointer role="type"  href="ae-types.xml#id(ae_1)"/>
      <nite:child href="TS3005a.A.words.xml#id(TS3005a.A.words1373)..id(TS3005a.A.words1381)"/>
   </ae>
   <ae nite:id="TS3005a.A.argumentstructs.Daan.3">
      <nite:pointer role="type"  href="ae-types.xml#id(ae_1)"/>
      <nite:child href="TS3005a.A.words.xml#id(TS3005a.A.words1389)..id(TS3005a.A.words1406)"/>
   </ae>
   <ae nite:id="TS3005a.A.argumentstructs.Daan.4">
      <nite:pointer role="type"  href="ae-types.xml#id(ae_1)"/>
      <nite:child href="TS3005a.A.words.xml#id(TS3005a.A.words1409)..id(TS3005a.A.words1441)"/>
   </ae>
   <ae nite:id="TS3005a.A.argumentstructs.5">
      <nite:pointer role="type"  href="ae-types.xml#id(ae_6)"/>
      <nite:child href="TS3005a.A.words.xml#id(TS3005a.A.words1359)..id(TS3005a.A.words1360)"/>
   </ae>
   <ae nite:id="TS3005a.A.argumentstructs.6">
      <nite:pointer role="type"  href="ae-types.xml#id(ae_6)"/>
      <nite:child href="TS3005a.A.words.xml#id(TS3005a.A.words1371)..id(TS3005a.A.words1372)"/>
   </ae>
   <ae nite:id="TS3005a.A.argumentstructs.7">
      <nite:pointer role="type"  href="ae-types.xml#id(ae_6)"/>
      <nite:child href="TS3005a.A.words.xml#id(TS3005a.A.words1382)..id(TS3005a.A.words1388)"/>
   </ae>
   <ae nite:id="TS3005a.A.argumentstructs.8">
      <nite:pointer role="type"  href="ae-types.xml#id(ae_6)"/>
      <nite:child href="TS3005a.A.words.xml#id(TS3005a.A.words1407)..id(TS3005a.A.words1408)"/>
   </ae>
</nite:root>