<?xml version="1.0" encoding="ISO-8859-1" standalone="yes"?>
<nite:root nite:id="TS3006c.A.argumentstructs" xmlns:nite="http://nite.sourceforge.net/">
   <ae nite:id="TS3006c.A.argumentstructs.Daan.1">
      <nite:pointer role="type"  href="ae-types.xml#id(ae_1)"/>
      <nite:child href="TS3006c.A.words.xml#id(TS3006c.A.words178)..id(TS3006c.A.words192)"/>
   </ae>
   <ae nite:id="TS3006c.A.argumentstructs.Daan.2">
      <nite:pointer role="type"  href="ae-types.xml#id(ae_1)"/>
      <nite:child href="TS3006c.A.words.xml#id(TS3006c.A.words201)..id(TS3006c.A.words207)"/>
   </ae>
   <ae nite:id="TS3006c.A.argumentstructs.Daan.5">
      <nite:pointer role="type"  href="ae-types.xml#id(ae_1)"/>
      <nite:child href="TS3006c.A.words.xml#id(TS3006c.A.words656)..id(TS3006c.A.words678)"/>
   </ae>
   <ae nite:id="TS3006c.A.argumentstructs.Daan.6">
      <nite:pointer role="type"  href="ae-types.xml#id(ae_1)"/>
      <nite:child href="TS3006c.A.words.xml#id(TS3006c.A.words685)..id(TS3006c.A.words698)"/>
   </ae>
   <ae nite:id="TS3006c.A.argumentstructs.Daan.7">
      <nite:pointer role="type"  href="ae-types.xml#id(ae_1)"/>
      <nite:child href="TS3006c.A.words.xml#id(TS3006c.A.words703)..id(TS3006c.A.words706)"/>
   </ae>
   <ae nite:id="TS3006c.A.argumentstructs.Daan.8">
      <nite:pointer role="type"  href="ae-types.xml#id(ae_1)"/>
      <nite:child href="TS3006c.A.words.xml#id(TS3006c.A.words761)..id(TS3006c.A.words766)"/>
   </ae>
   <ae nite:id="TS3006c.A.argumentstructs.Daan.9">
      <nite:pointer role="type"  href="ae-types.xml#id(ae_1)"/>
      <nite:child href="TS3006c.A.words.xml#id(TS3006c.A.words767)..id(TS3006c.A.words777)"/>
   </ae>
   <ae nite:id="TS3006c.A.argumentstructs.Daan.10">
      <nite:pointer role="type"  href="ae-types.xml#id(ae_1)"/>
      <nite:child href="TS3006c.A.words.xml#id(TS3006c.A.words790)..id(TS3006c.A.words806)"/>
   </ae>
   <ae nite:id="TS3006c.A.argumentstructs.Daan.11">
      <nite:pointer role="type"  href="ae-types.xml#id(ae_1)"/>
      <nite:child href="TS3006c.A.words.xml#id(TS3006c.A.words809)..id(TS3006c.A.words823)"/>
   </ae>
   <ae nite:id="TS3006c.A.argumentstructs.Daan.12">
      <nite:pointer role="type"  href="ae-types.xml#id(ae_1)"/>
      <nite:child href="TS3006c.A.words.xml#id(TS3006c.A.words826)..id(TS3006c.A.words888)"/>
   </ae>
   <ae nite:id="TS3006c.A.argumentstructs.Daan.13">
      <nite:pointer role="type"  href="ae-types.xml#id(ae_3)"/>
      <nite:child href="TS3006c.A.words.xml#id(TS3006c.A.words890)..id(TS3006c.A.words898)"/>
   </ae>
   <ae nite:id="TS3006c.A.argumentstructs.Daan.14">
      <nite:pointer role="type"  href="ae-types.xml#id(ae_1)"/>
      <nite:child href="TS3006c.A.words.xml#id(TS3006c.A.words899)..id(TS3006c.A.words905)"/>
   </ae>
   <ae nite:id="TS3006c.A.argumentstructs.Daan.15">
      <nite:pointer role="type"  href="ae-types.xml#id(ae_1)"/>
      <nite:child href="TS3006c.A.words.xml#id(TS3006c.A.words908)..id(TS3006c.A.words914)"/>
   </ae>
   <ae nite:id="TS3006c.A.argumentstructs.Daan.16">
      <nite:pointer role="type"  href="ae-types.xml#id(ae_1)"/>
      <nite:child href="TS3006c.A.words.xml#id(TS3006c.A.words915)..id(TS3006c.A.words922)"/>
   </ae>
   <ae nite:id="TS3006c.A.argumentstructs.Daan.17">
      <nite:pointer role="type"  href="ae-types.xml#id(ae_1)"/>
      <nite:child href="TS3006c.A.words.xml#id(TS3006c.A.words1122)..id(TS3006c.A.words1130)"/>
   </ae>
   <ae nite:id="TS3006c.A.argumentstructs.Daan.18">
      <nite:pointer role="type"  href="ae-types.xml#id(ae_1)"/>
      <nite:child href="TS3006c.A.words.xml#id(TS3006c.A.words1143)..id(TS3006c.A.words1152)"/>
   </ae>
   <ae nite:id="TS3006c.A.argumentstructs.Daan.19">
      <nite:pointer role="type"  href="ae-types.xml#id(ae_5)"/>
      <nite:child href="TS3006c.A.words.xml#id(TS3006c.A.words1155)..id(TS3006c.A.words1158)"/>
   </ae>
   <ae nite:id="TS3006c.A.argumentstructs.Daan.20">
      <nite:pointer role="type"  href="ae-types.xml#id(ae_1)"/>
      <nite:child href="TS3006c.A.words.xml#id(TS3006c.A.words1159)..id(TS3006c.A.words1160)"/>
   </ae>
   <ae nite:id="TS3006c.A.argumentstructs.Daan.21">
      <nite:pointer role="type"  href="ae-types.xml#id(ae_1)"/>
      <nite:child href="TS3006c.A.words.xml#id(TS3006c.A.words1165)..id(TS3006c.A.words1166)"/>
   </ae>
   <ae nite:id="TS3006c.A.argumentstructs.Daan.22">
      <nite:pointer role="type"  href="ae-types.xml#id(ae_1)"/>
      <nite:child href="TS3006c.A.words.xml#id(TS3006c.A.words1167)..id(TS3006c.A.words1169)"/>
   </ae>
   <ae nite:id="TS3006c.A.argumentstructs.Daan.23">
      <nite:pointer role="type"  href="ae-types.xml#id(ae_1)"/>
      <nite:child href="TS3006c.A.words.xml#id(TS3006c.A.words1180)..id(TS3006c.A.words1182)"/>
   </ae>
   <ae nite:id="TS3006c.A.argumentstructs.Daan.24">
      <nite:pointer role="type"  href="ae-types.xml#id(ae_1)"/>
      <nite:child href="TS3006c.A.words.xml#id(TS3006c.A.words1183)..id(TS3006c.A.words1184)"/>
   </ae>
   <ae nite:id="TS3006c.A.argumentstructs.Daan.25">
      <nite:pointer role="type"  href="ae-types.xml#id(ae_1)"/>
      <nite:child href="TS3006c.A.words.xml#id(TS3006c.A.words1224)..id(TS3006c.A.words1232)"/>
   </ae>
   <ae nite:id="TS3006c.A.argumentstructs.Daan.26">
      <nite:pointer role="type"  href="ae-types.xml#id(ae_1)"/>
      <nite:child href="TS3006c.A.words.xml#id(TS3006c.A.words1234)..id(TS3006c.A.words1259)"/>
   </ae>
   <ae nite:id="TS3006c.A.argumentstructs.Daan.27">
      <nite:pointer role="type"  href="ae-types.xml#id(ae_1)"/>
      <nite:child href="TS3006c.A.words.xml#id(TS3006c.A.words1260)..id(TS3006c.A.words1272)"/>
   </ae>
   <ae nite:id="TS3006c.A.argumentstructs.Daan.28">
      <nite:pointer role="type"  href="ae-types.xml#id(ae_1)"/>
      <nite:child href="TS3006c.A.words.xml#id(TS3006c.A.words1273)..id(TS3006c.A.words1290)"/>
   </ae>
   <ae nite:id="TS3006c.A.argumentstructs.Daan.29">
      <nite:pointer role="type"  href="ae-types.xml#id(ae_1)"/>
      <nite:child href="TS3006c.A.words.xml#id(TS3006c.A.words1291)..id(TS3006c.A.words1315)"/>
   </ae>
   <ae nite:id="TS3006c.A.argumentstructs.30">
      <nite:pointer role="type"  href="ae-types.xml#id(ae_6)"/>
      <nite:child href="TS3006c.A.words.xml#id(TS3006c.A.words176)..id(TS3006c.A.words177)"/>
   </ae>
   <ae nite:id="TS3006c.A.argumentstructs.31">
      <nite:pointer role="type"  href="ae-types.xml#id(ae_6)"/>
      <nite:child href="TS3006c.A.words.xml#id(TS3006c.A.words193)..id(TS3006c.A.words200)"/>
   </ae>
   <ae nite:id="TS3006c.A.argumentstructs.32">
      <nite:pointer role="type"  href="ae-types.xml#id(ae_6)"/>
      <nite:child href="TS3006c.A.words.xml#id(TS3006c.A.words679)..id(TS3006c.A.words684)"/>
   </ae>
   <ae nite:id="TS3006c.A.argumentstructs.33">
      <nite:pointer role="type"  href="ae-types.xml#id(ae_6)"/>
      <nite:child href="TS3006c.A.words.xml#id(TS3006c.A.words699)..id(TS3006c.A.words702)"/>
   </ae>
   <ae nite:id="TS3006c.A.argumentstructs.34">
      <nite:pointer role="type"  href="ae-types.xml#id(ae_6)"/>
      <nite:child href="TS3006c.A.words.xml#id(TS3006c.A.words707)..id(TS3006c.A.words708)"/>
   </ae>
   <ae nite:id="TS3006c.A.argumentstructs.35">
      <nite:pointer role="type"  href="ae-types.xml#id(ae_6)"/>
      <nite:child href="TS3006c.A.words.xml#id(TS3006c.A.words778)..id(TS3006c.A.words787)"/>
      <nite:child href="TS3006c.A.words.xml#id(TS3006c.A.words789)"/>
   </ae>
   <ae nite:id="TS3006c.A.argumentstructs.36">
      <nite:pointer role="type"  href="ae-types.xml#id(ae_6)"/>
      <nite:child href="TS3006c.A.words.xml#id(TS3006c.A.words807)..id(TS3006c.A.words808)"/>
   </ae>
   <ae nite:id="TS3006c.A.argumentstructs.37">
      <nite:pointer role="type"  href="ae-types.xml#id(ae_6)"/>
      <nite:child href="TS3006c.A.words.xml#id(TS3006c.A.words824)..id(TS3006c.A.words825)"/>
   </ae>
   <ae nite:id="TS3006c.A.argumentstructs.38">
      <nite:pointer role="type"  href="ae-types.xml#id(ae_6)"/>
      <nite:child href="TS3006c.A.words.xml#id(TS3006c.A.words906)..id(TS3006c.A.words907)"/>
   </ae>
   <ae nite:id="TS3006c.A.argumentstructs.39">
      <nite:pointer role="type"  href="ae-types.xml#id(ae_6)"/>
      <nite:child href="TS3006c.A.words.xml#id(TS3006c.A.words1120)..id(TS3006c.A.words1121)"/>
   </ae>
   <ae nite:id="TS3006c.A.argumentstructs.40">
      <nite:pointer role="type"  href="ae-types.xml#id(ae_6)"/>
      <nite:child href="TS3006c.A.words.xml#id(TS3006c.A.words1131)..id(TS3006c.A.words1133)"/>
      <nite:child href="TS3006c.A.words.xml#id(TS3006c.A.words1135)..id(TS3006c.A.words1142)"/>
   </ae>
   <ae nite:id="TS3006c.A.argumentstructs.41">
      <nite:pointer role="type"  href="ae-types.xml#id(ae_6)"/>
      <nite:child href="TS3006c.A.words.xml#id(TS3006c.A.words1153)..id(TS3006c.A.words1154)"/>
   </ae>
   <ae nite:id="TS3006c.A.argumentstructs.42">
      <nite:pointer role="type"  href="ae-types.xml#id(ae_6)"/>
      <nite:child href="TS3006c.A.words.xml#id(TS3006c.A.words1162)..id(TS3006c.A.words1164)"/>
   </ae>
   <ae nite:id="TS3006c.A.argumentstructs.43">
      <nite:pointer role="type"  href="ae-types.xml#id(ae_6)"/>
      <nite:child href="TS3006c.A.words.xml#id(TS3006c.A.words1170)..id(TS3006c.A.words1172)"/>
      <nite:child href="TS3006c.A.words.xml#id(TS3006c.A.words1174)..id(TS3006c.A.words1179)"/>
   </ae>
   <ae nite:id="TS3006c.A.argumentstructs.44">
      <nite:pointer role="type"  href="ae-types.xml#id(ae_6)"/>
      <nite:child href="TS3006c.A.words.xml#id(TS3006c.A.words1185)..id(TS3006c.A.words1189)"/>
      <nite:child href="TS3006c.A.words.xml#id(TS3006c.A.words1191)..id(TS3006c.A.words1192)"/>
      <nite:child href="TS3006c.A.words.xml#id(TS3006c.A.words1194)"/>
      <nite:child href="TS3006c.A.words.xml#id(TS3006c.A.words1197)..id(TS3006c.A.words1223)"/>
   </ae>
   <ae nite:id="TS3006c.A.argumentstructs.45">
      <nite:pointer role="type"  href="ae-types.xml#id(ae_6)"/>
      <nite:child href="TS3006c.A.words.xml#id(TS3006c.A.words1316)..id(TS3006c.A.words1329)"/>
   </ae>
</nite:root>