<?xml version="1.0" encoding="ISO-8859-1" standalone="yes"?>
<nite:root nite:id="TS3004b.A.argumentstructs" xmlns:nite="http://nite.sourceforge.net/">
   <ae nite:id="TS3004b.A.argumentstructs.Daan.1">
      <nite:pointer role="type"  href="ae-types.xml#id(ae_1)"/>
      <nite:child href="TS3004b.A.words.xml#id(TS3004b.A.words572)..id(TS3004b.A.words583)"/>
   </ae>
   <ae nite:id="TS3004b.A.argumentstructs.Daan.2">
      <nite:pointer role="type"  href="ae-types.xml#id(ae_1)"/>
      <nite:child href="TS3004b.A.words.xml#id(TS3004b.A.words586)..id(TS3004b.A.words594)"/>
   </ae>
   <ae nite:id="TS3004b.A.argumentstructs.Daan.3">
      <nite:pointer role="type"  href="ae-types.xml#id(ae_5)"/>
      <nite:child href="TS3004b.A.words.xml#id(TS3004b.A.words997)..id(TS3004b.A.words1011)"/>
   </ae>
   <ae nite:id="TS3004b.A.argumentstructs.Daan.4">
      <nite:pointer role="type"  href="ae-types.xml#id(ae_1)"/>
      <nite:child href="TS3004b.A.words.xml#id(TS3004b.A.words1012)..id(TS3004b.A.words1020)"/>
   </ae>
   <ae nite:id="TS3004b.A.argumentstructs.Daan.5">
      <nite:pointer role="type"  href="ae-types.xml#id(ae_1)"/>
      <nite:child href="TS3004b.A.words.xml#id(TS3004b.A.words1021)..id(TS3004b.A.words1046)"/>
   </ae>
   <ae nite:id="TS3004b.A.argumentstructs.Daan.6">
      <nite:pointer role="type"  href="ae-types.xml#id(ae_1)"/>
      <nite:child href="TS3004b.A.words.xml#id(TS3004b.A.words1047)..id(TS3004b.A.words1055)"/>
   </ae>
   <ae nite:id="TS3004b.A.argumentstructs.Daan.7">
      <nite:pointer role="type"  href="ae-types.xml#id(ae_1)"/>
      <nite:child href="TS3004b.A.words.xml#id(TS3004b.A.words1056)..id(TS3004b.A.words1074)"/>
   </ae>
   <ae nite:id="TS3004b.A.argumentstructs.Daan.8">
      <nite:pointer role="type"  href="ae-types.xml#id(ae_1)"/>
      <nite:child href="TS3004b.A.words.xml#id(TS3004b.A.words1076)..id(TS3004b.A.words1087)"/>
   </ae>
   <ae nite:id="TS3004b.A.argumentstructs.Daan.9">
      <nite:pointer role="type"  href="ae-types.xml#id(ae_1)"/>
      <nite:child href="TS3004b.A.words.xml#id(TS3004b.A.words1133)..id(TS3004b.A.words1151)"/>
   </ae>
   <ae nite:id="TS3004b.A.argumentstructs.10">
      <nite:pointer role="type"  href="ae-types.xml#id(ae_6)"/>
      <nite:child href="TS3004b.A.words.xml#id(TS3004b.A.words584)..id(TS3004b.A.words585)"/>
   </ae>
   <ae nite:id="TS3004b.A.argumentstructs.11">
      <nite:pointer role="type"  href="ae-types.xml#id(ae_6)"/>
      <nite:child href="TS3004b.A.words.xml#id(TS3004b.A.words595)..id(TS3004b.A.words607)"/>
   </ae>
   <ae nite:id="TS3004b.A.argumentstructs.12">
      <nite:pointer role="type"  href="ae-types.xml#id(ae_6)"/>
      <nite:child href="TS3004b.A.words.xml#id(TS3004b.A.words1075)"/>
   </ae>
   <ae nite:id="TS3004b.A.argumentstructs.13">
      <nite:pointer role="type"  href="ae-types.xml#id(ae_6)"/>
      <nite:child href="TS3004b.A.words.xml#id(TS3004b.A.words1088)..id(TS3004b.A.words1090)"/>
      <nite:child href="TS3004b.A.words.xml#id(TS3004b.A.words1092)..id(TS3004b.A.words1111)"/>
      <nite:child href="TS3004b.A.words.xml#id(TS3004b.A.words1113)..id(TS3004b.A.words1122)"/>
      <nite:child href="TS3004b.A.words.xml#id(TS3004b.A.words1124)..id(TS3004b.A.words1130)"/>
   </ae>
</nite:root>