<?xml version="1.0" encoding="ISO-8859-1" standalone="yes"?>
<nite:root nite:id="TS3005c.D.argumentstructs" xmlns:nite="http://nite.sourceforge.net/">
   <ae nite:id="TS3005c.D.argumentstructs.Daan.1">
      <nite:pointer role="type"  href="ae-types.xml#id(ae_1)"/>
      <nite:child href="TS3005c.D.words.xml#id(TS3005c.D.words1046)..id(TS3005c.D.words1062)"/>
   </ae>
   <ae nite:id="TS3005c.D.argumentstructs.Daan.2">
      <nite:pointer role="type"  href="ae-types.xml#id(ae_1)"/>
      <nite:child href="TS3005c.D.words.xml#id(TS3005c.D.words1063)..id(TS3005c.D.words1080)"/>
   </ae>
   <ae nite:id="TS3005c.D.argumentstructs.Daan.3">
      <nite:pointer role="type"  href="ae-types.xml#id(ae_1)"/>
      <nite:child href="TS3005c.D.words.xml#id(TS3005c.D.words1081)..id(TS3005c.D.words1086)"/>
   </ae>
   <ae nite:id="TS3005c.D.argumentstructs.Daan.4">
      <nite:pointer role="type"  href="ae-types.xml#id(ae_1)"/>
      <nite:child href="TS3005c.D.words.xml#id(TS3005c.D.words1090)..id(TS3005c.D.words1111)"/>
   </ae>
   <ae nite:id="TS3005c.D.argumentstructs.Daan.5">
      <nite:pointer role="type"  href="ae-types.xml#id(ae_1)"/>
      <nite:child href="TS3005c.D.words.xml#id(TS3005c.D.words1158)..id(TS3005c.D.words1189)"/>
   </ae>
   <ae nite:id="TS3005c.D.argumentstructs.Daan.6">
      <nite:pointer role="type"  href="ae-types.xml#id(ae_2)"/>
      <nite:child href="TS3005c.D.words.xml#id(TS3005c.D.words1190)..id(TS3005c.D.words1200)"/>
   </ae>
   <ae nite:id="TS3005c.D.argumentstructs.Daan.7">
      <nite:pointer role="type"  href="ae-types.xml#id(ae_1)"/>
      <nite:child href="TS3005c.D.words.xml#id(TS3005c.D.words1201)..id(TS3005c.D.words1239)"/>
   </ae>
   <ae nite:id="TS3005c.D.argumentstructs.Daan.8">
      <nite:pointer role="type"  href="ae-types.xml#id(ae_1)"/>
      <nite:child href="TS3005c.D.words.xml#id(TS3005c.D.words1240)..id(TS3005c.D.words1246)"/>
   </ae>
   <ae nite:id="TS3005c.D.argumentstructs.Daan.10">
      <nite:pointer role="type"  href="ae-types.xml#id(ae_1)"/>
      <nite:child href="TS3005c.D.words.xml#id(TS3005c.D.words1695)..id(TS3005c.D.words1704)"/>
   </ae>
   <ae nite:id="TS3005c.D.argumentstructs.Daan.11">
      <nite:pointer role="type"  href="ae-types.xml#id(ae_1)"/>
      <nite:child href="TS3005c.D.words.xml#id(TS3005c.D.words1705)..id(TS3005c.D.words1706)"/>
   </ae>
   <ae nite:id="TS3005c.D.argumentstructs.Daan.12">
      <nite:pointer role="type"  href="ae-types.xml#id(ae_1)"/>
      <nite:child href="TS3005c.D.words.xml#id(TS3005c.D.words1707)..id(TS3005c.D.words1718)"/>
   </ae>
   <ae nite:id="TS3005c.D.argumentstructs.Daan.15">
      <nite:pointer role="type"  href="ae-types.xml#id(ae_1)"/>
      <nite:child href="TS3005c.D.words.xml#id(TS3005c.D.words1731)..id(TS3005c.D.words1752)"/>
   </ae>
   <ae nite:id="TS3005c.D.argumentstructs.Daan.16">
      <nite:pointer role="type"  href="ae-types.xml#id(ae_1)"/>
      <nite:child href="TS3005c.D.words.xml#id(TS3005c.D.words1756)..id(TS3005c.D.words1760)"/>
   </ae>
   <ae nite:id="TS3005c.D.argumentstructs.Daan.17">
      <nite:pointer role="type"  href="ae-types.xml#id(ae_1)"/>
      <nite:child href="TS3005c.D.words.xml#id(TS3005c.D.words1895)..id(TS3005c.D.words1908)"/>
   </ae>
   <ae nite:id="TS3005c.D.argumentstructs.Daan.18">
      <nite:pointer role="type"  href="ae-types.xml#id(ae_1)"/>
      <nite:child href="TS3005c.D.words.xml#id(TS3005c.D.words1909)..id(TS3005c.D.words1921)"/>
   </ae>
   <ae nite:id="TS3005c.D.argumentstructs.Daan.19">
      <nite:pointer role="type"  href="ae-types.xml#id(ae_1)"/>
      <nite:child href="TS3005c.D.words.xml#id(TS3005c.D.words1931)..id(TS3005c.D.words1942)"/>
   </ae>
   <ae nite:id="TS3005c.D.argumentstructs.Daan.20">
      <nite:pointer role="type"  href="ae-types.xml#id(ae_1)"/>
      <nite:child href="TS3005c.D.words.xml#id(TS3005c.D.words1943)..id(TS3005c.D.words1953)"/>
   </ae>
   <ae nite:id="TS3005c.D.argumentstructs.Daan.22">
      <nite:pointer role="type"  href="ae-types.xml#id(ae_1)"/>
      <nite:child href="TS3005c.D.words.xml#id(TS3005c.D.words1954)..id(TS3005c.D.words1971)"/>
   </ae>
   <ae nite:id="TS3005c.D.argumentstructs.Daan.23">
      <nite:pointer role="type"  href="ae-types.xml#id(ae_1)"/>
      <nite:child href="TS3005c.D.words.xml#id(TS3005c.D.words1972)..id(TS3005c.D.words1980)"/>
   </ae>
   <ae nite:id="TS3005c.D.argumentstructs.Daan.24">
      <nite:pointer role="type"  href="ae-types.xml#id(ae_1)"/>
      <nite:child href="TS3005c.D.words.xml#id(TS3005c.D.words1981)..id(TS3005c.D.words2015)"/>
   </ae>
   <ae nite:id="TS3005c.D.argumentstructs.Daan.25">
      <nite:pointer role="type"  href="ae-types.xml#id(ae_1)"/>
      <nite:child href="TS3005c.D.words.xml#id(TS3005c.D.words2016)..id(TS3005c.D.words2027)"/>
   </ae>
   <ae nite:id="TS3005c.D.argumentstructs.Daan.26">
      <nite:pointer role="type"  href="ae-types.xml#id(ae_1)"/>
      <nite:child href="TS3005c.D.words.xml#id(TS3005c.D.words2046)..id(TS3005c.D.words2069)"/>
   </ae>
   <ae nite:id="TS3005c.D.argumentstructs.27">
      <nite:pointer role="type"  href="ae-types.xml#id(ae_6)"/>
      <nite:child href="TS3005c.D.words.xml#id(TS3005c.D.words1087)..id(TS3005c.D.words1088)"/>
   </ae>
   <ae nite:id="TS3005c.D.argumentstructs.28">
      <nite:pointer role="type"  href="ae-types.xml#id(ae_6)"/>
      <nite:child href="TS3005c.D.words.xml#id(TS3005c.D.words1152)..id(TS3005c.D.words1156)"/>
   </ae>
   <ae nite:id="TS3005c.D.argumentstructs.29">
      <nite:pointer role="type"  href="ae-types.xml#id(ae_6)"/>
      <nite:child href="TS3005c.D.words.xml#id(TS3005c.D.words1247)..id(TS3005c.D.words1248)"/>
   </ae>
   <ae nite:id="TS3005c.D.argumentstructs.30">
      <nite:pointer role="type"  href="ae-types.xml#id(ae_6)"/>
      <nite:child href="TS3005c.D.words.xml#id(TS3005c.D.words1685)..id(TS3005c.D.words1693)"/>
   </ae>
   <ae nite:id="TS3005c.D.argumentstructs.31">
      <nite:pointer role="type"  href="ae-types.xml#id(ae_6)"/>
      <nite:child href="TS3005c.D.words.xml#id(TS3005c.D.words1719)..id(TS3005c.D.words1729)"/>
   </ae>
   <ae nite:id="TS3005c.D.argumentstructs.32">
      <nite:pointer role="type"  href="ae-types.xml#id(ae_6)"/>
      <nite:child href="TS3005c.D.words.xml#id(TS3005c.D.words1753)..id(TS3005c.D.words1755)"/>
   </ae>
   <ae nite:id="TS3005c.D.argumentstructs.33">
      <nite:pointer role="type"  href="ae-types.xml#id(ae_6)"/>
      <nite:child href="TS3005c.D.words.xml#id(TS3005c.D.words1922)..id(TS3005c.D.words1929)"/>
   </ae>
   <ae nite:id="TS3005c.D.argumentstructs.34">
      <nite:pointer role="type"  href="ae-types.xml#id(ae_6)"/>
      <nite:child href="TS3005c.D.words.xml#id(TS3005c.D.words2028)..id(TS3005c.D.words2045)"/>
   </ae>
</nite:root>