<?xml version="1.0" encoding="ISO-8859-1" standalone="yes"?>
<nite:root nite:id="TS3005a.B.argumentstructs" xmlns:nite="http://nite.sourceforge.net/">
   <ae nite:id="TS3005a.B.argumentstructs.Daan.1">
      <nite:pointer role="type"  href="ae-types.xml#id(ae_1)"/>
      <nite:child href="TS3005a.B.words.xml#id(TS3005a.B.words220)..id(TS3005a.B.words232)"/>
   </ae>
   <ae nite:id="TS3005a.B.argumentstructs.Daan.2">
      <nite:pointer role="type"  href="ae-types.xml#id(ae_1)"/>
      <nite:child href="TS3005a.B.words.xml#id(TS3005a.B.words236)..id(TS3005a.B.words261)"/>
   </ae>
   <ae nite:id="TS3005a.B.argumentstructs.Daan.3">
      <nite:pointer role="type"  href="ae-types.xml#id(ae_1)"/>
      <nite:child href="TS3005a.B.words.xml#id(TS3005a.B.words264)..id(TS3005a.B.words271)"/>
   </ae>
   <ae nite:id="TS3005a.B.argumentstructs.Daan.4">
      <nite:pointer role="type"  href="ae-types.xml#id(ae_2)"/>
      <nite:child href="TS3005a.B.words.xml#id(TS3005a.B.words272)..id(TS3005a.B.words276)"/>
   </ae>
   <ae nite:id="TS3005a.B.argumentstructs.Daan.5">
      <nite:pointer role="type"  href="ae-types.xml#id(ae_1)"/>
      <nite:child href="TS3005a.B.words.xml#id(TS3005a.B.words277)..id(TS3005a.B.words287)"/>
   </ae>
   <ae nite:id="TS3005a.B.argumentstructs.Daan.6">
      <nite:pointer role="type"  href="ae-types.xml#id(ae_1)"/>
      <nite:child href="TS3005a.B.words.xml#id(TS3005a.B.words302)..id(TS3005a.B.words305)"/>
   </ae>
   <ae nite:id="TS3005a.B.argumentstructs.Daan.7">
      <nite:pointer role="type"  href="ae-types.xml#id(ae_1)"/>
      <nite:child href="TS3005a.B.words.xml#id(TS3005a.B.words308)..id(TS3005a.B.words339)"/>
   </ae>
   <ae nite:id="TS3005a.B.argumentstructs.8">
      <nite:pointer role="type"  href="ae-types.xml#id(ae_6)"/>
      <nite:child href="TS3005a.B.words.xml#id(TS3005a.B.words207)..id(TS3005a.B.words211)"/>
      <nite:child href="TS3005a.B.words.xml#id(TS3005a.B.words213)..id(TS3005a.B.words218)"/>
   </ae>
   <ae nite:id="TS3005a.B.argumentstructs.9">
      <nite:pointer role="type"  href="ae-types.xml#id(ae_6)"/>
      <nite:child href="TS3005a.B.words.xml#id(TS3005a.B.words234)..id(TS3005a.B.words235)"/>
   </ae>
   <ae nite:id="TS3005a.B.argumentstructs.10">
      <nite:pointer role="type"  href="ae-types.xml#id(ae_6)"/>
      <nite:child href="TS3005a.B.words.xml#id(TS3005a.B.words262)..id(TS3005a.B.words263)"/>
   </ae>
   <ae nite:id="TS3005a.B.argumentstructs.11">
      <nite:pointer role="type"  href="ae-types.xml#id(ae_6)"/>
      <nite:child href="TS3005a.B.words.xml#id(TS3005a.B.words288)..id(TS3005a.B.words289)"/>
      <nite:child href="TS3005a.B.words.xml#id(TS3005a.B.words291)..id(TS3005a.B.words298)"/>
      <nite:child href="TS3005a.B.words.xml#id(TS3005a.B.words300)"/>
   </ae>
   <ae nite:id="TS3005a.B.argumentstructs.12">
      <nite:pointer role="type"  href="ae-types.xml#id(ae_6)"/>
      <nite:child href="TS3005a.B.words.xml#id(TS3005a.B.words306)..id(TS3005a.B.words307)"/>
   </ae>
   <ae nite:id="TS3005a.B.argumentstructs.13">
      <nite:pointer role="type"  href="ae-types.xml#id(ae_6)"/>
      <nite:child href="TS3005a.B.words.xml#id(TS3005a.B.words340)..id(TS3005a.B.words342)"/>
   </ae>
</nite:root>