<?xml version="1.0" encoding="ISO-8859-1" standalone="yes"?>
<nite:root nite:id="TS3005a.C.argumentstructs" xmlns:nite="http://nite.sourceforge.net/">
   <ae nite:id="TS3005a.C.argumentstructs.Daan.1">
      <nite:pointer role="type"  href="ae-types.xml#id(ae_1)"/>
      <nite:child href="TS3005a.C.words.xml#id(TS3005a.C.words151)..id(TS3005a.C.words176)"/>
   </ae>
   <ae nite:id="TS3005a.C.argumentstructs.Daan.2">
      <nite:pointer role="type"  href="ae-types.xml#id(ae_1)"/>
      <nite:child href="TS3005a.C.words.xml#id(TS3005a.C.words177)..id(TS3005a.C.words180)"/>
   </ae>
   <ae nite:id="TS3005a.C.argumentstructs.Daan.3">
      <nite:pointer role="type"  href="ae-types.xml#id(ae_1)"/>
      <nite:child href="TS3005a.C.words.xml#id(TS3005a.C.words186)..id(TS3005a.C.words188)"/>
   </ae>
   <ae nite:id="TS3005a.C.argumentstructs.Daan.4">
      <nite:pointer role="type"  href="ae-types.xml#id(ae_1)"/>
      <nite:child href="TS3005a.C.words.xml#id(TS3005a.C.words189)..id(TS3005a.C.words200)"/>
   </ae>
   <ae nite:id="TS3005a.C.argumentstructs.Daan.5">
      <nite:pointer role="type"  href="ae-types.xml#id(ae_1)"/>
      <nite:child href="TS3005a.C.words.xml#id(TS3005a.C.words203)..id(TS3005a.C.words220)"/>
   </ae>
   <ae nite:id="TS3005a.C.argumentstructs.Daan.6">
      <nite:pointer role="type"  href="ae-types.xml#id(ae_1)"/>
      <nite:child href="TS3005a.C.words.xml#id(TS3005a.C.words222)..id(TS3005a.C.words265)"/>
   </ae>
   <ae nite:id="TS3005a.C.argumentstructs.Daan.7">
      <nite:pointer role="type"  href="ae-types.xml#id(ae_1)"/>
      <nite:child href="TS3005a.C.words.xml#id(TS3005a.C.words266)..id(TS3005a.C.words374)"/>
   </ae>
   <ae nite:id="TS3005a.C.argumentstructs.8">
      <nite:pointer role="type"  href="ae-types.xml#id(ae_6)"/>
      <nite:child href="TS3005a.C.words.xml#id(TS3005a.C.words184)..id(TS3005a.C.words185)"/>
   </ae>
   <ae nite:id="TS3005a.C.argumentstructs.9">
      <nite:pointer role="type"  href="ae-types.xml#id(ae_6)"/>
      <nite:child href="TS3005a.C.words.xml#id(TS3005a.C.words201)..id(TS3005a.C.words202)"/>
   </ae>
   <ae nite:id="TS3005a.C.argumentstructs.10">
      <nite:pointer role="type"  href="ae-types.xml#id(ae_6)"/>
      <nite:child href="TS3005a.C.words.xml#id(TS3005a.C.words375)..id(TS3005a.C.words386)"/>
      <nite:child href="TS3005a.C.words.xml#id(TS3005a.C.words388)..id(TS3005a.C.words392)"/>
      <nite:child href="TS3005a.C.words.xml#id(TS3005a.C.words394)..id(TS3005a.C.words400)"/>
   </ae>
</nite:root>