<?xml version="1.0" encoding="ISO-8859-1" standalone="yes"?>
<nite:root nite:id="TS3004b.B.argumentstructs" xmlns:nite="http://nite.sourceforge.net/">
   <ae nite:id="TS3004b.B.argumentstructs.Daan.1">
      <nite:pointer role="type"  href="ae-types.xml#id(ae_1)"/>
      <nite:child href="TS3004b.B.words.xml#id(TS3004b.B.words68)..id(TS3004b.B.words90)"/>
   </ae>
   <ae nite:id="TS3004b.B.argumentstructs.Daan.2">
      <nite:pointer role="type"  href="ae-types.xml#id(ae_1)"/>
      <nite:child href="TS3004b.B.words.xml#id(TS3004b.B.words121)..id(TS3004b.B.words181)"/>
   </ae>
   <ae nite:id="TS3004b.B.argumentstructs.Daan.3">
      <nite:pointer role="type"  href="ae-types.xml#id(ae_5)"/>
      <nite:child href="TS3004b.B.words.xml#id(TS3004b.B.words1239)..id(TS3004b.B.words1252)"/>
   </ae>
   <ae nite:id="TS3004b.B.argumentstructs.Daan.4">
      <nite:pointer role="type"  href="ae-types.xml#id(ae_1)"/>
      <nite:child href="TS3004b.B.words.xml#id(TS3004b.B.words1267)..id(TS3004b.B.words1287)"/>
   </ae>
   <ae nite:id="TS3004b.B.argumentstructs.Daan.5">
      <nite:pointer role="type"  href="ae-types.xml#id(ae_1)"/>
      <nite:child href="TS3004b.B.words.xml#id(TS3004b.B.words1308)..id(TS3004b.B.words1324)"/>
   </ae>
   <ae nite:id="TS3004b.B.argumentstructs.Daan.6">
      <nite:pointer role="type"  href="ae-types.xml#id(ae_1)"/>
      <nite:child href="TS3004b.B.words.xml#id(TS3004b.B.words1325)..id(TS3004b.B.words1335)"/>
   </ae>
   <ae nite:id="TS3004b.B.argumentstructs.7">
      <nite:pointer role="type"  href="ae-types.xml#id(ae_6)"/>
      <nite:child href="TS3004b.B.words.xml#id(TS3004b.B.words66)..id(TS3004b.B.words67)"/>
   </ae>
   <ae nite:id="TS3004b.B.argumentstructs.8">
      <nite:pointer role="type"  href="ae-types.xml#id(ae_6)"/>
      <nite:child href="TS3004b.B.words.xml#id(TS3004b.B.words105)..id(TS3004b.B.words110)"/>
      <nite:child href="TS3004b.B.words.xml#id(TS3004b.B.words112)..id(TS3004b.B.words115)"/>
      <nite:child href="TS3004b.B.words.xml#id(TS3004b.B.words117)"/>
      <nite:child href="TS3004b.B.words.xml#id(TS3004b.B.words119)..id(TS3004b.B.words120)"/>
   </ae>
   <ae nite:id="TS3004b.B.argumentstructs.9">
      <nite:pointer role="type"  href="ae-types.xml#id(ae_6)"/>
      <nite:child href="TS3004b.B.words.xml#id(TS3004b.B.words1253)"/>
      <nite:child href="TS3004b.B.words.xml#id(TS3004b.B.words1255)..id(TS3004b.B.words1258)"/>
      <nite:child href="TS3004b.B.words.xml#id(TS3004b.B.words1260)..id(TS3004b.B.words1263)"/>
      <nite:child href="TS3004b.B.words.xml#id(TS3004b.B.words1265)..id(TS3004b.B.words1266)"/>
   </ae>
   <ae nite:id="TS3004b.B.argumentstructs.10">
      <nite:pointer role="type"  href="ae-types.xml#id(ae_6)"/>
      <nite:child href="TS3004b.B.words.xml#id(TS3004b.B.words1288)"/>
      <nite:child href="TS3004b.B.words.xml#id(TS3004b.B.words1291)..id(TS3004b.B.words1303)"/>
      <nite:child href="TS3004b.B.words.xml#id(TS3004b.B.words1306)..id(TS3004b.B.words1307)"/>
   </ae>
</nite:root>