<?xml version="1.0" encoding="ISO-8859-1" standalone="yes"?>
<nite:root nite:id="TS3003c.B.argumentstructs" xmlns:nite="http://nite.sourceforge.net/">
   <ae nite:id="TS3003c.B.argumentstructs.Daan.1">
      <nite:pointer role="type"  href="ae-types.xml#id(ae_5)"/>
      <nite:child href="TS3003c.B.words.xml#id(TS3003c.B.words776)..id(TS3003c.B.words790)"/>
   </ae>
   <ae nite:id="TS3003c.B.argumentstructs.Daan.2">
      <nite:pointer role="type"  href="ae-types.xml#id(ae_1)"/>
      <nite:child href="TS3003c.B.words.xml#id(TS3003c.B.words793)..id(TS3003c.B.words847)"/>
   </ae>
   <ae nite:id="TS3003c.B.argumentstructs.Daan.3">
      <nite:pointer role="type"  href="ae-types.xml#id(ae_1)"/>
      <nite:child href="TS3003c.B.words.xml#id(TS3003c.B.words850)..id(TS3003c.B.words856)"/>
   </ae>
   <ae nite:id="TS3003c.B.argumentstructs.Daan.4">
      <nite:pointer role="type"  href="ae-types.xml#id(ae_1)"/>
      <nite:child href="TS3003c.B.words.xml#id(TS3003c.B.words929)..id(TS3003c.B.words973)"/>
   </ae>
   <ae nite:id="TS3003c.B.argumentstructs.Daan.5">
      <nite:pointer role="type"  href="ae-types.xml#id(ae_1)"/>
      <nite:child href="TS3003c.B.words.xml#id(TS3003c.B.words974)..id(TS3003c.B.words1006)"/>
   </ae>
   <ae nite:id="TS3003c.B.argumentstructs.6">
      <nite:pointer role="type"  href="ae-types.xml#id(ae_6)"/>
      <nite:child href="TS3003c.B.words.xml#id(TS3003c.B.words770)..id(TS3003c.B.words771)"/>
      <nite:child href="TS3003c.B.words.xml#id(TS3003c.B.words773)..id(TS3003c.B.words774)"/>
   </ae>
   <ae nite:id="TS3003c.B.argumentstructs.7">
      <nite:pointer role="type"  href="ae-types.xml#id(ae_6)"/>
      <nite:child href="TS3003c.B.words.xml#id(TS3003c.B.words791)..id(TS3003c.B.words792)"/>
   </ae>
   <ae nite:id="TS3003c.B.argumentstructs.8">
      <nite:pointer role="type"  href="ae-types.xml#id(ae_6)"/>
      <nite:child href="TS3003c.B.words.xml#id(TS3003c.B.words848)..id(TS3003c.B.words849)"/>
   </ae>
   <ae nite:id="TS3003c.B.argumentstructs.9">
      <nite:pointer role="type"  href="ae-types.xml#id(ae_6)"/>
      <nite:child href="TS3003c.B.words.xml#id(TS3003c.B.words921)..id(TS3003c.B.words928)"/>
   </ae>
   <ae nite:id="TS3003c.B.argumentstructs.10">
      <nite:pointer role="type"  href="ae-types.xml#id(ae_6)"/>
      <nite:child href="TS3003c.B.words.xml#id(TS3003c.B.words1007)..id(TS3003c.B.words1012)"/>
      <nite:child href="TS3003c.B.words.xml#id(TS3003c.B.words1014)..id(TS3003c.B.words1015)"/>
   </ae>
</nite:root>