<?xml version="1.0" encoding="ISO-8859-1" standalone="yes"?>
<nite:root nite:id="TS3006a.B.argumentstructs" xmlns:nite="http://nite.sourceforge.net/">
   <ae nite:id="TS3006a.B.argumentstructs.Daan.1">
      <nite:pointer role="type"  href="ae-types.xml#id(ae_1)"/>
      <nite:child href="TS3006a.B.words.xml#id(TS3006a.B.words475)..id(TS3006a.B.words497)"/>
   </ae>
   <ae nite:id="TS3006a.B.argumentstructs.2">
      <nite:pointer role="type"  href="ae-types.xml#id(ae_6)"/>
      <nite:child href="TS3006a.B.words.xml#id(TS3006a.B.words471)..id(TS3006a.B.words474)"/>
   </ae>
   <ae nite:id="TS3006a.B.argumentstructs.3">
      <nite:pointer role="type"  href="ae-types.xml#id(ae_6)"/>
      <nite:child href="TS3006a.B.words.xml#id(TS3006a.B.words498)..id(TS3006a.B.words501)"/>
   </ae>
</nite:root>