<?xml version="1.0" encoding="ISO-8859-1" standalone="yes"?>
<nite:root nite:id="TS3004b.C.argumentstructs" xmlns:nite="http://nite.sourceforge.net/">
   <ae nite:id="TS3004b.C.argumentstructs.Daan.1">
      <nite:pointer role="type"  href="ae-types.xml#id(ae_1)"/>
      <nite:child href="TS3004b.C.words.xml#id(TS3004b.C.words37)..id(TS3004b.C.words60)"/>
   </ae>
   <ae nite:id="TS3004b.C.argumentstructs.Daan.2">
      <nite:pointer role="type"  href="ae-types.xml#id(ae_1)"/>
      <nite:child href="TS3004b.C.words.xml#id(TS3004b.C.words493)..id(TS3004b.C.words537)"/>
   </ae>
   <ae nite:id="TS3004b.C.argumentstructs.Daan.3">
      <nite:pointer role="type"  href="ae-types.xml#id(ae_2)"/>
      <nite:child href="TS3004b.C.words.xml#id(TS3004b.C.words538)..id(TS3004b.C.words555)"/>
   </ae>
   <ae nite:id="TS3004b.C.argumentstructs.Daan.4">
      <nite:pointer role="type"  href="ae-types.xml#id(ae_1)"/>
      <nite:child href="TS3004b.C.words.xml#id(TS3004b.C.words558)..id(TS3004b.C.words566)"/>
   </ae>
   <ae nite:id="TS3004b.C.argumentstructs.Daan.5">
      <nite:pointer role="type"  href="ae-types.xml#id(ae_2)"/>
      <nite:child href="TS3004b.C.words.xml#id(TS3004b.C.words569)..id(TS3004b.C.words588)"/>
   </ae>
   <ae nite:id="TS3004b.C.argumentstructs.Daan.6">
      <nite:pointer role="type"  href="ae-types.xml#id(ae_1)"/>
      <nite:child href="TS3004b.C.words.xml#id(TS3004b.C.words615)..id(TS3004b.C.words629)"/>
   </ae>
   <ae nite:id="TS3004b.C.argumentstructs.Daan.7">
      <nite:pointer role="type"  href="ae-types.xml#id(ae_1)"/>
      <nite:child href="TS3004b.C.words.xml#id(TS3004b.C.words630)..id(TS3004b.C.words639)"/>
   </ae>
   <ae nite:id="TS3004b.C.argumentstructs.8">
      <nite:pointer role="type"  href="ae-types.xml#id(ae_6)"/>
      <nite:child href="TS3004b.C.words.xml#id(TS3004b.C.words33)..id(TS3004b.C.words34)"/>
   </ae>
   <ae nite:id="TS3004b.C.argumentstructs.9">
      <nite:pointer role="type"  href="ae-types.xml#id(ae_6)"/>
      <nite:child href="TS3004b.C.words.xml#id(TS3004b.C.words61)..id(TS3004b.C.words62)"/>
   </ae>
   <ae nite:id="TS3004b.C.argumentstructs.10">
      <nite:pointer role="type"  href="ae-types.xml#id(ae_6)"/>
      <nite:child href="TS3004b.C.words.xml#id(TS3004b.C.words556)..id(TS3004b.C.words557)"/>
   </ae>
   <ae nite:id="TS3004b.C.argumentstructs.11">
      <nite:pointer role="type"  href="ae-types.xml#id(ae_6)"/>
      <nite:child href="TS3004b.C.words.xml#id(TS3004b.C.words567)..id(TS3004b.C.words568)"/>
   </ae>
   <ae nite:id="TS3004b.C.argumentstructs.12">
      <nite:pointer role="type"  href="ae-types.xml#id(ae_6)"/>
      <nite:child href="TS3004b.C.words.xml#id(TS3004b.C.words589)..id(TS3004b.C.words592)"/>
      <nite:child href="TS3004b.C.words.xml#id(TS3004b.C.words594)..id(TS3004b.C.words602)"/>
      <nite:child href="TS3004b.C.words.xml#id(TS3004b.C.words604)..id(TS3004b.C.words605)"/>
      <nite:child href="TS3004b.C.words.xml#id(TS3004b.C.words607)..id(TS3004b.C.words613)"/>
   </ae>
   <ae nite:id="TS3004b.C.argumentstructs.13">
      <nite:pointer role="type"  href="ae-types.xml#id(ae_6)"/>
      <nite:child href="TS3004b.C.words.xml#id(TS3004b.C.words640)"/>
   </ae>
</nite:root>