<?xml version="1.0" encoding="ISO-8859-1" standalone="yes"?>
<nite:root nite:id="TS3004a.A.argumentstructs" xmlns:nite="http://nite.sourceforge.net/">
   <ae nite:id="TS3004a.A.argumentstructs.Daan.1">
      <nite:pointer role="type"  href="ae-types.xml#id(ae_1)"/>
      <nite:child href="TS3004a.A.words.xml#id(TS3004a.A.words1195)..id(TS3004a.A.words1211)"/>
   </ae>
   <ae nite:id="TS3004a.A.argumentstructs.Daan.2">
      <nite:pointer role="type"  href="ae-types.xml#id(ae_2)"/>
      <nite:child href="TS3004a.A.words.xml#id(TS3004a.A.words1212)..id(TS3004a.A.words1236)"/>
   </ae>
   <ae nite:id="TS3004a.A.argumentstructs.Daan.3">
      <nite:pointer role="type"  href="ae-types.xml#id(ae_1)"/>
      <nite:child href="TS3004a.A.words.xml#id(TS3004a.A.words1237)..id(TS3004a.A.words1255)"/>
   </ae>
   <ae nite:id="TS3004a.A.argumentstructs.Daan.4">
      <nite:pointer role="type"  href="ae-types.xml#id(ae_1)"/>
      <nite:child href="TS3004a.A.words.xml#id(TS3004a.A.words1256)..id(TS3004a.A.words1271)"/>
   </ae>
   <ae nite:id="TS3004a.A.argumentstructs.Daan.5">
      <nite:pointer role="type"  href="ae-types.xml#id(ae_1)"/>
      <nite:child href="TS3004a.A.words.xml#id(TS3004a.A.words1272)..id(TS3004a.A.words1276)"/>
   </ae>
   <ae nite:id="TS3004a.A.argumentstructs.Daan.6">
      <nite:pointer role="type"  href="ae-types.xml#id(ae_1)"/>
      <nite:child href="TS3004a.A.words.xml#id(TS3004a.A.words1469)..id(TS3004a.A.words1495)"/>
   </ae>
   <ae nite:id="TS3004a.A.argumentstructs.Daan.7">
      <nite:pointer role="type"  href="ae-types.xml#id(ae_3)"/>
      <nite:child href="TS3004a.A.words.xml#id(TS3004a.A.words1496)..id(TS3004a.A.words1510)"/>
   </ae>
   <ae nite:id="TS3004a.A.argumentstructs.Daan.8">
      <nite:pointer role="type"  href="ae-types.xml#id(ae_1)"/>
      <nite:child href="TS3004a.A.words.xml#id(TS3004a.A.words1515)..id(TS3004a.A.words1544)"/>
   </ae>
   <ae nite:id="TS3004a.A.argumentstructs.Daan.9">
      <nite:pointer role="type"  href="ae-types.xml#id(ae_1)"/>
      <nite:child href="TS3004a.A.words.xml#id(TS3004a.A.words1545)..id(TS3004a.A.words1551)"/>
   </ae>
   <ae nite:id="TS3004a.A.argumentstructs.Daan.10">
      <nite:pointer role="type"  href="ae-types.xml#id(ae_1)"/>
      <nite:child href="TS3004a.A.words.xml#id(TS3004a.A.words1552)..id(TS3004a.A.words1561)"/>
   </ae>
   <ae nite:id="TS3004a.A.argumentstructs.11">
      <nite:pointer role="type"  href="ae-types.xml#id(ae_6)"/>
      <nite:child href="TS3004a.A.words.xml#id(TS3004a.A.words1187)..id(TS3004a.A.words1194)"/>
   </ae>
   <ae nite:id="TS3004a.A.argumentstructs.12">
      <nite:pointer role="type"  href="ae-types.xml#id(ae_6)"/>
      <nite:child href="TS3004a.A.words.xml#id(TS3004a.A.words1511)..id(TS3004a.A.words1513)"/>
   </ae>
</nite:root>