<?xml version="1.0" encoding="ISO-8859-1" standalone="yes"?>
<nite:root nite:id="TS3004c.B.argumentstructs" xmlns:nite="http://nite.sourceforge.net/">
   <ae nite:id="TS3004c.B.argumentstructs.Daan.1">
      <nite:pointer role="type"  href="ae-types.xml#id(ae_1)"/>
      <nite:child href="TS3004c.B.words.xml#id(TS3004c.B.words1132)..id(TS3004c.B.words1151)"/>
   </ae>
   <ae nite:id="TS3004c.B.argumentstructs.Daan.2">
      <nite:pointer role="type"  href="ae-types.xml#id(ae_5)"/>
      <nite:child href="TS3004c.B.words.xml#id(TS3004c.B.words1156)..id(TS3004c.B.words1182)"/>
   </ae>
   <ae nite:id="TS3004c.B.argumentstructs.Daan.3">
      <nite:pointer role="type"  href="ae-types.xml#id(ae_1)"/>
      <nite:child href="TS3004c.B.words.xml#id(TS3004c.B.words1187)..id(TS3004c.B.words1196)"/>
   </ae>
   <ae nite:id="TS3004c.B.argumentstructs.Daan.4">
      <nite:pointer role="type"  href="ae-types.xml#id(ae_1)"/>
      <nite:child href="TS3004c.B.words.xml#id(TS3004c.B.words1200)..id(TS3004c.B.words1232)"/>
   </ae>
   <ae nite:id="TS3004c.B.argumentstructs.Daan.5">
      <nite:pointer role="type"  href="ae-types.xml#id(ae_1)"/>
      <nite:child href="TS3004c.B.words.xml#id(TS3004c.B.words1244)..id(TS3004c.B.words1254)"/>
   </ae>
   <ae nite:id="TS3004c.B.argumentstructs.Daan.7">
      <nite:pointer role="type"  href="ae-types.xml#id(ae_1)"/>
      <nite:child href="TS3004c.B.words.xml#id(TS3004c.B.words1274)..id(TS3004c.B.words1283)"/>
   </ae>
   <ae nite:id="TS3004c.B.argumentstructs.Daan.8">
      <nite:pointer role="type"  href="ae-types.xml#id(ae_1)"/>
      <nite:child href="TS3004c.B.words.xml#id(TS3004c.B.words1470)..id(TS3004c.B.words1473)"/>
   </ae>
   <ae nite:id="TS3004c.B.argumentstructs.Daan.9">
      <nite:pointer role="type"  href="ae-types.xml#id(ae_1)"/>
      <nite:child href="TS3004c.B.words.xml#id(TS3004c.B.words1474)..id(TS3004c.B.words1479)"/>
   </ae>
   <ae nite:id="TS3004c.B.argumentstructs.Daan.10">
      <nite:pointer role="type"  href="ae-types.xml#id(ae_1)"/>
      <nite:child href="TS3004c.B.words.xml#id(TS3004c.B.words1480)..id(TS3004c.B.words1492)"/>
   </ae>
   <ae nite:id="TS3004c.B.argumentstructs.Daan.11">
      <nite:pointer role="type"  href="ae-types.xml#id(ae_1)"/>
      <nite:child href="TS3004c.B.words.xml#id(TS3004c.B.words1493)..id(TS3004c.B.words1502)"/>
   </ae>
   <ae nite:id="TS3004c.B.argumentstructs.12">
      <nite:pointer role="type"  href="ae-types.xml#id(ae_6)"/>
      <nite:child href="TS3004c.B.words.xml#id(TS3004c.B.words1120)"/>
      <nite:child href="TS3004c.B.words.xml#id(TS3004c.B.words1123)..id(TS3004c.B.words1125)"/>
      <nite:child href="TS3004c.B.words.xml#id(TS3004c.B.words1127)..id(TS3004c.B.words1130)"/>
   </ae>
   <ae nite:id="TS3004c.B.argumentstructs.13">
      <nite:pointer role="type"  href="ae-types.xml#id(ae_6)"/>
      <nite:child href="TS3004c.B.words.xml#id(TS3004c.B.words1152)..id(TS3004c.B.words1155)"/>
   </ae>
   <ae nite:id="TS3004c.B.argumentstructs.14">
      <nite:pointer role="type"  href="ae-types.xml#id(ae_6)"/>
      <nite:child href="TS3004c.B.words.xml#id(TS3004c.B.words1183)..id(TS3004c.B.words1185)"/>
   </ae>
   <ae nite:id="TS3004c.B.argumentstructs.15">
      <nite:pointer role="type"  href="ae-types.xml#id(ae_6)"/>
      <nite:child href="TS3004c.B.words.xml#id(TS3004c.B.words1198)..id(TS3004c.B.words1199)"/>
   </ae>
   <ae nite:id="TS3004c.B.argumentstructs.16">
      <nite:pointer role="type"  href="ae-types.xml#id(ae_6)"/>
      <nite:child href="TS3004c.B.words.xml#id(TS3004c.B.words1233)..id(TS3004c.B.words1243)"/>
   </ae>
   <ae nite:id="TS3004c.B.argumentstructs.17">
      <nite:pointer role="type"  href="ae-types.xml#id(ae_6)"/>
      <nite:child href="TS3004c.B.words.xml#id(TS3004c.B.words1255)..id(TS3004c.B.words1267)"/>
      <nite:child href="TS3004c.B.words.xml#id(TS3004c.B.words1269)..id(TS3004c.B.words1272)"/>
   </ae>
   <ae nite:id="TS3004c.B.argumentstructs.18">
      <nite:pointer role="type"  href="ae-types.xml#id(ae_6)"/>
      <nite:child href="TS3004c.B.words.xml#id(TS3004c.B.words1460)..id(TS3004c.B.words1468)"/>
   </ae>
</nite:root>