<?xml version="1.0" encoding="ISO-8859-1" standalone="yes"?>
<nite:root nite:id="TS3004a.D.argumentstructs" xmlns:nite="http://nite.sourceforge.net/">
   <ae nite:id="TS3004a.D.argumentstructs.Daan.1">
      <nite:pointer role="type"  href="ae-types.xml#id(ae_5)"/>
      <nite:child href="TS3004a.D.words.xml#id(TS3004a.D.words257)..id(TS3004a.D.words274)"/>
   </ae>
   <ae nite:id="TS3004a.D.argumentstructs.Daan.2">
      <nite:pointer role="type"  href="ae-types.xml#id(ae_1)"/>
      <nite:child href="TS3004a.D.words.xml#id(TS3004a.D.words275)..id(TS3004a.D.words296)"/>
   </ae>
   <ae nite:id="TS3004a.D.argumentstructs.Daan.3">
      <nite:pointer role="type"  href="ae-types.xml#id(ae_1)"/>
      <nite:child href="TS3004a.D.words.xml#id(TS3004a.D.words304)..id(TS3004a.D.words323)"/>
   </ae>
   <ae nite:id="TS3004a.D.argumentstructs.Daan.4">
      <nite:pointer role="type"  href="ae-types.xml#id(ae_1)"/>
      <nite:child href="TS3004a.D.words.xml#id(TS3004a.D.words324)..id(TS3004a.D.words328)"/>
   </ae>
   <ae nite:id="TS3004a.D.argumentstructs.Daan.5">
      <nite:pointer role="type"  href="ae-types.xml#id(ae_1)"/>
      <nite:child href="TS3004a.D.words.xml#id(TS3004a.D.words554)..id(TS3004a.D.words559)"/>
   </ae>
   <ae nite:id="TS3004a.D.argumentstructs.Daan.6">
      <nite:pointer role="type"  href="ae-types.xml#id(ae_1)"/>
      <nite:child href="TS3004a.D.words.xml#id(TS3004a.D.words567)..id(TS3004a.D.words613)"/>
   </ae>
   <ae nite:id="TS3004a.D.argumentstructs.Daan.7">
      <nite:pointer role="type"  href="ae-types.xml#id(ae_1)"/>
      <nite:child href="TS3004a.D.words.xml#id(TS3004a.D.words614)..id(TS3004a.D.words624)"/>
   </ae>
   <ae nite:id="TS3004a.D.argumentstructs.Daan.8">
      <nite:pointer role="type"  href="ae-types.xml#id(ae_1)"/>
      <nite:child href="TS3004a.D.words.xml#id(TS3004a.D.words627)..id(TS3004a.D.words638)"/>
   </ae>
   <ae nite:id="TS3004a.D.argumentstructs.9">
      <nite:pointer role="type"  href="ae-types.xml#id(ae_6)"/>
      <nite:child href="TS3004a.D.words.xml#id(TS3004a.D.words297)..id(TS3004a.D.words299)"/>
      <nite:child href="TS3004a.D.words.xml#id(TS3004a.D.words301)"/>
   </ae>
   <ae nite:id="TS3004a.D.argumentstructs.10">
      <nite:pointer role="type"  href="ae-types.xml#id(ae_6)"/>
      <nite:child href="TS3004a.D.words.xml#id(TS3004a.D.words552)"/>
   </ae>
   <ae nite:id="TS3004a.D.argumentstructs.11">
      <nite:pointer role="type"  href="ae-types.xml#id(ae_6)"/>
      <nite:child href="TS3004a.D.words.xml#id(TS3004a.D.words560)..id(TS3004a.D.words564)"/>
   </ae>
   <ae nite:id="TS3004a.D.argumentstructs.12">
      <nite:pointer role="type"  href="ae-types.xml#id(ae_6)"/>
      <nite:child href="TS3004a.D.words.xml#id(TS3004a.D.words625)..id(TS3004a.D.words626)"/>
   </ae>
   <ae nite:id="TS3004a.D.argumentstructs.13">
      <nite:pointer role="type"  href="ae-types.xml#id(ae_6)"/>
      <nite:child href="TS3004a.D.words.xml#id(TS3004a.D.words639)..id(TS3004a.D.words641)"/>
   </ae>
</nite:root>