<?xml version="1.0" encoding="ISO-8859-1" standalone="yes"?>
<nite:root nite:id="TS3007b.A.argumentstructs" xmlns:nite="http://nite.sourceforge.net/">
   <ae nite:id="TS3007b.A.argumentstructs.Daan.1">
      <nite:pointer role="type"  href="ae-types.xml#id(ae_5)"/>
      <nite:child href="TS3007b.A.words.xml#id(TS3007b.A.words603)..id(TS3007b.A.words618)"/>
   </ae>
   <ae nite:id="TS3007b.A.argumentstructs.Daan.2">
      <nite:pointer role="type"  href="ae-types.xml#id(ae_1)"/>
      <nite:child href="TS3007b.A.words.xml#id(TS3007b.A.words1071)..id(TS3007b.A.words1099)"/>
   </ae>
   <ae nite:id="TS3007b.A.argumentstructs.Daan.3">
      <nite:pointer role="type"  href="ae-types.xml#id(ae_1)"/>
      <nite:child href="TS3007b.A.words.xml#id(TS3007b.A.words1104)..id(TS3007b.A.words1112)"/>
   </ae>
   <ae nite:id="TS3007b.A.argumentstructs.4">
      <nite:pointer role="type"  href="ae-types.xml#id(ae_6)"/>
      <nite:child href="TS3007b.A.words.xml#id(TS3007b.A.words468)..id(TS3007b.A.words469)"/>
   </ae>
   <ae nite:id="TS3007b.A.argumentstructs.5">
      <nite:pointer role="type"  href="ae-types.xml#id(ae_6)"/>
      <nite:child href="TS3007b.A.words.xml#id(TS3007b.A.words600)..id(TS3007b.A.words601)"/>
   </ae>
   <ae nite:id="TS3007b.A.argumentstructs.6">
      <nite:pointer role="type"  href="ae-types.xml#id(ae_6)"/>
      <nite:child href="TS3007b.A.words.xml#id(TS3007b.A.words619)..id(TS3007b.A.words622)"/>
   </ae>
   <ae nite:id="TS3007b.A.argumentstructs.7">
      <nite:pointer role="type"  href="ae-types.xml#id(ae_6)"/>
      <nite:child href="TS3007b.A.words.xml#id(TS3007b.A.words1100)..id(TS3007b.A.words1103)"/>
   </ae>
   <ae nite:id="TS3007b.A.argumentstructs.8">
      <nite:pointer role="type"  href="ae-types.xml#id(ae_6)"/>
      <nite:child href="TS3007b.A.words.xml#id(TS3007b.A.words1113)..id(TS3007b.A.words1130)"/>
   </ae>
</nite:root>