<?xml version="1.0" encoding="ISO-8859-1" standalone="yes"?>
<nite:root nite:id="TS3004b.D.argumentstructs" xmlns:nite="http://nite.sourceforge.net/">
   <ae nite:id="TS3004b.D.argumentstructs.Daan.1">
      <nite:pointer role="type"  href="ae-types.xml#id(ae_1)"/>
      <nite:child href="TS3004b.D.words.xml#id(TS3004b.D.words402)..id(TS3004b.D.words457)"/>
   </ae>
   <ae nite:id="TS3004b.D.argumentstructs.Daan.2">
      <nite:pointer role="type"  href="ae-types.xml#id(ae_1)"/>
      <nite:child href="TS3004b.D.words.xml#id(TS3004b.D.words458)..id(TS3004b.D.words490)"/>
   </ae>
   <ae nite:id="TS3004b.D.argumentstructs.Daan.3">
      <nite:pointer role="type"  href="ae-types.xml#id(ae_1)"/>
      <nite:child href="TS3004b.D.words.xml#id(TS3004b.D.words968)..id(TS3004b.D.words1018)"/>
   </ae>
   <ae nite:id="TS3004b.D.argumentstructs.Daan.4">
      <nite:pointer role="type"  href="ae-types.xml#id(ae_1)"/>
      <nite:child href="TS3004b.D.words.xml#id(TS3004b.D.words1019)..id(TS3004b.D.words1026)"/>
   </ae>
   <ae nite:id="TS3004b.D.argumentstructs.Daan.5">
      <nite:pointer role="type"  href="ae-types.xml#id(ae_1)"/>
      <nite:child href="TS3004b.D.words.xml#id(TS3004b.D.words1027)..id(TS3004b.D.words1043)"/>
   </ae>
   <ae nite:id="TS3004b.D.argumentstructs.Daan.6">
      <nite:pointer role="type"  href="ae-types.xml#id(ae_1)"/>
      <nite:child href="TS3004b.D.words.xml#id(TS3004b.D.words1198)..id(TS3004b.D.words1202)"/>
   </ae>
   <ae nite:id="TS3004b.D.argumentstructs.Daan.7">
      <nite:pointer role="type"  href="ae-types.xml#id(ae_1)"/>
      <nite:child href="TS3004b.D.words.xml#id(TS3004b.D.words1203)..id(TS3004b.D.words1217)"/>
   </ae>
   <ae nite:id="TS3004b.D.argumentstructs.8">
      <nite:pointer role="type"  href="ae-types.xml#id(ae_6)"/>
      <nite:child href="TS3004b.D.words.xml#id(TS3004b.D.words1044)..id(TS3004b.D.words1053)"/>
      <nite:child href="TS3004b.D.words.xml#id(TS3004b.D.words1055)..id(TS3004b.D.words1070)"/>
   </ae>
   <ae nite:id="TS3004b.D.argumentstructs.9">
      <nite:pointer role="type"  href="ae-types.xml#id(ae_6)"/>
      <nite:child href="TS3004b.D.words.xml#id(TS3004b.D.words1196)..id(TS3004b.D.words1197)"/>
   </ae>
   <ae nite:id="TS3004b.D.argumentstructs.10">
      <nite:pointer role="type"  href="ae-types.xml#id(ae_6)"/>
      <nite:child href="TS3004b.D.words.xml#id(TS3004b.D.words1218)..id(TS3004b.D.words1224)"/>
      <nite:child href="TS3004b.D.words.xml#id(TS3004b.D.words1226)..id(TS3004b.D.words1229)"/>
      <nite:child href="TS3004b.D.words.xml#id(TS3004b.D.words1231)..id(TS3004b.D.words1232)"/>
      <nite:child href="TS3004b.D.words.xml#id(TS3004b.D.words1234)..id(TS3004b.D.words1235)"/>
   </ae>
</nite:root>