<?xml version="1.0" encoding="ISO-8859-1" standalone="yes"?>
<nite:root nite:id="TS3005d.D.argumentstructs" xmlns:nite="http://nite.sourceforge.net/">
   <ae nite:id="TS3005d.D.argumentstructs.Daan.1">
      <nite:pointer role="type"  href="ae-types.xml#id(ae_1)"/>
      <nite:child href="TS3005d.D.words.xml#id(TS3005d.D.words1680)..id(TS3005d.D.words1686)"/>
   </ae>
   <ae nite:id="TS3005d.D.argumentstructs.Daan.2">
      <nite:pointer role="type"  href="ae-types.xml#id(ae_5)"/>
      <nite:child href="TS3005d.D.words.xml#id(TS3005d.D.words1687)..id(TS3005d.D.words1698)"/>
   </ae>
   <ae nite:id="TS3005d.D.argumentstructs.Daan.3">
      <nite:pointer role="type"  href="ae-types.xml#id(ae_1)"/>
      <nite:child href="TS3005d.D.words.xml#id(TS3005d.D.words1701)..id(TS3005d.D.words1710)"/>
   </ae>
   <ae nite:id="TS3005d.D.argumentstructs.Daan.4">
      <nite:pointer role="type"  href="ae-types.xml#id(ae_1)"/>
      <nite:child href="TS3005d.D.words.xml#id(TS3005d.D.words1711)..id(TS3005d.D.words1714)"/>
   </ae>
   <ae nite:id="TS3005d.D.argumentstructs.Daan.5">
      <nite:pointer role="type"  href="ae-types.xml#id(ae_1)"/>
      <nite:child href="TS3005d.D.words.xml#id(TS3005d.D.words1974)..id(TS3005d.D.words1979)"/>
   </ae>
   <ae nite:id="TS3005d.D.argumentstructs.Daan.6">
      <nite:pointer role="type"  href="ae-types.xml#id(ae_5)"/>
      <nite:child href="TS3005d.D.words.xml#id(TS3005d.D.words1980)..id(TS3005d.D.words2003)"/>
   </ae>
   <ae nite:id="TS3005d.D.argumentstructs.Daan.7">
      <nite:pointer role="type"  href="ae-types.xml#id(ae_1)"/>
      <nite:child href="TS3005d.D.words.xml#id(TS3005d.D.words2004)..id(TS3005d.D.words2022)"/>
   </ae>
   <ae nite:id="TS3005d.D.argumentstructs.Daan.8">
      <nite:pointer role="type"  href="ae-types.xml#id(ae_1)"/>
      <nite:child href="TS3005d.D.words.xml#id(TS3005d.D.words2026)..id(TS3005d.D.words2034)"/>
   </ae>
   <ae nite:id="TS3005d.D.argumentstructs.Daan.9">
      <nite:pointer role="type"  href="ae-types.xml#id(ae_1)"/>
      <nite:child href="TS3005d.D.words.xml#id(TS3005d.D.words2037)..id(TS3005d.D.words2067)"/>
   </ae>
   <ae nite:id="TS3005d.D.argumentstructs.Daan.10">
      <nite:pointer role="type"  href="ae-types.xml#id(ae_1)"/>
      <nite:child href="TS3005d.D.words.xml#id(TS3005d.D.words2072)..id(TS3005d.D.words2082)"/>
   </ae>
   <ae nite:id="TS3005d.D.argumentstructs.Daan.11">
      <nite:pointer role="type"  href="ae-types.xml#id(ae_1)"/>
      <nite:child href="TS3005d.D.words.xml#id(TS3005d.D.words2101)..id(TS3005d.D.words2107)"/>
   </ae>
   <ae nite:id="TS3005d.D.argumentstructs.Daan.12">
      <nite:pointer role="type"  href="ae-types.xml#id(ae_1)"/>
      <nite:child href="TS3005d.D.words.xml#id(TS3005d.D.words2108)..id(TS3005d.D.words2111)"/>
   </ae>
   <ae nite:id="TS3005d.D.argumentstructs.13">
      <nite:pointer role="type"  href="ae-types.xml#id(ae_6)"/>
      <nite:child href="TS3005d.D.words.xml#id(TS3005d.D.words1676)..id(TS3005d.D.words1679)"/>
   </ae>
   <ae nite:id="TS3005d.D.argumentstructs.14">
      <nite:pointer role="type"  href="ae-types.xml#id(ae_6)"/>
      <nite:child href="TS3005d.D.words.xml#id(TS3005d.D.words1699)..id(TS3005d.D.words1700)"/>
   </ae>
   <ae nite:id="TS3005d.D.argumentstructs.15">
      <nite:pointer role="type"  href="ae-types.xml#id(ae_6)"/>
      <nite:child href="TS3005d.D.words.xml#id(TS3005d.D.words2023)..id(TS3005d.D.words2025)"/>
   </ae>
   <ae nite:id="TS3005d.D.argumentstructs.16">
      <nite:pointer role="type"  href="ae-types.xml#id(ae_6)"/>
      <nite:child href="TS3005d.D.words.xml#id(TS3005d.D.words2035)..id(TS3005d.D.words2036)"/>
   </ae>
   <ae nite:id="TS3005d.D.argumentstructs.17">
      <nite:pointer role="type"  href="ae-types.xml#id(ae_6)"/>
      <nite:child href="TS3005d.D.words.xml#id(TS3005d.D.words2068)..id(TS3005d.D.words2071)"/>
   </ae>
   <ae nite:id="TS3005d.D.argumentstructs.18">
      <nite:pointer role="type"  href="ae-types.xml#id(ae_6)"/>
      <nite:child href="TS3005d.D.words.xml#id(TS3005d.D.words2083)"/>
      <nite:child href="TS3005d.D.words.xml#id(TS3005d.D.words2085)..id(TS3005d.D.words2099)"/>
   </ae>
</nite:root>