<?xml version="1.0" encoding="ISO-8859-1" standalone="yes"?>
<nite:root nite:id="TS3006c.D.argumentstructs" xmlns:nite="http://nite.sourceforge.net/">
   <ae nite:id="TS3006c.D.argumentstructs.Daan.1">
      <nite:pointer role="type"  href="ae-types.xml#id(ae_1)"/>
      <nite:child href="TS3006c.D.words.xml#id(TS3006c.D.words580)..id(TS3006c.D.words587)"/>
   </ae>
   <ae nite:id="TS3006c.D.argumentstructs.Daan.2">
      <nite:pointer role="type"  href="ae-types.xml#id(ae_1)"/>
      <nite:child href="TS3006c.D.words.xml#id(TS3006c.D.words588)..id(TS3006c.D.words594)"/>
   </ae>
   <ae nite:id="TS3006c.D.argumentstructs.Daan.3">
      <nite:pointer role="type"  href="ae-types.xml#id(ae_1)"/>
      <nite:child href="TS3006c.D.words.xml#id(TS3006c.D.words595)..id(TS3006c.D.words629)"/>
   </ae>
   <ae nite:id="TS3006c.D.argumentstructs.Daan.4">
      <nite:pointer role="type"  href="ae-types.xml#id(ae_5)"/>
      <nite:child href="TS3006c.D.words.xml#id(TS3006c.D.words871)..id(TS3006c.D.words898)"/>
   </ae>
   <ae nite:id="TS3006c.D.argumentstructs.Daan.5">
      <nite:pointer role="type"  href="ae-types.xml#id(ae_5)"/>
      <nite:child href="TS3006c.D.words.xml#id(TS3006c.D.words1042)..id(TS3006c.D.words1057)"/>
   </ae>
   <ae nite:id="TS3006c.D.argumentstructs.Daan.6">
      <nite:pointer role="type"  href="ae-types.xml#id(ae_1)"/>
      <nite:child href="TS3006c.D.words.xml#id(TS3006c.D.words1058)..id(TS3006c.D.words1088)"/>
   </ae>
   <ae nite:id="TS3006c.D.argumentstructs.Daan.7">
      <nite:pointer role="type"  href="ae-types.xml#id(ae_1)"/>
      <nite:child href="TS3006c.D.words.xml#id(TS3006c.D.words1107)..id(TS3006c.D.words1123)"/>
   </ae>
   <ae nite:id="TS3006c.D.argumentstructs.Daan.8">
      <nite:pointer role="type"  href="ae-types.xml#id(ae_1)"/>
      <nite:child href="TS3006c.D.words.xml#id(TS3006c.D.words1124)..id(TS3006c.D.words1150)"/>
   </ae>
   <ae nite:id="TS3006c.D.argumentstructs.Daan.9">
      <nite:pointer role="type"  href="ae-types.xml#id(ae_1)"/>
      <nite:child href="TS3006c.D.words.xml#id(TS3006c.D.words1161)..id(TS3006c.D.words1182)"/>
   </ae>
   <ae nite:id="TS3006c.D.argumentstructs.Daan.10">
      <nite:pointer role="type"  href="ae-types.xml#id(ae_1)"/>
      <nite:child href="TS3006c.D.words.xml#id(TS3006c.D.words1187)..id(TS3006c.D.words1195)"/>
   </ae>
   <ae nite:id="TS3006c.D.argumentstructs.Daan.11">
      <nite:pointer role="type"  href="ae-types.xml#id(ae_1)"/>
      <nite:child href="TS3006c.D.words.xml#id(TS3006c.D.words1616)..id(TS3006c.D.words1680)"/>
   </ae>
   <ae nite:id="TS3006c.D.argumentstructs.Daan.12">
      <nite:pointer role="type"  href="ae-types.xml#id(ae_1)"/>
      <nite:child href="TS3006c.D.words.xml#id(TS3006c.D.words1687)..id(TS3006c.D.words1718)"/>
   </ae>
   <ae nite:id="TS3006c.D.argumentstructs.Daan.13">
      <nite:pointer role="type"  href="ae-types.xml#id(ae_3)"/>
      <nite:child href="TS3006c.D.words.xml#id(TS3006c.D.words1723)..id(TS3006c.D.words1731)"/>
   </ae>
   <ae nite:id="TS3006c.D.argumentstructs.Daan.14">
      <nite:pointer role="type"  href="ae-types.xml#id(ae_3)"/>
      <nite:child href="TS3006c.D.words.xml#id(TS3006c.D.words1732)..id(TS3006c.D.words1733)"/>
   </ae>
   <ae nite:id="TS3006c.D.argumentstructs.Daan.15">
      <nite:pointer role="type"  href="ae-types.xml#id(ae_3)"/>
      <nite:child href="TS3006c.D.words.xml#id(TS3006c.D.words1738)..id(TS3006c.D.words1762)"/>
   </ae>
   <ae nite:id="TS3006c.D.argumentstructs.Daan.16">
      <nite:pointer role="type"  href="ae-types.xml#id(ae_3)"/>
      <nite:child href="TS3006c.D.words.xml#id(TS3006c.D.words1781)..id(TS3006c.D.words1806)"/>
   </ae>
   <ae nite:id="TS3006c.D.argumentstructs.Daan.17">
      <nite:pointer role="type"  href="ae-types.xml#id(ae_1)"/>
      <nite:child href="TS3006c.D.words.xml#id(TS3006c.D.words1807)..id(TS3006c.D.words1819)"/>
   </ae>
   <ae nite:id="TS3006c.D.argumentstructs.Daan.18">
      <nite:pointer role="type"  href="ae-types.xml#id(ae_1)"/>
      <nite:child href="TS3006c.D.words.xml#id(TS3006c.D.words1869)..id(TS3006c.D.words1905)"/>
   </ae>
   <ae nite:id="TS3006c.D.argumentstructs.Daan.19">
      <nite:pointer role="type"  href="ae-types.xml#id(ae_1)"/>
      <nite:child href="TS3006c.D.words.xml#id(TS3006c.D.words1906)..id(TS3006c.D.words1907)"/>
   </ae>
   <ae nite:id="TS3006c.D.argumentstructs.Daan.20">
      <nite:pointer role="type"  href="ae-types.xml#id(ae_1)"/>
      <nite:child href="TS3006c.D.words.xml#id(TS3006c.D.words1914)..id(TS3006c.D.words1919)"/>
   </ae>
   <ae nite:id="TS3006c.D.argumentstructs.Daan.21">
      <nite:pointer role="type"  href="ae-types.xml#id(ae_3)"/>
      <nite:child href="TS3006c.D.words.xml#id(TS3006c.D.words1920)..id(TS3006c.D.words1926)"/>
   </ae>
   <ae nite:id="TS3006c.D.argumentstructs.Daan.22">
      <nite:pointer role="type"  href="ae-types.xml#id(ae_1)"/>
      <nite:child href="TS3006c.D.words.xml#id(TS3006c.D.words1927)..id(TS3006c.D.words1934)"/>
   </ae>
   <ae nite:id="TS3006c.D.argumentstructs.Daan.23">
      <nite:pointer role="type"  href="ae-types.xml#id(ae_1)"/>
      <nite:child href="TS3006c.D.words.xml#id(TS3006c.D.words1935)..id(TS3006c.D.words1963)"/>
   </ae>
   <ae nite:id="TS3006c.D.argumentstructs.Daan.24">
      <nite:pointer role="type"  href="ae-types.xml#id(ae_1)"/>
      <nite:child href="TS3006c.D.words.xml#id(TS3006c.D.words1822)..id(TS3006c.D.words1832)"/>
   </ae>
   <ae nite:id="TS3006c.D.argumentstructs.25">
      <nite:pointer role="type"  href="ae-types.xml#id(ae_6)"/>
      <nite:child href="TS3006c.D.words.xml#id(TS3006c.D.words578)..id(TS3006c.D.words579)"/>
   </ae>
   <ae nite:id="TS3006c.D.argumentstructs.26">
      <nite:pointer role="type"  href="ae-types.xml#id(ae_6)"/>
      <nite:child href="TS3006c.D.words.xml#id(TS3006c.D.words630)..id(TS3006c.D.words631)"/>
   </ae>
   <ae nite:id="TS3006c.D.argumentstructs.27">
      <nite:pointer role="type"  href="ae-types.xml#id(ae_6)"/>
      <nite:child href="TS3006c.D.words.xml#id(TS3006c.D.words869)..id(TS3006c.D.words870)"/>
   </ae>
   <ae nite:id="TS3006c.D.argumentstructs.28">
      <nite:pointer role="type"  href="ae-types.xml#id(ae_6)"/>
      <nite:child href="TS3006c.D.words.xml#id(TS3006c.D.words899)..id(TS3006c.D.words904)"/>
   </ae>
   <ae nite:id="TS3006c.D.argumentstructs.29">
      <nite:pointer role="type"  href="ae-types.xml#id(ae_6)"/>
      <nite:child href="TS3006c.D.words.xml#id(TS3006c.D.words1089)..id(TS3006c.D.words1103)"/>
      <nite:child href="TS3006c.D.words.xml#id(TS3006c.D.words1105)..id(TS3006c.D.words1106)"/>
   </ae>
   <ae nite:id="TS3006c.D.argumentstructs.30">
      <nite:pointer role="type"  href="ae-types.xml#id(ae_6)"/>
      <nite:child href="TS3006c.D.words.xml#id(TS3006c.D.words1151)..id(TS3006c.D.words1160)"/>
   </ae>
   <ae nite:id="TS3006c.D.argumentstructs.31">
      <nite:pointer role="type"  href="ae-types.xml#id(ae_6)"/>
      <nite:child href="TS3006c.D.words.xml#id(TS3006c.D.words1183)..id(TS3006c.D.words1185)"/>
   </ae>
   <ae nite:id="TS3006c.D.argumentstructs.32">
      <nite:pointer role="type"  href="ae-types.xml#id(ae_6)"/>
      <nite:child href="TS3006c.D.words.xml#id(TS3006c.D.words1681)..id(TS3006c.D.words1686)"/>
   </ae>
   <ae nite:id="TS3006c.D.argumentstructs.33">
      <nite:pointer role="type"  href="ae-types.xml#id(ae_6)"/>
      <nite:child href="TS3006c.D.words.xml#id(TS3006c.D.words1719)..id(TS3006c.D.words1722)"/>
   </ae>
   <ae nite:id="TS3006c.D.argumentstructs.34">
      <nite:pointer role="type"  href="ae-types.xml#id(ae_6)"/>
      <nite:child href="TS3006c.D.words.xml#id(TS3006c.D.words1734)..id(TS3006c.D.words1736)"/>
   </ae>
   <ae nite:id="TS3006c.D.argumentstructs.35">
      <nite:pointer role="type"  href="ae-types.xml#id(ae_6)"/>
      <nite:child href="TS3006c.D.words.xml#id(TS3006c.D.words1763)..id(TS3006c.D.words1767)"/>
   </ae>
   <ae nite:id="TS3006c.D.argumentstructs.36">
      <nite:pointer role="type"  href="ae-types.xml#id(ae_6)"/>
      <nite:child href="TS3006c.D.words.xml#id(TS3006c.D.words1820)"/>
   </ae>
   <ae nite:id="TS3006c.D.argumentstructs.37">
      <nite:pointer role="type"  href="ae-types.xml#id(ae_6)"/>
      <nite:child href="TS3006c.D.words.xml#id(TS3006c.D.words1833)..id(TS3006c.D.words1856)"/>
      <nite:child href="TS3006c.D.words.xml#id(TS3006c.D.words1859)"/>
      <nite:child href="TS3006c.D.words.xml#id(TS3006c.D.words1861)..id(TS3006c.D.words1867)"/>
   </ae>
   <ae nite:id="TS3006c.D.argumentstructs.38">
      <nite:pointer role="type"  href="ae-types.xml#id(ae_6)"/>
      <nite:child href="TS3006c.D.words.xml#id(TS3006c.D.words1908)..id(TS3006c.D.words1913)"/>
   </ae>
   <ae nite:id="TS3006c.D.argumentstructs.39">
      <nite:pointer role="type"  href="ae-types.xml#id(ae_6)"/>
      <nite:child href="TS3006c.D.words.xml#id(TS3006c.D.words1964)..id(TS3006c.D.words1965)"/>
   </ae>
</nite:root>