<?xml version="1.0" encoding="ISO-8859-1" standalone="yes"?>
<nite:root nite:id="TS3004d.D.argumentstructs" xmlns:nite="http://nite.sourceforge.net/">
   <ae nite:id="TS3004d.D.argumentstructs.Daan.1">
      <nite:pointer role="type"  href="ae-types.xml#id(ae_3)"/>
      <nite:child href="TS3004d.D.words.xml#id(TS3004d.D.words464)..id(TS3004d.D.words484)"/>
   </ae>
   <ae nite:id="TS3004d.D.argumentstructs.Daan.2">
      <nite:pointer role="type"  href="ae-types.xml#id(ae_4)"/>
      <nite:child href="TS3004d.D.words.xml#id(TS3004d.D.words485)..id(TS3004d.D.words536)"/>
   </ae>
   <ae nite:id="TS3004d.D.argumentstructs.Daan.3">
      <nite:pointer role="type"  href="ae-types.xml#id(ae_1)"/>
      <nite:child href="TS3004d.D.words.xml#id(TS3004d.D.words537)..id(TS3004d.D.words544)"/>
   </ae>
   <ae nite:id="TS3004d.D.argumentstructs.Daan.4">
      <nite:pointer role="type"  href="ae-types.xml#id(ae_1)"/>
      <nite:child href="TS3004d.D.words.xml#id(TS3004d.D.words563)..id(TS3004d.D.words573)"/>
   </ae>
   <ae nite:id="TS3004d.D.argumentstructs.Daan.5">
      <nite:pointer role="type"  href="ae-types.xml#id(ae_3)"/>
      <nite:child href="TS3004d.D.words.xml#id(TS3004d.D.words1302)..id(TS3004d.D.words1312)"/>
   </ae>
   <ae nite:id="TS3004d.D.argumentstructs.Daan.6">
      <nite:pointer role="type"  href="ae-types.xml#id(ae_1)"/>
      <nite:child href="TS3004d.D.words.xml#id(TS3004d.D.words1313)..id(TS3004d.D.words1334)"/>
   </ae>
   <ae nite:id="TS3004d.D.argumentstructs.Daan.7">
      <nite:pointer role="type"  href="ae-types.xml#id(ae_1)"/>
      <nite:child href="TS3004d.D.words.xml#id(TS3004d.D.words1335)..id(TS3004d.D.words1349)"/>
   </ae>
   <ae nite:id="TS3004d.D.argumentstructs.Daan.8">
      <nite:pointer role="type"  href="ae-types.xml#id(ae_3)"/>
      <nite:child href="TS3004d.D.words.xml#id(TS3004d.D.words1352)..id(TS3004d.D.words1371)"/>
   </ae>
   <ae nite:id="TS3004d.D.argumentstructs.Daan.9">
      <nite:pointer role="type"  href="ae-types.xml#id(ae_1)"/>
      <nite:child href="TS3004d.D.words.xml#id(TS3004d.D.words1372)..id(TS3004d.D.words1386)"/>
   </ae>
   <ae nite:id="TS3004d.D.argumentstructs.10">
      <nite:pointer role="type"  href="ae-types.xml#id(ae_6)"/>
      <nite:child href="TS3004d.D.words.xml#id(TS3004d.D.words545)..id(TS3004d.D.words561)"/>
   </ae>
   <ae nite:id="TS3004d.D.argumentstructs.11">
      <nite:pointer role="type"  href="ae-types.xml#id(ae_6)"/>
      <nite:child href="TS3004d.D.words.xml#id(TS3004d.D.words574)..id(TS3004d.D.words577)"/>
   </ae>
   <ae nite:id="TS3004d.D.argumentstructs.12">
      <nite:pointer role="type"  href="ae-types.xml#id(ae_6)"/>
      <nite:child href="TS3004d.D.words.xml#id(TS3004d.D.words1350)..id(TS3004d.D.words1351)"/>
   </ae>
   <ae nite:id="TS3004d.D.argumentstructs.13">
      <nite:pointer role="type"  href="ae-types.xml#id(ae_6)"/>
      <nite:child href="TS3004d.D.words.xml#id(TS3004d.D.words1387)..id(TS3004d.D.words1393)"/>
      <nite:child href="TS3004d.D.words.xml#id(TS3004d.D.words1395)..id(TS3004d.D.words1407)"/>
      <nite:child href="TS3004d.D.words.xml#id(TS3004d.D.words1409)..id(TS3004d.D.words1410)"/>
      <nite:child href="TS3004d.D.words.xml#id(TS3004d.D.words1412)..id(TS3004d.D.words1413)"/>
      <nite:child href="TS3004d.D.words.xml#id(TS3004d.D.words1415)..id(TS3004d.D.words1436)"/>
   </ae>
</nite:root>