<?xml version="1.0" encoding="ISO-8859-1" standalone="yes"?>
<nite:root nite:id="TS3006b.D.argumentstructs" xmlns:nite="http://nite.sourceforge.net/">
   <ae nite:id="TS3006b.D.argumentstructs.Daan.1">
      <nite:pointer role="type"  href="ae-types.xml#id(ae_1)"/>
      <nite:child href="TS3006b.D.words.xml#id(TS3006b.D.words1938)..id(TS3006b.D.words1965)"/>
   </ae>
   <ae nite:id="TS3006b.D.argumentstructs.Daan.2">
      <nite:pointer role="type"  href="ae-types.xml#id(ae_1)"/>
      <nite:child href="TS3006b.D.words.xml#id(TS3006b.D.words1966)..id(TS3006b.D.words1971)"/>
   </ae>
   <ae nite:id="TS3006b.D.argumentstructs.Daan.3">
      <nite:pointer role="type"  href="ae-types.xml#id(ae_1)"/>
      <nite:child href="TS3006b.D.words.xml#id(TS3006b.D.words1972)..id(TS3006b.D.words2060)"/>
   </ae>
   <ae nite:id="TS3006b.D.argumentstructs.Daan.4">
      <nite:pointer role="type"  href="ae-types.xml#id(ae_1)"/>
      <nite:child href="TS3006b.D.words.xml#id(TS3006b.D.words2061)..id(TS3006b.D.words2066)"/>
   </ae>
   <ae nite:id="TS3006b.D.argumentstructs.Daan.5">
      <nite:pointer role="type"  href="ae-types.xml#id(ae_1)"/>
      <nite:child href="TS3006b.D.words.xml#id(TS3006b.D.words2067)..id(TS3006b.D.words2097)"/>
   </ae>
   <ae nite:id="TS3006b.D.argumentstructs.Daan.6">
      <nite:pointer role="type"  href="ae-types.xml#id(ae_1)"/>
      <nite:child href="TS3006b.D.words.xml#id(TS3006b.D.words2098)..id(TS3006b.D.words2113)"/>
   </ae>
   <ae nite:id="TS3006b.D.argumentstructs.Daan.7">
      <nite:pointer role="type"  href="ae-types.xml#id(ae_1)"/>
      <nite:child href="TS3006b.D.words.xml#id(TS3006b.D.words2114)..id(TS3006b.D.words2125)"/>
   </ae>
   <ae nite:id="TS3006b.D.argumentstructs.Daan.8">
      <nite:pointer role="type"  href="ae-types.xml#id(ae_1)"/>
      <nite:child href="TS3006b.D.words.xml#id(TS3006b.D.words2540)..id(TS3006b.D.words2559)"/>
   </ae>
   <ae nite:id="TS3006b.D.argumentstructs.Daan.9">
      <nite:pointer role="type"  href="ae-types.xml#id(ae_1)"/>
      <nite:child href="TS3006b.D.words.xml#id(TS3006b.D.words2560)..id(TS3006b.D.words2563)"/>
   </ae>
   <ae nite:id="TS3006b.D.argumentstructs.Daan.10" reflexivity="true">
      <nite:pointer role="type"  href="ae-types.xml#id(ae_1)"/>
      <nite:child href="TS3006b.D.words.xml#id(TS3006b.D.words2564)..id(TS3006b.D.words2578)"/>
   </ae>
   <ae nite:id="TS3006b.D.argumentstructs.Daan.11">
      <nite:pointer role="type"  href="ae-types.xml#id(ae_1)"/>
      <nite:child href="TS3006b.D.words.xml#id(TS3006b.D.words2579)..id(TS3006b.D.words2618)"/>
   </ae>
   <ae nite:id="TS3006b.D.argumentstructs.Daan.12">
      <nite:pointer role="type"  href="ae-types.xml#id(ae_1)"/>
      <nite:child href="TS3006b.D.words.xml#id(TS3006b.D.words2619)..id(TS3006b.D.words2647)"/>
   </ae>
   <ae nite:id="TS3006b.D.argumentstructs.Daan.13">
      <nite:pointer role="type"  href="ae-types.xml#id(ae_1)"/>
      <nite:child href="TS3006b.D.words.xml#id(TS3006b.D.words2648)..id(TS3006b.D.words2713)"/>
   </ae>
   <ae nite:id="TS3006b.D.argumentstructs.Daan.14">
      <nite:pointer role="type"  href="ae-types.xml#id(ae_1)"/>
      <nite:child href="TS3006b.D.words.xml#id(TS3006b.D.words2714)..id(TS3006b.D.words2718)"/>
   </ae>
   <ae nite:id="TS3006b.D.argumentstructs.Daan.15">
      <nite:pointer role="type"  href="ae-types.xml#id(ae_1)"/>
      <nite:child href="TS3006b.D.words.xml#id(TS3006b.D.words2719)..id(TS3006b.D.words2777)"/>
   </ae>
   <ae nite:id="TS3006b.D.argumentstructs.16">
      <nite:pointer role="type"  href="ae-types.xml#id(ae_6)"/>
      <nite:child href="TS3006b.D.words.xml#id(TS3006b.D.words2126)..id(TS3006b.D.words2127)"/>
      <nite:child href="TS3006b.D.words.xml#id(TS3006b.D.words2129)"/>
   </ae>
</nite:root>