<?xml version="1.0" encoding="ISO-8859-1" standalone="yes"?>
<nite:root nite:id="TS3005d.A.argumentstructs" xmlns:nite="http://nite.sourceforge.net/">
   <ae nite:id="TS3005d.A.argumentstructs.Daan.1">
      <nite:pointer role="type"  href="ae-types.xml#id(ae_5)"/>
      <nite:child href="TS3005d.A.words.xml#id(TS3005d.A.words1578)..id(TS3005d.A.words1588)"/>
   </ae>
   <ae nite:id="TS3005d.A.argumentstructs.Daan.2">
      <nite:pointer role="type"  href="ae-types.xml#id(ae_1)"/>
      <nite:child href="TS3005d.A.words.xml#id(TS3005d.A.words1589)..id(TS3005d.A.words1606)"/>
   </ae>
   <ae nite:id="TS3005d.A.argumentstructs.3">
      <nite:pointer role="type"  href="ae-types.xml#id(ae_6)"/>
      <nite:child href="TS3005d.A.words.xml#id(TS3005d.A.words1607)..id(TS3005d.A.words1609)"/>
   </ae>
</nite:root>