<?xml version="1.0" encoding="ISO-8859-1" standalone="yes"?>
<nite:root nite:id="TS3006a.D.argumentstructs" xmlns:nite="http://nite.sourceforge.net/">
   <ae nite:id="TS3006a.D.argumentstructs.Daan.1">
      <nite:pointer role="type"  href="ae-types.xml#id(ae_1)"/>
      <nite:child href="TS3006a.D.words.xml#id(TS3006a.D.words694)..id(TS3006a.D.words707)"/>
   </ae>
   <ae nite:id="TS3006a.D.argumentstructs.Daan.2">
      <nite:pointer role="type"  href="ae-types.xml#id(ae_1)"/>
      <nite:child href="TS3006a.D.words.xml#id(TS3006a.D.words724)..id(TS3006a.D.words816)"/>
   </ae>
   <ae nite:id="TS3006a.D.argumentstructs.Daan.3">
      <nite:pointer role="type"  href="ae-types.xml#id(ae_1)"/>
      <nite:child href="TS3006a.D.words.xml#id(TS3006a.D.words818)..id(TS3006a.D.words824)"/>
   </ae>
   <ae nite:id="TS3006a.D.argumentstructs.4">
      <nite:pointer role="type"  href="ae-types.xml#id(ae_6)"/>
      <nite:child href="TS3006a.D.words.xml#id(TS3006a.D.words708)..id(TS3006a.D.words722)"/>
   </ae>
   <ae nite:id="TS3006a.D.argumentstructs.5">
      <nite:pointer role="type"  href="ae-types.xml#id(ae_6)"/>
      <nite:child href="TS3006a.D.words.xml#id(TS3006a.D.words817)"/>
   </ae>
   <ae nite:id="TS3006a.D.argumentstructs.6">
      <nite:pointer role="type"  href="ae-types.xml#id(ae_6)"/>
      <nite:child href="TS3006a.D.words.xml#id(TS3006a.D.words825)..id(TS3006a.D.words834)"/>
      <nite:child href="TS3006a.D.words.xml#id(TS3006a.D.words836)..id(TS3006a.D.words837)"/>
   </ae>
</nite:root>