<?xml version="1.0" encoding="ISO-8859-1" standalone="yes"?>
<nite:root nite:id="TS3003c.C.argumentstructs" xmlns:nite="http://nite.sourceforge.net/">
   <ae nite:id="TS3003c.C.argumentstructs.Daan.1">
      <nite:pointer role="type"  href="ae-types.xml#id(ae_1)"/>
      <nite:child href="TS3003c.C.words.xml#id(TS3003c.C.words286)..id(TS3003c.C.words350)"/>
   </ae>
   <ae nite:id="TS3003c.C.argumentstructs.Daan.2">
      <nite:pointer role="type"  href="ae-types.xml#id(ae_1)"/>
      <nite:child href="TS3003c.C.words.xml#id(TS3003c.C.words351)..id(TS3003c.C.words366)"/>
   </ae>
   <ae nite:id="TS3003c.C.argumentstructs.Daan.3">
      <nite:pointer role="type"  href="ae-types.xml#id(ae_1)"/>
      <nite:child href="TS3003c.C.words.xml#id(TS3003c.C.words367)..id(TS3003c.C.words372)"/>
   </ae>
   <ae nite:id="TS3003c.C.argumentstructs.Daan.4">
      <nite:pointer role="type"  href="ae-types.xml#id(ae_1)"/>
      <nite:child href="TS3003c.C.words.xml#id(TS3003c.C.words444)..id(TS3003c.C.words453)"/>
   </ae>
   <ae nite:id="TS3003c.C.argumentstructs.Daan.5">
      <nite:pointer role="type"  href="ae-types.xml#id(ae_1)"/>
      <nite:child href="TS3003c.C.words.xml#id(TS3003c.C.words456)..id(TS3003c.C.words457)"/>
   </ae>
   <ae nite:id="TS3003c.C.argumentstructs.6">
      <nite:pointer role="type"  href="ae-types.xml#id(ae_6)"/>
      <nite:child href="TS3003c.C.words.xml#id(TS3003c.C.words373)..id(TS3003c.C.words374)"/>
   </ae>
</nite:root>