<?xml version="1.0" encoding="ISO-8859-1" standalone="yes"?>
<nite:root nite:id="TS3004c.A.argumentstructs" xmlns:nite="http://nite.sourceforge.net/">
   <ae nite:id="TS3004c.A.argumentstructs.Daan.1">
      <nite:pointer role="type"  href="ae-types.xml#id(ae_1)"/>
      <nite:child href="TS3004c.A.words.xml#id(TS3004c.A.words564)..id(TS3004c.A.words603)"/>
   </ae>
   <ae nite:id="TS3004c.A.argumentstructs.Daan.2">
      <nite:pointer role="type"  href="ae-types.xml#id(ae_2)"/>
      <nite:child href="TS3004c.A.words.xml#id(TS3004c.A.words604)..id(TS3004c.A.words616)"/>
   </ae>
   <ae nite:id="TS3004c.A.argumentstructs.Daan.3">
      <nite:pointer role="type"  href="ae-types.xml#id(ae_2)"/>
      <nite:child href="TS3004c.A.words.xml#id(TS3004c.A.words617)..id(TS3004c.A.words635)"/>
   </ae>
   <ae nite:id="TS3004c.A.argumentstructs.Daan.4">
      <nite:pointer role="type"  href="ae-types.xml#id(ae_1)"/>
      <nite:child href="TS3004c.A.words.xml#id(TS3004c.A.words637)..id(TS3004c.A.words646)"/>
   </ae>
   <ae nite:id="TS3004c.A.argumentstructs.Daan.5">
      <nite:pointer role="type"  href="ae-types.xml#id(ae_1)"/>
      <nite:child href="TS3004c.A.words.xml#id(TS3004c.A.words647)..id(TS3004c.A.words650)"/>
   </ae>
   <ae nite:id="TS3004c.A.argumentstructs.Daan.6">
      <nite:pointer role="type"  href="ae-types.xml#id(ae_2)"/>
      <nite:child href="TS3004c.A.words.xml#id(TS3004c.A.words653)..id(TS3004c.A.words673)"/>
   </ae>
   <ae nite:id="TS3004c.A.argumentstructs.Daan.7">
      <nite:pointer role="type"  href="ae-types.xml#id(ae_1)"/>
      <nite:child href="TS3004c.A.words.xml#id(TS3004c.A.words674)..id(TS3004c.A.words690)"/>
   </ae>
   <ae nite:id="TS3004c.A.argumentstructs.Daan.8">
      <nite:pointer role="type"  href="ae-types.xml#id(ae_1)"/>
      <nite:child href="TS3004c.A.words.xml#id(TS3004c.A.words695)..id(TS3004c.A.words713)"/>
   </ae>
   <ae nite:id="TS3004c.A.argumentstructs.Daan.9">
      <nite:pointer role="type"  href="ae-types.xml#id(ae_1)"/>
      <nite:child href="TS3004c.A.words.xml#id(TS3004c.A.words873)..id(TS3004c.A.words878)"/>
   </ae>
   <ae nite:id="TS3004c.A.argumentstructs.Daan.10">
      <nite:pointer role="type"  href="ae-types.xml#id(ae_5)"/>
      <nite:child href="TS3004c.A.words.xml#id(TS3004c.A.words879)..id(TS3004c.A.words894)"/>
   </ae>
   <ae nite:id="TS3004c.A.argumentstructs.Daan.11">
      <nite:pointer role="type"  href="ae-types.xml#id(ae_1)"/>
      <nite:child href="TS3004c.A.words.xml#id(TS3004c.A.words911)..id(TS3004c.A.words916)"/>
   </ae>
   <ae nite:id="TS3004c.A.argumentstructs.Daan.12">
      <nite:pointer role="type"  href="ae-types.xml#id(ae_1)"/>
      <nite:child href="TS3004c.A.words.xml#id(TS3004c.A.words918)..id(TS3004c.A.words932)"/>
   </ae>
   <ae nite:id="TS3004c.A.argumentstructs.Daan.13">
      <nite:pointer role="type"  href="ae-types.xml#id(ae_1)"/>
      <nite:child href="TS3004c.A.words.xml#id(TS3004c.A.words933)..id(TS3004c.A.words948)"/>
   </ae>
   <ae nite:id="TS3004c.A.argumentstructs.14">
      <nite:pointer role="type"  href="ae-types.xml#id(ae_6)"/>
      <nite:child href="TS3004c.A.words.xml#id(TS3004c.A.words651)..id(TS3004c.A.words652)"/>
   </ae>
   <ae nite:id="TS3004c.A.argumentstructs.15">
      <nite:pointer role="type"  href="ae-types.xml#id(ae_6)"/>
      <nite:child href="TS3004c.A.words.xml#id(TS3004c.A.words691)..id(TS3004c.A.words694)"/>
   </ae>
   <ae nite:id="TS3004c.A.argumentstructs.16">
      <nite:pointer role="type"  href="ae-types.xml#id(ae_6)"/>
      <nite:child href="TS3004c.A.words.xml#id(TS3004c.A.words871)..id(TS3004c.A.words872)"/>
   </ae>
   <ae nite:id="TS3004c.A.argumentstructs.17">
      <nite:pointer role="type"  href="ae-types.xml#id(ae_6)"/>
      <nite:child href="TS3004c.A.words.xml#id(TS3004c.A.words895)..id(TS3004c.A.words900)"/>
      <nite:child href="TS3004c.A.words.xml#id(TS3004c.A.words902)..id(TS3004c.A.words910)"/>
   </ae>
   <ae nite:id="TS3004c.A.argumentstructs.18">
      <nite:pointer role="type"  href="ae-types.xml#id(ae_6)"/>
      <nite:child href="TS3004c.A.words.xml#id(TS3004c.A.words949)..id(TS3004c.A.words950)"/>
   </ae>
</nite:root>