<?xml version="1.0" encoding="ISO-8859-1" standalone="yes"?>
<nite:root nite:id="TS3007b.D.argumentstructs" xmlns:nite="http://nite.sourceforge.net/">
   <ae nite:id="TS3007b.D.argumentstructs.Daan.1">
      <nite:pointer role="type"  href="ae-types.xml#id(ae_1)"/>
      <nite:child href="TS3007b.D.words.xml#id(TS3007b.D.words756)..id(TS3007b.D.words810)"/>
   </ae>
   <ae nite:id="TS3007b.D.argumentstructs.Daan.2">
      <nite:pointer role="type"  href="ae-types.xml#id(ae_1)"/>
      <nite:child href="TS3007b.D.words.xml#id(TS3007b.D.words811)..id(TS3007b.D.words842)"/>
   </ae>
   <ae nite:id="TS3007b.D.argumentstructs.Daan.3">
      <nite:pointer role="type"  href="ae-types.xml#id(ae_1)"/>
      <nite:child href="TS3007b.D.words.xml#id(TS3007b.D.words843)..id(TS3007b.D.words853)"/>
   </ae>
   <ae nite:id="TS3007b.D.argumentstructs.Daan.4">
      <nite:pointer role="type"  href="ae-types.xml#id(ae_1)"/>
      <nite:child href="TS3007b.D.words.xml#id(TS3007b.D.words854)..id(TS3007b.D.words872)"/>
   </ae>
   <ae nite:id="TS3007b.D.argumentstructs.Daan.6">
      <nite:pointer role="type"  href="ae-types.xml#id(ae_1)"/>
      <nite:child href="TS3007b.D.words.xml#id(TS3007b.D.words958)..id(TS3007b.D.words991)"/>
   </ae>
   <ae nite:id="TS3007b.D.argumentstructs.Daan.7">
      <nite:pointer role="type"  href="ae-types.xml#id(ae_1)"/>
      <nite:child href="TS3007b.D.words.xml#id(TS3007b.D.words998)..id(TS3007b.D.words1052)"/>
   </ae>
   <ae nite:id="TS3007b.D.argumentstructs.Daan.8">
      <nite:pointer role="type"  href="ae-types.xml#id(ae_1)"/>
      <nite:child href="TS3007b.D.words.xml#id(TS3007b.D.words1063)..id(TS3007b.D.words1111)"/>
   </ae>
   <ae nite:id="TS3007b.D.argumentstructs.Daan.9">
      <nite:pointer role="type"  href="ae-types.xml#id(ae_1)"/>
      <nite:child href="TS3007b.D.words.xml#id(TS3007b.D.words1116)..id(TS3007b.D.words1217)"/>
   </ae>
   <ae nite:id="TS3007b.D.argumentstructs.Daan.10">
      <nite:pointer role="type"  href="ae-types.xml#id(ae_3)"/>
      <nite:child href="TS3007b.D.words.xml#id(TS3007b.D.words1228)..id(TS3007b.D.words1252)"/>
   </ae>
   <ae nite:id="TS3007b.D.argumentstructs.Daan.11">
      <nite:pointer role="type"  href="ae-types.xml#id(ae_2)"/>
      <nite:child href="TS3007b.D.words.xml#id(TS3007b.D.words1265)..id(TS3007b.D.words1270)"/>
   </ae>
   <ae nite:id="TS3007b.D.argumentstructs.Daan.12">
      <nite:pointer role="type"  href="ae-types.xml#id(ae_1)"/>
      <nite:child href="TS3007b.D.words.xml#id(TS3007b.D.words1278)..id(TS3007b.D.words1283)"/>
   </ae>
   <ae nite:id="TS3007b.D.argumentstructs.Daan.13">
      <nite:pointer role="type"  href="ae-types.xml#id(ae_1)"/>
      <nite:child href="TS3007b.D.words.xml#id(TS3007b.D.words1284)..id(TS3007b.D.words1288)"/>
   </ae>
   <ae nite:id="TS3007b.D.argumentstructs.Daan.14">
      <nite:pointer role="type"  href="ae-types.xml#id(ae_1)"/>
      <nite:child href="TS3007b.D.words.xml#id(TS3007b.D.words1608)..id(TS3007b.D.words1613)"/>
   </ae>
   <ae nite:id="TS3007b.D.argumentstructs.Daan.15">
      <nite:pointer role="type"  href="ae-types.xml#id(ae_1)"/>
      <nite:child href="TS3007b.D.words.xml#id(TS3007b.D.words1638)..id(TS3007b.D.words1680)"/>
   </ae>
   <ae nite:id="TS3007b.D.argumentstructs.Daan.16">
      <nite:pointer role="type"  href="ae-types.xml#id(ae_1)"/>
      <nite:child href="TS3007b.D.words.xml#id(TS3007b.D.words1685)..id(TS3007b.D.words1735)"/>
   </ae>
   <ae nite:id="TS3007b.D.argumentstructs.Daan.17">
      <nite:pointer role="type"  href="ae-types.xml#id(ae_1)"/>
      <nite:child href="TS3007b.D.words.xml#id(TS3007b.D.words1736)..id(TS3007b.D.words1743)"/>
   </ae>
   <ae nite:id="TS3007b.D.argumentstructs.Daan.18">
      <nite:pointer role="type"  href="ae-types.xml#id(ae_1)"/>
      <nite:child href="TS3007b.D.words.xml#id(TS3007b.D.words1744)..id(TS3007b.D.words1763)"/>
   </ae>
   <ae nite:id="TS3007b.D.argumentstructs.Daan.19">
      <nite:pointer role="type"  href="ae-types.xml#id(ae_1)"/>
      <nite:child href="TS3007b.D.words.xml#id(TS3007b.D.words1768)..id(TS3007b.D.words1796)"/>
   </ae>
   <ae nite:id="TS3007b.D.argumentstructs.Daan.20">
      <nite:pointer role="type"  href="ae-types.xml#id(ae_5)"/>
      <nite:child href="TS3007b.D.words.xml#id(TS3007b.D.words1797)..id(TS3007b.D.words1799)"/>
   </ae>
   <ae nite:id="TS3007b.D.argumentstructs.Daan.21">
      <nite:pointer role="type"  href="ae-types.xml#id(ae_3)"/>
      <nite:child href="TS3007b.D.words.xml#id(TS3007b.D.words1800)..id(TS3007b.D.words1809)"/>
   </ae>
   <ae nite:id="TS3007b.D.argumentstructs.22">
      <nite:pointer role="type"  href="ae-types.xml#id(ae_6)"/>
      <nite:child href="TS3007b.D.words.xml#id(TS3007b.D.words992)..id(TS3007b.D.words994)"/>
      <nite:child href="TS3007b.D.words.xml#id(TS3007b.D.words997)"/>
   </ae>
   <ae nite:id="TS3007b.D.argumentstructs.23">
      <nite:pointer role="type"  href="ae-types.xml#id(ae_6)"/>
      <nite:child href="TS3007b.D.words.xml#id(TS3007b.D.words1053)..id(TS3007b.D.words1062)"/>
   </ae>
   <ae nite:id="TS3007b.D.argumentstructs.24">
      <nite:pointer role="type"  href="ae-types.xml#id(ae_6)"/>
      <nite:child href="TS3007b.D.words.xml#id(TS3007b.D.words1112)..id(TS3007b.D.words1115)"/>
   </ae>
   <ae nite:id="TS3007b.D.argumentstructs.25">
      <nite:pointer role="type"  href="ae-types.xml#id(ae_6)"/>
      <nite:child href="TS3007b.D.words.xml#id(TS3007b.D.words1219)..id(TS3007b.D.words1227)"/>
   </ae>
   <ae nite:id="TS3007b.D.argumentstructs.26">
      <nite:pointer role="type"  href="ae-types.xml#id(ae_6)"/>
      <nite:child href="TS3007b.D.words.xml#id(TS3007b.D.words1253)..id(TS3007b.D.words1260)"/>
      <nite:child href="TS3007b.D.words.xml#id(TS3007b.D.words1262)..id(TS3007b.D.words1264)"/>
   </ae>
   <ae nite:id="TS3007b.D.argumentstructs.27">
      <nite:pointer role="type"  href="ae-types.xml#id(ae_6)"/>
      <nite:child href="TS3007b.D.words.xml#id(TS3007b.D.words1271)..id(TS3007b.D.words1272)"/>
      <nite:child href="TS3007b.D.words.xml#id(TS3007b.D.words1274)..id(TS3007b.D.words1277)"/>
   </ae>
   <ae nite:id="TS3007b.D.argumentstructs.28">
      <nite:pointer role="type"  href="ae-types.xml#id(ae_6)"/>
      <nite:child href="TS3007b.D.words.xml#id(TS3007b.D.words1614)..id(TS3007b.D.words1625)"/>
      <nite:child href="TS3007b.D.words.xml#id(TS3007b.D.words1627)..id(TS3007b.D.words1630)"/>
      <nite:child href="TS3007b.D.words.xml#id(TS3007b.D.words1632)..id(TS3007b.D.words1637)"/>
   </ae>
   <ae nite:id="TS3007b.D.argumentstructs.29">
      <nite:pointer role="type"  href="ae-types.xml#id(ae_6)"/>
      <nite:child href="TS3007b.D.words.xml#id(TS3007b.D.words1681)..id(TS3007b.D.words1684)"/>
   </ae>
   <ae nite:id="TS3007b.D.argumentstructs.30">
      <nite:pointer role="type"  href="ae-types.xml#id(ae_6)"/>
      <nite:child href="TS3007b.D.words.xml#id(TS3007b.D.words1764)..id(TS3007b.D.words1767)"/>
   </ae>
   <ae nite:id="TS3007b.D.argumentstructs.31">
      <nite:pointer role="type"  href="ae-types.xml#id(ae_6)"/>
      <nite:child href="TS3007b.D.words.xml#id(TS3007b.D.words1810)..id(TS3007b.D.words1811)"/>
   </ae>
</nite:root>