<?xml version="1.0" encoding="ISO-8859-1" standalone="yes"?>
<nite:root nite:id="TS3003c.A.argumentstructs" xmlns:nite="http://nite.sourceforge.net/">
   <ae nite:id="TS3003c.A.argumentstructs.Daan.2">
      <nite:pointer role="type"  href="ae-types.xml#id(ae_1)"/>
      <nite:child href="TS3003c.A.words.xml#id(TS3003c.A.words411)..id(TS3003c.A.words464)"/>
   </ae>
   <ae nite:id="TS3003c.A.argumentstructs.Daan.3">
      <nite:pointer role="type"  href="ae-types.xml#id(ae_1)"/>
      <nite:child href="TS3003c.A.words.xml#id(TS3003c.A.words487)..id(TS3003c.A.words531)"/>
   </ae>
   <ae nite:id="TS3003c.A.argumentstructs.Daan.4">
      <nite:pointer role="type"  href="ae-types.xml#id(ae_1)"/>
      <nite:child href="TS3003c.A.words.xml#id(TS3003c.A.words847)..id(TS3003c.A.words939)"/>
   </ae>
   <ae nite:id="TS3003c.A.argumentstructs.Daan.5">
      <nite:pointer role="type"  href="ae-types.xml#id(ae_5)"/>
      <nite:child href="TS3003c.A.words.xml#id(TS3003c.A.words945)..id(TS3003c.A.words955)"/>
   </ae>
   <ae nite:id="TS3003c.A.argumentstructs.Daan.6">
      <nite:pointer role="type"  href="ae-types.xml#id(ae_5)"/>
      <nite:child href="TS3003c.A.words.xml#id(TS3003c.A.words956)..id(TS3003c.A.words959)"/>
   </ae>
   <ae nite:id="TS3003c.A.argumentstructs.Daan.7">
      <nite:pointer role="type"  href="ae-types.xml#id(ae_1)"/>
      <nite:child href="TS3003c.A.words.xml#id(TS3003c.A.words960)..id(TS3003c.A.words983)"/>
   </ae>
   <ae nite:id="TS3003c.A.argumentstructs.Daan.8">
      <nite:pointer role="type"  href="ae-types.xml#id(ae_1)"/>
      <nite:child href="TS3003c.A.words.xml#id(TS3003c.A.words986)..id(TS3003c.A.words991)"/>
   </ae>
   <ae nite:id="TS3003c.A.argumentstructs.Daan.9">
      <nite:pointer role="type"  href="ae-types.xml#id(ae_1)"/>
      <nite:child href="TS3003c.A.words.xml#id(TS3003c.A.words992)..id(TS3003c.A.words1033)"/>
   </ae>
   <ae nite:id="TS3003c.A.argumentstructs.Daan.10">
      <nite:pointer role="type"  href="ae-types.xml#id(ae_1)"/>
      <nite:child href="TS3003c.A.words.xml#id(TS3003c.A.words1034)..id(TS3003c.A.words1076)"/>
   </ae>
   <ae nite:id="TS3003c.A.argumentstructs.Daan.11">
      <nite:pointer role="type"  href="ae-types.xml#id(ae_1)"/>
      <nite:child href="TS3003c.A.words.xml#id(TS3003c.A.words1081)..id(TS3003c.A.words1114)"/>
   </ae>
   <ae nite:id="TS3003c.A.argumentstructs.Daan.12">
      <nite:pointer role="type"  href="ae-types.xml#id(ae_5)"/>
      <nite:child href="TS3003c.A.words.xml#id(TS3003c.A.words1121)..id(TS3003c.A.words1128)"/>
   </ae>
   <ae nite:id="TS3003c.A.argumentstructs.Daan.13">
      <nite:pointer role="type"  href="ae-types.xml#id(ae_1)"/>
      <nite:child href="TS3003c.A.words.xml#id(TS3003c.A.words1129)..id(TS3003c.A.words1137)"/>
   </ae>
   <ae nite:id="TS3003c.A.argumentstructs.Daan.14">
      <nite:pointer role="type"  href="ae-types.xml#id(ae_1)"/>
      <nite:child href="TS3003c.A.words.xml#id(TS3003c.A.words1138)..id(TS3003c.A.words1141)"/>
   </ae>
   <ae nite:id="TS3003c.A.argumentstructs.15">
      <nite:pointer role="type"  href="ae-types.xml#id(ae_6)"/>
      <nite:child href="TS3003c.A.words.xml#id(TS3003c.A.words465)..id(TS3003c.A.words466)"/>
      <nite:child href="TS3003c.A.words.xml#id(TS3003c.A.words468)"/>
      <nite:child href="TS3003c.A.words.xml#id(TS3003c.A.words470)"/>
      <nite:child href="TS3003c.A.words.xml#id(TS3003c.A.words473)..id(TS3003c.A.words485)"/>
   </ae>
   <ae nite:id="TS3003c.A.argumentstructs.16">
      <nite:pointer role="type"  href="ae-types.xml#id(ae_6)"/>
      <nite:child href="TS3003c.A.words.xml#id(TS3003c.A.words940)..id(TS3003c.A.words944)"/>
   </ae>
   <ae nite:id="TS3003c.A.argumentstructs.17">
      <nite:pointer role="type"  href="ae-types.xml#id(ae_6)"/>
      <nite:child href="TS3003c.A.words.xml#id(TS3003c.A.words984)..id(TS3003c.A.words985)"/>
   </ae>
   <ae nite:id="TS3003c.A.argumentstructs.18">
      <nite:pointer role="type"  href="ae-types.xml#id(ae_6)"/>
      <nite:child href="TS3003c.A.words.xml#id(TS3003c.A.words1077)..id(TS3003c.A.words1080)"/>
   </ae>
   <ae nite:id="TS3003c.A.argumentstructs.19">
      <nite:pointer role="type"  href="ae-types.xml#id(ae_6)"/>
      <nite:child href="TS3003c.A.words.xml#id(TS3003c.A.words1115)..id(TS3003c.A.words1120)"/>
   </ae>
</nite:root>