<?xml version="1.0" encoding="ISO-8859-1" standalone="yes"?>
<nite:root nite:id="TS3005c.A.argumentstructs" xmlns:nite="http://nite.sourceforge.net/">
   <ae nite:id="TS3005c.A.argumentstructs.Daan.1">
      <nite:pointer role="type"  href="ae-types.xml#id(ae_1)"/>
      <nite:child href="TS3005c.A.words.xml#id(TS3005c.A.words408)..id(TS3005c.A.words469)"/>
   </ae>
   <ae nite:id="TS3005c.A.argumentstructs.Daan.2">
      <nite:pointer role="type"  href="ae-types.xml#id(ae_1)"/>
      <nite:child href="TS3005c.A.words.xml#id(TS3005c.A.words470)..id(TS3005c.A.words488)"/>
   </ae>
   <ae nite:id="TS3005c.A.argumentstructs.Daan.3">
      <nite:pointer role="type"  href="ae-types.xml#id(ae_1)"/>
      <nite:child href="TS3005c.A.words.xml#id(TS3005c.A.words491)..id(TS3005c.A.words495)"/>
   </ae>
   <ae nite:id="TS3005c.A.argumentstructs.Daan.4">
      <nite:pointer role="type"  href="ae-types.xml#id(ae_1)"/>
      <nite:child href="TS3005c.A.words.xml#id(TS3005c.A.words544)..id(TS3005c.A.words554)"/>
   </ae>
   <ae nite:id="TS3005c.A.argumentstructs.Daan.5">
      <nite:pointer role="type"  href="ae-types.xml#id(ae_1)"/>
      <nite:child href="TS3005c.A.words.xml#id(TS3005c.A.words555)..id(TS3005c.A.words568)"/>
   </ae>
   <ae nite:id="TS3005c.A.argumentstructs.Daan.6">
      <nite:pointer role="type"  href="ae-types.xml#id(ae_1)"/>
      <nite:child href="TS3005c.A.words.xml#id(TS3005c.A.words690)..id(TS3005c.A.words710)"/>
   </ae>
   <ae nite:id="TS3005c.A.argumentstructs.Daan.7">
      <nite:pointer role="type"  href="ae-types.xml#id(ae_1)"/>
      <nite:child href="TS3005c.A.words.xml#id(TS3005c.A.words718)..id(TS3005c.A.words730)"/>
   </ae>
   <ae nite:id="TS3005c.A.argumentstructs.Daan.8">
      <nite:pointer role="type"  href="ae-types.xml#id(ae_1)"/>
      <nite:child href="TS3005c.A.words.xml#id(TS3005c.A.words731)..id(TS3005c.A.words767)"/>
   </ae>
   <ae nite:id="TS3005c.A.argumentstructs.Daan.10">
      <nite:pointer role="type"  href="ae-types.xml#id(ae_5)"/>
      <nite:child href="TS3005c.A.words.xml#id(TS3005c.A.words775)..id(TS3005c.A.words787)"/>
   </ae>
   <ae nite:id="TS3005c.A.argumentstructs.Daan.11">
      <nite:pointer role="type"  href="ae-types.xml#id(ae_1)"/>
      <nite:child href="TS3005c.A.words.xml#id(TS3005c.A.words788)..id(TS3005c.A.words817)"/>
   </ae>
   <ae nite:id="TS3005c.A.argumentstructs.Daan.12">
      <nite:pointer role="type"  href="ae-types.xml#id(ae_5)"/>
      <nite:child href="TS3005c.A.words.xml#id(TS3005c.A.words903)..id(TS3005c.A.words911)"/>
   </ae>
   <ae nite:id="TS3005c.A.argumentstructs.Daan.13">
      <nite:pointer role="type"  href="ae-types.xml#id(ae_5)"/>
      <nite:child href="TS3005c.A.words.xml#id(TS3005c.A.words912)..id(TS3005c.A.words917)"/>
   </ae>
   <ae nite:id="TS3005c.A.argumentstructs.Daan.14">
      <nite:pointer role="type"  href="ae-types.xml#id(ae_1)"/>
      <nite:child href="TS3005c.A.words.xml#id(TS3005c.A.words920)..id(TS3005c.A.words937)"/>
   </ae>
   <ae nite:id="TS3005c.A.argumentstructs.Daan.15">
      <nite:pointer role="type"  href="ae-types.xml#id(ae_3)"/>
      <nite:child href="TS3005c.A.words.xml#id(TS3005c.A.words938)..id(TS3005c.A.words948)"/>
   </ae>
   <ae nite:id="TS3005c.A.argumentstructs.Daan.16">
      <nite:pointer role="type"  href="ae-types.xml#id(ae_1)"/>
      <nite:child href="TS3005c.A.words.xml#id(TS3005c.A.words949)..id(TS3005c.A.words957)"/>
   </ae>
   <ae nite:id="TS3005c.A.argumentstructs.Daan.17">
      <nite:pointer role="type"  href="ae-types.xml#id(ae_1)"/>
      <nite:child href="TS3005c.A.words.xml#id(TS3005c.A.words960)..id(TS3005c.A.words977)"/>
   </ae>
   <ae nite:id="TS3005c.A.argumentstructs.Daan.18">
      <nite:pointer role="type"  href="ae-types.xml#id(ae_1)"/>
      <nite:child href="TS3005c.A.words.xml#id(TS3005c.A.words980)..id(TS3005c.A.words985)"/>
   </ae>
   <ae nite:id="TS3005c.A.argumentstructs.19">
      <nite:pointer role="type"  href="ae-types.xml#id(ae_6)"/>
      <nite:child href="TS3005c.A.words.xml#id(TS3005c.A.words489)..id(TS3005c.A.words490)"/>
   </ae>
   <ae nite:id="TS3005c.A.argumentstructs.20">
      <nite:pointer role="type"  href="ae-types.xml#id(ae_6)"/>
      <nite:child href="TS3005c.A.words.xml#id(TS3005c.A.words542)..id(TS3005c.A.words543)"/>
   </ae>
   <ae nite:id="TS3005c.A.argumentstructs.21">
      <nite:pointer role="type"  href="ae-types.xml#id(ae_6)"/>
      <nite:child href="TS3005c.A.words.xml#id(TS3005c.A.words688)..id(TS3005c.A.words689)"/>
   </ae>
   <ae nite:id="TS3005c.A.argumentstructs.22">
      <nite:pointer role="type"  href="ae-types.xml#id(ae_6)"/>
      <nite:child href="TS3005c.A.words.xml#id(TS3005c.A.words711)..id(TS3005c.A.words717)"/>
   </ae>
   <ae nite:id="TS3005c.A.argumentstructs.23">
      <nite:pointer role="type"  href="ae-types.xml#id(ae_6)"/>
      <nite:child href="TS3005c.A.words.xml#id(TS3005c.A.words768)..id(TS3005c.A.words773)"/>
   </ae>
   <ae nite:id="TS3005c.A.argumentstructs.24">
      <nite:pointer role="type"  href="ae-types.xml#id(ae_6)"/>
      <nite:child href="TS3005c.A.words.xml#id(TS3005c.A.words918)..id(TS3005c.A.words919)"/>
   </ae>
   <ae nite:id="TS3005c.A.argumentstructs.25">
      <nite:pointer role="type"  href="ae-types.xml#id(ae_6)"/>
      <nite:child href="TS3005c.A.words.xml#id(TS3005c.A.words958)..id(TS3005c.A.words959)"/>
   </ae>
   <ae nite:id="TS3005c.A.argumentstructs.26">
      <nite:pointer role="type"  href="ae-types.xml#id(ae_6)"/>
      <nite:child href="TS3005c.A.words.xml#id(TS3005c.A.words978)..id(TS3005c.A.words979)"/>
   </ae>
   <ae nite:id="TS3005c.A.argumentstructs.27">
      <nite:pointer role="type"  href="ae-types.xml#id(ae_6)"/>
      <nite:child href="TS3005c.A.words.xml#id(TS3005c.A.words986)..id(TS3005c.A.words988)"/>
   </ae>
</nite:root>