<?xml version="1.0" encoding="ISO-8859-1" standalone="yes"?>
<nite:root nite:id="TS3006a.A.argumentstructs" xmlns:nite="http://nite.sourceforge.net/">
   <ae nite:id="TS3006a.A.argumentstructs.Daan.1">
      <nite:pointer role="type"  href="ae-types.xml#id(ae_1)"/>
      <nite:child href="TS3006a.A.words.xml#id(TS3006a.A.words1100)..id(TS3006a.A.words1109)"/>
   </ae>
   <ae nite:id="TS3006a.A.argumentstructs.Daan.2">
      <nite:pointer role="type"  href="ae-types.xml#id(ae_1)"/>
      <nite:child href="TS3006a.A.words.xml#id(TS3006a.A.words1116)..id(TS3006a.A.words1142)"/>
   </ae>
   <ae nite:id="TS3006a.A.argumentstructs.Daan.3">
      <nite:pointer role="type"  href="ae-types.xml#id(ae_1)"/>
      <nite:child href="TS3006a.A.words.xml#id(TS3006a.A.words1151)..id(TS3006a.A.words1157)"/>
   </ae>
   <ae nite:id="TS3006a.A.argumentstructs.Daan.4">
      <nite:pointer role="type"  href="ae-types.xml#id(ae_1)"/>
      <nite:child href="TS3006a.A.words.xml#id(TS3006a.A.words1160)..id(TS3006a.A.words1167)"/>
   </ae>
   <ae nite:id="TS3006a.A.argumentstructs.Daan.5">
      <nite:pointer role="type"  href="ae-types.xml#id(ae_1)"/>
      <nite:child href="TS3006a.A.words.xml#id(TS3006a.A.words1188)..id(TS3006a.A.words1234)"/>
   </ae>
   <ae nite:id="TS3006a.A.argumentstructs.6">
      <nite:pointer role="type"  href="ae-types.xml#id(ae_6)"/>
      <nite:child href="TS3006a.A.words.xml#id(TS3006a.A.words1110)..id(TS3006a.A.words1115)"/>
   </ae>
   <ae nite:id="TS3006a.A.argumentstructs.7">
      <nite:pointer role="type"  href="ae-types.xml#id(ae_6)"/>
      <nite:child href="TS3006a.A.words.xml#id(TS3006a.A.words1143)..id(TS3006a.A.words1150)"/>
   </ae>
   <ae nite:id="TS3006a.A.argumentstructs.8">
      <nite:pointer role="type"  href="ae-types.xml#id(ae_6)"/>
      <nite:child href="TS3006a.A.words.xml#id(TS3006a.A.words1158)..id(TS3006a.A.words1159)"/>
   </ae>
   <ae nite:id="TS3006a.A.argumentstructs.9">
      <nite:pointer role="type"  href="ae-types.xml#id(ae_6)"/>
      <nite:child href="TS3006a.A.words.xml#id(TS3006a.A.words1168)..id(TS3006a.A.words1178)"/>
      <nite:child href="TS3006a.A.words.xml#id(TS3006a.A.words1180)..id(TS3006a.A.words1184)"/>
      <nite:child href="TS3006a.A.words.xml#id(TS3006a.A.words1186)..id(TS3006a.A.words1187)"/>
   </ae>
</nite:root>