<?xml version="1.0" encoding="ISO-8859-1" standalone="yes"?>
<nite:root nite:id="TS3007b.B.argumentstructs" xmlns:nite="http://nite.sourceforge.net/">
   <ae nite:id="TS3007b.B.argumentstructs.Daan.1">
      <nite:pointer role="type"  href="ae-types.xml#id(ae_5)"/>
      <nite:child href="TS3007b.B.words.xml#id(TS3007b.B.words540)..id(TS3007b.B.words660)"/>
   </ae>
   <ae nite:id="TS3007b.B.argumentstructs.Daan.2">
      <nite:pointer role="type"  href="ae-types.xml#id(ae_1)"/>
      <nite:child href="TS3007b.B.words.xml#id(TS3007b.B.words661)..id(TS3007b.B.words668)"/>
   </ae>
   <ae nite:id="TS3007b.B.argumentstructs.Daan.3">
      <nite:pointer role="type"  href="ae-types.xml#id(ae_1)"/>
      <nite:child href="TS3007b.B.words.xml#id(TS3007b.B.words671)..id(TS3007b.B.words791)"/>
   </ae>
   <ae nite:id="TS3007b.B.argumentstructs.Daan.4">
      <nite:pointer role="type"  href="ae-types.xml#id(ae_1)"/>
      <nite:child href="TS3007b.B.words.xml#id(TS3007b.B.words792)..id(TS3007b.B.words871)"/>
   </ae>
   <ae nite:id="TS3007b.B.argumentstructs.Daan.5">
      <nite:pointer role="type"  href="ae-types.xml#id(ae_1)"/>
      <nite:child href="TS3007b.B.words.xml#id(TS3007b.B.words872)..id(TS3007b.B.words1001)"/>
   </ae>
   <ae nite:id="TS3007b.B.argumentstructs.Daan.8">
      <nite:pointer role="type"  href="ae-types.xml#id(ae_1)"/>
      <nite:child href="TS3007b.B.words.xml#id(TS3007b.B.words1116)..id(TS3007b.B.words1159)"/>
   </ae>
   <ae nite:id="TS3007b.B.argumentstructs.Daan.9">
      <nite:pointer role="type"  href="ae-types.xml#id(ae_1)"/>
      <nite:child href="TS3007b.B.words.xml#id(TS3007b.B.words1002)..id(TS3007b.B.words1113)"/>
   </ae>
   <ae nite:id="TS3007b.B.argumentstructs.Daan.10">
      <nite:pointer role="type"  href="ae-types.xml#id(ae_1)"/>
      <nite:child href="TS3007b.B.words.xml#id(TS3007b.B.words1160)..id(TS3007b.B.words1169)"/>
   </ae>
   <ae nite:id="TS3007b.B.argumentstructs.Daan.11">
      <nite:pointer role="type"  href="ae-types.xml#id(ae_1)"/>
      <nite:child href="TS3007b.B.words.xml#id(TS3007b.B.words1170)..id(TS3007b.B.words1202)"/>
   </ae>
   <ae nite:id="TS3007b.B.argumentstructs.Daan.12">
      <nite:pointer role="type"  href="ae-types.xml#id(ae_1)"/>
      <nite:child href="TS3007b.B.words.xml#id(TS3007b.B.words1210)..id(TS3007b.B.words1243)"/>
   </ae>
   <ae nite:id="TS3007b.B.argumentstructs.Daan.13">
      <nite:pointer role="type"  href="ae-types.xml#id(ae_1)"/>
      <nite:child href="TS3007b.B.words.xml#id(TS3007b.B.words1474)..id(TS3007b.B.words1575)"/>
   </ae>
   <ae nite:id="TS3007b.B.argumentstructs.Daan.14">
      <nite:pointer role="type"  href="ae-types.xml#id(ae_1)"/>
      <nite:child href="TS3007b.B.words.xml#id(TS3007b.B.words1576)..id(TS3007b.B.words1610)"/>
   </ae>
   <ae nite:id="TS3007b.B.argumentstructs.Daan.15">
      <nite:pointer role="type"  href="ae-types.xml#id(ae_1)"/>
      <nite:child href="TS3007b.B.words.xml#id(TS3007b.B.words1636)..id(TS3007b.B.words1691)"/>
   </ae>
   <ae nite:id="TS3007b.B.argumentstructs.Daan.16">
      <nite:pointer role="type"  href="ae-types.xml#id(ae_1)"/>
      <nite:child href="TS3007b.B.words.xml#id(TS3007b.B.words1692)..id(TS3007b.B.words1698)"/>
   </ae>
   <ae nite:id="TS3007b.B.argumentstructs.Daan.17">
      <nite:pointer role="type"  href="ae-types.xml#id(ae_1)"/>
      <nite:child href="TS3007b.B.words.xml#id(TS3007b.B.words1699)..id(TS3007b.B.words1751)"/>
   </ae>
   <ae nite:id="TS3007b.B.argumentstructs.Daan.18">
      <nite:pointer role="type"  href="ae-types.xml#id(ae_1)"/>
      <nite:child href="TS3007b.B.words.xml#id(TS3007b.B.words1754)..id(TS3007b.B.words1768)"/>
   </ae>
   <ae nite:id="TS3007b.B.argumentstructs.Daan.19">
      <nite:pointer role="type"  href="ae-types.xml#id(ae_1)"/>
      <nite:child href="TS3007b.B.words.xml#id(TS3007b.B.words1769)..id(TS3007b.B.words1777)"/>
   </ae>
   <ae nite:id="TS3007b.B.argumentstructs.Daan.20">
      <nite:pointer role="type"  href="ae-types.xml#id(ae_1)"/>
      <nite:child href="TS3007b.B.words.xml#id(TS3007b.B.words1778)..id(TS3007b.B.words1783)"/>
   </ae>
   <ae nite:id="TS3007b.B.argumentstructs.21">
      <nite:pointer role="type"  href="ae-types.xml#id(ae_6)"/>
      <nite:child href="TS3007b.B.words.xml#id(TS3007b.B.words533)"/>
      <nite:child href="TS3007b.B.words.xml#id(TS3007b.B.words535)"/>
      <nite:child href="TS3007b.B.words.xml#id(TS3007b.B.words537)..id(TS3007b.B.words539)"/>
   </ae>
   <ae nite:id="TS3007b.B.argumentstructs.22">
      <nite:pointer role="type"  href="ae-types.xml#id(ae_6)"/>
      <nite:child href="TS3007b.B.words.xml#id(TS3007b.B.words669)..id(TS3007b.B.words670)"/>
   </ae>
   <ae nite:id="TS3007b.B.argumentstructs.23">
      <nite:pointer role="type"  href="ae-types.xml#id(ae_6)"/>
      <nite:child href="TS3007b.B.words.xml#id(TS3007b.B.words1114)..id(TS3007b.B.words1115)"/>
   </ae>
   <ae nite:id="TS3007b.B.argumentstructs.24">
      <nite:pointer role="type"  href="ae-types.xml#id(ae_6)"/>
      <nite:child href="TS3007b.B.words.xml#id(TS3007b.B.words1203)..id(TS3007b.B.words1204)"/>
      <nite:child href="TS3007b.B.words.xml#id(TS3007b.B.words1206)..id(TS3007b.B.words1209)"/>
   </ae>
   <ae nite:id="TS3007b.B.argumentstructs.25">
      <nite:pointer role="type"  href="ae-types.xml#id(ae_6)"/>
      <nite:child href="TS3007b.B.words.xml#id(TS3007b.B.words1612)..id(TS3007b.B.words1616)"/>
      <nite:child href="TS3007b.B.words.xml#id(TS3007b.B.words1618)..id(TS3007b.B.words1635)"/>
   </ae>
   <ae nite:id="TS3007b.B.argumentstructs.26">
      <nite:pointer role="type"  href="ae-types.xml#id(ae_6)"/>
      <nite:child href="TS3007b.B.words.xml#id(TS3007b.B.words1752)..id(TS3007b.B.words1753)"/>
   </ae>
</nite:root>