<?xml version="1.0" encoding="ISO-8859-1" standalone="yes"?>
<nite:root nite:id="TS3005d.B.argumentstructs" xmlns:nite="http://nite.sourceforge.net/">
   <ae nite:id="TS3005d.B.argumentstructs.Daan.1">
      <nite:pointer role="type"  href="ae-types.xml#id(ae_1)"/>
      <nite:child href="TS3005d.B.words.xml#id(TS3005d.B.words2157)..id(TS3005d.B.words2175)"/>
   </ae>
   <ae nite:id="TS3005d.B.argumentstructs.Daan.2">
      <nite:pointer role="type"  href="ae-types.xml#id(ae_1)"/>
      <nite:child href="TS3005d.B.words.xml#id(TS3005d.B.words2176)..id(TS3005d.B.words2177)"/>
   </ae>
   <ae nite:id="TS3005d.B.argumentstructs.Daan.3">
      <nite:pointer role="type"  href="ae-types.xml#id(ae_5)"/>
      <nite:child href="TS3005d.B.words.xml#id(TS3005d.B.words2180)..id(TS3005d.B.words2185)"/>
   </ae>
   <ae nite:id="TS3005d.B.argumentstructs.Daan.4">
      <nite:pointer role="type"  href="ae-types.xml#id(ae_1)"/>
      <nite:child href="TS3005d.B.words.xml#id(TS3005d.B.words2186)..id(TS3005d.B.words2195)"/>
   </ae>
   <ae nite:id="TS3005d.B.argumentstructs.Daan.5">
      <nite:pointer role="type"  href="ae-types.xml#id(ae_3)"/>
      <nite:child href="TS3005d.B.words.xml#id(TS3005d.B.words2467)..id(TS3005d.B.words2471)"/>
   </ae>
   <ae nite:id="TS3005d.B.argumentstructs.Daan.6">
      <nite:pointer role="type"  href="ae-types.xml#id(ae_1)"/>
      <nite:child href="TS3005d.B.words.xml#id(TS3005d.B.words2472)..id(TS3005d.B.words2499)"/>
   </ae>
   <ae nite:id="TS3005d.B.argumentstructs.Daan.7">
      <nite:pointer role="type"  href="ae-types.xml#id(ae_1)"/>
      <nite:child href="TS3005d.B.words.xml#id(TS3005d.B.words2500)..id(TS3005d.B.words2522)"/>
   </ae>
   <ae nite:id="TS3005d.B.argumentstructs.Daan.8">
      <nite:pointer role="type"  href="ae-types.xml#id(ae_1)"/>
      <nite:child href="TS3005d.B.words.xml#id(TS3005d.B.words2523)..id(TS3005d.B.words2551)"/>
   </ae>
   <ae nite:id="TS3005d.B.argumentstructs.Daan.9">
      <nite:pointer role="type"  href="ae-types.xml#id(ae_1)"/>
      <nite:child href="TS3005d.B.words.xml#id(TS3005d.B.words2566)..id(TS3005d.B.words2584)"/>
   </ae>
   <ae nite:id="TS3005d.B.argumentstructs.10">
      <nite:pointer role="type"  href="ae-types.xml#id(ae_6)"/>
      <nite:child href="TS3005d.B.words.xml#id(TS3005d.B.words2150)..id(TS3005d.B.words2155)"/>
   </ae>
   <ae nite:id="TS3005d.B.argumentstructs.11">
      <nite:pointer role="type"  href="ae-types.xml#id(ae_6)"/>
      <nite:child href="TS3005d.B.words.xml#id(TS3005d.B.words2178)"/>
   </ae>
   <ae nite:id="TS3005d.B.argumentstructs.12">
      <nite:pointer role="type"  href="ae-types.xml#id(ae_6)"/>
      <nite:child href="TS3005d.B.words.xml#id(TS3005d.B.words2552)..id(TS3005d.B.words2565)"/>
   </ae>
   <ae nite:id="TS3005d.B.argumentstructs.13">
      <nite:pointer role="type"  href="ae-types.xml#id(ae_6)"/>
      <nite:child href="TS3005d.B.words.xml#id(TS3005d.B.words2585)..id(TS3005d.B.words2586)"/>
   </ae>
</nite:root>