<?xml version="1.0" encoding="ISO-8859-1" standalone="yes"?>
<nite:root nite:id="TS3004d.C.argumentstructs" xmlns:nite="http://nite.sourceforge.net/">
   <ae nite:id="TS3004d.C.argumentstructs.Daan.1">
      <nite:pointer role="type"  href="ae-types.xml#id(ae_4)"/>
      <nite:child href="TS3004d.C.words.xml#id(TS3004d.C.words10)..id(TS3004d.C.words28)"/>
   </ae>
   <ae nite:id="TS3004d.C.argumentstructs.Daan.2">
      <nite:pointer role="type"  href="ae-types.xml#id(ae_1)"/>
      <nite:child href="TS3004d.C.words.xml#id(TS3004d.C.words34)..id(TS3004d.C.words36)"/>
   </ae>
   <ae nite:id="TS3004d.C.argumentstructs.Daan.3">
      <nite:pointer role="type"  href="ae-types.xml#id(ae_1)"/>
      <nite:child href="TS3004d.C.words.xml#id(TS3004d.C.words38)..id(TS3004d.C.words54)"/>
   </ae>
   <ae nite:id="TS3004d.C.argumentstructs.Daan.4">
      <nite:pointer role="type"  href="ae-types.xml#id(ae_1)"/>
      <nite:child href="TS3004d.C.words.xml#id(TS3004d.C.words661)..id(TS3004d.C.words672)"/>
   </ae>
   <ae nite:id="TS3004d.C.argumentstructs.Daan.5">
      <nite:pointer role="type"  href="ae-types.xml#id(ae_1)"/>
      <nite:child href="TS3004d.C.words.xml#id(TS3004d.C.words683)..id(TS3004d.C.words695)"/>
   </ae>
   <ae nite:id="TS3004d.C.argumentstructs.Daan.6">
      <nite:pointer role="type"  href="ae-types.xml#id(ae_1)"/>
      <nite:child href="TS3004d.C.words.xml#id(TS3004d.C.words911)..id(TS3004d.C.words919)"/>
   </ae>
   <ae nite:id="TS3004d.C.argumentstructs.Daan.7">
      <nite:pointer role="type"  href="ae-types.xml#id(ae_1)"/>
      <nite:child href="TS3004d.C.words.xml#id(TS3004d.C.words921)..id(TS3004d.C.words928)"/>
   </ae>
   <ae nite:id="TS3004d.C.argumentstructs.Daan.8">
      <nite:pointer role="type"  href="ae-types.xml#id(ae_1)"/>
      <nite:child href="TS3004d.C.words.xml#id(TS3004d.C.words929)..id(TS3004d.C.words932)"/>
   </ae>
   <ae nite:id="TS3004d.C.argumentstructs.9">
      <nite:pointer role="type"  href="ae-types.xml#id(ae_6)"/>
      <nite:child href="TS3004d.C.words.xml#id(TS3004d.C.words29)..id(TS3004d.C.words33)"/>
   </ae>
   <ae nite:id="TS3004d.C.argumentstructs.10">
      <nite:pointer role="type"  href="ae-types.xml#id(ae_6)"/>
      <nite:child href="TS3004d.C.words.xml#id(TS3004d.C.words37)"/>
   </ae>
   <ae nite:id="TS3004d.C.argumentstructs.11">
      <nite:pointer role="type"  href="ae-types.xml#id(ae_6)"/>
      <nite:child href="TS3004d.C.words.xml#id(TS3004d.C.words55)..id(TS3004d.C.words60)"/>
      <nite:child href="TS3004d.C.words.xml#id(TS3004d.C.words62)"/>
      <nite:child href="TS3004d.C.words.xml#id(TS3004d.C.words64)..id(TS3004d.C.words77)"/>
   </ae>
   <ae nite:id="TS3004d.C.argumentstructs.12">
      <nite:pointer role="type"  href="ae-types.xml#id(ae_6)"/>
      <nite:child href="TS3004d.C.words.xml#id(TS3004d.C.words673)..id(TS3004d.C.words677)"/>
      <nite:child href="TS3004d.C.words.xml#id(TS3004d.C.words679)..id(TS3004d.C.words681)"/>
   </ae>
   <ae nite:id="TS3004d.C.argumentstructs.13">
      <nite:pointer role="type"  href="ae-types.xml#id(ae_6)"/>
      <nite:child href="TS3004d.C.words.xml#id(TS3004d.C.words909)..id(TS3004d.C.words910)"/>
   </ae>
   <ae nite:id="TS3004d.C.argumentstructs.14">
      <nite:pointer role="type"  href="ae-types.xml#id(ae_6)"/>
      <nite:child href="TS3004d.C.words.xml#id(TS3004d.C.words933)..id(TS3004d.C.words943)"/>
      <nite:child href="TS3004d.C.words.xml#id(TS3004d.C.words945)..id(TS3004d.C.words973)"/>
      <nite:child href="TS3004d.C.words.xml#id(TS3004d.C.words975)..id(TS3004d.C.words989)"/>
   </ae>
</nite:root>