<?xml version="1.0" encoding="ISO-8859-1" standalone="yes"?>
<nite:root nite:id="TS3005c.B.argumentstructs" xmlns:nite="http://nite.sourceforge.net/">
   <ae nite:id="TS3005c.B.argumentstructs.Daan.1">
      <nite:pointer role="type"  href="ae-types.xml#id(ae_1)"/>
      <nite:child href="TS3005c.B.words.xml#id(TS3005c.B.words1135)..id(TS3005c.B.words1147)"/>
   </ae>
   <ae nite:id="TS3005c.B.argumentstructs.Daan.2">
      <nite:pointer role="type"  href="ae-types.xml#id(ae_1)"/>
      <nite:child href="TS3005c.B.words.xml#id(TS3005c.B.words1152)..id(TS3005c.B.words1159)"/>
   </ae>
   <ae nite:id="TS3005c.B.argumentstructs.Daan.3">
      <nite:pointer role="type"  href="ae-types.xml#id(ae_1)"/>
      <nite:child href="TS3005c.B.words.xml#id(TS3005c.B.words1160)..id(TS3005c.B.words1178)"/>
   </ae>
   <ae nite:id="TS3005c.B.argumentstructs.Daan.4">
      <nite:pointer role="type"  href="ae-types.xml#id(ae_1)"/>
      <nite:child href="TS3005c.B.words.xml#id(TS3005c.B.words1744)..id(TS3005c.B.words1781)"/>
   </ae>
   <ae nite:id="TS3005c.B.argumentstructs.Daan.5">
      <nite:pointer role="type"  href="ae-types.xml#id(ae_1)"/>
      <nite:child href="TS3005c.B.words.xml#id(TS3005c.B.words1792)..id(TS3005c.B.words1799)"/>
   </ae>
   <ae nite:id="TS3005c.B.argumentstructs.Daan.6">
      <nite:pointer role="type"  href="ae-types.xml#id(ae_5)"/>
      <nite:child href="TS3005c.B.words.xml#id(TS3005c.B.words1800)..id(TS3005c.B.words1815)"/>
   </ae>
   <ae nite:id="TS3005c.B.argumentstructs.Daan.7">
      <nite:pointer role="type"  href="ae-types.xml#id(ae_1)"/>
      <nite:child href="TS3005c.B.words.xml#id(TS3005c.B.words1816)..id(TS3005c.B.words1830)"/>
   </ae>
   <ae nite:id="TS3005c.B.argumentstructs.Daan.8">
      <nite:pointer role="type"  href="ae-types.xml#id(ae_3)"/>
      <nite:child href="TS3005c.B.words.xml#id(TS3005c.B.words1834)..id(TS3005c.B.words1844)"/>
   </ae>
   <ae nite:id="TS3005c.B.argumentstructs.Daan.9">
      <nite:pointer role="type"  href="ae-types.xml#id(ae_1)"/>
      <nite:child href="TS3005c.B.words.xml#id(TS3005c.B.words1845)..id(TS3005c.B.words1863)"/>
   </ae>
   <ae nite:id="TS3005c.B.argumentstructs.Daan.10">
      <nite:pointer role="type"  href="ae-types.xml#id(ae_1)"/>
      <nite:child href="TS3005c.B.words.xml#id(TS3005c.B.words1872)..id(TS3005c.B.words1884)"/>
   </ae>
   <ae nite:id="TS3005c.B.argumentstructs.Daan.11" reflexivity="false">
      <nite:pointer role="type"  href="ae-types.xml#id(ae_1)"/>
      <nite:child href="TS3005c.B.words.xml#id(TS3005c.B.words1885)..id(TS3005c.B.words1893)"/>
   </ae>
   <ae nite:id="TS3005c.B.argumentstructs.Daan.12">
      <nite:pointer role="type"  href="ae-types.xml#id(ae_1)"/>
      <nite:child href="TS3005c.B.words.xml#id(TS3005c.B.words1899)..id(TS3005c.B.words1900)"/>
   </ae>
   <ae nite:id="TS3005c.B.argumentstructs.Daan.13">
      <nite:pointer role="type"  href="ae-types.xml#id(ae_1)"/>
      <nite:child href="TS3005c.B.words.xml#id(TS3005c.B.words1991)..id(TS3005c.B.words2006)"/>
   </ae>
   <ae nite:id="TS3005c.B.argumentstructs.Daan.14">
      <nite:pointer role="type"  href="ae-types.xml#id(ae_1)"/>
      <nite:child href="TS3005c.B.words.xml#id(TS3005c.B.words2032)..id(TS3005c.B.words2037)"/>
   </ae>
   <ae nite:id="TS3005c.B.argumentstructs.15">
      <nite:pointer role="type"  href="ae-types.xml#id(ae_6)"/>
      <nite:child href="TS3005c.B.words.xml#id(TS3005c.B.words1148)..id(TS3005c.B.words1151)"/>
   </ae>
   <ae nite:id="TS3005c.B.argumentstructs.16">
      <nite:pointer role="type"  href="ae-types.xml#id(ae_6)"/>
      <nite:child href="TS3005c.B.words.xml#id(TS3005c.B.words1180)..id(TS3005c.B.words1183)"/>
   </ae>
   <ae nite:id="TS3005c.B.argumentstructs.17">
      <nite:pointer role="type"  href="ae-types.xml#id(ae_6)"/>
      <nite:child href="TS3005c.B.words.xml#id(TS3005c.B.words1194)..id(TS3005c.B.words1195)"/>
   </ae>
   <ae nite:id="TS3005c.B.argumentstructs.18">
      <nite:pointer role="type"  href="ae-types.xml#id(ae_6)"/>
      <nite:child href="TS3005c.B.words.xml#id(TS3005c.B.words1782)..id(TS3005c.B.words1784)"/>
      <nite:child href="TS3005c.B.words.xml#id(TS3005c.B.words1786)..id(TS3005c.B.words1789)"/>
      <nite:child href="TS3005c.B.words.xml#id(TS3005c.B.words1791)"/>
   </ae>
   <ae nite:id="TS3005c.B.argumentstructs.19">
      <nite:pointer role="type"  href="ae-types.xml#id(ae_6)"/>
      <nite:child href="TS3005c.B.words.xml#id(TS3005c.B.words1831)..id(TS3005c.B.words1832)"/>
   </ae>
   <ae nite:id="TS3005c.B.argumentstructs.20">
      <nite:pointer role="type"  href="ae-types.xml#id(ae_6)"/>
      <nite:child href="TS3005c.B.words.xml#id(TS3005c.B.words1864)..id(TS3005c.B.words1870)"/>
   </ae>
   <ae nite:id="TS3005c.B.argumentstructs.21">
      <nite:pointer role="type"  href="ae-types.xml#id(ae_6)"/>
      <nite:child href="TS3005c.B.words.xml#id(TS3005c.B.words1894)..id(TS3005c.B.words1897)"/>
   </ae>
   <ae nite:id="TS3005c.B.argumentstructs.22">
      <nite:pointer role="type"  href="ae-types.xml#id(ae_6)"/>
      <nite:child href="TS3005c.B.words.xml#id(TS3005c.B.words2007)..id(TS3005c.B.words2016)"/>
      <nite:child href="TS3005c.B.words.xml#id(TS3005c.B.words2018)..id(TS3005c.B.words2022)"/>
      <nite:child href="TS3005c.B.words.xml#id(TS3005c.B.words2025)..id(TS3005c.B.words2031)"/>
   </ae>
   <ae nite:id="TS3005c.B.argumentstructs.23">
      <nite:pointer role="type"  href="ae-types.xml#id(ae_6)"/>
      <nite:child href="TS3005c.B.words.xml#id(TS3005c.B.words2038)..id(TS3005c.B.words2053)"/>
   </ae>
</nite:root>