<?xml version="1.0" encoding="ISO-8859-1" standalone="yes"?>
<nite:root nite:id="TS3005d.C.argumentstructs" xmlns:nite="http://nite.sourceforge.net/">
   <ae nite:id="TS3005d.C.argumentstructs.Daan.1">
      <nite:pointer role="type"  href="ae-types.xml#id(ae_1)"/>
      <nite:child href="TS3005d.C.words.xml#id(TS3005d.C.words1750)..id(TS3005d.C.words1771)"/>
   </ae>
   <ae nite:id="TS3005d.C.argumentstructs.Daan.2">
      <nite:pointer role="type"  href="ae-types.xml#id(ae_1)"/>
      <nite:child href="TS3005d.C.words.xml#id(TS3005d.C.words1772)..id(TS3005d.C.words1816)"/>
   </ae>
   <ae nite:id="TS3005d.C.argumentstructs.Daan.3">
      <nite:pointer role="type"  href="ae-types.xml#id(ae_1)"/>
      <nite:child href="TS3005d.C.words.xml#id(TS3005d.C.words1817)..id(TS3005d.C.words1820)"/>
   </ae>
   <ae nite:id="TS3005d.C.argumentstructs.Daan.4">
      <nite:pointer role="type"  href="ae-types.xml#id(ae_3)"/>
      <nite:child href="TS3005d.C.words.xml#id(TS3005d.C.words2047)..id(TS3005d.C.words2069)"/>
   </ae>
   <ae nite:id="TS3005d.C.argumentstructs.Daan.5">
      <nite:pointer role="type"  href="ae-types.xml#id(ae_1)"/>
      <nite:child href="TS3005d.C.words.xml#id(TS3005d.C.words2070)..id(TS3005d.C.words2086)"/>
   </ae>
   <ae nite:id="TS3005d.C.argumentstructs.Daan.6">
      <nite:pointer role="type"  href="ae-types.xml#id(ae_2)"/>
      <nite:child href="TS3005d.C.words.xml#id(TS3005d.C.words2087)..id(TS3005d.C.words2089)"/>
   </ae>
   <ae nite:id="TS3005d.C.argumentstructs.Daan.7">
      <nite:pointer role="type"  href="ae-types.xml#id(ae_1)"/>
      <nite:child href="TS3005d.C.words.xml#id(TS3005d.C.words2092)..id(TS3005d.C.words2101)"/>
   </ae>
   <ae nite:id="TS3005d.C.argumentstructs.Daan.8">
      <nite:pointer role="type"  href="ae-types.xml#id(ae_1)"/>
      <nite:child href="TS3005d.C.words.xml#id(TS3005d.C.words2103)..id(TS3005d.C.words2127)"/>
   </ae>
   <ae nite:id="TS3005d.C.argumentstructs.9">
      <nite:pointer role="type"  href="ae-types.xml#id(ae_6)"/>
      <nite:child href="TS3005d.C.words.xml#id(TS3005d.C.words2090)..id(TS3005d.C.words2091)"/>
   </ae>
   <ae nite:id="TS3005d.C.argumentstructs.10">
      <nite:pointer role="type"  href="ae-types.xml#id(ae_6)"/>
      <nite:child href="TS3005d.C.words.xml#id(TS3005d.C.words2102)"/>
   </ae>
</nite:root>