<?xml version="1.0" encoding="ISO-8859-1" standalone="yes"?>
<nite:root nite:id="TS3007a.D.argumentstructs" xmlns:nite="http://nite.sourceforge.net/">
   <ae nite:id="TS3007a.D.argumentstructs.Daan.1">
      <nite:pointer role="type"  href="ae-types.xml#id(ae_1)"/>
      <nite:child href="TS3007a.D.words.xml#id(TS3007a.D.words607)..id(TS3007a.D.words673)"/>
   </ae>
   <ae nite:id="TS3007a.D.argumentstructs.Daan.2">
      <nite:pointer role="type"  href="ae-types.xml#id(ae_1)"/>
      <nite:child href="TS3007a.D.words.xml#id(TS3007a.D.words674)..id(TS3007a.D.words719)"/>
   </ae>
   <ae nite:id="TS3007a.D.argumentstructs.Daan.3">
      <nite:pointer role="type"  href="ae-types.xml#id(ae_1)"/>
      <nite:child href="TS3007a.D.words.xml#id(TS3007a.D.words720)..id(TS3007a.D.words730)"/>
   </ae>
   <ae nite:id="TS3007a.D.argumentstructs.Daan.4">
      <nite:pointer role="type"  href="ae-types.xml#id(ae_1)"/>
      <nite:child href="TS3007a.D.words.xml#id(TS3007a.D.words731)..id(TS3007a.D.words737)"/>
   </ae>
   <ae nite:id="TS3007a.D.argumentstructs.Daan.5">
      <nite:pointer role="type"  href="ae-types.xml#id(ae_1)"/>
      <nite:child href="TS3007a.D.words.xml#id(TS3007a.D.words738)..id(TS3007a.D.words783)"/>
   </ae>
   <ae nite:id="TS3007a.D.argumentstructs.Daan.6">
      <nite:pointer role="type"  href="ae-types.xml#id(ae_1)"/>
      <nite:child href="TS3007a.D.words.xml#id(TS3007a.D.words792)..id(TS3007a.D.words814)"/>
   </ae>
   <ae nite:id="TS3007a.D.argumentstructs.7">
      <nite:pointer role="type"  href="ae-types.xml#id(ae_6)"/>
      <nite:child href="TS3007a.D.words.xml#id(TS3007a.D.words784)..id(TS3007a.D.words791)"/>
   </ae>
</nite:root>