<?xml version="1.0" encoding="ISO-8859-1" standalone="yes"?>
<nite:root nite:id="TS3003b.B.argumentstructs" xmlns:nite="http://nite.sourceforge.net/">
   <ae nite:id="TS3003b.B.argumentstructs.Daan.1">
      <nite:pointer role="type"  href="ae-types.xml#id(ae_1)"/>
      <nite:child href="TS3003b.B.words.xml#id(TS3003b.B.words614)..id(TS3003b.B.words651)"/>
   </ae>
   <ae nite:id="TS3003b.B.argumentstructs.Daan.2">
      <nite:pointer role="type"  href="ae-types.xml#id(ae_1)"/>
      <nite:child href="TS3003b.B.words.xml#id(TS3003b.B.words652)..id(TS3003b.B.words704)"/>
   </ae>
   <ae nite:id="TS3003b.B.argumentstructs.Daan.3">
      <nite:pointer role="type"  href="ae-types.xml#id(ae_1)"/>
      <nite:child href="TS3003b.B.words.xml#id(TS3003b.B.words707)..id(TS3003b.B.words710)"/>
   </ae>
   <ae nite:id="TS3003b.B.argumentstructs.4">
      <nite:pointer role="type"  href="ae-types.xml#id(ae_6)"/>
      <nite:child href="TS3003b.B.words.xml#id(TS3003b.B.words705)..id(TS3003b.B.words706)"/>
   </ae>
   <ae nite:id="TS3003b.B.argumentstructs.5">
      <nite:pointer role="type"  href="ae-types.xml#id(ae_6)"/>
      <nite:child href="TS3003b.B.words.xml#id(TS3003b.B.words711)..id(TS3003b.B.words712)"/>
   </ae>
   <ae nite:id="TS3003b.B.argumentstructs.6">
      <nite:pointer role="type"  href="ae-types.xml#id(ae_6)"/>
      <nite:child href="TS3003b.B.words.xml#id(TS3003b.B.words720)..id(TS3003b.B.words725)"/>
      <nite:child href="TS3003b.B.words.xml#id(TS3003b.B.words727)"/>
      <nite:child href="TS3003b.B.words.xml#id(TS3003b.B.words729)..id(TS3003b.B.words730)"/>
      <nite:child href="TS3003b.B.words.xml#id(TS3003b.B.words732)..id(TS3003b.B.words737)"/>
   </ae>
   <ae nite:id="TS3003b.B.argumentstructs.7">
      <nite:pointer role="type"  href="ae-types.xml#id(ae_6)"/>
      <nite:child href="TS3003b.B.words.xml#id(TS3003b.B.words809)..id(TS3003b.B.words820)"/>
   </ae>
   <ae nite:id="TS3003b.B.argumentstructs.8">
      <nite:pointer role="type"  href="ae-types.xml#id(ae_6)"/>
      <nite:child href="TS3003b.B.words.xml#id(TS3003b.B.words840)..id(TS3003b.B.words847)"/>
   </ae>
</nite:root>