<?xml version="1.0" encoding="ISO-8859-1" standalone="yes"?>
<nite:root nite:id="TS3006b.B.argumentstructs" xmlns:nite="http://nite.sourceforge.net/">
   <ae nite:id="TS3006b.B.argumentstructs.Daan.1">
      <nite:pointer role="type"  href="ae-types.xml#id(ae_1)"/>
      <nite:child href="TS3006b.B.words.xml#id(TS3006b.B.words773)..id(TS3006b.B.words803)"/>
   </ae>
   <ae nite:id="TS3006b.B.argumentstructs.Daan.2">
      <nite:pointer role="type"  href="ae-types.xml#id(ae_1)"/>
      <nite:child href="TS3006b.B.words.xml#id(TS3006b.B.words806)..id(TS3006b.B.words813)"/>
   </ae>
   <ae nite:id="TS3006b.B.argumentstructs.Daan.3">
      <nite:pointer role="type"  href="ae-types.xml#id(ae_1)"/>
      <nite:child href="TS3006b.B.words.xml#id(TS3006b.B.words818)..id(TS3006b.B.words824)"/>
   </ae>
   <ae nite:id="TS3006b.B.argumentstructs.4">
      <nite:pointer role="type"  href="ae-types.xml#id(ae_6)"/>
      <nite:child href="TS3006b.B.words.xml#id(TS3006b.B.words767)..id(TS3006b.B.words771)"/>
   </ae>
   <ae nite:id="TS3006b.B.argumentstructs.5">
      <nite:pointer role="type"  href="ae-types.xml#id(ae_6)"/>
      <nite:child href="TS3006b.B.words.xml#id(TS3006b.B.words804)..id(TS3006b.B.words805)"/>
   </ae>
   <ae nite:id="TS3006b.B.argumentstructs.6">
      <nite:pointer role="type"  href="ae-types.xml#id(ae_6)"/>
      <nite:child href="TS3006b.B.words.xml#id(TS3006b.B.words814)..id(TS3006b.B.words817)"/>
   </ae>
   <ae nite:id="TS3006b.B.argumentstructs.7">
      <nite:pointer role="type"  href="ae-types.xml#id(ae_6)"/>
      <nite:child href="TS3006b.B.words.xml#id(TS3006b.B.words825)..id(TS3006b.B.words828)"/>
   </ae>
</nite:root>