<?xml version="1.0" encoding="ISO-8859-1" standalone="yes"?>
<nite:root nite:id="TS3003b.A.argumentstructs" xmlns:nite="http://nite.sourceforge.net/">
   <ae nite:id="TS3003b.A.argumentstructs.Daan.1">
      <nite:pointer role="type"  href="ae-types.xml#id(ae_1)"/>
      <nite:child href="TS3003b.A.words.xml#id(TS3003b.A.words436)..id(TS3003b.A.words466)"/>
   </ae>
   <ae nite:id="TS3003b.A.argumentstructs.Daan.2">
      <nite:pointer role="type"  href="ae-types.xml#id(ae_1)"/>
      <nite:child href="TS3003b.A.words.xml#id(TS3003b.A.words824)..id(TS3003b.A.words853)"/>
   </ae>
   <ae nite:id="TS3003b.A.argumentstructs.Daan.3">
      <nite:pointer role="type"  href="ae-types.xml#id(ae_5)"/>
      <nite:child href="TS3003b.A.words.xml#id(TS3003b.A.words855)..id(TS3003b.A.words859)"/>
   </ae>
   <ae nite:id="TS3003b.A.argumentstructs.Daan.4">
      <nite:pointer role="type"  href="ae-types.xml#id(ae_1)"/>
      <nite:child href="TS3003b.A.words.xml#id(TS3003b.A.words875)..id(TS3003b.A.words939)"/>
   </ae>
   <ae nite:id="TS3003b.A.argumentstructs.Daan.5">
      <nite:pointer role="type"  href="ae-types.xml#id(ae_1)"/>
      <nite:child href="TS3003b.A.words.xml#id(TS3003b.A.words941)..id(TS3003b.A.words972)"/>
   </ae>
   <ae nite:id="TS3003b.A.argumentstructs.Daan.6">
      <nite:pointer role="type"  href="ae-types.xml#id(ae_5)"/>
      <nite:child href="TS3003b.A.words.xml#id(TS3003b.A.words975)..id(TS3003b.A.words1019)"/>
   </ae>
   <ae nite:id="TS3003b.A.argumentstructs.Daan.7">
      <nite:pointer role="type"  href="ae-types.xml#id(ae_1)"/>
      <nite:child href="TS3003b.A.words.xml#id(TS3003b.A.words1022)..id(TS3003b.A.words1028)"/>
   </ae>
   <ae nite:id="TS3003b.A.argumentstructs.Daan.8">
      <nite:pointer role="type"  href="ae-types.xml#id(ae_1)"/>
      <nite:child href="TS3003b.A.words.xml#id(TS3003b.A.words1029)..id(TS3003b.A.words1042)"/>
   </ae>
   <ae nite:id="TS3003b.A.argumentstructs.Daan.9">
      <nite:pointer role="type"  href="ae-types.xml#id(ae_5)"/>
      <nite:child href="TS3003b.A.words.xml#id(TS3003b.A.words1377)..id(TS3003b.A.words1386)"/>
   </ae>
   <ae nite:id="TS3003b.A.argumentstructs.Daan.10">
      <nite:pointer role="type"  href="ae-types.xml#id(ae_5)"/>
      <nite:child href="TS3003b.A.words.xml#id(TS3003b.A.words1387)..id(TS3003b.A.words1391)"/>
   </ae>
   <ae nite:id="TS3003b.A.argumentstructs.Daan.11">
      <nite:pointer role="type"  href="ae-types.xml#id(ae_1)"/>
      <nite:child href="TS3003b.A.words.xml#id(TS3003b.A.words1392)..id(TS3003b.A.words1421)"/>
   </ae>
   <ae nite:id="TS3003b.A.argumentstructs.Daan.12">
      <nite:pointer role="type"  href="ae-types.xml#id(ae_1)"/>
      <nite:child href="TS3003b.A.words.xml#id(TS3003b.A.words1422)..id(TS3003b.A.words1424)"/>
   </ae>
   <ae nite:id="TS3003b.A.argumentstructs.Daan.13">
      <nite:pointer role="type"  href="ae-types.xml#id(ae_1)"/>
      <nite:child href="TS3003b.A.words.xml#id(TS3003b.A.words1699)..id(TS3003b.A.words1719)"/>
   </ae>
   <ae nite:id="TS3003b.A.argumentstructs.Daan.14">
      <nite:pointer role="type"  href="ae-types.xml#id(ae_1)"/>
      <nite:child href="TS3003b.A.words.xml#id(TS3003b.A.words1720)..id(TS3003b.A.words1729)"/>
   </ae>
   <ae nite:id="TS3003b.A.argumentstructs.Daan.15">
      <nite:pointer role="type"  href="ae-types.xml#id(ae_1)"/>
      <nite:child href="TS3003b.A.words.xml#id(TS3003b.A.words1734)..id(TS3003b.A.words1743)"/>
   </ae>
   <ae nite:id="TS3003b.A.argumentstructs.Daan.16">
      <nite:pointer role="type"  href="ae-types.xml#id(ae_1)"/>
      <nite:child href="TS3003b.A.words.xml#id(TS3003b.A.words1744)..id(TS3003b.A.words1755)"/>
   </ae>
   <ae nite:id="TS3003b.A.argumentstructs.Daan.17">
      <nite:pointer role="type"  href="ae-types.xml#id(ae_1)"/>
      <nite:child href="TS3003b.A.words.xml#id(TS3003b.A.words1757)..id(TS3003b.A.words1767)"/>
   </ae>
   <ae nite:id="TS3003b.A.argumentstructs.Daan.18">
      <nite:pointer role="type"  href="ae-types.xml#id(ae_1)"/>
      <nite:child href="TS3003b.A.words.xml#id(TS3003b.A.words1773)..id(TS3003b.A.words1776)"/>
   </ae>
   <ae nite:id="TS3003b.A.argumentstructs.Daan.19">
      <nite:pointer role="type"  href="ae-types.xml#id(ae_1)"/>
      <nite:child href="TS3003b.A.words.xml#id(TS3003b.A.words1777)..id(TS3003b.A.words1827)"/>
   </ae>
   <ae nite:id="TS3003b.A.argumentstructs.20">
      <nite:pointer role="type"  href="ae-types.xml#id(ae_6)"/>
      <nite:child href="TS3003b.A.words.xml#id(TS3003b.A.words421)..id(TS3003b.A.words432)"/>
      <nite:child href="TS3003b.A.words.xml#id(TS3003b.A.words434)..id(TS3003b.A.words435)"/>
   </ae>
   <ae nite:id="TS3003b.A.argumentstructs.21">
      <nite:pointer role="type"  href="ae-types.xml#id(ae_6)"/>
      <nite:child href="TS3003b.A.words.xml#id(TS3003b.A.words860)"/>
      <nite:child href="TS3003b.A.words.xml#id(TS3003b.A.words862)..id(TS3003b.A.words865)"/>
      <nite:child href="TS3003b.A.words.xml#id(TS3003b.A.words867)..id(TS3003b.A.words874)"/>
   </ae>
   <ae nite:id="TS3003b.A.argumentstructs.22">
      <nite:pointer role="type"  href="ae-types.xml#id(ae_6)"/>
      <nite:child href="TS3003b.A.words.xml#id(TS3003b.A.words940)"/>
   </ae>
   <ae nite:id="TS3003b.A.argumentstructs.23">
      <nite:pointer role="type"  href="ae-types.xml#id(ae_6)"/>
      <nite:child href="TS3003b.A.words.xml#id(TS3003b.A.words973)..id(TS3003b.A.words974)"/>
   </ae>
   <ae nite:id="TS3003b.A.argumentstructs.24">
      <nite:pointer role="type"  href="ae-types.xml#id(ae_6)"/>
      <nite:child href="TS3003b.A.words.xml#id(TS3003b.A.words1020)..id(TS3003b.A.words1021)"/>
   </ae>
   <ae nite:id="TS3003b.A.argumentstructs.25">
      <nite:pointer role="type"  href="ae-types.xml#id(ae_6)"/>
      <nite:child href="TS3003b.A.words.xml#id(TS3003b.A.words1043)..id(TS3003b.A.words1047)"/>
   </ae>
   <ae nite:id="TS3003b.A.argumentstructs.26">
      <nite:pointer role="type"  href="ae-types.xml#id(ae_6)"/>
      <nite:child href="TS3003b.A.words.xml#id(TS3003b.A.words1730)..id(TS3003b.A.words1733)"/>
   </ae>
   <ae nite:id="TS3003b.A.argumentstructs.27">
      <nite:pointer role="type"  href="ae-types.xml#id(ae_6)"/>
      <nite:child href="TS3003b.A.words.xml#id(TS3003b.A.words1756)"/>
   </ae>
   <ae nite:id="TS3003b.A.argumentstructs.28">
      <nite:pointer role="type"  href="ae-types.xml#id(ae_6)"/>
      <nite:child href="TS3003b.A.words.xml#id(TS3003b.A.words1768)..id(TS3003b.A.words1772)"/>
   </ae>
   <ae nite:id="TS3003b.A.argumentstructs.29">
      <nite:pointer role="type"  href="ae-types.xml#id(ae_6)"/>
      <nite:child href="TS3003b.A.words.xml#id(TS3003b.A.words1828)..id(TS3003b.A.words1831)"/>
   </ae>
</nite:root>