<?xml version="1.0" encoding="ISO-8859-1" standalone="yes"?>
<nite:root nite:id="TS3006c.C.argumentstructs" xmlns:nite="http://nite.sourceforge.net/">
   <ae nite:id="TS3006c.C.argumentstructs.Daan.1">
      <nite:pointer role="type"  href="ae-types.xml#id(ae_1)"/>
      <nite:child href="TS3006c.C.words.xml#id(TS3006c.C.words747)..id(TS3006c.C.words818)"/>
   </ae>
   <ae nite:id="TS3006c.C.argumentstructs.Daan.2">
      <nite:pointer role="type"  href="ae-types.xml#id(ae_1)"/>
      <nite:child href="TS3006c.C.words.xml#id(TS3006c.C.words823)..id(TS3006c.C.words856)"/>
   </ae>
   <ae nite:id="TS3006c.C.argumentstructs.Daan.3">
      <nite:pointer role="type"  href="ae-types.xml#id(ae_1)"/>
      <nite:child href="TS3006c.C.words.xml#id(TS3006c.C.words857)..id(TS3006c.C.words874)"/>
   </ae>
   <ae nite:id="TS3006c.C.argumentstructs.Daan.4">
      <nite:pointer role="type"  href="ae-types.xml#id(ae_1)"/>
      <nite:child href="TS3006c.C.words.xml#id(TS3006c.C.words875)..id(TS3006c.C.words904)"/>
   </ae>
   <ae nite:id="TS3006c.C.argumentstructs.Daan.5">
      <nite:pointer role="type"  href="ae-types.xml#id(ae_5)"/>
      <nite:child href="TS3006c.C.words.xml#id(TS3006c.C.words1440)..id(TS3006c.C.words1449)"/>
   </ae>
   <ae nite:id="TS3006c.C.argumentstructs.Daan.6">
      <nite:pointer role="type"  href="ae-types.xml#id(ae_1)"/>
      <nite:child href="TS3006c.C.words.xml#id(TS3006c.C.words1452)..id(TS3006c.C.words1458)"/>
   </ae>
   <ae nite:id="TS3006c.C.argumentstructs.Daan.7">
      <nite:pointer role="type"  href="ae-types.xml#id(ae_1)"/>
      <nite:child href="TS3006c.C.words.xml#id(TS3006c.C.words1459)..id(TS3006c.C.words1527)"/>
   </ae>
   <ae nite:id="TS3006c.C.argumentstructs.Daan.8">
      <nite:pointer role="type"  href="ae-types.xml#id(ae_3)"/>
      <nite:child href="TS3006c.C.words.xml#id(TS3006c.C.words1627)..id(TS3006c.C.words1659)"/>
   </ae>
   <ae nite:id="TS3006c.C.argumentstructs.Daan.9">
      <nite:pointer role="type"  href="ae-types.xml#id(ae_1)"/>
      <nite:child href="TS3006c.C.words.xml#id(TS3006c.C.words1660)..id(TS3006c.C.words1665)"/>
   </ae>
   <ae nite:id="TS3006c.C.argumentstructs.Daan.10">
      <nite:pointer role="type"  href="ae-types.xml#id(ae_1)"/>
      <nite:child href="TS3006c.C.words.xml#id(TS3006c.C.words1679)..id(TS3006c.C.words1721)"/>
   </ae>
   <ae nite:id="TS3006c.C.argumentstructs.Daan.11">
      <nite:pointer role="type"  href="ae-types.xml#id(ae_1)"/>
      <nite:child href="TS3006c.C.words.xml#id(TS3006c.C.words1722)..id(TS3006c.C.words1746)"/>
   </ae>
   <ae nite:id="TS3006c.C.argumentstructs.Daan.12">
      <nite:pointer role="type"  href="ae-types.xml#id(ae_1)"/>
      <nite:child href="TS3006c.C.words.xml#id(TS3006c.C.words1766)..id(TS3006c.C.words1793)"/>
   </ae>
   <ae nite:id="TS3006c.C.argumentstructs.Daan.13">
      <nite:pointer role="type"  href="ae-types.xml#id(ae_1)"/>
      <nite:child href="TS3006c.C.words.xml#id(TS3006c.C.words1798)..id(TS3006c.C.words1828)"/>
   </ae>
   <ae nite:id="TS3006c.C.argumentstructs.Daan.14">
      <nite:pointer role="type"  href="ae-types.xml#id(ae_1)"/>
      <nite:child href="TS3006c.C.words.xml#id(TS3006c.C.words1831)..id(TS3006c.C.words1853)"/>
   </ae>
   <ae nite:id="TS3006c.C.argumentstructs.Daan.15">
      <nite:pointer role="type"  href="ae-types.xml#id(ae_1)"/>
      <nite:child href="TS3006c.C.words.xml#id(TS3006c.C.words1854)..id(TS3006c.C.words1863)"/>
   </ae>
   <ae nite:id="TS3006c.C.argumentstructs.Daan.16">
      <nite:pointer role="type"  href="ae-types.xml#id(ae_1)"/>
      <nite:child href="TS3006c.C.words.xml#id(TS3006c.C.words2253)..id(TS3006c.C.words2277)"/>
   </ae>
   <ae nite:id="TS3006c.C.argumentstructs.Daan.17">
      <nite:pointer role="type"  href="ae-types.xml#id(ae_1)"/>
      <nite:child href="TS3006c.C.words.xml#id(TS3006c.C.words2279)..id(TS3006c.C.words2288)"/>
   </ae>
   <ae nite:id="TS3006c.C.argumentstructs.Daan.18">
      <nite:pointer role="type"  href="ae-types.xml#id(ae_5)"/>
      <nite:child href="TS3006c.C.words.xml#id(TS3006c.C.words2289)..id(TS3006c.C.words2334)"/>
   </ae>
   <ae nite:id="TS3006c.C.argumentstructs.Daan.19">
      <nite:pointer role="type"  href="ae-types.xml#id(ae_2)"/>
      <nite:child href="TS3006c.C.words.xml#id(TS3006c.C.words2348)..id(TS3006c.C.words2350)"/>
   </ae>
   <ae nite:id="TS3006c.C.argumentstructs.Daan.22">
      <nite:pointer role="type"  href="ae-types.xml#id(ae_2)"/>
      <nite:child href="TS3006c.C.words.xml#id(TS3006c.C.words2374)..id(TS3006c.C.words2420)"/>
   </ae>
   <ae nite:id="TS3006c.C.argumentstructs.Daan.23">
      <nite:pointer role="type"  href="ae-types.xml#id(ae_2)"/>
      <nite:child href="TS3006c.C.words.xml#id(TS3006c.C.words2421)..id(TS3006c.C.words2424)"/>
   </ae>
   <ae nite:id="TS3006c.C.argumentstructs.Daan.24">
      <nite:pointer role="type"  href="ae-types.xml#id(ae_1)"/>
      <nite:child href="TS3006c.C.words.xml#id(TS3006c.C.words2425)..id(TS3006c.C.words2458)"/>
   </ae>
   <ae nite:id="TS3006c.C.argumentstructs.Daan.25">
      <nite:pointer role="type"  href="ae-types.xml#id(ae_1)"/>
      <nite:child href="TS3006c.C.words.xml#id(TS3006c.C.words2351)..id(TS3006c.C.words2360)"/>
   </ae>
   <ae nite:id="TS3006c.C.argumentstructs.26">
      <nite:pointer role="type"  href="ae-types.xml#id(ae_6)"/>
      <nite:child href="TS3006c.C.words.xml#id(TS3006c.C.words819)..id(TS3006c.C.words821)"/>
   </ae>
   <ae nite:id="TS3006c.C.argumentstructs.27">
      <nite:pointer role="type"  href="ae-types.xml#id(ae_6)"/>
      <nite:child href="TS3006c.C.words.xml#id(TS3006c.C.words1450)..id(TS3006c.C.words1451)"/>
   </ae>
   <ae nite:id="TS3006c.C.argumentstructs.28">
      <nite:pointer role="type"  href="ae-types.xml#id(ae_6)"/>
      <nite:child href="TS3006c.C.words.xml#id(TS3006c.C.words1666)..id(TS3006c.C.words1670)"/>
      <nite:child href="TS3006c.C.words.xml#id(TS3006c.C.words1672)..id(TS3006c.C.words1678)"/>
   </ae>
   <ae nite:id="TS3006c.C.argumentstructs.29">
      <nite:pointer role="type"  href="ae-types.xml#id(ae_6)"/>
      <nite:child href="TS3006c.C.words.xml#id(TS3006c.C.words1747)..id(TS3006c.C.words1757)"/>
      <nite:child href="TS3006c.C.words.xml#id(TS3006c.C.words1759)..id(TS3006c.C.words1762)"/>
      <nite:child href="TS3006c.C.words.xml#id(TS3006c.C.words1764)..id(TS3006c.C.words1765)"/>
   </ae>
   <ae nite:id="TS3006c.C.argumentstructs.30">
      <nite:pointer role="type"  href="ae-types.xml#id(ae_6)"/>
      <nite:child href="TS3006c.C.words.xml#id(TS3006c.C.words1794)..id(TS3006c.C.words1797)"/>
   </ae>
   <ae nite:id="TS3006c.C.argumentstructs.31">
      <nite:pointer role="type"  href="ae-types.xml#id(ae_6)"/>
      <nite:child href="TS3006c.C.words.xml#id(TS3006c.C.words1829)"/>
   </ae>
   <ae nite:id="TS3006c.C.argumentstructs.32">
      <nite:pointer role="type"  href="ae-types.xml#id(ae_6)"/>
      <nite:child href="TS3006c.C.words.xml#id(TS3006c.C.words2346)..id(TS3006c.C.words2347)"/>
   </ae>
   <ae nite:id="TS3006c.C.argumentstructs.33">
      <nite:pointer role="type"  href="ae-types.xml#id(ae_6)"/>
      <nite:child href="TS3006c.C.words.xml#id(TS3006c.C.words2361)..id(TS3006c.C.words2367)"/>
      <nite:child href="TS3006c.C.words.xml#id(TS3006c.C.words2369)..id(TS3006c.C.words2373)"/>
   </ae>
</nite:root>