<?xml version="1.0" encoding="ISO-8859-1" standalone="yes"?>
<nite:root nite:id="TS3003a.A.argumentstructs" xmlns:nite="http://nite.sourceforge.net/">
   <ae nite:id="TS3003a.A.argumentstructs.Daan.1">
      <nite:pointer role="type"  href="ae-types.xml#id(ae_5)"/>
      <nite:child href="TS3003a.A.words.xml#id(TS3003a.A.words1997)..id(TS3003a.A.words2042)"/>
   </ae>
   <ae nite:id="TS3003a.A.argumentstructs.Daan.2">
      <nite:pointer role="type"  href="ae-types.xml#id(ae_1)"/>
      <nite:child href="TS3003a.A.words.xml#id(TS3003a.A.words2047)..id(TS3003a.A.words2148)"/>
   </ae>
   <ae nite:id="TS3003a.A.argumentstructs.3">
      <nite:pointer role="type"  href="ae-types.xml#id(ae_6)"/>
      <nite:child href="TS3003a.A.words.xml#id(TS3003a.A.words2044)..id(TS3003a.A.words2046)"/>
   </ae>
   <ae nite:id="TS3003a.A.argumentstructs.4">
      <nite:pointer role="type"  href="ae-types.xml#id(ae_6)"/>
      <nite:child href="TS3003a.A.words.xml#id(TS3003a.A.words2149)..id(TS3003a.A.words2150)"/>
   </ae>
</nite:root>