<?xml version="1.0" encoding="ISO-8859-1" standalone="yes"?>
<nite:root nite:id="TS3004d.B.argumentstructs" xmlns:nite="http://nite.sourceforge.net/">
   <ae nite:id="TS3004d.B.argumentstructs.Daan.1">
      <nite:pointer role="type"  href="ae-types.xml#id(ae_5)"/>
      <nite:child href="TS3004d.B.words.xml#id(TS3004d.B.words11)..id(TS3004d.B.words34)"/>
   </ae>
   <ae nite:id="TS3004d.B.argumentstructs.Daan.2">
      <nite:pointer role="type"  href="ae-types.xml#id(ae_1)"/>
      <nite:child href="TS3004d.B.words.xml#id(TS3004d.B.words35)..id(TS3004d.B.words46)"/>
   </ae>
   <ae nite:id="TS3004d.B.argumentstructs.Daan.3">
      <nite:pointer role="type"  href="ae-types.xml#id(ae_1)"/>
      <nite:child href="TS3004d.B.words.xml#id(TS3004d.B.words47)..id(TS3004d.B.words64)"/>
   </ae>
   <ae nite:id="TS3004d.B.argumentstructs.Daan.4">
      <nite:pointer role="type"  href="ae-types.xml#id(ae_1)"/>
      <nite:child href="TS3004d.B.words.xml#id(TS3004d.B.words65)..id(TS3004d.B.words75)"/>
   </ae>
   <ae nite:id="TS3004d.B.argumentstructs.Daan.5">
      <nite:pointer role="type"  href="ae-types.xml#id(ae_1)"/>
      <nite:child href="TS3004d.B.words.xml#id(TS3004d.B.words971)..id(TS3004d.B.words978)"/>
   </ae>
   <ae nite:id="TS3004d.B.argumentstructs.Daan.6">
      <nite:pointer role="type"  href="ae-types.xml#id(ae_1)"/>
      <nite:child href="TS3004d.B.words.xml#id(TS3004d.B.words979)..id(TS3004d.B.words1000)"/>
   </ae>
   <ae nite:id="TS3004d.B.argumentstructs.Daan.7">
      <nite:pointer role="type"  href="ae-types.xml#id(ae_1)"/>
      <nite:child href="TS3004d.B.words.xml#id(TS3004d.B.words1001)..id(TS3004d.B.words1009)"/>
   </ae>
   <ae nite:id="TS3004d.B.argumentstructs.Daan.8">
      <nite:pointer role="type"  href="ae-types.xml#id(ae_1)"/>
      <nite:child href="TS3004d.B.words.xml#id(TS3004d.B.words1337)..id(TS3004d.B.words1344)"/>
   </ae>
   <ae nite:id="TS3004d.B.argumentstructs.Daan.9">
      <nite:pointer role="type"  href="ae-types.xml#id(ae_5)"/>
      <nite:child href="TS3004d.B.words.xml#id(TS3004d.B.words1345)..id(TS3004d.B.words1357)"/>
   </ae>
   <ae nite:id="TS3004d.B.argumentstructs.Daan.10">
      <nite:pointer role="type"  href="ae-types.xml#id(ae_1)"/>
      <nite:child href="TS3004d.B.words.xml#id(TS3004d.B.words1360)..id(TS3004d.B.words1364)"/>
   </ae>
   <ae nite:id="TS3004d.B.argumentstructs.Daan.11">
      <nite:pointer role="type"  href="ae-types.xml#id(ae_1)"/>
      <nite:child href="TS3004d.B.words.xml#id(TS3004d.B.words1375)..id(TS3004d.B.words1393)"/>
   </ae>
   <ae nite:id="TS3004d.B.argumentstructs.Daan.12">
      <nite:pointer role="type"  href="ae-types.xml#id(ae_1)"/>
      <nite:child href="TS3004d.B.words.xml#id(TS3004d.B.words1394)..id(TS3004d.B.words1397)"/>
   </ae>
   <ae nite:id="TS3004d.B.argumentstructs.13">
      <nite:pointer role="type"  href="ae-types.xml#id(ae_6)"/>
      <nite:child href="TS3004d.B.words.xml#id(TS3004d.B.words76)..id(TS3004d.B.words108)"/>
      <nite:child href="TS3004d.B.words.xml#id(TS3004d.B.words110)..id(TS3004d.B.words133)"/>
   </ae>
   <ae nite:id="TS3004d.B.argumentstructs.14">
      <nite:pointer role="type"  href="ae-types.xml#id(ae_6)"/>
      <nite:child href="TS3004d.B.words.xml#id(TS3004d.B.words1358)..id(TS3004d.B.words1359)"/>
   </ae>
   <ae nite:id="TS3004d.B.argumentstructs.15">
      <nite:pointer role="type"  href="ae-types.xml#id(ae_6)"/>
      <nite:child href="TS3004d.B.words.xml#id(TS3004d.B.words1365)..id(TS3004d.B.words1368)"/>
      <nite:child href="TS3004d.B.words.xml#id(TS3004d.B.words1370)..id(TS3004d.B.words1373)"/>
   </ae>
   <ae nite:id="TS3004d.B.argumentstructs.16">
      <nite:pointer role="type"  href="ae-types.xml#id(ae_6)"/>
      <nite:child href="TS3004d.B.words.xml#id(TS3004d.B.words1398)..id(TS3004d.B.words1409)"/>
      <nite:child href="TS3004d.B.words.xml#id(TS3004d.B.words1411)..id(TS3004d.B.words1416)"/>
      <nite:child href="TS3004d.B.words.xml#id(TS3004d.B.words1418)..id(TS3004d.B.words1436)"/>
   </ae>
</nite:root>