<?xml version="1.0" encoding="ISO-8859-1" standalone="yes"?>
<nite:root nite:id="TS3006c.B.argumentstructs" xmlns:nite="http://nite.sourceforge.net/">
   <ae nite:id="TS3006c.B.argumentstructs.Daan.1">
      <nite:pointer role="type"  href="ae-types.xml#id(ae_1)"/>
      <nite:child href="TS3006c.B.words.xml#id(TS3006c.B.words83)..id(TS3006c.B.words92)"/>
   </ae>
   <ae nite:id="TS3006c.B.argumentstructs.Daan.2">
      <nite:pointer role="type"  href="ae-types.xml#id(ae_1)"/>
      <nite:child href="TS3006c.B.words.xml#id(TS3006c.B.words93)..id(TS3006c.B.words101)"/>
   </ae>
   <ae nite:id="TS3006c.B.argumentstructs.Daan.3">
      <nite:pointer role="type"  href="ae-types.xml#id(ae_1)"/>
      <nite:child href="TS3006c.B.words.xml#id(TS3006c.B.words689)..id(TS3006c.B.words745)"/>
   </ae>
   <ae nite:id="TS3006c.B.argumentstructs.Daan.4">
      <nite:pointer role="type"  href="ae-types.xml#id(ae_5)"/>
      <nite:child href="TS3006c.B.words.xml#id(TS3006c.B.words781)..id(TS3006c.B.words799)"/>
   </ae>
   <ae nite:id="TS3006c.B.argumentstructs.Daan.5">
      <nite:pointer role="type"  href="ae-types.xml#id(ae_1)"/>
      <nite:child href="TS3006c.B.words.xml#id(TS3006c.B.words810)..id(TS3006c.B.words826)"/>
   </ae>
   <ae nite:id="TS3006c.B.argumentstructs.Daan.6">
      <nite:pointer role="type"  href="ae-types.xml#id(ae_3)"/>
      <nite:child href="TS3006c.B.words.xml#id(TS3006c.B.words1000)..id(TS3006c.B.words1014)"/>
   </ae>
   <ae nite:id="TS3006c.B.argumentstructs.Daan.7">
      <nite:pointer role="type"  href="ae-types.xml#id(ae_5)"/>
      <nite:child href="TS3006c.B.words.xml#id(TS3006c.B.words1027)..id(TS3006c.B.words1036)"/>
   </ae>
   <ae nite:id="TS3006c.B.argumentstructs.Daan.8">
      <nite:pointer role="type"  href="ae-types.xml#id(ae_1)"/>
      <nite:child href="TS3006c.B.words.xml#id(TS3006c.B.words1047)..id(TS3006c.B.words1049)"/>
   </ae>
   <ae nite:id="TS3006c.B.argumentstructs.Daan.9">
      <nite:pointer role="type"  href="ae-types.xml#id(ae_5)"/>
      <nite:child href="TS3006c.B.words.xml#id(TS3006c.B.words1050)..id(TS3006c.B.words1054)"/>
   </ae>
   <ae nite:id="TS3006c.B.argumentstructs.Daan.10">
      <nite:pointer role="type"  href="ae-types.xml#id(ae_1)"/>
      <nite:child href="TS3006c.B.words.xml#id(TS3006c.B.words1055)..id(TS3006c.B.words1066)"/>
   </ae>
   <ae nite:id="TS3006c.B.argumentstructs.Daan.11">
      <nite:pointer role="type"  href="ae-types.xml#id(ae_5)"/>
      <nite:child href="TS3006c.B.words.xml#id(TS3006c.B.words1067)..id(TS3006c.B.words1074)"/>
   </ae>
   <ae nite:id="TS3006c.B.argumentstructs.Daan.12">
      <nite:pointer role="type"  href="ae-types.xml#id(ae_5)"/>
      <nite:child href="TS3006c.B.words.xml#id(TS3006c.B.words1111)..id(TS3006c.B.words1122)"/>
   </ae>
   <ae nite:id="TS3006c.B.argumentstructs.Daan.13">
      <nite:pointer role="type"  href="ae-types.xml#id(ae_1)"/>
      <nite:child href="TS3006c.B.words.xml#id(TS3006c.B.words1125)..id(TS3006c.B.words1138)"/>
   </ae>
   <ae nite:id="TS3006c.B.argumentstructs.Daan.14">
      <nite:pointer role="type"  href="ae-types.xml#id(ae_1)"/>
      <nite:child href="TS3006c.B.words.xml#id(TS3006c.B.words1139)..id(TS3006c.B.words1156)"/>
   </ae>
   <ae nite:id="TS3006c.B.argumentstructs.Daan.15">
      <nite:pointer role="type"  href="ae-types.xml#id(ae_1)"/>
      <nite:child href="TS3006c.B.words.xml#id(TS3006c.B.words1077)..id(TS3006c.B.words1092)"/>
   </ae>
   <ae nite:id="TS3006c.B.argumentstructs.Daan.16">
      <nite:pointer role="type"  href="ae-types.xml#id(ae_2)"/>
      <nite:child href="TS3006c.B.words.xml#id(TS3006c.B.words1093)..id(TS3006c.B.words1097)"/>
   </ae>
   <ae nite:id="TS3006c.B.argumentstructs.17">
      <nite:pointer role="type"  href="ae-types.xml#id(ae_6)"/>
      <nite:child href="TS3006c.B.words.xml#id(TS3006c.B.words102)..id(TS3006c.B.words103)"/>
      <nite:child href="TS3006c.B.words.xml#id(TS3006c.B.words105)..id(TS3006c.B.words107)"/>
      <nite:child href="TS3006c.B.words.xml#id(TS3006c.B.words109)"/>
      <nite:child href="TS3006c.B.words.xml#id(TS3006c.B.words111)..id(TS3006c.B.words114)"/>
   </ae>
   <ae nite:id="TS3006c.B.argumentstructs.18">
      <nite:pointer role="type"  href="ae-types.xml#id(ae_6)"/>
      <nite:child href="TS3006c.B.words.xml#id(TS3006c.B.words762)..id(TS3006c.B.words766)"/>
      <nite:child href="TS3006c.B.words.xml#id(TS3006c.B.words768)..id(TS3006c.B.words780)"/>
   </ae>
   <ae nite:id="TS3006c.B.argumentstructs.19">
      <nite:pointer role="type"  href="ae-types.xml#id(ae_6)"/>
      <nite:child href="TS3006c.B.words.xml#id(TS3006c.B.words800)..id(TS3006c.B.words804)"/>
      <nite:child href="TS3006c.B.words.xml#id(TS3006c.B.words806)..id(TS3006c.B.words809)"/>
   </ae>
   <ae nite:id="TS3006c.B.argumentstructs.20">
      <nite:pointer role="type"  href="ae-types.xml#id(ae_6)"/>
      <nite:child href="TS3006c.B.words.xml#id(TS3006c.B.words827)..id(TS3006c.B.words828)"/>
   </ae>
   <ae nite:id="TS3006c.B.argumentstructs.21">
      <nite:pointer role="type"  href="ae-types.xml#id(ae_6)"/>
      <nite:child href="TS3006c.B.words.xml#id(TS3006c.B.words1015)"/>
      <nite:child href="TS3006c.B.words.xml#id(TS3006c.B.words1017)..id(TS3006c.B.words1026)"/>
   </ae>
   <ae nite:id="TS3006c.B.argumentstructs.22">
      <nite:pointer role="type"  href="ae-types.xml#id(ae_6)"/>
      <nite:child href="TS3006c.B.words.xml#id(TS3006c.B.words1037)..id(TS3006c.B.words1046)"/>
   </ae>
   <ae nite:id="TS3006c.B.argumentstructs.23">
      <nite:pointer role="type"  href="ae-types.xml#id(ae_6)"/>
      <nite:child href="TS3006c.B.words.xml#id(TS3006c.B.words1075)..id(TS3006c.B.words1076)"/>
   </ae>
   <ae nite:id="TS3006c.B.argumentstructs.24">
      <nite:pointer role="type"  href="ae-types.xml#id(ae_6)"/>
      <nite:child href="TS3006c.B.words.xml#id(TS3006c.B.words1098)..id(TS3006c.B.words1103)"/>
      <nite:child href="TS3006c.B.words.xml#id(TS3006c.B.words1105)..id(TS3006c.B.words1110)"/>
   </ae>
   <ae nite:id="TS3006c.B.argumentstructs.25">
      <nite:pointer role="type"  href="ae-types.xml#id(ae_6)"/>
      <nite:child href="TS3006c.B.words.xml#id(TS3006c.B.words1123)..id(TS3006c.B.words1124)"/>
   </ae>
   <ae nite:id="TS3006c.B.argumentstructs.26">
      <nite:pointer role="type"  href="ae-types.xml#id(ae_6)"/>
      <nite:child href="TS3006c.B.words.xml#id(TS3006c.B.words1157)..id(TS3006c.B.words1166)"/>
   </ae>
</nite:root>