<?xml version="1.0" encoding="ISO-8859-1" standalone="yes"?>
<nite:root nite:id="TS3004a.B.argumentstructs" xmlns:nite="http://nite.sourceforge.net/">
   <ae nite:id="TS3004a.B.argumentstructs.Daan.1">
      <nite:pointer role="type"  href="ae-types.xml#id(ae_5)"/>
      <nite:child href="TS3004a.B.words.xml#id(TS3004a.B.words208)..id(TS3004a.B.words217)"/>
   </ae>
   <ae nite:id="TS3004a.B.argumentstructs.Daan.2">
      <nite:pointer role="type"  href="ae-types.xml#id(ae_5)"/>
      <nite:child href="TS3004a.B.words.xml#id(TS3004a.B.words221)..id(TS3004a.B.words225)"/>
   </ae>
   <ae nite:id="TS3004a.B.argumentstructs.Daan.3">
      <nite:pointer role="type"  href="ae-types.xml#id(ae_2)"/>
      <nite:child href="TS3004a.B.words.xml#id(TS3004a.B.words404)..id(TS3004a.B.words423)"/>
   </ae>
   <ae nite:id="TS3004a.B.argumentstructs.Daan.4">
      <nite:pointer role="type"  href="ae-types.xml#id(ae_3)"/>
      <nite:child href="TS3004a.B.words.xml#id(TS3004a.B.words424)..id(TS3004a.B.words436)"/>
   </ae>
   <ae nite:id="TS3004a.B.argumentstructs.Daan.5">
      <nite:pointer role="type"  href="ae-types.xml#id(ae_1)"/>
      <nite:child href="TS3004a.B.words.xml#id(TS3004a.B.words449)..id(TS3004a.B.words462)"/>
   </ae>
   <ae nite:id="TS3004a.B.argumentstructs.6">
      <nite:pointer role="type"  href="ae-types.xml#id(ae_6)"/>
      <nite:child href="TS3004a.B.words.xml#id(TS3004a.B.words218)..id(TS3004a.B.words220)"/>
   </ae>
   <ae nite:id="TS3004a.B.argumentstructs.7">
      <nite:pointer role="type"  href="ae-types.xml#id(ae_6)"/>
      <nite:child href="TS3004a.B.words.xml#id(TS3004a.B.words226)..id(TS3004a.B.words227)"/>
   </ae>
   <ae nite:id="TS3004a.B.argumentstructs.8">
      <nite:pointer role="type"  href="ae-types.xml#id(ae_6)"/>
      <nite:child href="TS3004a.B.words.xml#id(TS3004a.B.words402)..id(TS3004a.B.words403)"/>
   </ae>
   <ae nite:id="TS3004a.B.argumentstructs.9">
      <nite:pointer role="type"  href="ae-types.xml#id(ae_6)"/>
      <nite:child href="TS3004a.B.words.xml#id(TS3004a.B.words437)..id(TS3004a.B.words438)"/>
      <nite:child href="TS3004a.B.words.xml#id(TS3004a.B.words440)"/>
      <nite:child href="TS3004a.B.words.xml#id(TS3004a.B.words442)..id(TS3004a.B.words445)"/>
      <nite:child href="TS3004a.B.words.xml#id(TS3004a.B.words447)..id(TS3004a.B.words448)"/>
   </ae>
   <ae nite:id="TS3004a.B.argumentstructs.10">
      <nite:pointer role="type"  href="ae-types.xml#id(ae_6)"/>
      <nite:child href="TS3004a.B.words.xml#id(TS3004a.B.words463)..id(TS3004a.B.words466)"/>
   </ae>
</nite:root>