<?xml version="1.0" encoding="ISO-8859-1" standalone="yes"?>
<nite:root nite:id="TS3003b.C.argumentstructs" xmlns:nite="http://nite.sourceforge.net/">
   <ae nite:id="TS3003b.C.argumentstructs.Daan.1">
      <nite:pointer role="type"  href="ae-types.xml#id(ae_1)"/>
      <nite:child href="TS3003b.C.words.xml#id(TS3003b.C.words3)..id(TS3003b.C.words25)"/>
   </ae>
   <ae nite:id="TS3003b.C.argumentstructs.Daan.2">
      <nite:pointer role="type"  href="ae-types.xml#id(ae_1)"/>
      <nite:child href="TS3003b.C.words.xml#id(TS3003b.C.words26)..id(TS3003b.C.words45)"/>
   </ae>
   <ae nite:id="TS3003b.C.argumentstructs.Daan.4">
      <nite:pointer role="type"  href="ae-types.xml#id(ae_1)"/>
      <nite:child href="TS3003b.C.words.xml#id(TS3003b.C.words337)..id(TS3003b.C.words357)"/>
   </ae>
   <ae nite:id="TS3003b.C.argumentstructs.Daan.5">
      <nite:pointer role="type"  href="ae-types.xml#id(ae_5)"/>
      <nite:child href="TS3003b.C.words.xml#id(TS3003b.C.words358)..id(TS3003b.C.words375)"/>
   </ae>
   <ae nite:id="TS3003b.C.argumentstructs.Daan.6">
      <nite:pointer role="type"  href="ae-types.xml#id(ae_1)"/>
      <nite:child href="TS3003b.C.words.xml#id(TS3003b.C.words376)..id(TS3003b.C.words421)"/>
   </ae>
   <ae nite:id="TS3003b.C.argumentstructs.Daan.7">
      <nite:pointer role="type"  href="ae-types.xml#id(ae_1)"/>
      <nite:child href="TS3003b.C.words.xml#id(TS3003b.C.words422)..id(TS3003b.C.words439)"/>
   </ae>
   <ae nite:id="TS3003b.C.argumentstructs.Daan.8">
      <nite:pointer role="type"  href="ae-types.xml#id(ae_1)"/>
      <nite:child href="TS3003b.C.words.xml#id(TS3003b.C.words448)..id(TS3003b.C.words486)"/>
   </ae>
   <ae nite:id="TS3003b.C.argumentstructs.Daan.9">
      <nite:pointer role="type"  href="ae-types.xml#id(ae_1)"/>
      <nite:child href="TS3003b.C.words.xml#id(TS3003b.C.words544)..id(TS3003b.C.words561)"/>
   </ae>
   <ae nite:id="TS3003b.C.argumentstructs.10">
      <nite:pointer role="type"  href="ae-types.xml#id(ae_6)"/>
      <nite:child href="TS3003b.C.words.xml#id(TS3003b.C.words562)..id(TS3003b.C.words563)"/>
   </ae>
</nite:root>